audio_id,class_label,split,split_group_id,speaker_group_id,source_group_status
AUD-0057de3bcd512c777c42cbe7b2428146c97efe3c493efab9d68fdaa99424bf93,Aggression,train,GROUP-c134836beeb3f6afeb208252637283d7ef23a7991a4176eafa97c3b5657577ce,USER_AGGRESSION_SPEAKER5,user_assigned_speaker_group
AUD-01bf2157cbd7657271b86d6ea356bc3bb27c4cd4f581e522e832c67c4056d1e0,Aggression,train,GROUP-46160b84db631020d10f0a08a7a37ae24f3b5be758f2327b218cf9efab1543d7,USER_AGGRESSION_SPEAKER_2,user_assigned_speaker_group
AUD-03c0655c53987924a8a6ddbecb642a41cb2d152591b28c16b34d18e3cb9480b1,Aggression,train,GROUP-d8d00e91c58d8f1e5e79fda8e487673ee71eeeea62ce0608db78a81ef94dd398,USER_AGGRESSION_SPEAKER3,user_assigned_speaker_group
AUD-03e4fd11ac2b68e2bdda3350f5bb23f60d21be9a0b11c761837928bd212f82a9,Aggression,train,GROUP-46160b84db631020d10f0a08a7a37ae24f3b5be758f2327b218cf9efab1543d7,USER_AGGRESSION_SPEAKER_2,user_assigned_speaker_group
AUD-05813cb8a97283c5eb5052b641ee47ea5e12976f08810dc34e63fd20499f050b,Aggression,test,GROUP-b5757edc79a552a3422eb506fba631ee2ce1e67655358809353902b8edaabc2c,USER_AGGRESSION_SPEAKER6,user_assigned_speaker_group
AUD-073bb0e58cb8d1f6cd335ef23e23b5025cd5a29a079c67b6abd8949f4253fecb,Aggression,train,GROUP-d8d00e91c58d8f1e5e79fda8e487673ee71eeeea62ce0608db78a81ef94dd398,USER_AGGRESSION_SPEAKER3,user_assigned_speaker_group
AUD-07c81c1fee3f6a70d560cd1cd491251775c227b045e2c93235157b12f7182d09,Aggression,train,GROUP-46160b84db631020d10f0a08a7a37ae24f3b5be758f2327b218cf9efab1543d7,USER_AGGRESSION_SPEAKER_2,user_assigned_speaker_group
AUD-081c926a4908dcb0cd7c99b8eada507b17326fb615c3faf4803b280731d06490,Aggression,test,GROUP-e345ab0bdc961cbfe295ef9928d9ed465733e02f9fa8371c157d36acabe02302,USER_AGGRESSION_SPEAKER_7,user_assigned_speaker_group
AUD-082d07cee039a3056a5dfcad0b8b2382848fbc7c69d426f4485369e504897065,Aggression,train,GROUP-28da485d5306a2ccccff352f9c0bbae0357d110ba30a4bdc42f1fe177ef3193e,,unverified_recording_hash_fallback
AUD-08a6f379f430e33403e13e8d2cef09b84e2fd33c2405e313dce529a1239cb920,Aggression,train,GROUP-4a77e95bb576c041a3fe43c1de602c9f05ea6caca5ab5ff61c36e022c1a0a838,USER_AGGRESSION_SPEAKER4,user_assigned_speaker_group
AUD-08df337e2df2723e62faab5eb0708bf1d4979d5e5cb586e089f4c9a268a38e79,Aggression,test,GROUP-e345ab0bdc961cbfe295ef9928d9ed465733e02f9fa8371c157d36acabe02302,USER_AGGRESSION_SPEAKER_7,user_assigned_speaker_group
AUD-0969aa808741922c943007006bcab4406ea937cf71a9fa74278c34b0d632ce04,Aggression,test,GROUP-e345ab0bdc961cbfe295ef9928d9ed465733e02f9fa8371c157d36acabe02302,USER_AGGRESSION_SPEAKER_7,user_assigned_speaker_group
AUD-0a92ce0aafa30f9fc775f8917897599a95ee7e9c8800f8ba91e53eca38d01865,Aggression,train,GROUP-d8d00e91c58d8f1e5e79fda8e487673ee71eeeea62ce0608db78a81ef94dd398,USER_AGGRESSION_SPEAKER3,user_assigned_speaker_group
AUD-0aa4b909aa73e88bb64cf94ca9b60d9c0f8240cf9310d4e756fef9aaed7b32e1,Aggression,test,GROUP-b5757edc79a552a3422eb506fba631ee2ce1e67655358809353902b8edaabc2c,USER_AGGRESSION_SPEAKER6,user_assigned_speaker_group
AUD-0abecc06917f325679e26e88f736b6b5e57ac92bad510a50a23de46589d5fdd7,Aggression,train,GROUP-d8d00e91c58d8f1e5e79fda8e487673ee71eeeea62ce0608db78a81ef94dd398,USER_AGGRESSION_SPEAKER3,user_assigned_speaker_group
AUD-0ad272177069c0e917032a3000d5064577b1a8b4e937442e895ce4ef20e3c176,Aggression,train,GROUP-74a9b8b4ab402ae4321bacf7d960bdaf851306a2c1f28551798583206e888405,,unverified_recording_hash_fallback
AUD-0b37bc28ecb21f4a669daac1eeec82f2c3f4dfa83e5b9157ebcdc2284cb1db0b,Aggression,validation,GROUP-beddf5318ec3cb1ed96f6b9555d5600aa11ed00e7678690e76dda4936baabc6f,USER_AGGRESSION_SPEAKER_1,user_assigned_speaker_group
AUD-0c7ada332aee858f36d4d32760fd98c910289fdbfa13998e8333358a3f4df23a,Aggression,train,GROUP-83d09d46a27f1dffdaa1efe2dd6733e94b38c79551f5c5826ebe38f589687194,,unverified_recording_hash_fallback
AUD-0cd179c9a876f54167c423822ee70b50d56f8cca8307050b78d6a815fe9ad8fb,Aggression,train,GROUP-4a77e95bb576c041a3fe43c1de602c9f05ea6caca5ab5ff61c36e022c1a0a838,USER_AGGRESSION_SPEAKER4,user_assigned_speaker_group
AUD-0df26caf81d447ddb0643414111c6269b7e02e0fa96343d97eec8b98a77faa92,Aggression,train,GROUP-248b1ad8180477288c709004f9735366f1d246ce1c1e80bd5bfc186c86fec9f7,,unverified_recording_hash_fallback
AUD-0e631fe115da5b0262608860300d09ea542cac4d70fb1a07509908d876770d80,Aggression,train,GROUP-43d6ba454a23845b3af80d7164b3efed6d07ab8f0513a15a4d9144f7399a08ea,,unverified_recording_hash_fallback
AUD-0f73231bba32cadc974409f1f4b0ade7d19c64080aeb768b6bb1557c32d1c07f,Aggression,validation,GROUP-beddf5318ec3cb1ed96f6b9555d5600aa11ed00e7678690e76dda4936baabc6f,USER_AGGRESSION_SPEAKER_1,user_assigned_speaker_group
AUD-1042e28e3cd0fb66dd8917da10daca7646e58ed0da3d4b821e3b6c84fea79e8a,Aggression,train,GROUP-d8d00e91c58d8f1e5e79fda8e487673ee71eeeea62ce0608db78a81ef94dd398,USER_AGGRESSION_SPEAKER3,user_assigned_speaker_group
AUD-11919956c8f52ba404b9aded3e187ce7d81ba5a770d33e61eb7f2e58ab6a414a,Aggression,train,GROUP-46160b84db631020d10f0a08a7a37ae24f3b5be758f2327b218cf9efab1543d7,USER_AGGRESSION_SPEAKER_2,user_assigned_speaker_group
AUD-154fefd266061634ee681e0c9bc42cb48452ccdf73c2e9fbdae7445409f915fa,Aggression,validation,GROUP-beddf5318ec3cb1ed96f6b9555d5600aa11ed00e7678690e76dda4936baabc6f,USER_AGGRESSION_SPEAKER_1,user_assigned_speaker_group
AUD-15da27ad8f05139df085ccfb6505c891e81de4d33142f19b3c10913c536e3386,Aggression,train,GROUP-06a00d277cfcbba76351b533e091f4c5f25bec8a63f1d645b6be9191119647ea,,unverified_recording_hash_fallback
AUD-15ddccc7cf57a23630d254cdd1c12b674d9ad9bf79cbd9e653d30ac92396f8ba,Aggression,train,GROUP-4a77e95bb576c041a3fe43c1de602c9f05ea6caca5ab5ff61c36e022c1a0a838,USER_AGGRESSION_SPEAKER4,user_assigned_speaker_group
AUD-16cbfa8fe3a96c8b1e8c6be039555dda19e5e7ead9d1c91137492710d5e0a3f6,Aggression,train,GROUP-c134836beeb3f6afeb208252637283d7ef23a7991a4176eafa97c3b5657577ce,USER_AGGRESSION_SPEAKER5,user_assigned_speaker_group
AUD-1730d138c855a1045d23b4cf5654a8340640364e0aca745789ca85eeee55cef2,Aggression,train,GROUP-d8d00e91c58d8f1e5e79fda8e487673ee71eeeea62ce0608db78a81ef94dd398,USER_AGGRESSION_SPEAKER3,user_assigned_speaker_group
AUD-185fac2e0d7fd6b9272824f6cf3e17239d9ae328a9e7d9af7ea036481465b031,Aggression,test,GROUP-b5757edc79a552a3422eb506fba631ee2ce1e67655358809353902b8edaabc2c,USER_AGGRESSION_SPEAKER6,user_assigned_speaker_group
AUD-188ac13cd8668246889fc5e725db912e39490093d305c8d9e8dc89ff53a57226,Aggression,validation,GROUP-beddf5318ec3cb1ed96f6b9555d5600aa11ed00e7678690e76dda4936baabc6f,USER_AGGRESSION_SPEAKER_1,user_assigned_speaker_group
AUD-18e8b63b68c73a1e7b7b6eaec71862c623d5395b8696dcf801d5acfdd771f385,Aggression,train,GROUP-c134836beeb3f6afeb208252637283d7ef23a7991a4176eafa97c3b5657577ce,USER_AGGRESSION_SPEAKER5,user_assigned_speaker_group
AUD-19b88a829cd6f8d9667ce6c3b3cc9ac0c5a69e3883a59561cd78562ef12d3b20,Aggression,validation,GROUP-beddf5318ec3cb1ed96f6b9555d5600aa11ed00e7678690e76dda4936baabc6f,USER_AGGRESSION_SPEAKER_1,user_assigned_speaker_group
AUD-1a6e411a93aeaa3c82cad55ab2e1e74eb3541a3d1a57867310d9efe1115c11f2,Aggression,train,GROUP-4ff3bf8dafc951b8c72da127f86560aaa9f0f2fb8e88ced1520c186111c9a7e4,,unverified_recording_hash_fallback
AUD-1a70c46df9cb497c19a34af7b2298427a6a5c16681f47d90944ed8508a9fe784,Aggression,validation,GROUP-4c3847a1564955a7a99e5297c3aeee3d915d4eeb309fbe25704aa8a673b54c5a,USER_AGGRESSION_SPEAKER_8,user_assigned_speaker_group
AUD-1b1da745b37a4440b8f1ce1296cc5a0d10ab6ecdbfac79f3c81edab792f58b2d,Aggression,train,GROUP-d8d00e91c58d8f1e5e79fda8e487673ee71eeeea62ce0608db78a81ef94dd398,USER_AGGRESSION_SPEAKER3,user_assigned_speaker_group
AUD-1c1784e5fe908a5becb6312110c84d73e48dd7712861fc9c9bbb7a17d98225a4,Aggression,train,GROUP-46160b84db631020d10f0a08a7a37ae24f3b5be758f2327b218cf9efab1543d7,USER_AGGRESSION_SPEAKER_2,user_assigned_speaker_group
AUD-1c3e9638ec68b46f4b82030fe2adfaae5ded6030ef2da0a2e33bc3610c34ff6d,Aggression,train,GROUP-c134836beeb3f6afeb208252637283d7ef23a7991a4176eafa97c3b5657577ce,USER_AGGRESSION_SPEAKER5,user_assigned_speaker_group
AUD-1d447370284cec5179c5219053ba8dea0ec162667cd75de5486aa93643d3f84d,Aggression,train,GROUP-d8d00e91c58d8f1e5e79fda8e487673ee71eeeea62ce0608db78a81ef94dd398,USER_AGGRESSION_SPEAKER3,user_assigned_speaker_group
AUD-1d99bfeaed978e9be612a50327e4a49af693532808e0dc797a28c4b391edf3a7,Aggression,test,GROUP-b5757edc79a552a3422eb506fba631ee2ce1e67655358809353902b8edaabc2c,USER_AGGRESSION_SPEAKER6,user_assigned_speaker_group
AUD-1eea69d3ee9fb08606465bebbc1f1f926ecf036b6aff702eec847b819f9adecc,Aggression,train,GROUP-efa5a36f2efbbc39ab8b8a0e0145ebeb4b4748edbae2c73dc61901681aa4cba6,,unverified_recording_hash_fallback
AUD-1f382009bdd952b071b5da129f60a9d42560230531ba7f283d3c09b0855874d5,Aggression,validation,GROUP-beddf5318ec3cb1ed96f6b9555d5600aa11ed00e7678690e76dda4936baabc6f,USER_AGGRESSION_SPEAKER_1,user_assigned_speaker_group
AUD-20121ba127097f61902643668f1824b4e1ca55acb4d7b70e0d93b31428bf606c,Aggression,validation,GROUP-4c3847a1564955a7a99e5297c3aeee3d915d4eeb309fbe25704aa8a673b54c5a,USER_AGGRESSION_SPEAKER_8,user_assigned_speaker_group
AUD-2085926c6ce08b3f4d6469143ec6f228e22c8f7267f4b88c5731561c46944ca2,Aggression,train,GROUP-46160b84db631020d10f0a08a7a37ae24f3b5be758f2327b218cf9efab1543d7,USER_AGGRESSION_SPEAKER_2,user_assigned_speaker_group
AUD-20f64ea03dff6309f6de51ccb768891b0877a798b1ae5862ab6a8082803c4c4a,Aggression,test,GROUP-b5757edc79a552a3422eb506fba631ee2ce1e67655358809353902b8edaabc2c,USER_AGGRESSION_SPEAKER6,user_assigned_speaker_group
AUD-2197c7c609a2445213cdc9bb5d7cdc3a4bce4c30bc92be5727a71fb06fb979df,Aggression,train,GROUP-46160b84db631020d10f0a08a7a37ae24f3b5be758f2327b218cf9efab1543d7,USER_AGGRESSION_SPEAKER_2,user_assigned_speaker_group
AUD-21d54f625b683b1fe98d5da8cc3a275ba6e063654371ff43eb80b3157ef53d63,Aggression,train,GROUP-46160b84db631020d10f0a08a7a37ae24f3b5be758f2327b218cf9efab1543d7,USER_AGGRESSION_SPEAKER_2,user_assigned_speaker_group
AUD-233a01cc0f79936850db91741a67e9300fdd8bffee37bbd4fda5c1d600abf80a,Aggression,train,GROUP-d8d00e91c58d8f1e5e79fda8e487673ee71eeeea62ce0608db78a81ef94dd398,USER_AGGRESSION_SPEAKER3,user_assigned_speaker_group
AUD-26f64805ab5dfeecd7bdae4edd7970edf37430524c721e99513b4ff8d1a63685,Aggression,validation,GROUP-beddf5318ec3cb1ed96f6b9555d5600aa11ed00e7678690e76dda4936baabc6f,USER_AGGRESSION_SPEAKER_1,user_assigned_speaker_group
AUD-27891544040fda26ffffc23719d240096b0a293f6b827a862ab9df8c6e5aa119,Aggression,train,GROUP-59029b9f9d0cda087a8bfc42956ad2251e0b9d2aff09ceabbdbb110710fec574,,unverified_recording_hash_fallback
AUD-298008d9df36132b51c8bdbba7e349a900b5ca145765c4e049daf0c44d23a77a,Aggression,train,GROUP-de4307cc625a56de78a019a9d0124ecdaf950bff25ba5ea4c454246660cd2623,,unverified_recording_hash_fallback
AUD-29b6b866c0b4a07ebc0ec501b9fb650cc4763f33bc7a19aa28e18187f7fdf657,Aggression,train,GROUP-46160b84db631020d10f0a08a7a37ae24f3b5be758f2327b218cf9efab1543d7,USER_AGGRESSION_SPEAKER_2,user_assigned_speaker_group
AUD-2c6cda3e93188b56b1c134e886651d20e16408b426f3596726a5867cc92b9028,Aggression,train,GROUP-c491881e4736d2e20f7eb9de151bfd3a42139c016103e6d44ecef6c34acb89f7,,unverified_recording_hash_fallback
AUD-2dc2694656a05f9365d27eae60a537427a74e6dbf3630f35ae38db35cb4d630a,Aggression,train,GROUP-46160b84db631020d10f0a08a7a37ae24f3b5be758f2327b218cf9efab1543d7,USER_AGGRESSION_SPEAKER_2,user_assigned_speaker_group
AUD-2de59d8797cee2fe12446cc2732446a0092b9501a938dcb427c480cb56d7d7cb,Aggression,train,GROUP-46160b84db631020d10f0a08a7a37ae24f3b5be758f2327b218cf9efab1543d7,USER_AGGRESSION_SPEAKER_2,user_assigned_speaker_group
AUD-2dffc44de890e85d5b4182f3c67a8229ce35727583f890deae7d29391a79c956,Aggression,train,GROUP-4a77e95bb576c041a3fe43c1de602c9f05ea6caca5ab5ff61c36e022c1a0a838,USER_AGGRESSION_SPEAKER4,user_assigned_speaker_group
AUD-2e5b49a7f01a65eb28b4b27ec558509ac2aac7704f565eec66f5abc184c0cae5,Aggression,train,GROUP-d8d00e91c58d8f1e5e79fda8e487673ee71eeeea62ce0608db78a81ef94dd398,USER_AGGRESSION_SPEAKER3,user_assigned_speaker_group
AUD-2e97c3df027ba98461754edf135c4d97e9878a34e549c5f7055655fa6edd5d72,Aggression,train,GROUP-c134836beeb3f6afeb208252637283d7ef23a7991a4176eafa97c3b5657577ce,USER_AGGRESSION_SPEAKER5,user_assigned_speaker_group
AUD-2edfa64e2c87b0a3950f547d20b782fb3b9c5e2172313c4582a60ebcdf046245,Aggression,validation,GROUP-4c3847a1564955a7a99e5297c3aeee3d915d4eeb309fbe25704aa8a673b54c5a,USER_AGGRESSION_SPEAKER_8,user_assigned_speaker_group
AUD-2f7198df410e18d40836266ee1603016cb824d1f2fd7f7226eac80cd51988745,Aggression,validation,GROUP-beddf5318ec3cb1ed96f6b9555d5600aa11ed00e7678690e76dda4936baabc6f,USER_AGGRESSION_SPEAKER_1,user_assigned_speaker_group
AUD-2fe02ee303e5a69d9600170d0e24a41ca6b99a315397589747d8049d695c4d64,Aggression,validation,GROUP-beddf5318ec3cb1ed96f6b9555d5600aa11ed00e7678690e76dda4936baabc6f,USER_AGGRESSION_SPEAKER_1,user_assigned_speaker_group
AUD-301c80d3ebe1e267918e90d458e87aa65c08bc7989fb57f445cc154f9a62ed84,Aggression,validation,GROUP-beddf5318ec3cb1ed96f6b9555d5600aa11ed00e7678690e76dda4936baabc6f,USER_AGGRESSION_SPEAKER_1,user_assigned_speaker_group
AUD-30763febdf1077993f8bd7bf2e1f9363f85428e53d85abce7d537d9604aae261,Aggression,train,GROUP-6ea706326f581195dca1e6efc2fae8335abdf709951ae986564c69720dec2552,,unverified_recording_hash_fallback
AUD-30c5c4ec96c60b9fb4e98e5cd7f6450220330e564d536cb0bf9bd2a295a08f92,Aggression,train,GROUP-46160b84db631020d10f0a08a7a37ae24f3b5be758f2327b218cf9efab1543d7,USER_AGGRESSION_SPEAKER_2,user_assigned_speaker_group
AUD-31bfe45f4cdb5c7db193fa6ad4f2c5816a675d8113ede68daa065c532b3e57fb,Aggression,train,GROUP-5d35688398a68663498e73ff8a7ae64a172a3f45b6a159054ed3398b088c2f75,,unverified_recording_hash_fallback
AUD-31ca150deec705b167819639f62d8609c5634d9640ff514daf2f05f871bc7d28,Aggression,train,GROUP-fcfe4c5e8b102a1fd7da021096f6f204c48e3da57a27dc6a95efb1d0f0010011,,unverified_recording_hash_fallback
AUD-33516e0362d2198f65efba75a4141a8f694edbc4903025367cda459dac6414dc,Aggression,train,GROUP-46160b84db631020d10f0a08a7a37ae24f3b5be758f2327b218cf9efab1543d7,USER_AGGRESSION_SPEAKER_2,user_assigned_speaker_group
AUD-3359cdc12b1311bfca612667509d5e9def41ca40322a65f031bdb108107b7a44,Aggression,validation,GROUP-4c3847a1564955a7a99e5297c3aeee3d915d4eeb309fbe25704aa8a673b54c5a,USER_AGGRESSION_SPEAKER_8,user_assigned_speaker_group
AUD-33de97bf0ba37f1f6a54909195c9ffa591104afac564bdc35571ee19ddc38439,Aggression,train,GROUP-dc4500a94f3089ec72693aaaeed25d03af6ed700272ea9530de7098586c66347,,unverified_recording_hash_fallback
AUD-35a0af2440a050b6819c010c5b773a6d6643216a4030c03a6a3c244f76d83f82,Aggression,validation,GROUP-beddf5318ec3cb1ed96f6b9555d5600aa11ed00e7678690e76dda4936baabc6f,USER_AGGRESSION_SPEAKER_1,user_assigned_speaker_group
AUD-386e1c537e7913f6b0a9ba7e65778ebd719e764e249fb1a921b89145a0cd525a,Aggression,train,GROUP-4a77e95bb576c041a3fe43c1de602c9f05ea6caca5ab5ff61c36e022c1a0a838,USER_AGGRESSION_SPEAKER4,user_assigned_speaker_group
AUD-390f8c7576a074dfc27a3ea274dbb31b8ada434d416f1362dbed4e19ecdb496a,Aggression,train,GROUP-46160b84db631020d10f0a08a7a37ae24f3b5be758f2327b218cf9efab1543d7,USER_AGGRESSION_SPEAKER_2,user_assigned_speaker_group
AUD-39901639aa80c02f6554bc77ac020e5d01776f1f8a446a90e5b8c2df50713833,Aggression,train,GROUP-46160b84db631020d10f0a08a7a37ae24f3b5be758f2327b218cf9efab1543d7,USER_AGGRESSION_SPEAKER_2,user_assigned_speaker_group
AUD-39cb7ec6ad12f74940f9c40b9214f1dec48265d2e17d9275749b91fe613ed3da,Aggression,test,GROUP-e345ab0bdc961cbfe295ef9928d9ed465733e02f9fa8371c157d36acabe02302,USER_AGGRESSION_SPEAKER_7,user_assigned_speaker_group
AUD-3a0f810c012cb717768dcb462e118ce0a11b75f4aa3be8e1f500af8b459e97b2,Aggression,train,GROUP-4a77e95bb576c041a3fe43c1de602c9f05ea6caca5ab5ff61c36e022c1a0a838,USER_AGGRESSION_SPEAKER4,user_assigned_speaker_group
AUD-3a7e33b859d097084ecad6613542704180715bf7903407b053b078acd63ccdc2,Aggression,train,GROUP-46160b84db631020d10f0a08a7a37ae24f3b5be758f2327b218cf9efab1543d7,USER_AGGRESSION_SPEAKER_2,user_assigned_speaker_group
AUD-3b07e9c5b4537f8f8fd06d15d9fc6629461f8b79623dc17b4558e3dfe8262b2c,Aggression,validation,GROUP-4c3847a1564955a7a99e5297c3aeee3d915d4eeb309fbe25704aa8a673b54c5a,USER_AGGRESSION_SPEAKER_8,user_assigned_speaker_group
AUD-3b3bef76efd1b76488e959a7e6a36e5c9cd6c7893140b815f50606c67bd843ad,Aggression,train,GROUP-d8d00e91c58d8f1e5e79fda8e487673ee71eeeea62ce0608db78a81ef94dd398,USER_AGGRESSION_SPEAKER3,user_assigned_speaker_group
AUD-3b583ff9ec44dc4d55b53b00da80208cc1ab1818c44a5b698ba672a5c38203b1,Aggression,train,GROUP-29dc85988043a5a216e36e794e50cfb78e0cc2e3868e8534e33c055794216bcd,,unverified_recording_hash_fallback
AUD-3e1e464f9173f92db06ee047601d28fe9906d002b75a0d78c92502f5b5948334,Aggression,validation,GROUP-beddf5318ec3cb1ed96f6b9555d5600aa11ed00e7678690e76dda4936baabc6f,USER_AGGRESSION_SPEAKER_1,user_assigned_speaker_group
AUD-412fac641c2322fe8d79a3f4c66a53651eec699f8ffb16a3bb4a5700daf7f987,Aggression,train,GROUP-a834e440af31c7a8d25ca439aa9cd550d59a70e9bcef2f40fd6f04d6d3df58c8,,unverified_recording_hash_fallback
AUD-42ddc31e150e23aa2918c911fc8aa92f2ca9a11b7e79de9d172a8c088da79bbd,Aggression,train,GROUP-c07cb0d810eacbe9b577fbb4ec55eba1ea5822756495495364d1832796a1b6be,,unverified_recording_hash_fallback
AUD-42f59f397afb89c892811d8e49f0c3eff7afca17f5ca157f226158e943e5dc5b,Aggression,train,GROUP-fd05a2c018e162e4de00967b16e4895e19b92e21ff08375e9508112fdafbe30d,,unverified_recording_hash_fallback
AUD-43a5aeeb63bad8e0023ea530b3a4f8c6addb3c8e414be9ea4716880378ba211d,Aggression,validation,GROUP-4c3847a1564955a7a99e5297c3aeee3d915d4eeb309fbe25704aa8a673b54c5a,USER_AGGRESSION_SPEAKER_8,user_assigned_speaker_group
AUD-44134cf101bf131ff962a2c62db13b62f7b92756e52dd05729ad8b4d4285987e,Aggression,train,GROUP-32fa22008ce349e9c89540ad5fdf63a600e4d90bc3c9769f03000d5f44ba7f1d,,unverified_recording_hash_fallback
AUD-46b885346e875e9c022fff443e7eee352300ba21d70fca7a0c79a0f4f59004d5,Aggression,train,GROUP-7e546b83017bace76cb8cdc79ddaef2a6b3624ff5dc56b003900f46ff4928141,,unverified_recording_hash_fallback
AUD-47e2219e38a22754deeb43e76c177a79d638603aa48c726ddb4acd15ad8061f1,Aggression,train,GROUP-b88d9233143de2085b7f1ccc8d56e71f97de4ff6d9abee9cd3e9a1af9722b492,,unverified_recording_hash_fallback
AUD-485ec6b94e80993e2e0bdd1065f05a8634a117096bc2104f13d784fa19fe3c74,Aggression,train,GROUP-d8d00e91c58d8f1e5e79fda8e487673ee71eeeea62ce0608db78a81ef94dd398,USER_AGGRESSION_SPEAKER3,user_assigned_speaker_group
AUD-48a590731134972fa70823c96bf584c22b809371c770c16e1f224d7f225a9977,Aggression,train,GROUP-18c96883e5ee31b29b17920fea4d4e7e4998fb2df8f5051110821cdef56e8f50,,unverified_recording_hash_fallback
AUD-48d7110df81ce0280346766687c513b8e4a82ae4b6d8c7b20db9231e905ea054,Aggression,test,GROUP-e345ab0bdc961cbfe295ef9928d9ed465733e02f9fa8371c157d36acabe02302,USER_AGGRESSION_SPEAKER_7,user_assigned_speaker_group
AUD-4939c55ca96890cd699d117c5b3a61a83d75ae9384ce72a4c1f15e72528dd977,Aggression,train,GROUP-6031b6230d82bcbcd81f3ed571fca6add33d2d17914e6208e8399c2b8a603742,,unverified_recording_hash_fallback
AUD-4aaa6a1b95e8b73205bc8559364b8a29a8bf14565352f35aef0009d4d82c17a8,Aggression,train,GROUP-03fe807bc3d03a40b651a89d5818f284788a7e670d316ed827ef659fca8fc8b2,,unverified_recording_hash_fallback
AUD-4b611088163744967e516a06fb4ebb121c0d797b54cb34bb5694bfa0848740e1,Aggression,validation,GROUP-beddf5318ec3cb1ed96f6b9555d5600aa11ed00e7678690e76dda4936baabc6f,USER_AGGRESSION_SPEAKER_1,user_assigned_speaker_group
AUD-4db9632a022fda9aa432e4a7c415a3704502df1b60d16a482b745d440abb9f47,Aggression,train,GROUP-d8d00e91c58d8f1e5e79fda8e487673ee71eeeea62ce0608db78a81ef94dd398,USER_AGGRESSION_SPEAKER3,user_assigned_speaker_group
AUD-50d7adeda8afa2a812ab70e16a144e7506776b09896cc23deec61966f49828ff,Aggression,train,GROUP-d8d00e91c58d8f1e5e79fda8e487673ee71eeeea62ce0608db78a81ef94dd398,USER_AGGRESSION_SPEAKER3,user_assigned_speaker_group
AUD-50fd0231d05093b7498e90a1ea023c69d6033df32075fb9b1eeecb5ceb45aad2,Aggression,test,GROUP-e345ab0bdc961cbfe295ef9928d9ed465733e02f9fa8371c157d36acabe02302,USER_AGGRESSION_SPEAKER_7,user_assigned_speaker_group
AUD-52f186cf7336d0a0f87a04e47bdee13eceaaf158f64b42e4801eb1065d1fea79,Aggression,train,GROUP-68efd378dba54abb2808693d1d9ddc998b522c02971186ad3c2d5ab01ce4413f,,unverified_recording_hash_fallback
AUD-54999755b6dd01f0d3a51b83a501c7a75f842323cfbefbe410ae18b0cce26d9e,Aggression,train,GROUP-d0ca6ab5b656e3babfd6e2e1cee2009f976102196e937e6adfea4af047c49ca4,,unverified_recording_hash_fallback
AUD-554996af78a186645c2420f4ffd37c8ebd187d452e00c576bfe2d7e2cb6cc4a4,Aggression,train,GROUP-b863f8a9ef7299a859b95db63a3c6ecd72e8d3feb4b9eeefce120c62b16da52b,,unverified_recording_hash_fallback
AUD-55f598ec7657db33477aad2c3f5e6f35c870841611bf93c38eae3785e7ce2a10,Aggression,train,GROUP-c134836beeb3f6afeb208252637283d7ef23a7991a4176eafa97c3b5657577ce,USER_AGGRESSION_SPEAKER5,user_assigned_speaker_group
AUD-5625abad8e8dc9a29699ed7d2e4e1f41e9daa7e048df2a9af95b19d2fb8d66a0,Aggression,train,GROUP-d8d00e91c58d8f1e5e79fda8e487673ee71eeeea62ce0608db78a81ef94dd398,USER_AGGRESSION_SPEAKER3,user_assigned_speaker_group
AUD-569a84fc9810cbce3d6246b8cfec95c0bf51b0f6a57ef3a61dc5a00dc336be83,Aggression,train,GROUP-d8d00e91c58d8f1e5e79fda8e487673ee71eeeea62ce0608db78a81ef94dd398,USER_AGGRESSION_SPEAKER3,user_assigned_speaker_group
AUD-5722317a86a3694bb63079c4ea3e4250bbf84ca5eae75dc4b2c67e8069e818c7,Aggression,test,GROUP-e345ab0bdc961cbfe295ef9928d9ed465733e02f9fa8371c157d36acabe02302,USER_AGGRESSION_SPEAKER_7,user_assigned_speaker_group
AUD-58f9f0bec9b8c4cac82d0ee3d5d784fd9fc4be1c0730126d2d7bdc372e7a2daf,Aggression,validation,GROUP-4c3847a1564955a7a99e5297c3aeee3d915d4eeb309fbe25704aa8a673b54c5a,USER_AGGRESSION_SPEAKER_8,user_assigned_speaker_group
AUD-5b6665b0355bbba1ec53cff5e902013684238d54c77ce569c6c87be482712856,Aggression,train,GROUP-46160b84db631020d10f0a08a7a37ae24f3b5be758f2327b218cf9efab1543d7,USER_AGGRESSION_SPEAKER_2,user_assigned_speaker_group
AUD-5c20a1ef114159cfede6e551a0952fe9a5e338bcd687c3153962b6976938b055,Aggression,train,GROUP-c134836beeb3f6afeb208252637283d7ef23a7991a4176eafa97c3b5657577ce,USER_AGGRESSION_SPEAKER5,user_assigned_speaker_group
AUD-5d689872f6c2e2e711a294678eb5c45207eed26d2a8d94c318fcc90fdbc1f6b2,Aggression,train,GROUP-3d8576559eb2beb239b3f0398715aeb15b6d5779c78d2a29b3dbd73913df8664,,unverified_recording_hash_fallback
AUD-5d8d0d94b86002f9ae46cddcfbd508e3bd0f2372a53ebfcad05c79ddc61e4a45,Aggression,test,GROUP-e345ab0bdc961cbfe295ef9928d9ed465733e02f9fa8371c157d36acabe02302,USER_AGGRESSION_SPEAKER_7,user_assigned_speaker_group
AUD-5dabb621c8a4c8a398d62ea643a32ade1d905ce13be91eaed734b75550483e8b,Aggression,test,GROUP-e345ab0bdc961cbfe295ef9928d9ed465733e02f9fa8371c157d36acabe02302,USER_AGGRESSION_SPEAKER_7,user_assigned_speaker_group
AUD-5e6553f976017745ad4b68074d28aab57477fca2bceabb9c295714a043db19a4,Aggression,train,GROUP-46160b84db631020d10f0a08a7a37ae24f3b5be758f2327b218cf9efab1543d7,USER_AGGRESSION_SPEAKER_2,user_assigned_speaker_group
AUD-5eb363bee201e1f5536131eb1f4ae2f2c981b4de07380f0fa4fd71be0deb9e7f,Aggression,train,GROUP-46160b84db631020d10f0a08a7a37ae24f3b5be758f2327b218cf9efab1543d7,USER_AGGRESSION_SPEAKER_2,user_assigned_speaker_group
AUD-60fe67e1632e94f687bb1c2fff18c67570623bb38465b32b0fa7c89a6ccc5fe9,Aggression,train,GROUP-8e6408522a7594aa44ada21af7bd1e600502e0f0330bcd7202028ea3f64b2694,,unverified_recording_hash_fallback
AUD-613643e808ff969715dd147030260c4919e5f56c12d685e37536231be2184188,Aggression,test,GROUP-e345ab0bdc961cbfe295ef9928d9ed465733e02f9fa8371c157d36acabe02302,USER_AGGRESSION_SPEAKER_7,user_assigned_speaker_group
AUD-61c341f3b1c4a2883f7d9bb0ffc671634ceac644a528ad40df2da089bf92d54a,Aggression,test,GROUP-e345ab0bdc961cbfe295ef9928d9ed465733e02f9fa8371c157d36acabe02302,USER_AGGRESSION_SPEAKER_7,user_assigned_speaker_group
AUD-6227132de600e7140078e1326a1c6969ae3fa632114475494a3043670aea06f0,Aggression,train,GROUP-46160b84db631020d10f0a08a7a37ae24f3b5be758f2327b218cf9efab1543d7,USER_AGGRESSION_SPEAKER_2,user_assigned_speaker_group
AUD-629d0ab23789ca64831927b44a1b1c3145bb9efd528bfd6c9d42beb23c0b5901,Aggression,train,GROUP-d8d00e91c58d8f1e5e79fda8e487673ee71eeeea62ce0608db78a81ef94dd398,USER_AGGRESSION_SPEAKER3,user_assigned_speaker_group
AUD-63223a85c5893de723a9c8fd3a7471a8d0cbe9086491a4ac4b244038c773aa8e,Aggression,train,GROUP-0c8efaf4760fe4e34873698f059c68a33169933c4785b13a726bf8d397a6ec43,,unverified_recording_hash_fallback
AUD-63c97971c508708f15f001025912edc773b3d3e675979a394984ead5fa0767ba,Aggression,test,GROUP-e345ab0bdc961cbfe295ef9928d9ed465733e02f9fa8371c157d36acabe02302,USER_AGGRESSION_SPEAKER_7,user_assigned_speaker_group
AUD-63ce7fc66d213bf7942cf806df354e2c5d7a37966d985ecd338d3efcab622d22,Aggression,validation,GROUP-beddf5318ec3cb1ed96f6b9555d5600aa11ed00e7678690e76dda4936baabc6f,USER_AGGRESSION_SPEAKER_1,user_assigned_speaker_group
AUD-63d06e4fb07968d3bb1f9a32d306c6f6f962ecda7a1e4cdea35b5f4dda09cd9c,Aggression,train,GROUP-99fda15ceeccbc79652a7e16a13cd5ab689e6bf3134c511fab9408551d18518b,,unverified_recording_hash_fallback
AUD-6694d5f9d95baa3ad5a1809601f3424d4d4b76944d67ee007dd28457b098ce0a,Aggression,test,GROUP-b5757edc79a552a3422eb506fba631ee2ce1e67655358809353902b8edaabc2c,USER_AGGRESSION_SPEAKER6,user_assigned_speaker_group
AUD-66a80709a8dec9b7e46a21a0f9356b2aa9b97eba279db3281c5960fd130c20b3,Aggression,train,GROUP-16959f12f846f391e3edb93d507d2bf736ff30a2e466d395b30b569c547a3c7a,,unverified_recording_hash_fallback
AUD-67977f8523f40f697387c2808c6c9e135b2c07a154de1dac95c3655badeb3757,Aggression,validation,GROUP-beddf5318ec3cb1ed96f6b9555d5600aa11ed00e7678690e76dda4936baabc6f,USER_AGGRESSION_SPEAKER_1,user_assigned_speaker_group
AUD-67d42d246c3a3c3b813f1136b3e79f92d527fb26809b2fcf0e382d586ba9391c,Aggression,train,GROUP-d8d00e91c58d8f1e5e79fda8e487673ee71eeeea62ce0608db78a81ef94dd398,USER_AGGRESSION_SPEAKER3,user_assigned_speaker_group
AUD-6833a92a67c958dfefbe552aac2db1f9447d7515fc61c05ebacedb649ccfae33,Aggression,test,GROUP-e345ab0bdc961cbfe295ef9928d9ed465733e02f9fa8371c157d36acabe02302,USER_AGGRESSION_SPEAKER_7,user_assigned_speaker_group
AUD-6923a94d651f5e84bb0a3653fae5fd7a0398e15f292ac993163afbf51c9cb6ff,Aggression,train,GROUP-d8d00e91c58d8f1e5e79fda8e487673ee71eeeea62ce0608db78a81ef94dd398,USER_AGGRESSION_SPEAKER3,user_assigned_speaker_group
AUD-69e54e8e88e177314e9de0265686a5e9b0d5ed55d79391eca47732e47ac9ebbc,Aggression,train,GROUP-d8d00e91c58d8f1e5e79fda8e487673ee71eeeea62ce0608db78a81ef94dd398,USER_AGGRESSION_SPEAKER3,user_assigned_speaker_group
AUD-6a8a23740e458d317b6f16cb09b9bf8507e0e247d7122212f50654dc32df9292,Aggression,train,GROUP-ed53c2b8dfa21162ba2efa7b625deba4e136c6598aca489a72d35780527f0011,,unverified_recording_hash_fallback
AUD-6ac220aad82cb4f236b1ab78bf99e8913ce4f426e459b1409a2ba78dc9f68960,Aggression,train,GROUP-f966f185d30782524247667c448c7b1f8f0f5a082b6e3c8d1aae3702d3ac01dd,,unverified_recording_hash_fallback
AUD-6c7e591b58d396969dda0d8b4e20acd4bc5106d0b6a759e9d2ec64152ecea07b,Aggression,test,GROUP-e345ab0bdc961cbfe295ef9928d9ed465733e02f9fa8371c157d36acabe02302,USER_AGGRESSION_SPEAKER_7,user_assigned_speaker_group
AUD-6cc35dd3390a42467911c64bab76a198579bcbdd7ce082c413749a1291e6ddee,Aggression,train,GROUP-39e6158c19c8a8c18beb59f690054c1da9924af9f00d7be41db9c5a649f137c7,,unverified_recording_hash_fallback
AUD-6d8f9d39aba19997b7073406a88765807bd82e6bb63ac9134d591ed473f65e4c,Aggression,validation,GROUP-4c3847a1564955a7a99e5297c3aeee3d915d4eeb309fbe25704aa8a673b54c5a,USER_AGGRESSION_SPEAKER_8,user_assigned_speaker_group
AUD-6e0087c1f6f748dc585ac15e70b7ced70a3699c36eccbab08c3601ef037e5d85,Aggression,train,GROUP-46160b84db631020d10f0a08a7a37ae24f3b5be758f2327b218cf9efab1543d7,USER_AGGRESSION_SPEAKER_2,user_assigned_speaker_group
AUD-6e20ccff4a7d5767dab8c36e741479a30eecf39cdfed59e4d26e95b340546e63,Aggression,test,GROUP-e345ab0bdc961cbfe295ef9928d9ed465733e02f9fa8371c157d36acabe02302,USER_AGGRESSION_SPEAKER_7,user_assigned_speaker_group
AUD-6e8c71611c0d925bd4941cf65713c06ff357476b9b1541ae5342492f8b63bd61,Aggression,train,GROUP-d8d00e91c58d8f1e5e79fda8e487673ee71eeeea62ce0608db78a81ef94dd398,USER_AGGRESSION_SPEAKER3,user_assigned_speaker_group
AUD-6fcbc1abfdc7b8a9bb6e1293058762253bc3d70bb9e7440392039c49573fef0a,Aggression,train,GROUP-0eca63ab8a3895ccf9205491648f6ee9ef6933dca7c3af61369758c8a1617965,,unverified_recording_hash_fallback
AUD-6fe442bea877431aa6a0d4580b9cef681afb95d2b398f201ad28a80af36bdf24,Aggression,train,GROUP-46160b84db631020d10f0a08a7a37ae24f3b5be758f2327b218cf9efab1543d7,USER_AGGRESSION_SPEAKER_2,user_assigned_speaker_group
AUD-703729818547a9ced39591aa26f2ed4710a3eb537fc0ca5c23c0fc6d0632e857,Aggression,validation,GROUP-beddf5318ec3cb1ed96f6b9555d5600aa11ed00e7678690e76dda4936baabc6f,USER_AGGRESSION_SPEAKER_1,user_assigned_speaker_group
AUD-710aff53d3d176d283e65f47cc7158e10ffa422f3633410247aca8cdfdc80201,Aggression,validation,GROUP-4c3847a1564955a7a99e5297c3aeee3d915d4eeb309fbe25704aa8a673b54c5a,USER_AGGRESSION_SPEAKER_8,user_assigned_speaker_group
AUD-719ae3bfcd258523c4a2decb095ba684a2786de3e41d347519df2233ac083e20,Aggression,train,GROUP-f921837f789b51c4bc218fe26942de53d31fc35f126435d57f50356bfc422199,,unverified_recording_hash_fallback
AUD-73fe3c610bb42afb76ec43411d19295e355da3cd7981cbdf26f2662a6d30e13f,Aggression,train,GROUP-ea53c516750238cc5012b827db41ab219f374d61986c9e276b5e6400efdf0b2a,,unverified_recording_hash_fallback
AUD-74c349865daa90b1973bd9e490f0eb659ed0fea602b2019a0523d85e57249162,Aggression,train,GROUP-4cf9d355cbbc4bab57dae0826cee671921fc2235c21064c82abb6f0127ee82dd,,unverified_recording_hash_fallback
AUD-7534c9bc8752eea2ed99ec38c360ce72862b4081d23d4e6820d2c2bb442cf3cf,Aggression,train,GROUP-d8d00e91c58d8f1e5e79fda8e487673ee71eeeea62ce0608db78a81ef94dd398,USER_AGGRESSION_SPEAKER3,user_assigned_speaker_group
AUD-75da7a8a3077c09ad1b7817498f4324c85d1567b675eb537c89088dc05418f10,Aggression,train,GROUP-c134836beeb3f6afeb208252637283d7ef23a7991a4176eafa97c3b5657577ce,USER_AGGRESSION_SPEAKER5,user_assigned_speaker_group
AUD-75ec82c1b292a8179a06edc8e3ea3c55e9bb95b8a2fcf897d3eb43dfb55a316c,Aggression,train,GROUP-46160b84db631020d10f0a08a7a37ae24f3b5be758f2327b218cf9efab1543d7,USER_AGGRESSION_SPEAKER_2,user_assigned_speaker_group
AUD-7761051cdf45b28f1984560b2ab38d01e83beebc85061bc8c799bdb72412bcab,Aggression,train,GROUP-46160b84db631020d10f0a08a7a37ae24f3b5be758f2327b218cf9efab1543d7,USER_AGGRESSION_SPEAKER_2,user_assigned_speaker_group
AUD-794080b34c05dfc554622405949fd6eacf88272c6f008cc310f005997ebfd180,Aggression,train,GROUP-d8d00e91c58d8f1e5e79fda8e487673ee71eeeea62ce0608db78a81ef94dd398,USER_AGGRESSION_SPEAKER3,user_assigned_speaker_group
AUD-7a5e358eb54a885cad495062349d814494c3aba578b381bb772627e878d86b87,Aggression,train,GROUP-46160b84db631020d10f0a08a7a37ae24f3b5be758f2327b218cf9efab1543d7,USER_AGGRESSION_SPEAKER_2,user_assigned_speaker_group
AUD-7a82e5d43596b101677819702b8f2468a8ada41aaf1981b8a0a1940a88382ab9,Aggression,validation,GROUP-beddf5318ec3cb1ed96f6b9555d5600aa11ed00e7678690e76dda4936baabc6f,USER_AGGRESSION_SPEAKER_1,user_assigned_speaker_group
AUD-7b09aa82ddf0e702c389b01227d5fdf7667b74cdb3501a1bc3e8e67b56839980,Aggression,train,GROUP-d8d00e91c58d8f1e5e79fda8e487673ee71eeeea62ce0608db78a81ef94dd398,USER_AGGRESSION_SPEAKER3,user_assigned_speaker_group
AUD-7b3636788ecc93b3d49e69bd4a4c3a9d409bfd04d848b982b041009e4a6ee8d5,Aggression,train,GROUP-a99f4404df0bb5bbab32e2849c3c8ffb7f3606cff2e6d74793f42bf5620fc723,,unverified_recording_hash_fallback
AUD-7cbda904bcdec072a2527c46de299ce09dc22c6792c50e458633d4c5ee0f6ca9,Aggression,test,GROUP-b5757edc79a552a3422eb506fba631ee2ce1e67655358809353902b8edaabc2c,USER_AGGRESSION_SPEAKER6,user_assigned_speaker_group
AUD-809f6a5dcba841e820f2e5c5c20728cd69d6f8c504f639860a7debf5a3e01318,Aggression,test,GROUP-b5757edc79a552a3422eb506fba631ee2ce1e67655358809353902b8edaabc2c,USER_AGGRESSION_SPEAKER6,user_assigned_speaker_group
AUD-820496b2bf849f495dfdea42749cd53792e17f09a12acadbb9a05ce33be86e9f,Aggression,train,GROUP-46160b84db631020d10f0a08a7a37ae24f3b5be758f2327b218cf9efab1543d7,USER_AGGRESSION_SPEAKER_2,user_assigned_speaker_group
AUD-831930dce1bab15d6aa6cc5416c246a232a2fed61cd9216895edd9918f50e168,Aggression,train,GROUP-46160b84db631020d10f0a08a7a37ae24f3b5be758f2327b218cf9efab1543d7,USER_AGGRESSION_SPEAKER_2,user_assigned_speaker_group
AUD-83532d9962d79ff125f5b033fcb767e0636ff9599d1f43c86be1fdb2c137c059,Aggression,train,GROUP-fc9e008a153a0d3946abd9f4f40c40fe1a1a2c34c1fbc61b639c1adbe5d73e35,,unverified_recording_hash_fallback
AUD-85740f22b9e3e7380596c256f60743955b0b8e27603fba2c903a49ef86009a82,Aggression,test,GROUP-e345ab0bdc961cbfe295ef9928d9ed465733e02f9fa8371c157d36acabe02302,USER_AGGRESSION_SPEAKER_7,user_assigned_speaker_group
AUD-85b9df5c25a695d7e82ee1e1a71ed64b67e81d118ef2a99ac64d1f49d2a53876,Aggression,train,GROUP-d8d00e91c58d8f1e5e79fda8e487673ee71eeeea62ce0608db78a81ef94dd398,USER_AGGRESSION_SPEAKER3,user_assigned_speaker_group
AUD-8738e8fd0552c157130e0fe3c12a7bb4470bfb84c6744627ee98b9bae29d47f7,Aggression,test,GROUP-e345ab0bdc961cbfe295ef9928d9ed465733e02f9fa8371c157d36acabe02302,USER_AGGRESSION_SPEAKER_7,user_assigned_speaker_group
AUD-88b80dce4f632878be1cd3d2f15492c107d4017e9240193206bf454f357ff1de,Aggression,train,GROUP-c134836beeb3f6afeb208252637283d7ef23a7991a4176eafa97c3b5657577ce,USER_AGGRESSION_SPEAKER5,user_assigned_speaker_group
AUD-89aadac999b4988a42b82cad920ff49a8992f4d48a1debe8eb5b7cc0bd82c737,Aggression,train,GROUP-d8d00e91c58d8f1e5e79fda8e487673ee71eeeea62ce0608db78a81ef94dd398,USER_AGGRESSION_SPEAKER3,user_assigned_speaker_group
AUD-8a4d2430a9cf02406372f8c3ab4714bc8e810b7d47a15c78d4fa69c56f51718a,Aggression,validation,GROUP-be1b6697bf1c6d55a7b6a43ac3a37554ac6f564832705a347184a8855d5aa9ed,,unverified_recording_hash_fallback
AUD-8a771e26290831abafdf185b2522d0bd36b20727e0ecd1c1b1b1e9f429becf08,Aggression,test,GROUP-e345ab0bdc961cbfe295ef9928d9ed465733e02f9fa8371c157d36acabe02302,USER_AGGRESSION_SPEAKER_7,user_assigned_speaker_group
AUD-8b0419fd05d21d24508488af2cd337dffe5f5086ac4e8e3039e4d3a71e976216,Aggression,train,GROUP-46160b84db631020d10f0a08a7a37ae24f3b5be758f2327b218cf9efab1543d7,USER_AGGRESSION_SPEAKER_2,user_assigned_speaker_group
AUD-8c6e00c9b62c3cda25a81f797a1bbd64eef5a8cc9a41eba320989eed903f0b4f,Aggression,train,GROUP-b8fdb322ba934a836dcbbb1a50429bc4b3d3ee92d72f10b671d074ee99c2d09e,,unverified_recording_hash_fallback
AUD-8e1cb127d6930b7d16cdc0651f27f38b8a1d59d69aa8cf3e30b6b7ce788b22cf,Aggression,train,GROUP-d8d00e91c58d8f1e5e79fda8e487673ee71eeeea62ce0608db78a81ef94dd398,USER_AGGRESSION_SPEAKER3,user_assigned_speaker_group
AUD-8fb597735cf309d9f4eeb5f440219234141d7045c3851ece034fa46a851db24e,Aggression,validation,GROUP-4c3847a1564955a7a99e5297c3aeee3d915d4eeb309fbe25704aa8a673b54c5a,USER_AGGRESSION_SPEAKER_8,user_assigned_speaker_group
AUD-8fffa6124e8439c372646fc1f3ae48692c9b40124c48d4151d9eaa21b1e40b79,Aggression,train,GROUP-5669920ac001b9bacf1d944ac3caa2619d2d542b8fa079b9354ffbc90953bfb6,,unverified_recording_hash_fallback
AUD-91b4ffecaf71001ec99cef565e07c873b75ca013574474f08017b80299e0f849,Aggression,train,GROUP-1bb4451726058837f974c1e19c594e0f00fcdb276981ca62067189e0b318e303,,unverified_recording_hash_fallback
AUD-93095926572074de96d81ba84b352bae5e202b4d335c1b15437086eebc9467c8,Aggression,test,GROUP-e345ab0bdc961cbfe295ef9928d9ed465733e02f9fa8371c157d36acabe02302,USER_AGGRESSION_SPEAKER_7,user_assigned_speaker_group
AUD-933b2b1061f4eafd8f62c53468c0c8a1c3d4bf92db158943571303d3fd4bc557,Aggression,train,GROUP-d8d00e91c58d8f1e5e79fda8e487673ee71eeeea62ce0608db78a81ef94dd398,USER_AGGRESSION_SPEAKER3,user_assigned_speaker_group
AUD-936231a1947d0dcf36a5116b48e6a90a22651716cc891eb0527e09aba91f1b3b,Aggression,train,GROUP-d8d00e91c58d8f1e5e79fda8e487673ee71eeeea62ce0608db78a81ef94dd398,USER_AGGRESSION_SPEAKER3,user_assigned_speaker_group
AUD-940b0d174eabcf2943bf1f49b519ce0d6bed49a8e5b59efd63fed3ec29b1891f,Aggression,validation,GROUP-beddf5318ec3cb1ed96f6b9555d5600aa11ed00e7678690e76dda4936baabc6f,USER_AGGRESSION_SPEAKER_1,user_assigned_speaker_group
AUD-9484f3f5937d1b7541962cad5b4e0e00a4a16a8e0ad7944bf3197ad1fc3a2c24,Aggression,train,GROUP-46160b84db631020d10f0a08a7a37ae24f3b5be758f2327b218cf9efab1543d7,USER_AGGRESSION_SPEAKER_2,user_assigned_speaker_group
AUD-94df4d8df68ce4e9b2e6c9854602ad00fd6167f48974cb3733849c2b0222dca1,Aggression,train,GROUP-7370d8b8d6ccf15e059814761eec10e19bc1b122f5fd64876936bf15f60084ca,,unverified_recording_hash_fallback
AUD-94f940810fd6661518ed6e3a91f94eedaf54bf6bebba262d9642edac081d365d,Aggression,validation,GROUP-beddf5318ec3cb1ed96f6b9555d5600aa11ed00e7678690e76dda4936baabc6f,USER_AGGRESSION_SPEAKER_1,user_assigned_speaker_group
AUD-95f8ebc2f0af3bf79e0ac0b22f7d38ddefe1f740bfb04080d09620e4e2b0895e,Aggression,train,GROUP-d8d00e91c58d8f1e5e79fda8e487673ee71eeeea62ce0608db78a81ef94dd398,USER_AGGRESSION_SPEAKER3,user_assigned_speaker_group
AUD-966e859afd30073a6eac40cd3cd8a3afab254d9fd1851ae619a59a73624d2e91,Aggression,train,GROUP-078e794bb3a7c35e5d70fed03598457195f8bbc90022e54c8cdc7faada454851,,unverified_recording_hash_fallback
AUD-97b4bc2885f3fe6969d617d56a1f66ccd54712d3c2dfd58f28bb784c4fae08c1,Aggression,train,GROUP-9c24a51b3a20baa5b53d396767fef4be0007de4a9625f3bfaf1e534d6046eb59,,unverified_recording_hash_fallback
AUD-9a7397bb8991ce7ff1bdc792b0b56135353721bd6852a326358d214483063897,Aggression,validation,GROUP-beddf5318ec3cb1ed96f6b9555d5600aa11ed00e7678690e76dda4936baabc6f,USER_AGGRESSION_SPEAKER_1,user_assigned_speaker_group
AUD-9c1ddfb2a7e590013228e9a2abb0af13a3506f51b14a5d660d8cd648bb990410,Aggression,train,GROUP-4a77e95bb576c041a3fe43c1de602c9f05ea6caca5ab5ff61c36e022c1a0a838,USER_AGGRESSION_SPEAKER4,user_assigned_speaker_group
AUD-9d02c82e1980d02a8d28b89a5e794760b91b035f1d9dab845ea5eecf2ed692ed,Aggression,train,GROUP-c134836beeb3f6afeb208252637283d7ef23a7991a4176eafa97c3b5657577ce,USER_AGGRESSION_SPEAKER5,user_assigned_speaker_group
AUD-9d123578c14e10684d70011e915e1d19666f39590c45f02b0cd329d14b6ea767,Aggression,train,GROUP-d8d00e91c58d8f1e5e79fda8e487673ee71eeeea62ce0608db78a81ef94dd398,USER_AGGRESSION_SPEAKER3,user_assigned_speaker_group
AUD-a10353e618b905e431eda7ca3a171a59497d1db5ac406cb9fb339111fd7bda52,Aggression,test,GROUP-e345ab0bdc961cbfe295ef9928d9ed465733e02f9fa8371c157d36acabe02302,USER_AGGRESSION_SPEAKER_7,user_assigned_speaker_group
AUD-a134c13e818dfc0a84cba5a6ee33a92d3a04bdde03c183f368f0f49794d7a14b,Aggression,train,GROUP-46160b84db631020d10f0a08a7a37ae24f3b5be758f2327b218cf9efab1543d7,USER_AGGRESSION_SPEAKER_2,user_assigned_speaker_group
AUD-a5e3cca04c51492cfffad82f3bafdcf71e0e98295c2324093518626f71309841,Aggression,train,GROUP-c39ab3766f05686b74be2bbe9b0214581d6bb2d5c36d14263c5fdb927e05c93c,,unverified_recording_hash_fallback
AUD-a96db7e1eb274b88cb70f3924304477e45ede81ff86b277f7fd7e35f6488d558,Aggression,train,GROUP-79ee4d22700fd64a83d32bc0d6c46e6fcb63dcb478e57bce4d6142cd2fd4c8d8,,unverified_recording_hash_fallback
AUD-a9db25e0fb4f65ac705922be684452430b6fd1130e614c1a16780bcfff7e5530,Aggression,train,GROUP-46160b84db631020d10f0a08a7a37ae24f3b5be758f2327b218cf9efab1543d7,USER_AGGRESSION_SPEAKER_2,user_assigned_speaker_group
AUD-a9e98a7dbb1cc22c442dbe54a1ac1deab18976572b6a9d07620609166053fef2,Aggression,validation,GROUP-beddf5318ec3cb1ed96f6b9555d5600aa11ed00e7678690e76dda4936baabc6f,USER_AGGRESSION_SPEAKER_1,user_assigned_speaker_group
AUD-aba4f8daa005fb12c0bea89e921c93c458979fbcd8bd3846cc299c3bd69f55c3,Aggression,train,GROUP-557101055e42b9ebc44c00baa0288cbccf0d79cab50ba87c4d9beadf164399d7,,unverified_recording_hash_fallback
AUD-ac5037dbc1cb6b826420c8e239606d586e5e053deddf972258d73e1ac7993134,Aggression,train,GROUP-c134836beeb3f6afeb208252637283d7ef23a7991a4176eafa97c3b5657577ce,USER_AGGRESSION_SPEAKER5,user_assigned_speaker_group
AUD-acd044798befcfe82873bfe75e6e09e53576498859af080b7825da9a18f9495d,Aggression,train,GROUP-4a77e95bb576c041a3fe43c1de602c9f05ea6caca5ab5ff61c36e022c1a0a838,USER_AGGRESSION_SPEAKER4,user_assigned_speaker_group
AUD-acee4903851e1b32726793ad452f52f9686708512b54189c4da37c97504b3f31,Aggression,train,GROUP-4a77e95bb576c041a3fe43c1de602c9f05ea6caca5ab5ff61c36e022c1a0a838,USER_AGGRESSION_SPEAKER4,user_assigned_speaker_group
AUD-ad7a22cd74e05bb0b80fd884aed43f12058d23afedd6a04fb22ef18ea93706c0,Aggression,train,GROUP-d8d00e91c58d8f1e5e79fda8e487673ee71eeeea62ce0608db78a81ef94dd398,USER_AGGRESSION_SPEAKER3,user_assigned_speaker_group
AUD-af40d5850091bffa12bf4dfae73c5d6e47b8ddc05d99cb4b696a30c501b9c8e2,Aggression,train,GROUP-46160b84db631020d10f0a08a7a37ae24f3b5be758f2327b218cf9efab1543d7,USER_AGGRESSION_SPEAKER_2,user_assigned_speaker_group
AUD-b00712b7fb380feef26aba8a229dcb0bbe70f235b5c727431d9fb1e0d9f2be79,Aggression,train,GROUP-46160b84db631020d10f0a08a7a37ae24f3b5be758f2327b218cf9efab1543d7,USER_AGGRESSION_SPEAKER_2,user_assigned_speaker_group
AUD-b12cf42278c0ba371e498324bf0f97c13b8742208aac82b11a4f33535525f4f7,Aggression,validation,GROUP-beddf5318ec3cb1ed96f6b9555d5600aa11ed00e7678690e76dda4936baabc6f,USER_AGGRESSION_SPEAKER_1,user_assigned_speaker_group
AUD-b36c7374cfb9ef380e0518949e6639ec9920d3e814747e90c0e32e47f20b389e,Aggression,test,GROUP-b5757edc79a552a3422eb506fba631ee2ce1e67655358809353902b8edaabc2c,USER_AGGRESSION_SPEAKER6,user_assigned_speaker_group
AUD-b3953539685bb9cd8047ba5b86f1b5d1a9fa6c636b6748ac2f04872d7db630e7,Aggression,train,GROUP-46160b84db631020d10f0a08a7a37ae24f3b5be758f2327b218cf9efab1543d7,USER_AGGRESSION_SPEAKER_2,user_assigned_speaker_group
AUD-b4aea9eeebfc7ff3491d03d83b74aecefe8505534e92f16adab2fd100f01ce4d,Aggression,validation,GROUP-4c3847a1564955a7a99e5297c3aeee3d915d4eeb309fbe25704aa8a673b54c5a,USER_AGGRESSION_SPEAKER_8,user_assigned_speaker_group
AUD-b773ac2af75eb7c87c82511d70d17fd01f36a956838702ed0fefec581c39134a,Aggression,train,GROUP-d708e05e9c0b8d550544a89379d05654ef08b0e5956a60e1aba5d621e8e28598,,unverified_recording_hash_fallback
AUD-b7a1b3a81b30553337a7c8ae968e0fee23742ca3906a7ac6a8aa0087e0463591,Aggression,train,GROUP-fd2c2927a855260f6fe4c1bebaeed0ec2fc464cc7114ce5c97484108f0a734ff,,unverified_recording_hash_fallback
AUD-b8505179070dab2d4b8510cef4a8f9b24b198ea8feb3eec3150619b0e01a94b4,Aggression,train,GROUP-d8d00e91c58d8f1e5e79fda8e487673ee71eeeea62ce0608db78a81ef94dd398,USER_AGGRESSION_SPEAKER3,user_assigned_speaker_group
AUD-b8bf4c32824a2e8af7ddd1bfcc61548539ef9616abe4ab207544792d499650e2,Aggression,train,GROUP-d8d00e91c58d8f1e5e79fda8e487673ee71eeeea62ce0608db78a81ef94dd398,USER_AGGRESSION_SPEAKER3,user_assigned_speaker_group
AUD-ba29d0ea56471ea28da7cac91ca80a05e3b37466ce5e2073e4dda67bd0437702,Aggression,test,GROUP-b5757edc79a552a3422eb506fba631ee2ce1e67655358809353902b8edaabc2c,USER_AGGRESSION_SPEAKER6,user_assigned_speaker_group
AUD-baae0c0153003880b164b2abbf66032d14c823a192cb8ba9c617099c996150fb,Aggression,test,GROUP-b5757edc79a552a3422eb506fba631ee2ce1e67655358809353902b8edaabc2c,USER_AGGRESSION_SPEAKER6,user_assigned_speaker_group
AUD-bad09eca6e720516af26f8f3b4abe39f3b9b1deeb542c5140044039fdec48aea,Aggression,train,GROUP-d8d00e91c58d8f1e5e79fda8e487673ee71eeeea62ce0608db78a81ef94dd398,USER_AGGRESSION_SPEAKER3,user_assigned_speaker_group
AUD-bb73fce7e912b80eaea2f2e65cded26f891d731dfa9958eb96a8225ca153119c,Aggression,train,GROUP-46160b84db631020d10f0a08a7a37ae24f3b5be758f2327b218cf9efab1543d7,USER_AGGRESSION_SPEAKER_2,user_assigned_speaker_group
AUD-bbf644df96ce7e001453a7e89643e9eec27eca8a9006a7adf8c58875a81ad06c,Aggression,validation,GROUP-4c3847a1564955a7a99e5297c3aeee3d915d4eeb309fbe25704aa8a673b54c5a,USER_AGGRESSION_SPEAKER_8,user_assigned_speaker_group
AUD-be8b3c1e6d7aa6a7cada4f95008761462678d45d9ef68e6240f8e2b10ffdbfb7,Aggression,train,GROUP-b2fb9a6d01325e32b11b5db1885b9818b56ef5704799f0f0f8006e62c5b788b7,,unverified_recording_hash_fallback
AUD-beae7aea36991a4523d84038c3c8c76b3aff33c320e7ae70eeda73fb0f2b072d,Aggression,train,GROUP-817c15db7b1be13a083abc720ae17b768b93b25aa5bf72f3921e37d3f0b3b29a,,unverified_recording_hash_fallback
AUD-bf3e3e93ff9f3c8a34d3c599908cd7e7e7dc3484a98a970c62f784d0344d4ae0,Aggression,train,GROUP-4a77e95bb576c041a3fe43c1de602c9f05ea6caca5ab5ff61c36e022c1a0a838,USER_AGGRESSION_SPEAKER4,user_assigned_speaker_group
AUD-c06258e2ab97c3b01ebb8d9b35e1609ac3911154dc140a3e86c2c9c587461b00,Aggression,train,GROUP-46160b84db631020d10f0a08a7a37ae24f3b5be758f2327b218cf9efab1543d7,USER_AGGRESSION_SPEAKER_2,user_assigned_speaker_group
AUD-c0bb96fb22a7e9371cc5b4516d5e6272a8aec6c6c9b47206620ee9821d81fe07,Aggression,train,GROUP-c134836beeb3f6afeb208252637283d7ef23a7991a4176eafa97c3b5657577ce,USER_AGGRESSION_SPEAKER5,user_assigned_speaker_group
AUD-c0eaf6c0dcabe9c2b5ef49d9bbaf0018a58d2a9984e998b004a26e554564bb21,Aggression,train,GROUP-d8d00e91c58d8f1e5e79fda8e487673ee71eeeea62ce0608db78a81ef94dd398,USER_AGGRESSION_SPEAKER3,user_assigned_speaker_group
AUD-c19a1a82495b8c4ed73b57810bc9a772d54801c65aa52a7d6679f1a6ac709376,Aggression,test,GROUP-b5757edc79a552a3422eb506fba631ee2ce1e67655358809353902b8edaabc2c,USER_AGGRESSION_SPEAKER6,user_assigned_speaker_group
AUD-c19e8f98b84c6597c1e71c259ce5991f50bdc42ac328ff154767bb714b79ca66,Aggression,train,GROUP-4a77e95bb576c041a3fe43c1de602c9f05ea6caca5ab5ff61c36e022c1a0a838,USER_AGGRESSION_SPEAKER4,user_assigned_speaker_group
AUD-c1a3be264f15b1684587180bbfcd1431582af21a7daaa226df611d633ba0f7d0,Aggression,test,GROUP-e345ab0bdc961cbfe295ef9928d9ed465733e02f9fa8371c157d36acabe02302,USER_AGGRESSION_SPEAKER_7,user_assigned_speaker_group
AUD-c3fc78d4c38d298fd42242c1e7e903b6f9c1fcecf67e3b562b9d512675111c10,Aggression,train,GROUP-46160b84db631020d10f0a08a7a37ae24f3b5be758f2327b218cf9efab1543d7,USER_AGGRESSION_SPEAKER_2,user_assigned_speaker_group
AUD-c4bb3edd71c175e74e629568b00773d40b73b38db55eb8160bbd53ea891a0449,Aggression,train,GROUP-46160b84db631020d10f0a08a7a37ae24f3b5be758f2327b218cf9efab1543d7,USER_AGGRESSION_SPEAKER_2,user_assigned_speaker_group
AUD-c510f94dbb750bd5dd01151798cc19afb05a3adfe46b4e1b53e1e38b627b2d13,Aggression,train,GROUP-4a77e95bb576c041a3fe43c1de602c9f05ea6caca5ab5ff61c36e022c1a0a838,USER_AGGRESSION_SPEAKER4,user_assigned_speaker_group
AUD-c5255a472769250c2ff9efd19dde3fb512936a78d53438cb2aae7c3914c2067e,Aggression,train,GROUP-f2ee92504fda35634b9d76cba75f8ef8f85ffb9d030eb129701d233c78428acb,,unverified_recording_hash_fallback
AUD-c5428ea4b61f2fa4c1e2144a7605ffc880093864d8d08fc5674f2dcef13e17c5,Aggression,train,GROUP-d8d00e91c58d8f1e5e79fda8e487673ee71eeeea62ce0608db78a81ef94dd398,USER_AGGRESSION_SPEAKER3,user_assigned_speaker_group
AUD-c579e9389f02065facfd01b646bcf76df2e8a8bbf3d192174aaf742811fbc928,Aggression,train,GROUP-d8d00e91c58d8f1e5e79fda8e487673ee71eeeea62ce0608db78a81ef94dd398,USER_AGGRESSION_SPEAKER3,user_assigned_speaker_group
AUD-c679405338136e271c0c6fcbe55e709b4b3f2a2cb1c1d7461b10d179d91d3e79,Aggression,validation,GROUP-beddf5318ec3cb1ed96f6b9555d5600aa11ed00e7678690e76dda4936baabc6f,USER_AGGRESSION_SPEAKER_1,user_assigned_speaker_group
AUD-ca4a1a9db709387be063692e63211760b3d87761c8679669b0573a163f79face,Aggression,train,GROUP-d8d00e91c58d8f1e5e79fda8e487673ee71eeeea62ce0608db78a81ef94dd398,USER_AGGRESSION_SPEAKER3,user_assigned_speaker_group
AUD-ca7e1aa94036f202d92f96af4239fcc2ae2b6e71906107c7cab5b2ba7c921565,Aggression,train,GROUP-675a5bdcf02178f58494e8ada69f3c2092cdbdb8e7dd4920d8f93133e4e22fa4,,unverified_recording_hash_fallback
AUD-cb6769a2ca1ed73362d3565aa420d5b572a2d649667f6dff331ddfee33c6fda4,Aggression,validation,GROUP-4c3847a1564955a7a99e5297c3aeee3d915d4eeb309fbe25704aa8a673b54c5a,USER_AGGRESSION_SPEAKER_8,user_assigned_speaker_group
AUD-cbacacb7a84c0a80b91b2a296c5f1d8b73e8a654e844304c97d50271396facaf,Aggression,train,GROUP-d8d00e91c58d8f1e5e79fda8e487673ee71eeeea62ce0608db78a81ef94dd398,USER_AGGRESSION_SPEAKER3,user_assigned_speaker_group
AUD-cca1149a3c1960689cec8541a44e8a1c70a9c2905b74b9be4480cc8a4228d2de,Aggression,train,GROUP-189e1219de0a1b5ce39cec2de0716b4a59417f2eafa3314d4c3f0c911872094b,,unverified_recording_hash_fallback
AUD-cccb7c49b923d5c8fecd09a7206d9b83cebb4346ba5890c8d66c37d6684f0d2e,Aggression,train,GROUP-4a77e95bb576c041a3fe43c1de602c9f05ea6caca5ab5ff61c36e022c1a0a838,USER_AGGRESSION_SPEAKER4,user_assigned_speaker_group
AUD-ccd8cff09f4986907fe83f87960d33606146460855c184c1e0b919a83844646d,Aggression,train,GROUP-a4e4ef997b1938a62cd7d3ad2dde2c574457b7d7d8d2877f8c1f66c3bfe108fa,,unverified_recording_hash_fallback
AUD-ccdf8d00d31a24f9ea290e822f3c71069dc2964a4e7e77df44b6b63107d50cf4,Aggression,train,GROUP-4a77e95bb576c041a3fe43c1de602c9f05ea6caca5ab5ff61c36e022c1a0a838,USER_AGGRESSION_SPEAKER4,user_assigned_speaker_group
AUD-cce45032a5f67119e3426e0db1b1f9a97dea27b3743c59dac139b8e8476a67c6,Aggression,test,GROUP-e345ab0bdc961cbfe295ef9928d9ed465733e02f9fa8371c157d36acabe02302,USER_AGGRESSION_SPEAKER_7,user_assigned_speaker_group
AUD-cd4150f787163adc8562eed66e5b2081fdebe655cf5b2f28668797472f23531b,Aggression,train,GROUP-46160b84db631020d10f0a08a7a37ae24f3b5be758f2327b218cf9efab1543d7,USER_AGGRESSION_SPEAKER_2,user_assigned_speaker_group
AUD-d19d31dda4befc8247cef3325d95700648214cb7c1fb93841f3f933d444ef3b5,Aggression,train,GROUP-fecd7338c7a91d32e0a82bd97dc634ef23dd664881924b60e561b68bd8c527cf,,unverified_recording_hash_fallback
AUD-d1c82374e6dfb87fd4d300f097adc1c1c399e4be51a65f047c268a4b0e5ce8cc,Aggression,train,GROUP-46160b84db631020d10f0a08a7a37ae24f3b5be758f2327b218cf9efab1543d7,USER_AGGRESSION_SPEAKER_2,user_assigned_speaker_group
AUD-d3610c2054ecf1019df54d33e7da24637c03d47472484ed1c4511188ed0062f9,Aggression,train,GROUP-46160b84db631020d10f0a08a7a37ae24f3b5be758f2327b218cf9efab1543d7,USER_AGGRESSION_SPEAKER_2,user_assigned_speaker_group
AUD-d3f638022685dddbf87671eb0adfe5351653d1bc1968e4275337ca96d1c38d22,Aggression,validation,GROUP-beddf5318ec3cb1ed96f6b9555d5600aa11ed00e7678690e76dda4936baabc6f,USER_AGGRESSION_SPEAKER_1,user_assigned_speaker_group
AUD-d4129ec3b5d30b2411e92616fccd18f1f676d12d08df45a98605e88ca83ccc18,Aggression,train,GROUP-5a2e3b73488187e2a5531d4e2a7966ff646c4954be6cb985efbe778159b29821,,unverified_recording_hash_fallback
AUD-d51e52fb3600ecfcf358d936143a183858030face49731b55d062d5d0c48410c,Aggression,train,GROUP-689174b285f3afc235dac52142293d083c2312294c9a37371ec8027dbd279d7b,,unverified_recording_hash_fallback
AUD-d53b36a29c0fad494cc1aed132d720e11a517fec2b568239956c58826bfa3df0,Aggression,train,GROUP-ca7424da6e9a16c36a4770d0d70dd42274f461fc2df4253de9c2f4d59fbfc149,,unverified_recording_hash_fallback
AUD-d58130d91667199f777d811c07a06fdf613cfa0d9faecaa8b06a56dcd2b993fc,Aggression,train,GROUP-17a683dff54bf36cf73e0fbfdc3f58bfb87f9d6a7b6c482c486b4d783e7372dd,,unverified_recording_hash_fallback
AUD-d5e308d1e207eb874d1d5a5efcfee616978b2773488c055e3424d97e77b01515,Aggression,train,GROUP-d8d00e91c58d8f1e5e79fda8e487673ee71eeeea62ce0608db78a81ef94dd398,USER_AGGRESSION_SPEAKER3,user_assigned_speaker_group
AUD-d5e5d9c43d5c5a3a4205151881c820a5f633955d4f1d7315d84a33df08dbc8a0,Aggression,test,GROUP-b5757edc79a552a3422eb506fba631ee2ce1e67655358809353902b8edaabc2c,USER_AGGRESSION_SPEAKER6,user_assigned_speaker_group
AUD-d6be64055812999c4a675160a85df826e9a7c2e116d41e3d21982ee58f3a92f2,Aggression,train,GROUP-46160b84db631020d10f0a08a7a37ae24f3b5be758f2327b218cf9efab1543d7,USER_AGGRESSION_SPEAKER_2,user_assigned_speaker_group
AUD-d711bf51a456c2024c6362b1474f64dd2d34f202f4bf9f4f9c67072bf5a77018,Aggression,train,GROUP-be87a5a7bf95a0788358bdb7918bcbb3083047de667b38c6c2359a868c5111d3,,unverified_recording_hash_fallback
AUD-d780a33951e24e2b7f6365ecfdd37e76cc55d1a8cb71cea1337fe301f2fad942,Aggression,train,GROUP-46160b84db631020d10f0a08a7a37ae24f3b5be758f2327b218cf9efab1543d7,USER_AGGRESSION_SPEAKER_2,user_assigned_speaker_group
AUD-d89ca3a01704a61b7e1197ea901dac30beff625abc33ba806738cf47f98eb11d,Aggression,train,GROUP-d8d00e91c58d8f1e5e79fda8e487673ee71eeeea62ce0608db78a81ef94dd398,USER_AGGRESSION_SPEAKER3,user_assigned_speaker_group
AUD-d9827bd853330e81a327364cab31ceb2a304c29e40ae39c8282983dc1d26692f,Aggression,validation,GROUP-beddf5318ec3cb1ed96f6b9555d5600aa11ed00e7678690e76dda4936baabc6f,USER_AGGRESSION_SPEAKER_1,user_assigned_speaker_group
AUD-da31a0f53138953a1ee9dd0baaa5f2832502a83e438cb58a65fab951a71343e4,Aggression,train,GROUP-d8d00e91c58d8f1e5e79fda8e487673ee71eeeea62ce0608db78a81ef94dd398,USER_AGGRESSION_SPEAKER3,user_assigned_speaker_group
AUD-db48057ac0a4f689a5df5193ecbf4b84c4f934c4e2e306f0ef7fabb0c7f2c3f3,Aggression,train,GROUP-d8d00e91c58d8f1e5e79fda8e487673ee71eeeea62ce0608db78a81ef94dd398,USER_AGGRESSION_SPEAKER3,user_assigned_speaker_group
AUD-db8b2fc74eb99a03e0e5f54709da73fe4eefbaf2ebc5810a3273bfccaf160681,Aggression,train,GROUP-0c5aa8ef0ab4e098853617f0cea27867d60b9b8e24e947f0c53d31d572810e81,,unverified_recording_hash_fallback
AUD-df6e43fbd0b8eb134f098a87bc6fae7ddd139ef4f545486138a9094b431eb00c,Aggression,validation,GROUP-beddf5318ec3cb1ed96f6b9555d5600aa11ed00e7678690e76dda4936baabc6f,USER_AGGRESSION_SPEAKER_1,user_assigned_speaker_group
AUD-e0ec0e30a39bd3f6b35bacb2cbee95362f3e0354b60c5271e6aceaff579eda9e,Aggression,train,GROUP-d8d00e91c58d8f1e5e79fda8e487673ee71eeeea62ce0608db78a81ef94dd398,USER_AGGRESSION_SPEAKER3,user_assigned_speaker_group
AUD-e123e4f60f6d71d3f8518966db34136394629818c29c4577eb1177dd4b84e3d8,Aggression,test,GROUP-e345ab0bdc961cbfe295ef9928d9ed465733e02f9fa8371c157d36acabe02302,USER_AGGRESSION_SPEAKER_7,user_assigned_speaker_group
AUD-e1cdda3f952433aac2a3802d31aa7ec24d8085267286c1c40b4947709e45f462,Aggression,train,GROUP-4a77e95bb576c041a3fe43c1de602c9f05ea6caca5ab5ff61c36e022c1a0a838,USER_AGGRESSION_SPEAKER4,user_assigned_speaker_group
AUD-e22119fdb6959d708cbaeafa7605aac9f3410d8a7e30e3068c80217a12e1be2b,Aggression,train,GROUP-46160b84db631020d10f0a08a7a37ae24f3b5be758f2327b218cf9efab1543d7,USER_AGGRESSION_SPEAKER_2,user_assigned_speaker_group
AUD-e2e10ecd615100f84b47d8a572b7efda50a2ca8da8750419c9fba692ea9e406f,Aggression,train,GROUP-d8d00e91c58d8f1e5e79fda8e487673ee71eeeea62ce0608db78a81ef94dd398,USER_AGGRESSION_SPEAKER3,user_assigned_speaker_group
AUD-e3415a81539a7e05f37219d97e4057baf7019f0d42f22179a6d86eeb03e4262a,Aggression,test,GROUP-b5757edc79a552a3422eb506fba631ee2ce1e67655358809353902b8edaabc2c,USER_AGGRESSION_SPEAKER6,user_assigned_speaker_group
AUD-e389d602c139d48e3e9feb6c0b6eebd27892a8ce2fa31d9b0ef861d47b9c7ef2,Aggression,test,GROUP-e345ab0bdc961cbfe295ef9928d9ed465733e02f9fa8371c157d36acabe02302,USER_AGGRESSION_SPEAKER_7,user_assigned_speaker_group
AUD-e4939e3e7adc3d45b370d43695fca08ae1dc54bc28a8a3c3fdcf690207e5019e,Aggression,train,GROUP-46160b84db631020d10f0a08a7a37ae24f3b5be758f2327b218cf9efab1543d7,USER_AGGRESSION_SPEAKER_2,user_assigned_speaker_group
AUD-e5a32b9b3c2665a440490d46812ba0819ec0cb8e2c0618952713af196c99df9f,Aggression,train,GROUP-f04a2f525ffba7af09eb2783cf176d302a3ee8b8e4848954243272f5fbb7b28b,,unverified_recording_hash_fallback
AUD-e6c1f9eeb7e3fdb64013f33776a755ed2b66f71eb937b87246f28c8ac8ac515e,Aggression,train,GROUP-e89d8d49f82548a8dfe98f6e9efd0135ecc3a35a954ed10f106efa38f458feab,,unverified_recording_hash_fallback
AUD-e75298cd333619cb4829e954bb264dd880e7ea057943cb8e0e2ecd05090a6dfb,Aggression,train,GROUP-d8d00e91c58d8f1e5e79fda8e487673ee71eeeea62ce0608db78a81ef94dd398,USER_AGGRESSION_SPEAKER3,user_assigned_speaker_group
AUD-e7b5e3d784cbdd6bfd79e4bd1f052fa78ed439593cdbca9a1ed0b91ad9b86124,Aggression,train,GROUP-4c674da2eed2a51583bcccacd4940c311bc0db3ea69f9391cc798948f1582b3f,,unverified_recording_hash_fallback
AUD-e8d4b239cf16101f9d0c274c860d013b16585913bc52196d194308c4c6ee19b0,Aggression,validation,GROUP-beddf5318ec3cb1ed96f6b9555d5600aa11ed00e7678690e76dda4936baabc6f,USER_AGGRESSION_SPEAKER_1,user_assigned_speaker_group
AUD-ea5ec694ea775f9685414b21a42c44c9ecd6cadadf75bacb0b8cffa8e2ab161e,Aggression,validation,GROUP-beddf5318ec3cb1ed96f6b9555d5600aa11ed00e7678690e76dda4936baabc6f,USER_AGGRESSION_SPEAKER_1,user_assigned_speaker_group
AUD-ea6525f43e3db645dbfb9b9d82c992a8e54ffb933efaf1e19840d70e7dc08e9c,Aggression,test,GROUP-e345ab0bdc961cbfe295ef9928d9ed465733e02f9fa8371c157d36acabe02302,USER_AGGRESSION_SPEAKER_7,user_assigned_speaker_group
AUD-ebfc7385e988c6d5d78e4ec0249ba85a42fd0f84f49e7936169d87fabebd9582,Aggression,test,GROUP-e345ab0bdc961cbfe295ef9928d9ed465733e02f9fa8371c157d36acabe02302,USER_AGGRESSION_SPEAKER_7,user_assigned_speaker_group
AUD-ed88723780c43b2415d981327acd923c759ba32be7341873c3fb4616c25b3e78,Aggression,train,GROUP-8fbe95ae35d415d59dde20f77837bb49dc34c0e81dd839bb005b976ad9e8f35b,,unverified_recording_hash_fallback
AUD-ed9595dddbd060873101e178524b06d714cde3efca0e9ff032693ca398ee844a,Aggression,train,GROUP-d64fb85ab6b76d798548660e3a6f052675dadc56d369acef3fa4cb40120badec,,unverified_recording_hash_fallback
AUD-ee673978f9d77990bbea76aec2a300248354fac49df58e2e5a0fa32f07660e76,Aggression,train,GROUP-a94fcd865186a97b01f7908a11b5a60b100283907d7dfd3470273279d023f7fd,,unverified_recording_hash_fallback
AUD-efb802edaa5cb976e992137925eda6f3b835e0824925e792138925e5246ae055,Aggression,train,GROUP-46160b84db631020d10f0a08a7a37ae24f3b5be758f2327b218cf9efab1543d7,USER_AGGRESSION_SPEAKER_2,user_assigned_speaker_group
AUD-efd743a50d3d8987cf5a625ae358c650efdc28f9cb03b71f798a9037f5d68509,Aggression,test,GROUP-e345ab0bdc961cbfe295ef9928d9ed465733e02f9fa8371c157d36acabe02302,USER_AGGRESSION_SPEAKER_7,user_assigned_speaker_group
AUD-effa97bfe5928df1c1bc5cd1437f01e4d3bc7a47ec4a48a86322543a84791a29,Aggression,test,GROUP-e345ab0bdc961cbfe295ef9928d9ed465733e02f9fa8371c157d36acabe02302,USER_AGGRESSION_SPEAKER_7,user_assigned_speaker_group
AUD-f02af969ff6e8d7857b976df498b209fe5e642a2acf0f382995e93fbc042ff71,Aggression,train,GROUP-c134836beeb3f6afeb208252637283d7ef23a7991a4176eafa97c3b5657577ce,USER_AGGRESSION_SPEAKER5,user_assigned_speaker_group
AUD-f125edc6ef347b340c837c7709a3612df22dc78130a67c7d35871b58b2024f60,Aggression,train,GROUP-f25163aba813255413742d72cb9f9a9657f4301e519909b731f511ddc8e5294c,,unverified_recording_hash_fallback
AUD-f14e73963f987c099ad57f7b44dd8f736056cd9d1dfc2509573eef01ad84bf0d,Aggression,train,GROUP-d8d00e91c58d8f1e5e79fda8e487673ee71eeeea62ce0608db78a81ef94dd398,USER_AGGRESSION_SPEAKER3,user_assigned_speaker_group
AUD-f253f81c57ce7ca6247b87dfc8a20e7182483cf2e375447138973174ab42e5db,Aggression,train,GROUP-8ffd73b361c7133981a72e7f67ef17e020efa9d35b46339be5a6c6e6b7ab16dd,,unverified_recording_hash_fallback
AUD-f2a620bb92fcbf29e5803a94b8fb6332424216ac2ef7f08976fc60abfda30896,Aggression,train,GROUP-d8d00e91c58d8f1e5e79fda8e487673ee71eeeea62ce0608db78a81ef94dd398,USER_AGGRESSION_SPEAKER3,user_assigned_speaker_group
AUD-f2d08100fbdca1a1252a5929221e5ee9731a0b15fcdd7538fbcfeef10a96b4ec,Aggression,train,GROUP-46160b84db631020d10f0a08a7a37ae24f3b5be758f2327b218cf9efab1543d7,USER_AGGRESSION_SPEAKER_2,user_assigned_speaker_group
AUD-f551081021797d1d5353cf59ff6688cab987d8914a221de8d87bf709d43fc760,Aggression,validation,GROUP-4c3847a1564955a7a99e5297c3aeee3d915d4eeb309fbe25704aa8a673b54c5a,USER_AGGRESSION_SPEAKER_8,user_assigned_speaker_group
AUD-f6218421d8f973c02508acf5ed3894a0e1982c474dfb78412128d3fef8229f20,Aggression,train,GROUP-46160b84db631020d10f0a08a7a37ae24f3b5be758f2327b218cf9efab1543d7,USER_AGGRESSION_SPEAKER_2,user_assigned_speaker_group
AUD-f69acb57f0c6574de63a2f9336437c27c8c6e7eac8dc5cd73274d8285f3c4517,Aggression,test,GROUP-e345ab0bdc961cbfe295ef9928d9ed465733e02f9fa8371c157d36acabe02302,USER_AGGRESSION_SPEAKER_7,user_assigned_speaker_group
AUD-f7dd273dbb703b3b017e1c34f062dc4adb2701fe3d67c02c86307210eafcb5f8,Aggression,train,GROUP-d8d00e91c58d8f1e5e79fda8e487673ee71eeeea62ce0608db78a81ef94dd398,USER_AGGRESSION_SPEAKER3,user_assigned_speaker_group
AUD-f80315a3d6349f4c5c30944da5d343fa2fdf725d9f42b564a151ba2ad7442e92,Aggression,test,GROUP-e345ab0bdc961cbfe295ef9928d9ed465733e02f9fa8371c157d36acabe02302,USER_AGGRESSION_SPEAKER_7,user_assigned_speaker_group
AUD-f833e2e3916227409a74498abc60d1f3f29c2a172e50be3acd32443c770b00ad,Aggression,train,GROUP-895b6d9953d91f5031f2ddccff61845b0bbb677dda0363ac466afd3fd0b04ec5,,unverified_recording_hash_fallback
AUD-fa1a311fb9679dcb11b2d4293f0434494074de93cda154decd7c2f883c172153,Aggression,train,GROUP-d8d00e91c58d8f1e5e79fda8e487673ee71eeeea62ce0608db78a81ef94dd398,USER_AGGRESSION_SPEAKER3,user_assigned_speaker_group
AUD-faa513b17082ad75360af879607a1e6a70e5c0680dccf084293fb2d146313a0f,Aggression,test,GROUP-b5757edc79a552a3422eb506fba631ee2ce1e67655358809353902b8edaabc2c,USER_AGGRESSION_SPEAKER6,user_assigned_speaker_group
AUD-fac5079ad3df29c02d085b02e268e5b745e6d0c078deb60a004bde9583e402bf,Aggression,train,GROUP-46160b84db631020d10f0a08a7a37ae24f3b5be758f2327b218cf9efab1543d7,USER_AGGRESSION_SPEAKER_2,user_assigned_speaker_group
AUD-faf3d0ac11b69101f5d889cb92a1d0a957925f5529bf5f725cc9d12d7fb1232b,Aggression,train,GROUP-2bc05bfa884f57bdc7e9e65221b390fc72065e0f4baba3b1291642ad6bf6d204,,unverified_recording_hash_fallback
AUD-fbc498ad2bca3a84829c94ca3eaeee0171749b610b36ae90927a4c28aaced154,Aggression,train,GROUP-90560f5d5a313b1df179a96910cadea42e42677d6ce3fee57b36274a4f63da53,,unverified_recording_hash_fallback
AUD-fc183761aa5c3e26b95d0b5594c715589ed5d265c19e4de6b234696640a90c38,Aggression,train,GROUP-46160b84db631020d10f0a08a7a37ae24f3b5be758f2327b218cf9efab1543d7,USER_AGGRESSION_SPEAKER_2,user_assigned_speaker_group
AUD-fd14613cb0b0eeb176ef258121ed16943a58f32f3caa8e1ac34154e6701e530f,Aggression,train,GROUP-c134836beeb3f6afeb208252637283d7ef23a7991a4176eafa97c3b5657577ce,USER_AGGRESSION_SPEAKER5,user_assigned_speaker_group
AUD-fd8773b14ec6a223521403db7defedbf6ea5e7efbcfe19ffff8e7033358e520a,Aggression,train,GROUP-8b7651ea377ba3e0e3ce7312ebeb002a4ac64f304130d7bd743c714b3da3fb3b,,unverified_recording_hash_fallback
AUD-fdf3c1cfc9854dd2553e51b4df0977aed230c065f4434dbb56bb832757617dd3,Aggression,train,GROUP-5451f0ba568251abd679e93e1345dc5a8e6f10d1ac25a107d9eaf0567b4fd4fe,,unverified_recording_hash_fallback
AUD-fe66bc88559c7b35386fd6648389147a811a9cb47255fe1b625a652e011dfe5f,Aggression,train,GROUP-c134836beeb3f6afeb208252637283d7ef23a7991a4176eafa97c3b5657577ce,USER_AGGRESSION_SPEAKER5,user_assigned_speaker_group
AUD-fea3407f4d57af63c018f617c61f2a5248ee0098ecadf79100be5c5cf95872a8,Aggression,train,GROUP-46160b84db631020d10f0a08a7a37ae24f3b5be758f2327b218cf9efab1543d7,USER_AGGRESSION_SPEAKER_2,user_assigned_speaker_group
AUD-fea583ad2838eff2b7be4cccd55b5e6178fab77ea02facdeb286614873b41cbe,Aggression,train,GROUP-46160b84db631020d10f0a08a7a37ae24f3b5be758f2327b218cf9efab1543d7,USER_AGGRESSION_SPEAKER_2,user_assigned_speaker_group
AUD-fec7f7a828f67d2bf5844fc46f9aef1d3761908137b416ebad5aee09501084d9,Aggression,validation,GROUP-4c3847a1564955a7a99e5297c3aeee3d915d4eeb309fbe25704aa8a673b54c5a,USER_AGGRESSION_SPEAKER_8,user_assigned_speaker_group
AUD-ff9512609b6125e8fee9d19493b434f57f427b712d18056b0559e6bdef1c75a0,Aggression,train,GROUP-3bcde0fe93321af0e832f5076ff22f8421fae1e9723c755174b94bd4ebaf99cf,,unverified_recording_hash_fallback
AUD-002485aa21d5fb21e455bd38750529362e34e45807d44d23a637130e036d51c0,Alarm or Siren,train,GROUP-28d29e77d3bbe967abfcc160ad120fd148b93bce075159dfb4ababf55f6bae12,,unverified_recording_hash_fallback
AUD-0074b75ff127bc439fa032d15aedeb7f1206c1cb53b497abb1eefa132cbaa017,Alarm or Siren,test,GROUP-1dbddf4868d2f01494ad6ae6609cedb5aab97b931a01b6e9875ad47b382a4167,,unverified_recording_hash_fallback
AUD-008f1660df8604e005a9d63d1fe548e24fea91fdba0a54fe6831a0f77fca40be,Alarm or Siren,test,GROUP-ccbf8f4ca250c0b9422d9fd7c36ef97e4f99e568083e1120be29f3d670148305,,unverified_recording_hash_fallback
AUD-008f2fb852afd869284a194aedec3ecc341ba6ee1e8501627173181d957f4935,Alarm or Siren,train,GROUP-cf675634da24660df0c22f0606cbc2e84bf583d42325a4d7bf6c5f6ead8958be,,unverified_recording_hash_fallback
AUD-01b20c4262842664f8fc5644fc24f4ebcb5509d5ff50f93454687d79b415103c,Alarm or Siren,train,GROUP-542adab8e351f61acd803885ff6a48eb5454be554856697a6cd16825f119df31,,unverified_recording_hash_fallback
AUD-01d18f7266cd623d967fe2f70c2866af16ab7d88d4979c75e46ed69074489699,Alarm or Siren,train,GROUP-5d52ab3037101e2af47278c7fdce57528830aa79b74a871f88f3576773374ae8,,unverified_recording_hash_fallback
AUD-01ec533fa6eca54aa4f02fd8be8817f67f05779bfac87b11e44c293ef3f0711d,Alarm or Siren,train,GROUP-147ba6e653fca371918201ec6a151626684f9bd0565d2442ea049b70fecbe4c5,,unverified_recording_hash_fallback
AUD-024ae8e5764a41464b416d444ae674d70066e61e3fa1407fed7cecc5630f2239,Alarm or Siren,train,GROUP-2388787d872122a838726c979fb76bcbd4f449b19e71cc1dbe2cad09e9d5a38b,,unverified_recording_hash_fallback
AUD-02c5e9312a4379faccc56f7fd32bc095575ffdb67e180828b37f8139475a7640,Alarm or Siren,train,GROUP-82e15da8ee68f33a38179e5b1e03bdd1af5c3fa1710afe8ca543aa50e3a962b1,,unverified_recording_hash_fallback
AUD-03d3a37009429166580ed940e091584d96597e5c6f48c80dd8f7e9a74af0ff86,Alarm or Siren,train,GROUP-ff7790705dfc81d00d18f7bd4e6760c125166d708fdff2b8447b6d386aa78ffb,,unverified_recording_hash_fallback
AUD-03f7f55902642565834d54fbea47e49b922afb497cfd326d6fb4ca637ab673b3,Alarm or Siren,train,GROUP-4d4cb50df4920ab300606decac1a27052566770c5f4e76b1faf69d497f535b84,,unverified_recording_hash_fallback
AUD-0433eaeaceed5564661863a537bf9567aa06fb67919355d5660bcd50b6aee4a9,Alarm or Siren,train,GROUP-18ff48810bf1cf717a646519725b8ab0e45763e9d307dcce8b9d8d41ca524e4d,,unverified_recording_hash_fallback
AUD-047d426f8a231552f8083be7861f68af2e9996a0a9045c708635538dbca27ce4,Alarm or Siren,train,GROUP-5d82837ca857e517ee400eafb15e56de18f46004b045a175591aba232ba328b6,,unverified_recording_hash_fallback
AUD-0482557f31d416f73f852ad256cb65a300bf4154811d48e6d4a2e29947faef14,Alarm or Siren,train,GROUP-1d0efad7e25c3908fd05abb89c5720781506787baf970922031bfe6ed3feeb98,,unverified_recording_hash_fallback
AUD-048aa7ccdd9cfc1a3e7cc97e2648f2a36288f73fba580aeaf6789e10ccdb0932,Alarm or Siren,train,GROUP-2249b83804bd3ee52618a50edc8685e6bef65709c96cb5ba8ea541c82bda4a75,,unverified_recording_hash_fallback
AUD-05277650f72b520579d79df1b303d81e23a37ba102d1a45911a29ec4eb3d7814,Alarm or Siren,train,GROUP-c8199b2c0773a5150eb85d421ddf6d41827e3f07a7fca24605066452ea293eb3,,unverified_recording_hash_fallback
AUD-05410351eeb0e0f8fb7471f6b60494b041456eafc00506d666821ef4eff62048,Alarm or Siren,train,GROUP-acff1053903b345217a569795b1a190191948ef24cfa0e2370dc37393917704f,,unverified_recording_hash_fallback
AUD-0597e0a1bbdc2b25b062e9d6b7706ad664ae2a46f658f3b9a07487caf011867b,Alarm or Siren,train,GROUP-1901a14538cf8580c06ab5e0b19206230b7e9185d6be5845ea9f3225e3ba1853,,unverified_recording_hash_fallback
AUD-05e7000a047fd4eb5d20d535ddae22d7caf3250d9a726bfc8ea3a11d8b4e781d,Alarm or Siren,train,GROUP-166ac6ad5051fbbcdc6bcdf4be4af676a317abc620ab7b7b4b0d6592dc6285ff,,unverified_recording_hash_fallback
AUD-066c0ccf3cf8da12e3a9765e668852e850aa2c99acb64cc8f2ded409246c2226,Alarm or Siren,train,GROUP-21a80b208e291fdd3238c3dc0cae7ff1a796e2a1ba92c76bf71a27a189d493ff,,unverified_recording_hash_fallback
AUD-06dbcfb82b233b21543fd7d065ae7e2c7eaefccba4e1f70ef598d5bdaae8b464,Alarm or Siren,train,GROUP-14da9972b5d6a54ecb43cdb6b7c3cc44522f859bba3afdfc91338d51328f1076,,unverified_recording_hash_fallback
AUD-06f4bcc0086d4d4c50ecddadc5c089d818a9503579925ee82b3b18fa3b4472ad,Alarm or Siren,train,GROUP-e6be1608ead49878fe5558b41000bfd7739a2f8122ffbf574626ad058b46bb3c,,unverified_recording_hash_fallback
AUD-0712395c63b89e246d100adbcffa264b7fe600e7a5a319a7a5ae19fb1130c00c,Alarm or Siren,train,GROUP-5e7769ecf99500ae6f14417811fb21adf211b866628a843fa4d46ab0000844d4,,unverified_recording_hash_fallback
AUD-07765d9a8165a9452b635d7e5f04ed7fa5959c7fe06a958119ec7f60809a2ae1,Alarm or Siren,train,GROUP-9912d487cff06e9983fcd2b97a7e1afc000faeadc55e8efc1f219b6a61bba289,,unverified_recording_hash_fallback
AUD-0779652ab28cfcad9acbde44c3e864ec1e9527b99e979084c16ca71c3433e8b3,Alarm or Siren,train,GROUP-2d72ab8ee13860ef96dda9db8ded5e0577b4044add1e3dd0f8f863737c6037a8,,unverified_recording_hash_fallback
AUD-078ea4f9fbc10d6ccd93e752ccbfe836b8bca4001b369fe1a9e01cf71507bfc2,Alarm or Siren,test,GROUP-34c7000761b81089888d9c91ea77b98264cfe58ff9c3158cb210460122cb6310,,unverified_recording_hash_fallback
AUD-07b74b77ce99579d438fc660d23e1fbbaa4d72b98370bf2088ff46df6c99ab45,Alarm or Siren,train,GROUP-4d8a90d4d8e1977b7b1ae5be017f81c65a444a6b10f77bf0b7f57f2d478f60de,,unverified_recording_hash_fallback
AUD-085d11a73bfea0b55b6dde9186572e1ff7f668af39c3bb17edc83a7a9c0353db,Alarm or Siren,test,GROUP-23d05fe0233daca787404d976c9550b4778d78237267957fcc2122b95373a2d8,,unverified_recording_hash_fallback
AUD-0872ca8876c539a38fa4eee1cad7cb8ee90b95f4e0bc855ff151bb908a372cf0,Alarm or Siren,train,GROUP-bf629097b595920cdd0f142f5815dc49865d8162695708038c41f4f5d87882b9,,unverified_recording_hash_fallback
AUD-08bac3be222ad5369564d76082be80aac459843d4df737845516806bc9f7d3b0,Alarm or Siren,test,GROUP-5723b625a9f5a8097459cf4c24fa1a9c26618a477c2c31bd2e4ddf08aebe8125,,unverified_recording_hash_fallback
AUD-08c8249f236cdeb690a0ecbfe344de2902ae733c5b4ce4785cdc15a330053fc1,Alarm or Siren,train,GROUP-328377ccdfa3d528852f15f553554f1e601c643010f7285be56e94be95227880,,unverified_recording_hash_fallback
AUD-08ea79ee797b847268de4ccf0e35eae5759830fba164a219f496f19a734edb38,Alarm or Siren,train,GROUP-0b4283ad27b881d4696c2b2b7c21ac97b4a6e915059cbb74b8bb423ad809ae41,,unverified_recording_hash_fallback
AUD-08eac2668987f7cddf346fd55379b25c1f15bd760b5ff5c4d8e13bcd132fba89,Alarm or Siren,train,GROUP-e006418066c90576e22559d4053f74495e560fc4010ffede3511cf0a0dc024e7,,unverified_recording_hash_fallback
AUD-09e5b319dc02e30c14a7e485cad424009f0bafc77b602e6f5ca4a3a47b0695a8,Alarm or Siren,train,GROUP-2e863d31e95c0ff7635fbfd42587f77fe31c4ff4e89c893d68db1c331c3395c8,,unverified_recording_hash_fallback
AUD-09f6f98f80f3d1d7bd1a80530768461bf0af8f9b9785ade26b764c6a20b65908,Alarm or Siren,train,GROUP-a2b6da5b932461a09b5970ee55e290e7840902289ae7b7846562656ed1afa92f,,unverified_recording_hash_fallback
AUD-09f70986351e921b7f0bfa8f84a6a3b3e32505251fa131864196ce0ceb290c89,Alarm or Siren,train,GROUP-5e80c6c96d2ae40e6da4a059b8a8029998ce72dc5b305b7bb9fcec46ce57bf6c,,unverified_recording_hash_fallback
AUD-0a334d99d46acc0c7f8437df245f6d12e7df2e30853e2d623d8b984008489f2d,Alarm or Siren,train,GROUP-550d754ec33f02b9ded342e12bbb395b2f972c3db90a8be88311a01c60b52577,,unverified_recording_hash_fallback
AUD-0a60cff4d0db2df9f76bff15af21c2c3cc339efb2eac78873d8c239c848466be,Alarm or Siren,train,GROUP-0551f8eb11a37ea13516740408e0092523d6ba8dcda6fd186d2003c2e480aeaa,,unverified_recording_hash_fallback
AUD-0a6e3b002566d34e5a7e31410d9c022866726390cfdf4b048c6c597720520343,Alarm or Siren,train,GROUP-e3623e040af247c8a39a65b04a310e32d85df6122ee5992f127afc3bbff62971,,unverified_recording_hash_fallback
AUD-0afdfbca51b5499a978f777d68a5fef01644c5ba9f4a97fb5f9e5e7b43c39353,Alarm or Siren,validation,GROUP-07999de589fe86fdb0a2501eb3a9328e6e08da08f052ba079a39352855b34428,,unverified_recording_hash_fallback
AUD-0b8d6dbd17f6b7a34875277904145544bdf89a2bb6f8ebbe5186b83108207d15,Alarm or Siren,train,GROUP-fce55774befd4fbd545a9f200c2b99a81708a1751619666b323b4aa7c9d3bb91,,unverified_recording_hash_fallback
AUD-0c9f31f633024d149289ed95752cacbedeb06ac9357c8ce8b1047c7a45f2c2eb,Alarm or Siren,train,GROUP-9c8b2eaa08cb2e1ec17595b42c7a61c0dbdd0f03f7e828685525e2e33f624d5b,,unverified_recording_hash_fallback
AUD-0cb1de04d85e6954d222a33bb74f2d4938457fe229fce4b92b30a3530779d57a,Alarm or Siren,validation,GROUP-e4be1a9730d3ae7f5fa345ab24895a9791cef3b708830d34d2a2b25732781e01,,unverified_recording_hash_fallback
AUD-0cf5b6ced25ba0a8621f113c3199f1f7c029ff76fe822c6efce2be28ba505837,Alarm or Siren,train,GROUP-98bdaef8f6b04e6c384a7e5e62a615970fee314794e02bde492c690da40403ff,,unverified_recording_hash_fallback
AUD-0dbdce6a9401be7adc367ad0ec6e3caabaed9da3d27c416db90fd2b1c75462b5,Alarm or Siren,test,GROUP-8d42d1f7979ea680e6bb4a175581eebda28aaf8014047c15cc5343f979ed6428,,unverified_recording_hash_fallback
AUD-0dde3fad65b337eb8976603e6c4599b540bab03e136961e7c692107a1615cd9e,Alarm or Siren,validation,GROUP-c5a5dcc9641ec3ea1f55d44a242da55ba8a8ce29b82985b1e82fe23f0994ac95,,unverified_recording_hash_fallback
AUD-0e0c6613fa414c6837d71703fd273e0d9ca3c6efd195fff3b2ed52035c9ee60a,Alarm or Siren,train,GROUP-2ebc8169abf7cc06c5538aef36497aab0f88a5bddbb2d881e61fcc106f133912,,unverified_recording_hash_fallback
AUD-0eea1689d45bc88bdc16bb63b648437b6403a679526518c399161e3433c15ed9,Alarm or Siren,train,GROUP-32ae546ef8e9a60084192aba9a5d7a047c05c996b740c56c1021936b01844792,,unverified_recording_hash_fallback
AUD-0f509193db1c8a9ce66c41943440005c25bf4aa21793d4a744898ada3539a19c,Alarm or Siren,train,GROUP-bfbc9af068fd391f957f96eb92c89022a5ed1dd20fbf99e2393a63a9a29d6574,,unverified_recording_hash_fallback
AUD-0f71cf208a55b6e268a68ff1dc96c1a98aa87715e7250ed2de03d8b3210096ea,Alarm or Siren,train,GROUP-f7b7915cce61075299f7cfb22deeece2a9ee20a206c49931ea8456f7397c23b3,,unverified_recording_hash_fallback
AUD-0f89801bc9003da6f8632f884b0f19e3e695e46a29bfaabe859b1112ef293ea0,Alarm or Siren,test,GROUP-82a5a93445167fe76f6361c809f7d2bc9c8117d6ec062b16ca2713fa33e80ce1,,unverified_recording_hash_fallback
AUD-100be6350677a6dc2848f2d97ae3d9711401bdfebe87c9d11174e208558de976,Alarm or Siren,train,GROUP-49e5739325ac9efc767d82614bf195d9aca8cf1c37e465615d0779aadf03d017,,unverified_recording_hash_fallback
AUD-10da329e9b971292f5768d3d99fa482310809146885f573b94f5f4acec13f426,Alarm or Siren,train,GROUP-8a1fb1599bcc78b330d082d04ca659e559a16d20070ca78043df9436c9f3f930,,unverified_recording_hash_fallback
AUD-111d9b51806119f36252216160f1ec857f1c49dac6579c8fe6afb95f11a32c3e,Alarm or Siren,train,GROUP-30fa4de722cecce7c14f8327ce6bffd102fe25a5ee7ffe63471de4554b58a41f,,unverified_recording_hash_fallback
AUD-1139d3c8bf40fd9c59dce0f1e53ee7987ebbe9cd52343b378bad0ae9947de939,Alarm or Siren,train,GROUP-bb80708a468d196e878f958dc776a0eb28c51df12394e4c8108f633a5489fa4b,,unverified_recording_hash_fallback
AUD-1151815cbe79e3ace26f7264022162d0dadcb238bd473aef42f889a818510c95,Alarm or Siren,train,GROUP-cade4265274ce1272a4097fd4dccd926eb103c84d2b370d635ea80c6f4060ebb,,unverified_recording_hash_fallback
AUD-117da84e5c1135c8a4721f879e7d1a4249576e55ba69ef0d1e89e536382fcbde,Alarm or Siren,validation,GROUP-6e42627931fcc3018fa94a46b4626d8df469496e58bac5eafdde1e86087991e2,,unverified_recording_hash_fallback
AUD-125bdcf75c70e2595cc41b046f0ea8ee887f38e7059e51707e05db450ca50740,Alarm or Siren,train,GROUP-d4a97a45b573e492af8670a7c2d9f399d679b8e76ae2e0bfad6a9bdc75babf3a,,unverified_recording_hash_fallback
AUD-12a155663cd206dbe52917c70ab7a17bdc5afa191a792bc379e8b8917c1415a1,Alarm or Siren,train,GROUP-1f48dacea3ad6cf1e77638df6caefebaf874f7044ecce3b6353559024a6a0727,,unverified_recording_hash_fallback
AUD-12b7d0a0ce20e2c17ce41315ae9db94c4db164750a6bdd42d389f130585bc4d8,Alarm or Siren,train,GROUP-31bb51cd303c121554e00caf2dcb79aa6ae1aa2e09d046d4a787c7ff70bede59,,unverified_recording_hash_fallback
AUD-12e0c02ada1fedc35600fee8e622e2950a628ccebd548ae9cc6813e05c53427b,Alarm or Siren,train,GROUP-e7b2deef3eb26ca46262852a73e266d0ffd1b785ff9015aacbcc94d549411566,,unverified_recording_hash_fallback
AUD-1338c6a50a2418e3a39e57f8502c94e65527d5221499095a1bd6d9a6e7c38c9a,Alarm or Siren,train,GROUP-62bbcd35ded99770a4c64455f2dcf59e0b0d166c1823813962daff0a53906829,,unverified_recording_hash_fallback
AUD-14589c5bd8bb70a659e2e346764fcef6ac01e54b8efc6b05d166766d403baae0,Alarm or Siren,test,GROUP-a9d53a5a88a6595d238e260e42aa46a2db48f6cd89e4ba91ed4665bd37345119,,unverified_recording_hash_fallback
AUD-1492e6610b6cb928db0930b8676c140d21959e39adfb4a1fd2f6387867d56e6c,Alarm or Siren,train,GROUP-f874612da135066e8cb757ee553c56a38b183d6e5a1b752f1f3134881fec084b,,unverified_recording_hash_fallback
AUD-14aa7371baf468d5ae969a642b5df29b0b12b6ce4d240b15c3b9747d7b40851a,Alarm or Siren,validation,GROUP-48df45ff263472bd0916221ad20c8e30561e1a4ccb154a52793c13d48083d32c,,unverified_recording_hash_fallback
AUD-14baafec1bf40f16c738141dd2eb0f68f4d6c0b288f49f8982c86d3bc92799b1,Alarm or Siren,train,GROUP-0f599768f95e477b88ad61a6c7e7f4102602fddba825da85f221a22049333918,,unverified_recording_hash_fallback
AUD-14d66dfd6220edd9cf88fef4d315f5c8b679151ed737a27d3225ee869a949313,Alarm or Siren,train,GROUP-377edea56b6575fc548c5ec76a8dfba78dbdce752c903b83c912fcbb5fae0b1b,,unverified_recording_hash_fallback
AUD-14efa7fd048b30fddd455d3e3b70e135dacf4aad8c6f55eb0e59d7a6a26c505d,Alarm or Siren,train,GROUP-d3fb0c83cf0f2270715369e98610d9528b2c657d62c92fbe604e2d8e9d53a55b,,unverified_recording_hash_fallback
AUD-14f43798f210045895bf8405e613d14e838c9f3449d5485e6afc6907a3c99235,Alarm or Siren,train,GROUP-14081d5e11ece113df4f255600e39f32a23ea9d22a1393f90c656448affe3cfb,,unverified_recording_hash_fallback
AUD-1506864cba99bc969d1ecf9dea0f43440963ce88062d0426858c7918c4ca9e54,Alarm or Siren,train,GROUP-d7e518fa40c64808dedeabe84be6eec98cb6555c82c338e5a3d3698d9f94639a,,unverified_recording_hash_fallback
AUD-1515c33a5b8d91ecbaa748d7419045560b20df0d0c7ac9b639d0b9d51d34388d,Alarm or Siren,train,GROUP-0395f2439bf82360a65dedb1bfc03f2bd3dde9b913e3f28685bfc1658d64b5d8,,unverified_recording_hash_fallback
AUD-1571536a22a9f9001989a0dbb87ecc8c51d661dab5a666ff9440e7c068b0d068,Alarm or Siren,train,GROUP-acf3f3b01c67a9702fd0fb555baad0edb60a3c138f3458f6e94b6c29e4943d64,,unverified_recording_hash_fallback
AUD-1624411635f73cd44100226300210145a1e4666fd8bab3ce0deb27d15c2183aa,Alarm or Siren,test,GROUP-553c03bf928f0220cb102056e22cf9cf3cfbbc026a03eb05bc64f2ad40e03070,,unverified_recording_hash_fallback
AUD-162ceab2d337be039fc9ae2a7fd758d21faed634529bea9342671a4c6f842648,Alarm or Siren,test,GROUP-99195f959ef6ff10ec613d6d5bbab86360d8fe0bf95d00794aaea2a6d58407b4,,unverified_recording_hash_fallback
AUD-16eadaa920b17c8002d533cf4bd97fc8d23892357f1a26f88234c40a10c77612,Alarm or Siren,train,GROUP-37ce8cd2466f07fd0196de4dc17358f691481e17b552dc2588762f0757f58887,,unverified_recording_hash_fallback
AUD-17646742e5686ef14f4e6a674933fa2ae4cf29df3a692fafa74c79db8ac1c9fc,Alarm or Siren,train,GROUP-84cb7beacf7b8573e076436ef49a8fc93b4ad27b75cb027b1df95194ca7b307e,,unverified_recording_hash_fallback
AUD-185f53dc189a37b700cdf902bb633bdfa996bd9e9396c27bfdea45810319bf6f,Alarm or Siren,train,GROUP-c3a8e72cd21b208d31b4e666600f17d31ad192f89c7339aa5c3ea2cd81574457,,unverified_recording_hash_fallback
AUD-185fc67783a10af4d831c7013516413300210fae72b258f7ddab4ccf0f6a2e16,Alarm or Siren,train,GROUP-f02647fb1ef252076bb4004dbb2090daf8248dc35d27db3569bee0053ad1702c,,unverified_recording_hash_fallback
AUD-18fc3e761a60430eaee30ba91a0eb757954ff95f536aceaaf21c1b8b350dd6be,Alarm or Siren,train,GROUP-0875e58744e561ed30fd5396170b7d252cf9d861d5789af232908dccc7246fcf,,unverified_recording_hash_fallback
AUD-190c7b1b6c7b95a1ca6c8928c3e768f9927fe26cea18899ab7a754d0ff3ceb78,Alarm or Siren,validation,GROUP-6a387312abd9ba3acf6a7b8793a210f9ee55f29e8a944d4a6dc9670d0a707df8,,unverified_recording_hash_fallback
AUD-194a168a3a46578f82a474934036788f9fdfa0fcbf7324481cda2fb565bcdf05,Alarm or Siren,train,GROUP-5fd8aebd2e663744eeaad46e15736e0e24275748a685401c52117a1b46e0d26d,,unverified_recording_hash_fallback
AUD-19d9f3918263754f00fc74f7dd70eeeb9cd8f99f112c1846ad14b7929795b9a3,Alarm or Siren,train,GROUP-eb7f3f62d77ee52c6b837bb8a886ab0c8cb107f130bbc0e3d27ef3d34538dd32,,unverified_recording_hash_fallback
AUD-1a4d124336074e7a654606addaa0ed8470986fc12e1de3f4f8b0d2eede220840,Alarm or Siren,train,GROUP-18da52c8a93a3a0a754a72f572651529d594475d1bfee061da25c2109f9db1d3,,unverified_recording_hash_fallback
AUD-1a8800f8a458af4d5bd0499c6b40ee22475f6ccdc8623ff7b03dd21d92b50a7b,Alarm or Siren,train,GROUP-7064d89b367fb79f29e56884cea7b92666efee5ef7d3438691403b8782b50af9,,unverified_recording_hash_fallback
AUD-1a95dfce38cd7f4319b17154c23632ab32d43055aa2024e4ddee3b2c0ca798cc,Alarm or Siren,test,GROUP-1a3e7f520618fa0881b5ca7add27dd095f633952de7c984896cde0ec6fd14861,,unverified_recording_hash_fallback
AUD-1afecea35fcee0da37d43b8f3cb025db4102f80d127440ea0465543d11e4fd45,Alarm or Siren,train,GROUP-94afb6836d2dcf269646a080cf40ee23fd108e7dbab50e39a833330b69a2c2bd,,unverified_recording_hash_fallback
AUD-1bde6a8f0a99c292b3e9848f5efa0d9962b78e420c72709b4d406b826fa73e1a,Alarm or Siren,train,GROUP-4516f53a9ce4d6b59e8151ff627f701099592b40069bfe4c85c7a57867049f22,,unverified_recording_hash_fallback
AUD-1c3f8f81e6638849100ae7821879848efda83c99c18398fb5e7df5ae5b77db96,Alarm or Siren,train,GROUP-44ee9400ef3d528ba9618baf1684a579863313f2ab4e4f6bf5373461e6cc1cee,,unverified_recording_hash_fallback
AUD-1c5adec53c177c3c5cdcb0e12c31605a66eb5e6630397883dd16cd07e82f1b19,Alarm or Siren,test,GROUP-6fcc61502dddb9a5ebaf1e4911502a6d76d0959afce55a8a246045b92ae5f8c5,,unverified_recording_hash_fallback
AUD-1d35317e745e824e7155a76424f64765a5893729ffcdf9de1f2becf555407f1d,Alarm or Siren,train,GROUP-8f5a7a7de24523bf308d2684baadda601b024d265ac314709bfa051c112891ad,,unverified_recording_hash_fallback
AUD-1d37311d33b390dc619d234cdfa10b25c2699b048f109aed41dacdbfbaefd14f,Alarm or Siren,train,GROUP-7ebbcf3076881e1b30454892d71bcc1283e84dbcae73d02febe9291a0ccc90ab,,unverified_recording_hash_fallback
AUD-1d9646523ddc1a80ef715dc197196b5a2e3c8a0c34dbb16d68e4dc1039481572,Alarm or Siren,train,GROUP-4545e94a9c0f55e9ab65dc2e4d08872d5068ee4cb20a1ab10bc81fd033759f74,,unverified_recording_hash_fallback
AUD-1ebcd7e367133d929c77cf72ef6537c29bbd9edd4f284e4bddcd435c250d4352,Alarm or Siren,train,GROUP-d759df7a522fd56bfa131d20fc7db845be3f781600c8fe5b6798974b46a2434f,,unverified_recording_hash_fallback
AUD-1ec98cf983427d1bb2441bb65400d4e80a10db9417d75432ee845b7140b0401a,Alarm or Siren,train,GROUP-5ecef9ef020cf0c84dfe57979a3a2f322d7895d170400452c70bad5891d07979,,unverified_recording_hash_fallback
AUD-1f3ecdad450d50ecceef5e68c1088246212c71f2344e7478109df2664a345831,Alarm or Siren,train,GROUP-94e23b15e3200339b87e1d23ee0f0f4841ea03a304e57faa7257cab25c3ae0fa,,unverified_recording_hash_fallback
AUD-1faf7642935cd85956ba3d609cf64ee9642c0581f38b9f9d41d28067d3758de7,Alarm or Siren,train,GROUP-525a7e0f5dcb07c6e89600131705d076b0e6734e509d6bbe3ad3b55500718dcd,,unverified_recording_hash_fallback
AUD-200506d2e92af15e07b066fc3200b21983fc2101a916def25309826d17bf0dc0,Alarm or Siren,train,GROUP-594683881ee90f2692dae17e2c0867e9c3ee3d753b571be340a86b5700dc8de0,,unverified_recording_hash_fallback
AUD-20df2528399a041ee7f063271f5e2b05ff0f69f35b65bbcf52ab2ae402003d5c,Alarm or Siren,train,GROUP-0f21d0c43f04a05c80284be4a884777c55995a5ddd32f496ec6130206f17602a,,unverified_recording_hash_fallback
AUD-21614c4285e2d905eff29594befe4857985437b38d408f04aa254e6d1c55fbe9,Alarm or Siren,train,GROUP-9bf9018c22607c349b0057b536ac4aa1cdc634822c429a51ffec308800e0b600,,unverified_recording_hash_fallback
AUD-216169e9786834c1ac5f8fc291a2254f966d85633909681a8f9e5b948e0155b6,Alarm or Siren,test,GROUP-eb4b5b5665c5daef09f60e426e40e8c41947a4858cfd0b4d2fb7bc3401a1867a,,unverified_recording_hash_fallback
AUD-22547f4feea61a08796e1c74574e611f25e4a349ca32064ab386158dbfbae7ce,Alarm or Siren,train,GROUP-63b466447a4567ef2b1bcfc0c79f7db9c95a521a8ce2a2a8b25bf73d5b00a864,,unverified_recording_hash_fallback
AUD-233e644a2b7719244a72221f52a47a28e926a74293ac9c0e90f3b17b415d8638,Alarm or Siren,test,GROUP-3b089d90e2a216308648c11428664cfca7133895613d3d0790cfed07182e8c26,,unverified_recording_hash_fallback
AUD-2352b13d1742d2ad0d1e07145b8c4f44d5ae6b48694397751dfc22c63c34a222,Alarm or Siren,validation,GROUP-96f87e2e298779d968e00d83a475e5a448e6d74fd092a64af6a0c5e8b32f34e2,,unverified_recording_hash_fallback
AUD-235e7739b27eb93b24070703aaa9eccd510340dc3ba18df91ddcfa860ef0728f,Alarm or Siren,train,GROUP-ee32f959be690c1c6a962a6c95003cf9af541c8b4fd599621192e2f3281239c0,,unverified_recording_hash_fallback
AUD-242684b3da305eb3d3d1a32665a5f35af07e9c2f1be9c29e656dce3fe17f83ce,Alarm or Siren,train,GROUP-69f15188969c1846eb231780aec9d866f7f5d8e926fd3469c3ecc4f076e4306e,,unverified_recording_hash_fallback
AUD-247d25147dc828c105d157e4591dfa0a2fc79ceff328142ea2afd5ff49801263,Alarm or Siren,train,GROUP-94c19af1236fc4bbedc29852ebb10cf7edb15f90a96452049b3046755c91354c,,unverified_recording_hash_fallback
AUD-24f736dffa9806c129bab33aa53f690ff9a35f2faa1886fe6b8bfe4c20e8293b,Alarm or Siren,train,GROUP-90835185ad131d313b346bc7a3592909dad058f84edae172b933c0c05483008f,,unverified_recording_hash_fallback
AUD-2528f0b39fffa6587b6a7c4592bda49c9f73311cddc09908d3effe775d56e29a,Alarm or Siren,train,GROUP-adcad073e81a802ceede40c28eebb50b9bb9d4157a05f7e80a6363730b7bcc7c,,unverified_recording_hash_fallback
AUD-253be4f220a60df6cb87ffe2b67685aceea75dfb9562ce39c596c1a9b0f36128,Alarm or Siren,train,GROUP-3127f93db64b9744d7227351ab6e12f6bef4879c8b9bb5fefa88352c09f07fd1,,unverified_recording_hash_fallback
AUD-25ed2f073783db611f5acf2f6c41755f069e586db98debce88ba15869bdfc842,Alarm or Siren,train,GROUP-fd70d80c5e2782e57d3bdf08c64761a35d881facb9c54b51a98d9354e13480f8,,unverified_recording_hash_fallback
AUD-25ee8c2c45f445c1fbf779a1798867aa0434174145760664a4783318ffa87f80,Alarm or Siren,train,GROUP-40400a875d601603e2eb8cf508a411a8d2b073bf9d805b06ec04318219e39a56,,unverified_recording_hash_fallback
AUD-25f0859b9edaf91648c5c955b566fd95eef90ab1e18ae15d1eced6c888418369,Alarm or Siren,test,GROUP-4c6e0c9d280483e125b5d1caa793cae6c814f64cf2958fafbdcf2390efa5450e,,unverified_recording_hash_fallback
AUD-25f6c56fbf5ddf11171eeca7d11759cfb3bdca864e3dec10916c74dff25c5aa8,Alarm or Siren,validation,GROUP-77e09e60e56123f71c7880ee8c71867ffc90674628329826cfcfbf4be7eeb047,,unverified_recording_hash_fallback
AUD-262540e060536e66c90d3bd820d081a45a9f575824e093b3381d5b6e13a3fcf4,Alarm or Siren,validation,GROUP-cb982e3e5a6f9383a8d4dca3596a677233e52f0b61bd6c2dcb8dfcfe0c833c7c,,unverified_recording_hash_fallback
AUD-267835e2cd82852187015216af3700d0c3bf096c906885c516de2468cfad661a,Alarm or Siren,test,GROUP-b9ae6827bdb07947db21b70f31d893512e1b40245e4648eedcaac1422e52ee51,,unverified_recording_hash_fallback
AUD-267ec3140765814c84d4f1b95db1460f372688b2a3cac5c437d996ac812e62a2,Alarm or Siren,train,GROUP-093a007e7f5e12f289f996e3b2885ae63e87fa1cdce925f5697ff033c3f70979,,unverified_recording_hash_fallback
AUD-269edfc7b82071dcb0aa0686ed2f722cf55cfc943cb8e95c6394d297c6818708,Alarm or Siren,test,GROUP-a21bde62c88bc500f019cd59a375468944cebb6d577537a69f4e9c57359ab940,,unverified_recording_hash_fallback
AUD-26aa82c47bdaafec5fff415cff67b48e6fe3a815993a97fc51a30591f30ab7f1,Alarm or Siren,train,GROUP-fb42ffa982f37e72eb95396cb06c95d2fe8f768e84337f6bcdb802b9cc4c881e,,unverified_recording_hash_fallback
AUD-27143311b2d5cde717bab87d6e7935c5a36dd20084bb0d6ae8e360eb0278dbdf,Alarm or Siren,train,GROUP-d0658702c0e2718c7fe52dd1e2524aeaa889ec4a40c9b429cc692faa1603fcc8,,unverified_recording_hash_fallback
AUD-27faf1d89ff3df8cb31557d27f475654a0d9b00c04d90ad94974d22f731bb812,Alarm or Siren,test,GROUP-db8bdff6dffeb0c354d8c601235d1c1fe22bacc713bd1f737a0c38817c2e02a2,,unverified_recording_hash_fallback
AUD-280d26350dcc84b085ca8614c18508633762551920eb4af72e98815166bc3d8c,Alarm or Siren,train,GROUP-edae557ddc9acf74b287a921e278ff062702a6c93aa60a5efdc82f956d03caef,,unverified_recording_hash_fallback
AUD-2811bde386e697485161cf62e4d7c33f93d6de2f665e973715c44519f02035ff,Alarm or Siren,train,GROUP-719304aa2514ff41009c4c1f1cd880b7bd036bd519c0d9b2179ff071cff6073a,,unverified_recording_hash_fallback
AUD-29d6741b399f3f2fda7a5ae6e706c402921d28f6c6c134bb1a6ec084786ffe1b,Alarm or Siren,train,GROUP-be5e17c3b963c18184438158f7e118d70177af333c4392b991a8dd04015c7f00,,unverified_recording_hash_fallback
AUD-2a089e8f492de693daa46bfe2209de4cb096f415f60a2d5d5489fa1c80c8619a,Alarm or Siren,train,GROUP-df349057ea006776db878fc985b62196bbd6a78254844e74d7c20b3c9d8ec3d2,,unverified_recording_hash_fallback
AUD-2a1b4eb0abf6a54a877b3e6092cf7d231abfe6729ee89ab20476c7f065402648,Alarm or Siren,train,GROUP-8df97f0a2e19d081e84d58daa1c95388fb212479bcd8504de286fdf5bf4ff6d8,,unverified_recording_hash_fallback
AUD-2a6fdb2f70112624d2c2c01c28826c52f9e568213b09ae5300701d719f43d956,Alarm or Siren,train,GROUP-22bd6c62fc41b065b5fc306c0d1a8bf7dfcd92622251408111610059c593b793,,unverified_recording_hash_fallback
AUD-2a9de837ad97ff0becfaa9626d79d693bd33aac98a3a5abc87eec266d4df732b,Alarm or Siren,train,GROUP-2b23a5f5b1d2559d99b1a226cb56fc816f47622c250686b5e9d51e170e891fc3,,unverified_recording_hash_fallback
AUD-2b26eb62fba0263c66fc070630b6e7d3d296c598a940a2603c9752641978ff1e,Alarm or Siren,train,GROUP-24932768b18313d03a15b0e4e88b7bd96c7e81b325fb854ffa1256e46c740601,,unverified_recording_hash_fallback
AUD-2b3072a0feb6b4149146d0ce4906f47f868a0721aad1c969ad41f7f8e946e7c4,Alarm or Siren,train,GROUP-f74bdfd7ab1c9126a82002fc9685d839d99eb76d5a5e903c2ab2a6569356a05c,,unverified_recording_hash_fallback
AUD-2bb89a648c8fbdfd4082da595c6367735eb075e23d0e7c8c22e195ded3c5bbdc,Alarm or Siren,train,GROUP-3f1aa6b1d721c0b48abe9cef127cc69b18c886a6bd15435bc0b06274855892d6,,unverified_recording_hash_fallback
AUD-2beef8bdab0ddd845231aae65f000a5b95e40f222dd7463d09b419efa166343a,Alarm or Siren,train,GROUP-d5b5b40afba2e7c11787a0b99f10dc3aad0597788ace19496e23fdeee56ea5aa,,unverified_recording_hash_fallback
AUD-2c1a44c5034271f26906eea44f2a262148dc0dc75824f4154932e02ea3c2158e,Alarm or Siren,train,GROUP-92c5d62f51e13b0e98bb28e3a51e283639a122363d1049628137dc7b30b58976,,unverified_recording_hash_fallback
AUD-2d08e11d1fd5a87493979945538c636b120694cac91aece783a0412f4af11b4b,Alarm or Siren,train,GROUP-b5a9b11257231efa0defc297b58e22d823787cb37334bda13938545c1faf7535,,unverified_recording_hash_fallback
AUD-2d1ad80ed69586d6390981f21d8443ab49a2c4ffc6ec16a3b966b85e778accdb,Alarm or Siren,validation,GROUP-60861ce5526a52a4ed405bc5cd871ff79f14978c6762ba93dccfe3fbff631b4f,,unverified_recording_hash_fallback
AUD-2e79083ac3854b7f36ffb7b77a517146ae892022a5303dbe6883607edc7595cc,Alarm or Siren,validation,GROUP-a3a4716eb4c7b05ecad0bacdd3f5a191ee40464736ec386803217582ad43f09e,,unverified_recording_hash_fallback
AUD-2ea622fd0dbee900f1b5d58be2be8cfb8f5dfb766a035ce022d85455c6437bcc,Alarm or Siren,train,GROUP-b5749e65456d62f02905f2091c9cca2f838f43700b848d3f13758cd752aa51b9,,unverified_recording_hash_fallback
AUD-2eb577eb1fea632a152ba969f56891ad7fb0a2242a766e5faa36b3bd1d99140b,Alarm or Siren,train,GROUP-54b7e00c130cab137e610b53de2c06077fc2df80344cab29b8fbed2fdbaf8df2,,unverified_recording_hash_fallback
AUD-2ed9d994a3db17d2eb1e28f5d4998f4f8ef593b233085e52e156cc5f1042e4f2,Alarm or Siren,train,GROUP-ac7dd0454f2be9e31a64d6e4679f40066ac8e4bbab85eed5ef905ea729aa4a5f,,unverified_recording_hash_fallback
AUD-2ef4699b2f5b1d3066823c7246dc7e861783a7c2aaa88a5abb06d7c08253592c,Alarm or Siren,train,GROUP-0b7980d0df96ec934ccf63ac0fb1fcdc6ecea4ca42bb7183d931fb602ca82848,,unverified_recording_hash_fallback
AUD-2f7fad88986f4fcb58051d20e866b23281884901c692db3bb0a661d062bf32c6,Alarm or Siren,train,GROUP-ace998c8daf00103f5a26c30e34189e8c7e555276da8c335a980e491c02f60d4,,unverified_recording_hash_fallback
AUD-2f9537f1e4708efc32a52d71ce39cce8c5776de5a76e325ac1f81da99ecf1f8c,Alarm or Siren,train,GROUP-4e92e897fab57d952e95492a401af9b1c339b90e08ab181ae347377ba8de7d6b,,unverified_recording_hash_fallback
AUD-304b9d9ed1203a0c77e284d8a998cf54e0e017cad66e3abce95a66cbb9bc8f77,Alarm or Siren,train,GROUP-a0501b7a323977677e24ead2a72d47a2bdfae4ecb898979a6c2e4ad0770df577,,unverified_recording_hash_fallback
AUD-30611aba77c39e199ffe610b2ee548a1f2727adeb42b85b98d9759221bf586a3,Alarm or Siren,train,GROUP-746d7e106641de74f2150df7e9d23a56a63c5dd5a9a45edf61a30b9370416a1a,,unverified_recording_hash_fallback
AUD-308af26695ce7b5868b5b997e1c954c971e9dc9b5bef09a0672913311ccaf9f5,Alarm or Siren,test,GROUP-982574321e7552c13493ca6797e40b7b533ede7f9f99a83c8fdbdb2fe77a3e70,,unverified_recording_hash_fallback
AUD-30a5907bbf5be5380439bbc8841f8e25875d9babc91b9f8cf91d5237cdc58074,Alarm or Siren,train,GROUP-d13bbc14278e53fe7bcf908b6fd384725e6e514eaa9d039d7e63578c78084071,,unverified_recording_hash_fallback
AUD-3111228ded2b9e1842fb92ef4148f8b18411b6aaccf1af5dddc61b723d64c8d4,Alarm or Siren,test,GROUP-918f709eb73bf7c1d1852add111b2f855d945e6e387ef5beaf29a9ec31f290fc,,unverified_recording_hash_fallback
AUD-3121eb9a13bf27d6e847ac7aa4af28316cd3e3e64eb4024fd62b846b6a88f411,Alarm or Siren,train,GROUP-45196540841be82d889509731c6247ced89e141757319b965e4b4fa454ae7579,,unverified_recording_hash_fallback
AUD-31e8c515159e3d4ea78fac0a9805efdba34ffe4092b511c3f4676cb80d9ab826,Alarm or Siren,test,GROUP-e3cde540a9a6f8487b824d80043a6e97b28e19b4b011b3ef8c7eefee67345e4c,,unverified_recording_hash_fallback
AUD-322dfa514657aa6f955ed16f897bfa2c8863e9e4ce7df394e5bf26317b0910ad,Alarm or Siren,train,GROUP-671dad88cdc0f0cf447ab0054406e7bfe836e99bb3356a50dfa8f2a954a6633b,,unverified_recording_hash_fallback
AUD-322f97853dd6db661169b5dd3b419e492f539900f4f0debd1098166c9e2bcaa8,Alarm or Siren,test,GROUP-8186d83c70a797fd72a1784fb41ea2ee456d732a65ea2f4e670e4d2b182c18fe,,unverified_recording_hash_fallback
AUD-32c9c139b3fa9b8cf12789e3e1d868555c48ba37e305a3bb6e4ef32bf17fdbb6,Alarm or Siren,train,GROUP-b0ebe4309bfba20c9622410d6833213e05bce3d953449125dcf80620a5a511a8,,unverified_recording_hash_fallback
AUD-32d13aabe446c289d0783b42a22453c539f41cb7e4801b57052c155ac19cca90,Alarm or Siren,train,GROUP-3cc14d542ca066015d7c5715ae04c587e9edb47c141b13e16a1e14b016af2409,,unverified_recording_hash_fallback
AUD-32d69ee05a454cb3085b7cd0ff9cdd6a216415389808f3bdd88829e839b754a8,Alarm or Siren,train,GROUP-0a6d04de9db36946b6be4e6f95f66dd5484bd6d08402b705962ca5e8da38610d,,unverified_recording_hash_fallback
AUD-33185575b9c82b0c492a52f33da498243568fe0d812012af9db0ae370fef4d11,Alarm or Siren,train,GROUP-2ecd59272216bef1a4db6cfbd0ec694159da4047b979ce083567d43798d92c11,,unverified_recording_hash_fallback
AUD-33d8bb7167af5ab31cb1a4c2da22483212af3d075ef87993d015514c923d19b1,Alarm or Siren,train,GROUP-9a4742b41ad1ea3aec23543d62f4a11963f109f91821f2073aa23fff7ba832c4,,unverified_recording_hash_fallback
AUD-346a9b7c59a0cf9bc0c590f7fe1a111b7c990571125669c202a107af38824451,Alarm or Siren,train,GROUP-76429d3b2c6d108afa5c8dee972005958bca630870050b72c6c2ba2c2d4452ec,,unverified_recording_hash_fallback
AUD-34866fdacb7583679a290efa9226720d8b68476fbe6891ff9f5de010adbe4d9d,Alarm or Siren,test,GROUP-067abbbca13aecae8a2736654326c82ac844af8fd677b6f1b2e3bf36498160ba,,unverified_recording_hash_fallback
AUD-34b446598799ee5b08bb275ecafe5d9308bcc3aff65f9fc97a633b80be1b9b5f,Alarm or Siren,train,GROUP-e06330e3abfdc2d2904463cd5a9f1fd40e578c7c99cca48359a61ab1f9789780,,unverified_recording_hash_fallback
AUD-34d9a54371b9dd0ec1e5ab476f8c4a46bcf81f34a7d4f621294ee735f1e87d68,Alarm or Siren,train,GROUP-70aaf28a3910036e0ca992d415247cc50975da5daa3b6d9b5b8e34dcf6235b67,,unverified_recording_hash_fallback
AUD-34f0e50e6a29c6ac0af1355b690a46f36df8cdd438839009b1cc4ac0bb6e8ffd,Alarm or Siren,validation,GROUP-53527e6390613221b3f68fbd659145a1ce049c17502bdf9dd38d42dc51dbdfce,,unverified_recording_hash_fallback
AUD-3580159a51059cd9a808551be306b4fa7d00989b8a797cb705a4cec878a13307,Alarm or Siren,validation,GROUP-b1771f6485a12478e9a884aacd420eb90bfd920c8c146668314783f9db05ba4a,,unverified_recording_hash_fallback
AUD-358e3f550c3d749b691c2aaba144a41e7cf3faebcfc65370dab4eb7c2a1e472a,Alarm or Siren,train,GROUP-4a792415d35e909692cb31618a6e28fd3ded49e506cd752b47f498574db8ef23,,unverified_recording_hash_fallback
AUD-359b6d3c043d3213a325468e587932699cf9130f195be827141261c85521f369,Alarm or Siren,train,GROUP-df9e7c8ab2fb53cbe36a40e36e491ad77aefdbceafc47ff93ab2451d0ea8152f,,unverified_recording_hash_fallback
AUD-35c21de6f2ae7ec5b40a50f60d357d4712cc5a269203b1f0fabd95e52b5bb5c8,Alarm or Siren,train,GROUP-a861aaaa7794afc1f05d67028b1309230ad9592a1f9cbce78e660412b1145900,,unverified_recording_hash_fallback
AUD-3652dd41b37d888beded99e554b2d8edcbc1bcb9d7cefe4fa096626271be600f,Alarm or Siren,test,GROUP-42479c0bd3e5ab1130877025aa224becc0cbf023fec1d44d60caf15cf94f3703,,unverified_recording_hash_fallback
AUD-36587395d3b862eff9cea61422dfcd4eb9ea89ba8001f3d209c7856ed47c7cdd,Alarm or Siren,validation,GROUP-e1ac8481f65140c19928d0f115d669b4fc3b8bce74defd3179949390f111f9b6,,unverified_recording_hash_fallback
AUD-36795ab3ff3047ce5bc1e86a4782bc797bfe458a1d80a43b50b0ff27832676cf,Alarm or Siren,train,GROUP-2f4df50d224811dabc3d6355d8087712a61bfdb27db35e146e42e0575c6da2cb,,unverified_recording_hash_fallback
AUD-368090756e5718c756c31061944fdfbd02129f4e10c92d7e64db46efbd1cf77b,Alarm or Siren,validation,GROUP-3796aefbe8a156bda269d9cd01be0963ee5c6d08963855c4a70f42680b5066ae,,unverified_recording_hash_fallback
AUD-36dbda72d762fd5466dccd612e0817b67ba57aede1b2d0a88d270b54903a7ef9,Alarm or Siren,validation,GROUP-ec8c6d4cb9d6ed3330efbe130d2bd7a91d6b6cda227d8364e6cba31697415f7a,,unverified_recording_hash_fallback
AUD-36f561f91d60fde83756118b99901ca37e88429dfab95994935b4e4586a446da,Alarm or Siren,train,GROUP-fe8b6f0f4090347e567a82675dd68c023856b6d6a2a997dd82a60f1086c134a5,,unverified_recording_hash_fallback
AUD-375409297098ce50d21ccf07e71d56e6b1a2b7f107d8476f7333146b2a403a09,Alarm or Siren,train,GROUP-e802b98be4d2ce70af0138d6a6612890c83a57ffed7a0ffeffb23e3c518dfb12,,unverified_recording_hash_fallback
AUD-37efc8a9bbb5f76b38e27f16510dbcb9b0c72ec984fbbecf7ac679fc17268a4b,Alarm or Siren,validation,GROUP-17d600201febf1d6afe9ec146fe364b32ad999e440639a80440e63dec89fbc9c,,unverified_recording_hash_fallback
AUD-37f9990d198ce903ec45ae36ca32cb0f2c0ed34d598f6180a734a4466960ad4c,Alarm or Siren,train,GROUP-c4f70d4b241f92d7f591319ab23352fab0927f01e815a718fc8b71e050a872b0,,unverified_recording_hash_fallback
AUD-3823124eead6d1ad76a3c4cd6fffa1e67d9c8ca0c2d18233f4a34cbbd0194bc7,Alarm or Siren,train,GROUP-9f1ec07790570e2026facffde5c285b6e8e9725479512617e8086d854552a5ac,,unverified_recording_hash_fallback
AUD-3859110656dd3b99cf443961ee25edc7994fdff3481b892116cb8e1aa290af2e,Alarm or Siren,train,GROUP-b6121a2f37b737001a97ab7baf1f520a5f49d87f956ca760d5cc2cc5efa0a9dd,,unverified_recording_hash_fallback
AUD-385d78156f927b646cb085a4e2a5774aed6d845a6bc0b3932e603786ff4c4fbe,Alarm or Siren,train,GROUP-892ae2c776c2255b876702da13451523b638510131e006c92c432752926d49b1,,unverified_recording_hash_fallback
AUD-38ec7ff4f2e1ae997cdd944f2cb2fc46cc7e7b54fe6d3029a2ba05b310ec159a,Alarm or Siren,train,GROUP-227fb81973d820fdc9422cdffcd97e7ea958250768c4225db7fc623269b6b8fe,,unverified_recording_hash_fallback
AUD-39775c6c68957ceb147f4984c440efb956f01b53d4a354238a28f700dc26d3f9,Alarm or Siren,train,GROUP-4476ddddc083c0f3932fa2da16ff6894f02197ae1ef9c6c99a31fdd0b36fe991,,unverified_recording_hash_fallback
AUD-3a306540c849d7c628017444dc6f7e81b5c4eff109aa5f3b8ad14476c49f8535,Alarm or Siren,validation,GROUP-742cb18f86d1a5b7e889af896fcf9280381e4cd99eca7aabc016bf7f00211aa9,,unverified_recording_hash_fallback
AUD-3af8ab0c754704680de126d88276e197bc8ea73aa33e3c995ca871d1c3a7217a,Alarm or Siren,train,GROUP-cced7a971374edf2315133416735badff3baa58fc9f80766a4691d279d18d9bf,,unverified_recording_hash_fallback
AUD-3b4d4b1d23ba51c877d5f31301d9d264a66e3aa82ad19a527e4cfff54174c7f6,Alarm or Siren,train,GROUP-6af7b25c9ea4d66d965a24fc22bc23da77843007e7afe2c979fac74ca7d8222c,,unverified_recording_hash_fallback
AUD-3bd354801fe22045f86d46e439323298f76118aa92492ebd810d66a94c11b154,Alarm or Siren,train,GROUP-97af4dce89232432948c2da1b603301d1bcb56c9b749ca4fdca6c5de706de256,,unverified_recording_hash_fallback
AUD-3be34a9a13ae554cc3ef69021ba0b572208849cc63107beee45830701944b82e,Alarm or Siren,train,GROUP-7afb26f85d4fab8df547516766cf890139169b96c8066685f5d840a54744c0c5,,unverified_recording_hash_fallback
AUD-3be6401352415a907c8b9719b537839515fe7d02dbf664bb1da65a872247daba,Alarm or Siren,train,GROUP-6b00fe4ac0625cf5c6fb6ffab6983471cdab22d9e306fb9db5f651b66c7215f8,,unverified_recording_hash_fallback
AUD-3c34a26fa94c0ee2351fbaeeee3fe118f5f115baa9264cf4f5a8e92052d8b2d4,Alarm or Siren,validation,GROUP-a2c3c9fc36f3fb6ad461f01c5f6d2c1d89f67380d3cf18f716579ede703b775d,,unverified_recording_hash_fallback
AUD-3c7efca5eebbf00f3077eec525a64600e8fa23884c81bdf674267b4ed9102e29,Alarm or Siren,validation,GROUP-3d8b98b9cafbf09462f87b179b9aacc98abc79caa30739947b7f2bba181cf31d,,unverified_recording_hash_fallback
AUD-3cae7018a683aa44d7d1a30955801c9e06d096d75faa94fc074b7a7b8f06dedd,Alarm or Siren,validation,GROUP-d26843e740038430e12d51b3c5d44c39093282142022a924a36b1b2c1c7c34c4,,unverified_recording_hash_fallback
AUD-3ceab542fe09a4ad46e0189cac589cec7d1605a0b16594707719d4ac162b969c,Alarm or Siren,validation,GROUP-905b01b1c881cf8be6ca35b764a0bff0fc2a8c95cd804631907a318639c25041,,unverified_recording_hash_fallback
AUD-3cfd5c269d7b196bc28646df007a752580b5bb42f33ef801592cca889322ea42,Alarm or Siren,test,GROUP-7c8540d88ca8406e1eed983ac9dbc3383c24e7414413b49f6b9bc04247e7fc3e,,unverified_recording_hash_fallback
AUD-3de4e5ce2e196444edb4292c9d7a7b1e51ccd6e5a4989f36784d5a50b90bddfd,Alarm or Siren,train,GROUP-9cc975f323bff653e14c62f87d4e3be80c2bd2ad1ce1361aae30a0c1b6ee8672,,unverified_recording_hash_fallback
AUD-3e65e74e2b27edf5a89d1206b3050b17f8d1cc28220d39bc17361db516e81093,Alarm or Siren,train,GROUP-ec5a02258431bc79927deddee918a00d5be42b363a38129a545abba0f9f7231f,,unverified_recording_hash_fallback
AUD-3efe74b25ba8c4d23a5dd03c3b86a09b2074792af2de65193528a8c6ab0ea3e2,Alarm or Siren,train,GROUP-a95e2961aa45ad7baa98615cfa96e7fd6b6b1f5b41ffac8512ecdf076d418c1b,,unverified_recording_hash_fallback
AUD-3fa984fe10e437cf87175c7f1333dac771e4ef559b596395c57eefa66c791de6,Alarm or Siren,validation,GROUP-e9133435286f370ffb8b27b5a278954fe8fb7966b9d5cb4e87e0eb78db8758b5,,unverified_recording_hash_fallback
AUD-40156f9678004be4d7351e755dbecf878552c5116a7231a73007cc8ff1c939ec,Alarm or Siren,train,GROUP-1f847edd6e9b04f0856ea4dc5864a94dc2b2f1fe007cc5dc5d8b4699c7fb9cd6,,unverified_recording_hash_fallback
AUD-412fab0d229453a57896e65570ddbea14372bb0eab574965d4ad9ee58428f3d7,Alarm or Siren,test,GROUP-5a604d091cc6312092f9a5c8e50b9dc8114682e7a3743dcc44245d57c4eb1f6f,,unverified_recording_hash_fallback
AUD-4168fc28108546a0e098d08fc0eeae92cd4375912016adf3d43045691d9579de,Alarm or Siren,train,GROUP-eedfb301e1d5c5bf1afa530dd69c1ebaea0abfac2377208d4f125e45a3c9209a,,unverified_recording_hash_fallback
AUD-41f4fd336f184036e0768581384a2362198bb516a06594e608731f984ab7ea0a,Alarm or Siren,validation,GROUP-cb2c03959c918fa3b1c6db94305a72a8d44d65ef3464dae16e6fa5f9188ab76d,,unverified_recording_hash_fallback
AUD-428d1b54e6d2e36bd3c6cbff36d4cb260d93fac91d872ce9d65ec78dee5249b7,Alarm or Siren,train,GROUP-1488e69d11063dffc80a07aecbee86e05895ae887d79f21a068bfe34b0241f20,,unverified_recording_hash_fallback
AUD-42e3e17aa5e90a2fca51d512e480c05a8f479beed423d114634e6d38b95d5c32,Alarm or Siren,train,GROUP-01912e99d9abca44a31c4c649bdeee68f484075860577ed44f4c46fa2ea7d432,,unverified_recording_hash_fallback
AUD-43468c64f220ba81d63611d33204294831e7f9af270681c3f8b21db821900e9d,Alarm or Siren,train,GROUP-851d5d651c09e7c26015e5abdf3a5f1260f19af9f9c9fd612e9e0f31926df8fe,,unverified_recording_hash_fallback
AUD-438c31a04886414b6b57435715492c46e2596ecbbfa4f5d409d4d5b1fb60c948,Alarm or Siren,validation,GROUP-37114a5b97162f5ed425a8b70e6468bfe4f2f6027d7dc2d97d30428b4aa1dc67,,unverified_recording_hash_fallback
AUD-43d52f4019d7ea71f12ed6f55491eb1d2df6e8657465d6976559c22377dd712a,Alarm or Siren,train,GROUP-c65018351a74c90484278b1b92921f0f34d63ccd8fe768eca128226ab695c5e8,,unverified_recording_hash_fallback
AUD-4496543bb9408cb2f60d2d2c2bbe342db02f22dac0db96c2b8073629f43799f5,Alarm or Siren,train,GROUP-bcef861eb4b0cf1dce3a0c6707739847538ca8e12d5d1293895cc42e3ce4106c,,unverified_recording_hash_fallback
AUD-44f785c4ff4174b9a021dab378bc044381371c9fb8095616cc13f49b68fb5671,Alarm or Siren,test,GROUP-fef29a0de725d00ba951556fe67a5b5cf907a018f4f5850234f174baae140fcc,,unverified_recording_hash_fallback
AUD-450a0a96968dc570004aef688b800382561be621153b7045f1b31d29f85f4b0a,Alarm or Siren,train,GROUP-b525de901732b2424760ad324883418b33f4d5bb30a87552191950a4eb2a4f11,,unverified_recording_hash_fallback
AUD-45197b50b9167cef0b4a9383b3d22e4a729c2f9d6a8b22daa5acbd6310c0c694,Alarm or Siren,train,GROUP-e528de888627f1173dc9c52187def075ad87e74949f0f611faa2b995295253ec,,unverified_recording_hash_fallback
AUD-45738f508a49a4e9a89a0b05354e7f25f69c2f58ca16791fb17d87f44de30775,Alarm or Siren,validation,GROUP-a935297121a32ab26188e385fcb46d8d3f2b9fed873d5532fd6cbe0a58f2067e,,unverified_recording_hash_fallback
AUD-458367a84b48a23c545b34b2b0aa48d746612688d89a156c1baf59f023b04ecb,Alarm or Siren,validation,GROUP-71b62958bfcfba12e33cdacf4934593a09e9756cf92c6c4ee8727c81253c7df0,,unverified_recording_hash_fallback
AUD-46048152bb9fc760f653d46bb466a70392df115ff92201e7d3eb619a8e5b0004,Alarm or Siren,test,GROUP-6a4dfff5de4e8860fa6551d75f62b8c4f304c487fb7a322cd9f01077bd606cb3,,unverified_recording_hash_fallback
AUD-464f02aab8743ea6dfad9a16c58c26d38b50b22f6053b0893e452a3e54d0c27e,Alarm or Siren,train,GROUP-c46f5a060c1a184d03750e177018326b122687e7a0bc681fb1700eaeae1a60fb,,unverified_recording_hash_fallback
AUD-46f4682f60d2294b7066fc333987f273f4a8fe278872ea6036d77e3860c79d9b,Alarm or Siren,test,GROUP-a0bf1473d8fce2619eec4dbb89d8eaa85aa84601f4acf63677e48c381d3a757a,,unverified_recording_hash_fallback
AUD-479cfeab10a1f7151252170ffd4e45007ccfb0a3a8f35b560f78a9bd3da0a8c1,Alarm or Siren,test,GROUP-3a10b526da078b03565a4a3cff3c9399ee1093f38c1772446c9c5fb0dad5b0a6,,unverified_recording_hash_fallback
AUD-47c50b9354f9dce8b7b4ec0877853b52283bb4c2a18b4087bd5736a00d8cabc0,Alarm or Siren,train,GROUP-6160f8750e97e52ee3d3c40825a0b032d9c3d9f3e1f5d7da0a10c5f7e9e1fca6,,unverified_recording_hash_fallback
AUD-47c5f86d610f11275400e5fdcb0e10d63d4bb1043860a7e8f43d05e1b855a61c,Alarm or Siren,test,GROUP-b40e3f722762e5a7a405805c57853d7e1d5240200b684f1905f447e6b0f6fa65,,unverified_recording_hash_fallback
AUD-485789af3c3bc34e221afcf91a72f79729865e71095a84f5d67e09ab02ec0d5c,Alarm or Siren,train,GROUP-0d6818d5e20e89cf92d6d8e531d09125b3f3c2b90a2e9875e33930f30e3f3037,,unverified_recording_hash_fallback
AUD-48dfba2ac984a9eade3fe4e0a2e95f042e848edbae2349a6c2c259d57937a884,Alarm or Siren,train,GROUP-0baaafb478849a2013d7b6d29f106d437e3dda599ec76d5e18c607031aed261d,,unverified_recording_hash_fallback
AUD-48e24724f67eb532c6dcc9bcb32a166f8acc2d7b22c6cafb82c69e856cd993df,Alarm or Siren,train,GROUP-afa694a2e4de229e870a6460a9ed6691fb1592031b1bd86b176c58bab65c385f,,unverified_recording_hash_fallback
AUD-48f6458437825f6ad00511b8ea17d9d89913c5cc40c7677495412786ea451458,Alarm or Siren,train,GROUP-4e223b1b511abed14a39319c17f555e149f243f6217c5bccbfb6e860b3cbc712,,unverified_recording_hash_fallback
AUD-4a3585ee9457a406cfbd9f93c82a0f6c0ba5ff567a196597fbb52adc29254d0e,Alarm or Siren,train,GROUP-058d85fb1ed70260336c4d4162f6854b554380c2aa632eaab6ea034c08121e39,,unverified_recording_hash_fallback
AUD-4a6bf3cd75952b674d8d35fd59fde84030379ff9d174b397676218b4748dad78,Alarm or Siren,validation,GROUP-5f3e9ce492262267dc0f19bef0c0ac7ce293b922742815e1fead5cc3c42fed52,,unverified_recording_hash_fallback
AUD-4a6c42994de7becb58ef04bb115dea91d682ad681827aee766fde6b1cb7fd5ee,Alarm or Siren,train,GROUP-b86ee93c112cce147948f4048e21f697b4e567f19d54b257039d5fb471beb8fa,,unverified_recording_hash_fallback
AUD-4b0be0dd1ca95e1023b2b95b443d3b91dec03b95ac578d2cc70cabd51b01c254,Alarm or Siren,train,GROUP-78297eff157e11b58f3aafdd5209dd03c0824beda2953ba9513733373a2fa66f,,unverified_recording_hash_fallback
AUD-4b4751da9f731122f3f0b08d70d6f953561229ffb8f30cc5699a44ef035b341a,Alarm or Siren,validation,GROUP-c265149ec79255cece0248c9c388506e7ab4173124e04868ea59ae64a9cb0dd0,,unverified_recording_hash_fallback
AUD-4b70555c5e30b4e2c6ad6ce582ddf9c1ae7c253b9c19f6e30c4df91701bbb77b,Alarm or Siren,train,GROUP-49267d237412d8261a5669351b67b1a6ce712c08583ac4dc274ce1fed2c03755,,unverified_recording_hash_fallback
AUD-4bb77fe6d69cd98a11acf8c7216cb294267bf2f4b96d703ec7018367e0e6e5d1,Alarm or Siren,train,GROUP-4881725c578e909b421b2f8a17b6c5063b33260a7569740bf329a63dd2a49789,,unverified_recording_hash_fallback
AUD-4bb7a75e95a100f15b6d979ec60d46825ff46853aecd261bc20bb76a866c0017,Alarm or Siren,validation,GROUP-eda0d77d296f941a2a843b4e06bdceeb9bf527da877c58248bf2c33dd3c85ca0,,unverified_recording_hash_fallback
AUD-4c55e5d7a332f4e2763ed7f0eb83f52ef5ae1cf7959a6ef3a389ee1fbb84755f,Alarm or Siren,train,GROUP-5856667b4c905a8f6f6e7ad369bce2101a959632317a74108e59126cb1523eb3,,unverified_recording_hash_fallback
AUD-4ca98979ce273ab220d041d85b1a833de4155b651a4483d0468612e8267b354d,Alarm or Siren,train,GROUP-f8c6fb12622781235cef434ab364ff6745827ee2d715d65de6d55e2777277f36,,unverified_recording_hash_fallback
AUD-4cb6938b5b127d88fce44b4e2f7dcb5f92fbbb038350d0c02c0027d14c2d2c5f,Alarm or Siren,train,GROUP-bbbc34f408cf81e85946a8cad7dc6bd2786a4ba4ae5c159ddc6cfd3bdcdf4235,,unverified_recording_hash_fallback
AUD-4d00f66e4b3d9c0d756c7754e6348bb2a657323de5341fbdb1bf0a918f5a440b,Alarm or Siren,validation,GROUP-d4c1153dfdddf868c3063de936207c0f749dc73cc5e3aa99e866e855d54c3bc7,,unverified_recording_hash_fallback
AUD-4d1e7bfb866688253276b95d534445d57c2df4588331b199b5d54687ff90b355,Alarm or Siren,validation,GROUP-382100dbea6ccf87490a501f2a833d8c6753b9a844ec6aef98575c81d1924839,,unverified_recording_hash_fallback
AUD-4d3e6651f6b995f21945b00e5573f1aafea622d8e248b05c4d437a2ce0276559,Alarm or Siren,train,GROUP-70e3bfe47c5adaff16a86a1149027ff7ea6ca5d0ccdad228e91b4eb8ee926fe1,,unverified_recording_hash_fallback
AUD-4d781320bf3b9aa9d4b3b256e370bc4674c6236d70c45e44572c3851b33ab0d2,Alarm or Siren,validation,GROUP-f857f6c6c3e8861ce77fd49f180f882047e9a8fd5c905d687c55c147cae554a1,,unverified_recording_hash_fallback
AUD-4da399d80126b3402fd2ab8efd064cb9d2af6b924bdbf1460459eba8f10036e0,Alarm or Siren,train,GROUP-622971e6074cbc8610d6fe573d9e4220af52fe72eac222733e4668c48f7da6ad,,unverified_recording_hash_fallback
AUD-4dec814d7193f29f3853b6ff946c4f124b6780c68e1f65bdf537c706afb774e9,Alarm or Siren,test,GROUP-bc206d1c6e766c8d81b959c1b26bb20a0cf64d869c1bc2e992c0f3669d08515f,,unverified_recording_hash_fallback
AUD-4dec99e8eebdc0f8e2c4afd576c1c9b4ea60e1cb186c3e0f728b610ec8e957b5,Alarm or Siren,train,GROUP-1573fc5cf0a19fd81bc56610624723ae5d8b7ff8138a19dca50c28d58d5a8682,,unverified_recording_hash_fallback
AUD-4eb074333d6da26a2e4c855b6cc327cf41cf1cd972ed49106672fe3f9faf5c60,Alarm or Siren,train,GROUP-836f025a4aac977d425d13b535ab3d36c16e3518d9b610a290908eaf2d56f7e4,,unverified_recording_hash_fallback
AUD-4eb70ce67d5b7efb77f628eca64c194164befe0b4b3d0b542dff8faeded4bc04,Alarm or Siren,train,GROUP-d20db433ea279c4f7cf761784c1c2ecbb361ac592e07e7e8fa690834dd141126,,unverified_recording_hash_fallback
AUD-4f7abfee03843ff2afb0e57c2b2c0027d883825ff46a0326b5039557687cf583,Alarm or Siren,train,GROUP-26bc5b13c3a01d221b3797fa4914683b54e92c0bc54eb92864813e0ae41e009f,,unverified_recording_hash_fallback
AUD-4f8287ba36e977b0501b00ca2d39f924db0e945bca8eb955d03d776ed18f6b53,Alarm or Siren,train,GROUP-a1f6d2de8dd79d21f0334bf827936f0d7f616b7035a382662419940b2bc5c3d0,,unverified_recording_hash_fallback
AUD-5090483afde940363eae401660000b1c24385866564e5c0ef4e13a2cec73555c,Alarm or Siren,train,GROUP-055b9652c4c73877bb2005c39940baf8bc8b5a19b8a09d1299935470af9e735a,,unverified_recording_hash_fallback
AUD-5090d51e0c4532ccb3650759375d5fcb808d15cdc6d5f3e06c2f4d3eb0161312,Alarm or Siren,test,GROUP-4932bdaf85dedf802cb5876fdf1bd737f3f9a5a463dd301841187f367b757300,,unverified_recording_hash_fallback
AUD-50aae5b862d89b43314cc87097883e72cf3e154f0c9e8caddfb6f0e4bb8716f1,Alarm or Siren,train,GROUP-528fd8ad82f06ff63d379d0eb381df8d92c91f9f4af71e0f60b90d838b5178da,,unverified_recording_hash_fallback
AUD-50db45b0291cdbd8c00c70402a63846521ef35eba32d9f0cd545aa9d109ebdec,Alarm or Siren,train,GROUP-1c0cf34690650692d5af9e497965b1985bc7e16afe9e7d34888be32b0ae5efa1,,unverified_recording_hash_fallback
AUD-5193b7f54164f5ae3f0110437fdcb46ff8172f281279c8bad183b7793d7ede1d,Alarm or Siren,train,GROUP-68f3568385ef98fd129f3ac66d3922293593fa2e95005d5e2633e27c1306e44f,,unverified_recording_hash_fallback
AUD-5198c6d872e4411b6a4b9b11debfd5c8db95a183524bdc4f96982b36bff74f58,Alarm or Siren,test,GROUP-b77fe743a61124227a6f6ae06947ccf4548f50a6e2b8c1fbf181b401b029fb94,,unverified_recording_hash_fallback
AUD-51c768be408789c81d707a74527c3fc2219802563e801babf31500f96347b4fd,Alarm or Siren,train,GROUP-5841527749dbc733ad35cfa4922d15e03217607a0df09a189a17a4de029414af,,unverified_recording_hash_fallback
AUD-51f90b2684f69b2c7fad832c1a2db84cd4b19befbe7bd3fd5454573f67365275,Alarm or Siren,train,GROUP-7ace947c4a6b86dbf18f9f848049568ee064c134bc7455055126a116f0be45a7,,unverified_recording_hash_fallback
AUD-522f23c47940943e31ca3db2f2ff866112be7e11082ffadbb8ce46c5654597f6,Alarm or Siren,test,GROUP-e4f57b2ee929d431fd2d0ad34e5438741b69f8f43f1adb6957b7b5666da99535,,unverified_recording_hash_fallback
AUD-52e9a189e2cb779712dfb69a58e11f4626b7d5cf8c819c9fe04d910ae6e8ae91,Alarm or Siren,train,GROUP-ec363597bbb707a2372fafffcc81f68ea9a339109e9f62ea1b32496a20f9ebcf,,unverified_recording_hash_fallback
AUD-52ed0897d4ced44271db5dc215c88d5b4c7801a0510e68caeccd9e402581712f,Alarm or Siren,train,GROUP-6d6bc3ad18f8ff11da423dcc5e193291703726810227bc4fd296e696d9a53e17,,unverified_recording_hash_fallback
AUD-5303ab11032a81ceed111efd7a28b22a91ed538ac17ccfa200be430e17a3546d,Alarm or Siren,validation,GROUP-dc5bc738c68999a8cf619be0b1901e3dc55b2e16a860838838734384114f979a,,unverified_recording_hash_fallback
AUD-5316d35c0c1023baa9d98d6f9a11be8188b24bd8622593537f6d0c662bf46296,Alarm or Siren,train,GROUP-c562b5170ac6b46b9b005a516dbdf1444f970522291e46b7904819cec5d66253,,unverified_recording_hash_fallback
AUD-5348a92235da8175d8d831eca87d2091841b8e312fde32a0bc751301b7ea808f,Alarm or Siren,train,GROUP-7fc6cdd6ab583358636f441b57ff73c4399901f0e2a44b29cc17130504f0a001,,unverified_recording_hash_fallback
AUD-53b545a1ff4926f6c494a01ba291ca491f00e7132f7ea8d27507d8089acf8797,Alarm or Siren,train,GROUP-425ad21122fa41f10b5d5904871f1c8f5530a36fd4bc0226b911160e280ea556,,unverified_recording_hash_fallback
AUD-54189e06a9abaf4d2ffb6252ed7de9d047b6c801e569e9703522bb5c434f1c2c,Alarm or Siren,train,GROUP-abb0b7c1015f602b63ac78d6b2963315a2bacf8af94e5f83aa538e8c79909d30,,unverified_recording_hash_fallback
AUD-54d33bdc77605c04e9c1a38f84d6ef7b8a925c7704c9edfdabbd109beb8358f7,Alarm or Siren,train,GROUP-2436abdf4733628b52498abfff6767bcd60c5028e902503a4376391d42e22297,,unverified_recording_hash_fallback
AUD-553c34b052eff41b6fbe96c0e23012fe8cdae9883dcaf01e4bb928a478aee6ae,Alarm or Siren,train,GROUP-05b3c59a638ec1e858f871c23361d7416ba410b113b91d660c9493036be79c71,,unverified_recording_hash_fallback
AUD-55ec27ee82fa445f00b197d6c03ceff0fdd6563f22788d7470b7f87605eb6688,Alarm or Siren,validation,GROUP-c564158ffd6469f77d85d8dc26fa7148a533412a0e327efb7ab03b4cb73e36d5,,unverified_recording_hash_fallback
AUD-55ed1fda1cde83d6386c92a3ddd3e3d897540721ebb141ed72289530a793da30,Alarm or Siren,validation,GROUP-85678cf0ed01bb43bbe8350356b9530313ac6ac4924dabae3f97fe0ceceeb06c,,unverified_recording_hash_fallback
AUD-55fea092422ce8967f74f0cbb0252a080ccb694139cf03a8ecdb1562dc797f5e,Alarm or Siren,train,GROUP-ce90d190168d22d49be8aa85da5ab03e5fd91967f90f349c9dcebbd987ecf00c,,unverified_recording_hash_fallback
AUD-565b19676692a2a97d467a0ee2e21a5606e76f56a4e65bc1b296aee8aeaafa1e,Alarm or Siren,test,GROUP-762a642a6f2c19372c364f84b09bbdb66852f8b3c099b0352e277534d4632cc1,,unverified_recording_hash_fallback
AUD-56a69f7bcffc0625e57638f839ab01df4520c4bb53d2814157062e5ac68b56bd,Alarm or Siren,train,GROUP-0e4febe1eab3ca91802080ef6516b58204913b4b563cc46e124a8fd6c6cafc15,,unverified_recording_hash_fallback
AUD-56db93b6cec1e5c412cc02956b513117f26e5691ba2ab5049dc7087bb9ea508f,Alarm or Siren,train,GROUP-3a7566e71ddd31815a6b63479133151828f9c65acbec1a2c4b36d23bc9bc3440,,unverified_recording_hash_fallback
AUD-570c2476b9edcac4654b2cf81181bc7e1050adb2cfd3033f169ed8d1cdfcfae4,Alarm or Siren,train,GROUP-4daf59acebc3a86ceb84636bed702ba064ad2688d0aebe09a97aa1f541dc2180,,unverified_recording_hash_fallback
AUD-570f28616ca7e367787dcd4a6e74a9028bdee8bafdee8af86726ca2a7e1db5eb,Alarm or Siren,test,GROUP-ad14323177d54fcc90588717bffcd73f2e18caf371a5cec70bd828e81bcce5e1,,unverified_recording_hash_fallback
AUD-57135ce49d4b3c058a512d8aa777d83d8d103ada68c88699b9fabf83dad5434c,Alarm or Siren,validation,GROUP-7a3653040af2983a5d751e558fc1afc297d9f0f2740d23d5acd499b70d746169,,unverified_recording_hash_fallback
AUD-57635453efd59ba3bd5065be89311eaf070513d8cbf53b0bec32dc6a14682c5a,Alarm or Siren,train,GROUP-3d0f1517e740c74e484e2130684beb738bcac5b35cf93bc14250e1aa726f1350,,unverified_recording_hash_fallback
AUD-57e1b0dc147e612850e91d95a04011d84244ed34efa3f07eedcc125a63742154,Alarm or Siren,train,GROUP-bedda27e55b84cf4744b10eec1c87564f6541de8d025cf5811d38dc7f3a04f1e,,unverified_recording_hash_fallback
AUD-57e7ec10f0b14748380feabdf2be9d2d26a35dc91446426ea5a8a05a4d6d0fbf,Alarm or Siren,train,GROUP-196be16f6ee8310f6f18925c2d58a6298c81c3ffe63efa23cb5bde188776b57d,,unverified_recording_hash_fallback
AUD-58fcc9852fe15fd667a47d29ead5759ab2d0137f73f83fcaa495d5bf23239c95,Alarm or Siren,train,GROUP-5f808402e1cebb1b00cec6bb3a13aa3ccffca2303a4501bdae791c855b35a0e1,,unverified_recording_hash_fallback
AUD-591375478f04563d36a9598309344504dab9bf15dcb9b9afd7b8aad4ae3f56c4,Alarm or Siren,train,GROUP-cb91e1562247e53ebb2b7bcc074da400b4d6af6843963058f856ebdcf8a50bd1,,unverified_recording_hash_fallback
AUD-59af09406b582cbb5c1b5341d29d807f8390847cf1aaf5fbb7678b9094b1cced,Alarm or Siren,test,GROUP-ed6d4e8ba9b08dbaaf4f220f7bff89259f597e69d78f306a0cdb1c39b5400320,,unverified_recording_hash_fallback
AUD-59dcd2a7d3bb1ff5dfea59917001790b270639cbb2e3876edf718b8b951cd5fd,Alarm or Siren,train,GROUP-4d158c13d92d1118d30e612f6001fe30b3c8ac6ccf8d341d3fbdfdfe1a229927,,unverified_recording_hash_fallback
AUD-5a3839c4276416770fba519259d76d881b38267afc3ee7f6652397c3538abe0f,Alarm or Siren,train,GROUP-bf895e1ddc070ea6cf4184a2284568f77f897190f34e3cb66cc8ede314979fab,,unverified_recording_hash_fallback
AUD-5b50ea51beed983db8f961bccc2f0d93c9b697a54259da46d2409368a0205204,Alarm or Siren,train,GROUP-4ead497fc4936cd989692c8931de77efeb9396c44bc587769c697400fa5294ae,,unverified_recording_hash_fallback
AUD-5bd4818bdf60a2f2c1d6837901f4fd1a0b0671bd3be08f5c1dbb299c2dd80c5b,Alarm or Siren,train,GROUP-26db7b2831a8057b725307d3901c4cf098b2d17a63b21758849f18284ae6cb05,,unverified_recording_hash_fallback
AUD-5bdda7ba7531fdc650a57bd4efc8f3b2b769f1276e1522aee47f188a0c2d7331,Alarm or Siren,train,GROUP-e2d31aac1f07c48f28e5e697c349db7d049ba88b9372350ce6ce4419e9378277,,unverified_recording_hash_fallback
AUD-5bf97e6c82fd5ffd542c5b2549359d4f1e73e7a9f8ff0def8051aac5a8558414,Alarm or Siren,train,GROUP-5a4e7d84cc7225e0c2c50e6d4d385b3f1e88c77cff0c7386e68429e6bc8efec2,,unverified_recording_hash_fallback
AUD-5c6f9424ceb6d15976200add8a8446457a485b6e08986b59f987818ab51977df,Alarm or Siren,validation,GROUP-2d730b2671e5f4d0d5f75cac4eb21567dbb0316cf32cc4387d4ff45876afcd16,,unverified_recording_hash_fallback
AUD-5cbcf80c5b35e07c5f73f0f9ff7948d621756565e97e35c45cedb37ca2c8972f,Alarm or Siren,train,GROUP-77175854224a5528960f8a74196254a167054fb5ff2facfe6f27c74b8f88c0ff,,unverified_recording_hash_fallback
AUD-5cf676c91067c067ec4ebff4db8cf7cfdfe33a0490c6f6b1d706e3c3fc089fb8,Alarm or Siren,train,GROUP-58713ef129c4b6702a4569672117d201453aa2ab31aa419ca30e3624b5f8698b,,unverified_recording_hash_fallback
AUD-5d17138ceb2e4d35cc21bc13508893b9d30ed6ab5870f2f071a8c78ad8f8f21a,Alarm or Siren,train,GROUP-e964092d9ce4ed4aab5cc472d46c4991a13781c5ca6fa1c45ac296213bc8d6be,,unverified_recording_hash_fallback
AUD-5dbc1cc3ee1bdd726731ab304684d053fd5dee7db547fcbc7bf8b2052e6eca49,Alarm or Siren,test,GROUP-a4883dac8833f227154c2443f1c392a952bf42a6ade3b643604a14c404366381,,unverified_recording_hash_fallback
AUD-5e6295bd86156b8900f54eb1ad6cee907d40349623ce4f7d932eed19d66c4218,Alarm or Siren,train,GROUP-9a9cbe175383ce2087a775d309022eb8711bc33d5f205c2b6b50a4b0696fede9,,unverified_recording_hash_fallback
AUD-5e8b7910ae3dc0ec6b53e904daec29c6f4a9d783e1e0be40d0a6948fdd90e35b,Alarm or Siren,validation,GROUP-204e30ebae1ee150fb9467d56b8a9254039982e91e25ba7887fce31436494914,,unverified_recording_hash_fallback
AUD-5f1f799ca9401ff3aeda16212b8ec89e13f54c72eaf780aac6e57b7dddef0d31,Alarm or Siren,train,GROUP-227934cde6d9cf96b5eb917759aab133c3046dd9ca60af0d313add1e30dfa1e7,,unverified_recording_hash_fallback
AUD-5f66e8fc0ac2617d0d224356f8bbfebbaec2c333dab788b4b144fa1a10a518ef,Alarm or Siren,validation,GROUP-cef7cb99306e8b0f7bca89ac4dc8e633c6a182f58497e53070ff01e1903c25b4,,unverified_recording_hash_fallback
AUD-5f8f7f52e7032b30df55e231c2b43fb85a8671961d8e65793300add5035a3dfb,Alarm or Siren,train,GROUP-62e823d47002101ebfab77fe1552f3be6bef16731ee616af5d55d473f5a77c18,,unverified_recording_hash_fallback
AUD-6080889dd248242a3dc0109f902e6bc515ef0ec4671f83bdf9522c64dbe4a926,Alarm or Siren,train,GROUP-fd10ba46328eecf3888906fb249159111ac93b1b38638d80ff76fbf7534bb617,,unverified_recording_hash_fallback
AUD-6142ce6c85b05bed3bf2793853ef815f8c1422c316be952cda763ee0691d59cc,Alarm or Siren,train,GROUP-165aa6e5e94089753dfb9686653c8263d06e2986df8fe98801a5041d1d93e21a,,unverified_recording_hash_fallback
AUD-6185fb168ba8291d849536e89da3e4d5ad03a524c758a4e78f39cda3806d1e6b,Alarm or Siren,validation,GROUP-e157b8e8dc7db789e1c79cc3e51d73bd0d64dd24ad20cf91c70a3946aa7ac937,,unverified_recording_hash_fallback
AUD-6284b1a76b3437bc433d92ca39ba473910c8b575f9e7e31479bcf0893acdbe57,Alarm or Siren,train,GROUP-a71736c11b76e22adec7ce2d1ca864e54f9d5baf0aaa116b7e65877b8b2faaab,,unverified_recording_hash_fallback
AUD-62db73486c68b4543782b6dbe26c3480a6151290ed3a3eed6407b044aabeb445,Alarm or Siren,test,GROUP-082fb417fe0e02879d0f5baf2665511977dbf1ba6746ecd0827b0f80afa05cb5,,unverified_recording_hash_fallback
AUD-6307bb08f0afe081b9bc1d80bc3e955a0833a83075ca5190a52fa161585828b4,Alarm or Siren,train,GROUP-90e353e2491ebf6a7752240ebfe5059b779de83c3e0e2d9cb57daadc2175c79c,,unverified_recording_hash_fallback
AUD-6418f30bf948be671f7b6a051abd5686511b48466764ea26064820e41faa67af,Alarm or Siren,test,GROUP-11b34b93bbdd70999e4743c74263e26048ca9a562dc5e18146b89bd87eac0b39,,unverified_recording_hash_fallback
AUD-65195d2c3049bab11c2952a1809aee09ead8aa030ee49f7b403e5928d10555c4,Alarm or Siren,train,GROUP-1b799b40421761c4186561bad1bd29fc5f837b205bc3beeab65427560e427f60,,unverified_recording_hash_fallback
AUD-661b361ee11f919962e8b0c12618bd4c329fdd764769b28386f988a5e6bc11ca,Alarm or Siren,test,GROUP-7323f4edd105648ccc47ec5f17d2eca42b0fce1b469d8acfcbce0e66c9037a00,,unverified_recording_hash_fallback
AUD-6625b1b961f289a66a88a815179d5a8f65d1aa7ec4a84b7745445cb17c65391a,Alarm or Siren,train,GROUP-cbbdb6885990a5220d4980b5e08e7e7a84a66e499d6ec655ff5246497c2c36a8,,unverified_recording_hash_fallback
AUD-66394c226006fb5e61171ec297cb80f2c6bcaf13f3d73314b240025b224bddce,Alarm or Siren,train,GROUP-61f03404c3d310cdf97cd899598a302ea1672a24ba9df83c198b05e6015dfb67,,unverified_recording_hash_fallback
AUD-66b74c30c3cac1f84b246c3b804adc12eced1da9b4b357ba424c0ab4702580ca,Alarm or Siren,train,GROUP-cbe188894395d6335d5a4989cccbdd5e690a4a0d7600c916141f97e90ea82388,,unverified_recording_hash_fallback
AUD-66eeab1804b656990336f076fe2d2ae9188da0f0d08a95b52b49e41335f7db0f,Alarm or Siren,train,GROUP-0dcf907aa6901537c70264067baf18379ea226519168f45800036622363346d2,,unverified_recording_hash_fallback
AUD-673c2e08142ea5f8a03a1f170b950b1106b5d2e73f7ba1cd5951b18012ba2b4f,Alarm or Siren,test,GROUP-a2ec4b9b693ab22e098ee19a927949d1abccc3e61a06dafeef16cee5203a9446,,unverified_recording_hash_fallback
AUD-67496b4ac65dc7a5da9bf08e6e101c1e9582537e8dcbdd57b521e9e9f5263e05,Alarm or Siren,train,GROUP-1e769f80acfc92d4795ff141f6c0c0b71babb7fb3e8f63761a801f3aae6a6be2,,unverified_recording_hash_fallback
AUD-678300ae9a27be073294e7f4a9339fea9a98688bdeb1a9a6afbae7b0a1d79550,Alarm or Siren,train,GROUP-4e5a8d012e2edca882e19af03ead9b599c1793b6e3ef3e23da9181c3258af575,,unverified_recording_hash_fallback
AUD-67b150a768027e6926c81454193b0cf8f1621b30773c8ceb44cdabf54ce982c2,Alarm or Siren,train,GROUP-dbd2ab586edcd22c9c2fe7d39add2b65de25eb99695fec1fb78b0b058478854f,,unverified_recording_hash_fallback
AUD-686047e0fc6595fe3bef92bd69347b8ec6f46734cf4a198a07410a56c8206093,Alarm or Siren,train,GROUP-a02a8b931ad16d69448b9d338b93674ad177f6d446a1e2bfb52e7b70fd5e1c56,,unverified_recording_hash_fallback
AUD-686e859ef5b61d8eae72ce3b3b105a80f8c2cd8b0eece54c9425036fbe001873,Alarm or Siren,train,GROUP-be46273d2bcef5eba460c01beeb9237bb65cdd4ddb058af5d567e2518e576bc7,,unverified_recording_hash_fallback
AUD-68a63ef78bb5ed5bac92eec22ab9b47da3e2653de410f20c278229b9a66f7ad6,Alarm or Siren,train,GROUP-005da2a5c805e49cc1b422f54446da661318ecc06bf7ffce540ce8d7babc3c58,,unverified_recording_hash_fallback
AUD-68d7f73d1bcf751079ce041dff039495562622d708bfa2b902bec1efad8a1911,Alarm or Siren,test,GROUP-4eec83397bc7d2e20ff909896c42c140ab8fd94d2dda9f5afacc199529520fc1,,unverified_recording_hash_fallback
AUD-6916e7f022aa103a2a3f5d7bfd035999308f3bcc86259d2fdb00dd11d2da0045,Alarm or Siren,train,GROUP-839383a02f68a63d27201148c2c7b8c47649175804b174bc2a9828fe1a64d515,,unverified_recording_hash_fallback
AUD-6920f7d4901df4c8a1873b27e06290ef2f9aa2b3d681f633481edbeb2ea9099b,Alarm or Siren,test,GROUP-24a46566c5989d56de4ed2e0e1b8c6418809be6bdc91886f3b7815debba949bd,,unverified_recording_hash_fallback
AUD-6948ff893e44f582a362da3d35cd270eb0ca7502f8e5e7b14029cb84f5208fc1,Alarm or Siren,train,GROUP-e26f5344318b3452c3f1f361568f3d7be2ff778b76fc3d566c9ad1c35d7b4483,,unverified_recording_hash_fallback
AUD-69ce64a977eb8685b45b257cce6b792bc9f97f6628d96a3aea7ab3a3668bd1b1,Alarm or Siren,test,GROUP-9ae5d0b75ae38d20bdfc012d837fbc129f59a908ab603cbb10f4dbe6be5eae84,,unverified_recording_hash_fallback
AUD-6a0577b5590c8ce2ea8dc73dfbd39959c564533dfac04696c16e45c921dc5844,Alarm or Siren,train,GROUP-83fdb6f07c994f095a6e109ac991c32e74f06ce9e083d7d3c2ed0071c612a837,,unverified_recording_hash_fallback
AUD-6a07fd76ab122b48f2c2193899e3488e128b6cd1804b4109942f7383daa05ad9,Alarm or Siren,train,GROUP-a46e91bf33d02ac43323ab3f47d9c10342167ef25ea05f3f11a30329cdbc5b25,,unverified_recording_hash_fallback
AUD-6a289796c529dc42a8e9c43f890af273517c474dfba7691b675f4da749e84caf,Alarm or Siren,test,GROUP-fb61bb6faf028a5dfb296efe1c78b418b6e856616aaac09070fd31087d30695b,,unverified_recording_hash_fallback
AUD-6a4f6ae8fc5e09282ddb75438bf47a774641bc303f8326c777c3212b400e511b,Alarm or Siren,train,GROUP-66809de13d1683d0efe9358931db69f502022b412111047b8ce1744a368e99aa,,unverified_recording_hash_fallback
AUD-6af3bc2b537a93da14031285a4a9359d223bcd6559f81ad72a0b30026f2cf220,Alarm or Siren,train,GROUP-1f51b6ebd453bd54748d72a0fb9b8e6b7e01c630ebe52c03f0603bf8a596c2ab,,unverified_recording_hash_fallback
AUD-6b03a58cb244e28a0b9b36e0131dd29b3163c6f06dd08cd0cedc34a3f344e000,Alarm or Siren,test,GROUP-e94763123d69259df1b6724820cdb67c11352d25d7686e6cf7c43a7a7f349aff,,unverified_recording_hash_fallback
AUD-6b653b195a28ebfbc9b2d176207ce1f2277e0f4abe32868cbfa16e21bb4644f9,Alarm or Siren,validation,GROUP-d3532b48db99da280a8c84122a3b464287f2d03e5aa07df8f064a4183745fdca,,unverified_recording_hash_fallback
AUD-6bb61fc38b3e886ad99fd9547a49d272f8f59465608306937103e9ff645e41ae,Alarm or Siren,train,GROUP-488c5ef0da5e5f57446486aad062d3ff2d6d9d76c8899c375c74ffd1cce42342,,unverified_recording_hash_fallback
AUD-6bb8f89f2ee21fa4174458b90b8cd728bdf32dad88d26e1c598abebd9268277c,Alarm or Siren,train,GROUP-5ab920b4069614e6acd1c046724e28d855d7fe3eb3d9c66abb0da8a98d758b9e,,unverified_recording_hash_fallback
AUD-6bc2cc99093ea1a138c481fa8a8779194185fb198e365405affb8464cb78dc2f,Alarm or Siren,train,GROUP-636b44b07622c18331036113f8fe68a7241793997afa2579561e3674f08dfa12,,unverified_recording_hash_fallback
AUD-6bc933ba0398626a527e63a06cdb0b63f0f0a3e0592215eb9773b61fe9a6ae41,Alarm or Siren,train,GROUP-f2ae7ecce80ecf7609c442cbec10dadf747d8b1887170d5ef5753f2631d5dd94,,unverified_recording_hash_fallback
AUD-6c4dd5140a1c25d9db895bd332afc8e25a7ddef5c1bf740d80d3c7e10773f211,Alarm or Siren,train,GROUP-c466f22d10e9c4576ec97ca2eae32acc624d2577dbd300699046d97f8ecc8ab7,,unverified_recording_hash_fallback
AUD-6c72c7d34eb8363ef1fe5db4f8965a6a748b7407b437259151d5708d08f2d375,Alarm or Siren,train,GROUP-2f205a77c1e9dbc9bcc856c3c778c656fba6d69ceb8d4d59a093d3dcfd0c917d,,unverified_recording_hash_fallback
AUD-6c7393f2d37994992ac1872518fc906ce6be7399b3e69906efd8b3f17d38851f,Alarm or Siren,train,GROUP-f8fffa33bf7de57cf9557407928c2b3ebda86dc0b92d5169e889ef6536cb6bb1,,unverified_recording_hash_fallback
AUD-6c9051f3cd8846bb846261ae200090a6579911b188cde1896ee31add815312bd,Alarm or Siren,test,GROUP-c3488adf5a99888dd0ee3a444222f23a4a0817d070681e71f48c780080a32db6,,unverified_recording_hash_fallback
AUD-6ccbc0a5ae1ce6e8c58b340aa720915b02b9ad1e7d9883bb5d93eca64fddc6b5,Alarm or Siren,train,GROUP-0684124689af20dbce3d6b4b3a94802b41c0b00a41faed7824931f255cc57d94,,unverified_recording_hash_fallback
AUD-6d91e6057038ec0308314a9a5497b4e3f281840b49061b19aa87aea331e6d3c8,Alarm or Siren,test,GROUP-9a3f079be5e5e1341f98ce56a76316e08428a8ed077addaeba881d9fd22851aa,,unverified_recording_hash_fallback
AUD-6de8821b49ee2d611862f8877c87f78d473dc80a1780f620be699d9afb570240,Alarm or Siren,validation,GROUP-3da2d646e3d1f84152ffafeaf999919436899e2c28dea3978a236e48e8fc8980,,unverified_recording_hash_fallback
AUD-6e0d5c9a8758f06a88dd49f98e3ab84b4561dc24c48741b60751da045a7b5d78,Alarm or Siren,train,GROUP-ad1eb8a5bd7c12c8a23e335a2a57161f9e9c41b911012f4f7dfb154657afbd03,,unverified_recording_hash_fallback
AUD-6e1b2443d4aee2098a0d671ff65431c750193255425a34436745738798e73065,Alarm or Siren,validation,GROUP-f2bbb3e86644feb110f091336b35935120c615a468af75d3d5e0fe955bcaf890,,unverified_recording_hash_fallback
AUD-6e62072979852a2e383ed3e22c18e7838bcb06d1abdec13fe8fbd009b7670d54,Alarm or Siren,validation,GROUP-62ba91eed3d51af371e891fe660d5c2703b25d9fce463278c3117ff08480f99d,,unverified_recording_hash_fallback
AUD-6e8fd0f10b8ed2308874ccdb16d9e0dbb82337ff5dff20bbaad9fa94cfff0047,Alarm or Siren,train,GROUP-6b0516df282dbc0b7002be36dae1f199413788ba9b6e971bbd3be6e0d9a239b7,,unverified_recording_hash_fallback
AUD-6e96d15354deb34299914c2931ff8671d382ad6a9b5240a715c4e245ec219d1a,Alarm or Siren,train,GROUP-8edce6dcc1b3b6026b9f199c2d520e79c35561b8d203e3344c5a2d5f50932e88,,unverified_recording_hash_fallback
AUD-6eabbc6fa8020f53e751ebfc8b42bab713efc41b9685f7f06bdef3263487b694,Alarm or Siren,train,GROUP-c58d1bfaa1c6522270b4e49a6ccf15e5863e62cc778384a3f77248108488effd,,unverified_recording_hash_fallback
AUD-6ead2c2293c3c304e5454025100de0eb6842ad267cf88ac1587013936411ea47,Alarm or Siren,train,GROUP-0610cadbd877529482867a8e8e386ef62b5fbe56f4cad8b17e34a522a70cf4ad,,unverified_recording_hash_fallback
AUD-6eb95485f79a2cfca1fec0e37ac557c9e170a2e321cbbdc825ae685c925f4ab8,Alarm or Siren,test,GROUP-3691bf8335009295279e8f9ad2c44f4b50e971bb0385e69a8e2380f3af9190da,,unverified_recording_hash_fallback
AUD-6f46775c86dadf11fc44cdd467c1b1099a4afc0a992fbf3520e5d64b8aa99e44,Alarm or Siren,test,GROUP-34da64085289a346e1ab78c82a53f1f27e5202758192c6053f2860533725ecc0,,unverified_recording_hash_fallback
AUD-6ffb00e0be5a701df05660898dba5546de8d3640596d89940aa531016b55a9f4,Alarm or Siren,train,GROUP-e75d5ea9257fa7fbcbca1dc659ec382410610f29493fcad101fd319d77bc328e,,unverified_recording_hash_fallback
AUD-702f91a0e29fe76cd73282bb122a3fc44481c467daa53a90f4a70c06c333c6fc,Alarm or Siren,train,GROUP-275e54cb98a486880fd1546be9255969588673a5fc4c76e69f2fa6350051b2ae,,unverified_recording_hash_fallback
AUD-703e431cc2dc325b87c1f3259b40da97eeb678e40fcc1423572dbdb4e38ca35a,Alarm or Siren,train,GROUP-5678597a1b7398a14088ce6d76d5a4548e084f2ce65a8c25a32a90ffc816def8,,unverified_recording_hash_fallback
AUD-705928c47924cfdf09ae117640bdc93077cce6ab0f43b36b6bdf54f859a1ea8d,Alarm or Siren,validation,GROUP-f9be0f3b1cf0eed7246f3bb59248cf7dfd3d98530130c2d10aa08c3d21ddf2a1,,unverified_recording_hash_fallback
AUD-70b95437b22d66b195ee8bf3b498f7c85d8ef04b0f5549025cee3669f519c725,Alarm or Siren,validation,GROUP-61364c4db9d69bba8c68f1c157ce02957b4c487b826c6e5526861b78c3a46052,,unverified_recording_hash_fallback
AUD-70d27647851faf5a58b943b874a5c4f12ab8886707c7d0a6aa8644f1ca6f3d11,Alarm or Siren,train,GROUP-d5d97d5edcebb51f1b04d0f6cd0ce7aaa83a06b26d9628bb81e587167b1a8863,,unverified_recording_hash_fallback
AUD-71a09212fb53c0c28deb9f21a368b9fba3e58b67cb106be1143cd334362c4abc,Alarm or Siren,train,GROUP-a5e37e87fcf8e3213bf18b7c3459d05332f4b3fec0a49acd0991a994976354ef,,unverified_recording_hash_fallback
AUD-722aeb32de6a04aa5ace77e2d11943f4f33cbfe8fc46968f1a097e5f0ededbd8,Alarm or Siren,train,GROUP-4a6bd95f7b3ac7aa6d237122332686603a5444a2e2fe76fef03f629e539c1080,,unverified_recording_hash_fallback
AUD-72388fd27d96ce4b21927d2e639f92b27ad1fa0d78e14674ea1690cbf4ecc3c1,Alarm or Siren,train,GROUP-6615219d167695a56df3bb942abf82528d9b27f3cdf320f34cc04446cd9ce7c4,,unverified_recording_hash_fallback
AUD-72807a8136cbfbe0eb802a2e825a8ee1f1bad133564a779ed3d844c4c7b4f7be,Alarm or Siren,train,GROUP-b97fd6a95926bc185579bc305ebb2bebcc869b38a684766ca34e92ffaf28208a,,unverified_recording_hash_fallback
AUD-72b004a461e9e7e962302cdc1c5517453cac72b7686d5795a151b12d58250738,Alarm or Siren,test,GROUP-9584cb89f9f9b8c729c8d8f9acb9661881edbc137d09032ba166f776a5720ca5,,unverified_recording_hash_fallback
AUD-736dbbcae33e0a0c5c5f3633934960a75979a62753e387231788e41eb504bd37,Alarm or Siren,test,GROUP-977ac594f3df2e3bd8bd66dca8dca8de500ef993e786e1ea154a73700b71a9a7,,unverified_recording_hash_fallback
AUD-7378f88a6719dcb6b4f029d05751ec091f1f0ed8893c1ba8e6917ad3bd4d0ebb,Alarm or Siren,test,GROUP-b6bf193965ef1fd5b8fd228847905713d3ec21c01ea78b214e3db650785379dc,,unverified_recording_hash_fallback
AUD-73c96218a8a177bdf125af782bd9cd06d1abdd00dc740aad3ab9a69dc72f7fe3,Alarm or Siren,train,GROUP-5446cd50bc504b275211b87fe6c988457df122daf8e8615a8fc0b0aa4cb503d0,,unverified_recording_hash_fallback
AUD-7414c39604b490a4a6a975590a9b5de493d7cfbedbb4d55ee857c3d8243a6a6e,Alarm or Siren,train,GROUP-9550b17d8af6d2e1b6c1b7f8a9ffdd14e5e6ae3814d2bb90ee9a5e210cd35462,,unverified_recording_hash_fallback
AUD-741c931b6018c3307e83139cb5c5d9126dbe0505826c2a4ba68fe6365d400764,Alarm or Siren,train,GROUP-57cfc02dbfcc6a633f0f68185ee5e72e3d720f1e2cb0248f64d33170906d1d6e,,unverified_recording_hash_fallback
AUD-7439420dadb85c652c7a79c9b534d145d208b5f981d17d8665da9702e64c33ab,Alarm or Siren,validation,GROUP-d7fd7d005cc493090dbde5f1224cedcb64b25da4cc38fb2eb7c075ae9ffa83b2,,unverified_recording_hash_fallback
AUD-74f655533cc02697cc2ce0acf6ee6b98b8d183165ff569e40ac2e39b460b3d5e,Alarm or Siren,validation,GROUP-3a5eae1c782dfac45837009b3825ad5731438c9adc63252a24cda0e6e0504e70,,unverified_recording_hash_fallback
AUD-7535f2ff5ecf2e5eab01a1ea0bd11b7b871ae9ab024cec36bbe2c405cd27a2d2,Alarm or Siren,train,GROUP-d85f07184f0c9286f842ba36525ac18738ff625101052cacffad2fe70747fb10,,unverified_recording_hash_fallback
AUD-754ef802a2077cf6684bff1ad96e8d6ae1c719f675d1ea739c048fe99b06c564,Alarm or Siren,validation,GROUP-68eba34b484651d4c241c6865aee649d5057e873d8743d2accb49344d68a7d92,,unverified_recording_hash_fallback
AUD-7560ad6eb0deccaa105b297d00f42dea79996653d6ae4673e7bf547462ac3912,Alarm or Siren,train,GROUP-d70a712cf44275691373e5a7ef524677d626ff6ca6c2195500d167e845054042,,unverified_recording_hash_fallback
AUD-762215504317fa1849eb116666c88ec4bd4907f5f38ff69ae1493213e4f7fd7c,Alarm or Siren,validation,GROUP-ec8b74c973ca69024140fb0b04f89b7edb5c6c91837a2cf4e731f290892c1410,,unverified_recording_hash_fallback
AUD-762deba9530ea4e5ee82adaab5158b75b3afd127873532763ceac32d94c5c18b,Alarm or Siren,train,GROUP-359a42da4284d44d990245729c66362e1f667dbd6b728b3a914307d25253d1cc,,unverified_recording_hash_fallback
AUD-763987a415c8ae42ffb47e84e00d9264858f9d8700d64136820421d1e1ff19d1,Alarm or Siren,train,GROUP-49464fa6322da827511d89e9e13792dd9da08fe5ebcd9ffe13231ffdec6e7699,,unverified_recording_hash_fallback
AUD-764e4b367a1d50c356839bf58a026b4d500f539d2a37e214fa276d956c85088b,Alarm or Siren,train,GROUP-65825caa9f007cb97e3460cfa35b7ab17ffd89c84a272328e29ced383ee76780,,unverified_recording_hash_fallback
AUD-766405ef8f7be5b34bcfe62590337141d7af3f6ae942a712a1eb403d34480e7f,Alarm or Siren,train,GROUP-db0fcf0c7f43cc1598b1adfea4de057b57492ce247e575a756ca0bda0b2eb728,,unverified_recording_hash_fallback
AUD-76b1878211f718f6bce92663dd0b8b1f79455bd82dbc96b969d7032abce241af,Alarm or Siren,train,GROUP-e7424b86f27a8ee0a58f83bccaa3865358188917397674069de65bc8bbaddbcb,,unverified_recording_hash_fallback
AUD-76e5dd511d807b860f9fa0f105f55ebb8c70d29fb2cd365d1496879428bc2370,Alarm or Siren,train,GROUP-6a1f51ddad814e7fe585f4bc5cf2081ae7bb1c9b77f7fbcf6f1035464ddd24c9,,unverified_recording_hash_fallback
AUD-76e878535922d5b4b2626c629ee32af51e667fb11415474d17969c27f4377c83,Alarm or Siren,test,GROUP-24b801db499a011c99b9d70ee9e3cd51bb0ea50beab7ce281499dbbe0d8746d1,,unverified_recording_hash_fallback
AUD-7707a007bf5a2eb1c694546edd6a6d5e57ca15f9fdd84098a33d3c4a7eb210cf,Alarm or Siren,validation,GROUP-095f47135576c3b13a050d6f6ed22f0ef20a2e7e48ee5c10ddc2f8c6656ef404,,unverified_recording_hash_fallback
AUD-77100b3c17a968c9e7a6a80b7d262d3854765c4e79d621c43d3fba525dfec688,Alarm or Siren,validation,GROUP-689371ea871f9daafd87a1a9986b51dcd82b30a97b86c226b735dce6289837cc,,unverified_recording_hash_fallback
AUD-774c52ab1e1c682a596180b2b44082ec6ed47e68360c7f0eff3d987348d49f13,Alarm or Siren,train,GROUP-00bb062db980a286846cfb9c00d025df39651e16409e3314f8c165c39074f88b,,unverified_recording_hash_fallback
AUD-7790206947d3ea3ce1fb217c7ad181a0dd2cc2ee1c64644bd216b19ecb3cf24e,Alarm or Siren,test,GROUP-5feb5a20cd5f3fa5c2483bf4f14c9c4a242af66a8591f1979a9d5461939fa5d6,,unverified_recording_hash_fallback
AUD-77e90087a8ec53034ac1639148296eddc7ceba0b2f632301c4f9f2575ce6d6c7,Alarm or Siren,train,GROUP-77db2312482d3b2baa3fd51e8a330b6760902c0abe0125c383f9f368e5175e65,,unverified_recording_hash_fallback
AUD-7847e67d6fce0baf4e16b915e520fc09b04a6275dc47ed17ad595ed484de31b2,Alarm or Siren,validation,GROUP-34f7816d0f042d34067ebc345d90c32921f51ce0a0a55e90cfc29ff25b2764d9,,unverified_recording_hash_fallback
AUD-7a69def36e04f9fcdddd7caeae5d77f20c2045e86e4cddd383562e4ab2c3827f,Alarm or Siren,train,GROUP-f7df8efdada97f9ff9cef9269b322f0050bdeb64766fd41be48e77d3bdc3b05d,,unverified_recording_hash_fallback
AUD-7aef4620ba16959efac5af256932819665103334b015ace5ab72da2159524d5c,Alarm or Siren,validation,GROUP-edf434b99f7ead5ea7c06448a40090c7fd5960773725d681f447c7109d57bab8,,unverified_recording_hash_fallback
AUD-7af349fa8858bf5e456bc68dcef815f5dc9552bc7e09aa7eec376b932dae1bcc,Alarm or Siren,train,GROUP-6f39124a073b0cf43b37b3c91b5bc4f15efd36ddade1824c1786f11b34a63c0b,,unverified_recording_hash_fallback
AUD-7b0fe0047b3e6b6ff088355b9001c6de0387ded2992103e384be51b854f23059,Alarm or Siren,train,GROUP-3a7f5a8fc8a5beb9aa92f7ba0a21aed1b6c944c1e25d7f1dfb0f75737998bbd6,,unverified_recording_hash_fallback
AUD-7b2aa9bda5e81f56b8efc33b3be367c32c4344a7800c90b198d3e5503253cd83,Alarm or Siren,train,GROUP-c33115b1da059c35271152efb71e68faabdcdead457f7d6c31e70a43ffc23f30,,unverified_recording_hash_fallback
AUD-7b51ab2b92ad76e2782f9f98e808de2c9bd60fc75818cbe1dd2a5b3bf9d3617b,Alarm or Siren,test,GROUP-b523a0e35727b3c833e209040f6efafcd15dc50cb89b824024ce2b2039994dc9,,unverified_recording_hash_fallback
AUD-7cd0308ddde3ba6c6371c8a4d7b3d697aac355dc2240ecf37da1ee2f490ea38a,Alarm or Siren,train,GROUP-41a2b378fc2c067661527f6632d5e221d48015d5066e21fe3dcb1c2d1ca5a345,,unverified_recording_hash_fallback
AUD-7cee1704704fabf30b7abf90bb1cb83b862af4de79d00a44c6b6a44707447485,Alarm or Siren,train,GROUP-ca118dbdd9a90517a1850bfba9726fd4be9e0aac27596a823a71895133f0439b,,unverified_recording_hash_fallback
AUD-7d475b8bee39ba55a8d74ae90568f2f6289b133a5a110a456ed7f5dbdbbad718,Alarm or Siren,train,GROUP-fd0af135f5c6811949058bfdf4f7446246167fe8e84e95c12e34667b0e0cf007,,unverified_recording_hash_fallback
AUD-7dc7fe4e84571ee4df9178f8a1745b4f8839d6b8f6038db032dd3a95abe6a820,Alarm or Siren,train,GROUP-3f6a4f6d32f7f4fb40f58ba79af97db25a87442b99c9af51cff19ee09ae5a8f9,,unverified_recording_hash_fallback
AUD-7dd76914d232c633c880f334a66ecfc0487e545ef7544e80e588101765b9aa4f,Alarm or Siren,validation,GROUP-072fac1aee24f564c1500f578b5cc80768fa2a932df84dbd53785d9ad11785cb,,unverified_recording_hash_fallback
AUD-7e14dd20c909b499349ad14819f22e6e45bd8e46be8a6060905eeab030dfd1c1,Alarm or Siren,train,GROUP-bd775a9ffc1bd7ec4e9ba4aa3da5c68b540cf68d4a10270c44a31f81a01cbc62,,unverified_recording_hash_fallback
AUD-7e5497a8a492a3cc45bf0201e1c2abb7db031f6b6e9e36c34bb42efde7ce7224,Alarm or Siren,train,GROUP-969e0a603161471db465a1c88bc8989c81a8485702b4663b8908a7885353cc0d,,unverified_recording_hash_fallback
AUD-7e95cffc33d3af3f05d570bd8a0e388b784a69aef67ea3fbcb699532b5e1dddf,Alarm or Siren,validation,GROUP-a61f17510b072a99a5dbe1e06175e606c144167a159dda2f052bd8c33b492e84,,unverified_recording_hash_fallback
AUD-7ee82d170d5a12506076cef2e9ce44838abc86c20d45a92259b0cd34b7041de3,Alarm or Siren,train,GROUP-353e3f2691d158e22268c2d208791aef488b3fe6cdcb1c5ea0923ced57926e8b,,unverified_recording_hash_fallback
AUD-7eed0fa8badffa122fa229cd4773bc656547aafd64a9feff2ba355a4188e6053,Alarm or Siren,train,GROUP-4a6113202eebab2ab3b2213160d47ac112036d703df464b4612775ab913b8338,,unverified_recording_hash_fallback
AUD-7f0d3dc509ed5b79b0c2b379788804b1c6050a244a9d840342df16e7a28b03dc,Alarm or Siren,train,GROUP-00972578101ae85f12bc079ecbb753437838c4c35249b1a0aade4590aff3a31c,,unverified_recording_hash_fallback
AUD-7f7da08d06df99c229addd5ced60d1a448957a503c4af7f917d910224ae2e084,Alarm or Siren,validation,GROUP-b047f73a5f0daeee0fbbd34d42a50a8413c5a1de0234b044ab3901ec784eb8da,,unverified_recording_hash_fallback
AUD-7fc1eaaece274d960d26da1eacf328434dbcd2a38ffdf746635cba5c3495f4c4,Alarm or Siren,train,GROUP-2f4a32a38520d9238607a7aabc992b78803173e10f5bc74d90fc2bd3b6816f62,,unverified_recording_hash_fallback
AUD-81514d10b6afedf90ae1c68fe161d87872595b666a7626112269d0f70a8745ef,Alarm or Siren,train,GROUP-1f9e01ea447118ccabe69d14127bd45608eb8abe003d274b1ea36bc118324021,,unverified_recording_hash_fallback
AUD-82016db26d062de35ad8b6f6e9382fbeaad96e5c732e719a131ec3f700733314,Alarm or Siren,train,GROUP-2056a3e15bb76c128ef996e93f0a9ae6c480aa4a539c5c17c2af001004f02edf,,unverified_recording_hash_fallback
AUD-821ce9322dd34cece613157c83b38305573d3bf67667e51286f3055cfc8e62e0,Alarm or Siren,validation,GROUP-f72614cfa142345f3180c98b3053f26c232cd87a7fc2ccd6427749d6ad4ef53c,,unverified_recording_hash_fallback
AUD-821e524932b907052c89a617d46e209fb6a22b0b4b0225053acd63273329916d,Alarm or Siren,train,GROUP-54b4d70720d397d8876dc48c8da0c57444b37991549cee7efc438b668155a006,,unverified_recording_hash_fallback
AUD-826a5cac15bb0a998b4eeb35117f224dda70c8dbbc5cc2d2b6f2df1f9b13eb05,Alarm or Siren,train,GROUP-6d5cd5980232c331c236f018a7c7e61bfc83e6802b7964efe0653641d61548b7,,unverified_recording_hash_fallback
AUD-82cda5af7ef348532d9a99375794ec21517bd231797fdade2e71e542089103b1,Alarm or Siren,train,GROUP-b2ca85073ee753b3e9b17f728ec12f69c307c55c62e22d83f5c9395b1addc6c6,,unverified_recording_hash_fallback
AUD-83719e8da7aa27a52cd40337d1f9b387e59cb22bf95418d34d5e58ce9678df90,Alarm or Siren,test,GROUP-dcb229ec0dfcad58c67d835e3a3575186368c15e8c0df3fe56ab3c8a3845fa26,,unverified_recording_hash_fallback
AUD-83751611fc4ebec7022500442924cd21218ddb6a5b26d2e545dc497afbeeb1a1,Alarm or Siren,train,GROUP-80c49580e47053a023c5da8afb1d11b4a745c0dc34ed77a8699a7d67e410665f,,unverified_recording_hash_fallback
AUD-837cda1459edb4309d3f588689a23a00ffa7cfff8951c8b40f6cfd91da70c458,Alarm or Siren,train,GROUP-db2df5b83a1e489f862d0647cda4574d41d7a4529d4a32ab360ffa6b8ebe6d39,,unverified_recording_hash_fallback
AUD-8399593abf1794d37a14e4f4358488f1ca8ad1a5d44cb464daa0a4a8970bd837,Alarm or Siren,validation,GROUP-30dd2d9516233eb5cc3c19c270433dbc33c15f726c2bf56c4d474acf6bf39c58,,unverified_recording_hash_fallback
AUD-83c6cab6c86e7ca829c4e4ecdccd5ed33dd439adaf6a88be860fb5caff696086,Alarm or Siren,train,GROUP-9ac86deeace885d8882332b8a6cd7e628a8b938b245369218cd9f261b112cec8,,unverified_recording_hash_fallback
AUD-840d0dfa81bc1cbfd572e4416d2b972a5977f4fa6e1672fbc69872b06a985f7f,Alarm or Siren,train,GROUP-65a0c580053bd4b51d6f4128c74ed3f4867c37cd5f060c77c8d8696f44ec7e6c,,unverified_recording_hash_fallback
AUD-84459648c45e96b5122edd3283eb091f2b89a4811577f3c27c931d6f3d20305a,Alarm or Siren,train,GROUP-7508b0c8c4aa0e913912df98a1ff784f249dbf710721a6170313c65616126d87,,unverified_recording_hash_fallback
AUD-8462add0810df979431e60383e969cf48fa3f9ee609398aad887ac073c9b959d,Alarm or Siren,train,GROUP-6c8a522ddc0d1af7b5023de94dad391505287e68a6c3b28ad92be057fe29c55e,,unverified_recording_hash_fallback
AUD-848dc3baf136d723b5ed621bd1a0e528d054938a37623b77d310bddfb064c827,Alarm or Siren,train,GROUP-32b9da8afe30e9075cc7706b9223770894f74b9baea9beea4ee599a22c0b9445,,unverified_recording_hash_fallback
AUD-85821558f305ba33d64bf2a72db1b1d2f598248fe6b895e3e30e844c86d7dc3c,Alarm or Siren,train,GROUP-f074d3854e9d84465540ec31af8274bc2efd3516e286e2a069c0aa23eb141e0f,,unverified_recording_hash_fallback
AUD-85e931258f61dc5c17aba33c9d5ffab6ca62b261885539a3c539b8c564302f60,Alarm or Siren,train,GROUP-993c0477537edd204bd0cfc9034352708f519f2b8010d86437e87ef844ce7f67,,unverified_recording_hash_fallback
AUD-860b5af6723fa626fbf85046ece3c9779e4f67b31d87537e03e6b2087761bafc,Alarm or Siren,train,GROUP-c1e0130801a6e32dfb56f80b38408a90745cd1906a32b6c5a26cd33794c3233e,,unverified_recording_hash_fallback
AUD-86432ff04465178412fe74bad396f8ea5c789a154c9562d3ed70cec509b9b357,Alarm or Siren,test,GROUP-e585a9b6bc3da913a61e50c7892aac2d9e8f6afd3199ec7ee85f31dc93a6b09e,,unverified_recording_hash_fallback
AUD-864c4aa4e12491db0c5b124a392976cbb5216df0111e856c2653ff7a4291a061,Alarm or Siren,train,GROUP-074d4672e0705fc45e63c399c0f8beb75ee94135bb5ed7d6b10b445c94122a85,,unverified_recording_hash_fallback
AUD-868121a146b9f7eaf192fb1264786b73ffa3603a842deca1b353f8ecce36d298,Alarm or Siren,validation,GROUP-0066c890f89e980381c6ce6cc91cdfe8b8a1d5a8e35c612499f7cdc85784f448,,unverified_recording_hash_fallback
AUD-8689ea34031f7e0ecc1317a923da47cc7ea430f52299deb291edbb123fdf1875,Alarm or Siren,train,GROUP-eb5af15ac5528dc8dac6880063082e649545dac2f7e1985661d05e4ca03dc8a9,,unverified_recording_hash_fallback
AUD-86c5e1193882ee2376be5e7e8b097947bfcc0f5407c226447214473ca4fe73fa,Alarm or Siren,train,GROUP-863d94edf05f511fae3adf84d8646e36546b6933fb2097a348b146b88132c07d,,unverified_recording_hash_fallback
AUD-8726c6a66aef4c4dd28f9b64e00204cf05113fb5effcfb09061725d4107dcb31,Alarm or Siren,train,GROUP-4b03b90d60ec4d715df132f8c8a7382a071f0e7b879a428d4fe1c68b1a3262f3,,unverified_recording_hash_fallback
AUD-877737bb437a97bb9c820cc8354df4c018b36d6c3fc1192871a850c64012cc9c,Alarm or Siren,train,GROUP-7a28d8f657b07c8fcae074a9cbf22985887068e155a91bb609a26ab7d894ea76,,unverified_recording_hash_fallback
AUD-87a9ab8d49313b620a6bd7d1409e31268aa7bb5fcbbe1719073fdb7744d8ef52,Alarm or Siren,train,GROUP-08fa4170f6a44f02ebc8d54b1e1086c54eb1a3d9c00bd2e96e80b258f780853e,,unverified_recording_hash_fallback
AUD-87d9abe3627135857fb714f02ce63aa34275c9ce53d30d0346ad848b8eee94f7,Alarm or Siren,validation,GROUP-37d535f8bb508dd758338199a4676f33328cbaf2d53099b768625355f4613108,,unverified_recording_hash_fallback
AUD-89278dff7edfc8d5c8f96b2aa7ec2a6ab1ac836fe8be3b5f3a4719201875cfea,Alarm or Siren,train,GROUP-fdb9ebe3b6c2f43a8e88c1bfbfeca837fd61b1f90c93a52e8d0cc21f7a771f93,,unverified_recording_hash_fallback
AUD-8940708fd7f8b8157823eccdaa420cce0b4f13a806419461bd7ac198ade6efe3,Alarm or Siren,train,GROUP-27f361e593d87ee903fd911ec02475f40885b2a71c7adf3dbe60da1093aae774,,unverified_recording_hash_fallback
AUD-8a6f603e8079a0a04f38fc4d0b9de1e19025325ca5abf50767b0ba8909d92b71,Alarm or Siren,validation,GROUP-36edfdd976c05023c746479eeed58a3eba07017207ad29cb95b1e222b2b5612e,,unverified_recording_hash_fallback
AUD-8a7d7bc41618b5777480cac71e51663e9028498b375bb6e7afd638552f2e221e,Alarm or Siren,train,GROUP-6b5505f8bae76dfcdd556cc68a959c5b04cea3ec105594b6979e56d9791d4b17,,unverified_recording_hash_fallback
AUD-8b1b656888e23ddd8c89fcb167283594743feb493d980ff76eda7031452f2d19,Alarm or Siren,test,GROUP-56508881f54ad884dfe43e7c46d4eb647f7bb2a7c9072036f5d2e34941759e9a,,unverified_recording_hash_fallback
AUD-8b5b6c500797a95336e6b0b5eff8fd76254ef287caa1de367feda9ce1547fbf2,Alarm or Siren,train,GROUP-9da01fd2c21d980b5219cf8eb8aca3830a3924f9d6ed07469509da9d2a8ee70e,,unverified_recording_hash_fallback
AUD-8ba47de3d339e555b1e42330f2759287e495b3b911398f205fcfb6d53bd3548e,Alarm or Siren,train,GROUP-94a87038b147ae38b41748d828a3b77bd9c4a318700c901a9234627bc10983b9,,unverified_recording_hash_fallback
AUD-8bbeff7fb64bbf6903c3566095b90b0be5199037f52cffcbf4e30c6014f590d1,Alarm or Siren,train,GROUP-90078dd6ec8b4171e05aecb2f3cfb568c9eb6350a53abb13526765c3211b3ee0,,unverified_recording_hash_fallback
AUD-8c52a16ec3481485d59900044dd11ce72f00b94119eff7e00ac2d928aba2e189,Alarm or Siren,train,GROUP-43bffbbc16568d389b01af8afe007d594b3bdb53433a18ca90e308fb3441babf,,unverified_recording_hash_fallback
AUD-8c8bc608aba8112436165aa2a150aa299a818e3a091185ff77584acb8b3d0aff,Alarm or Siren,train,GROUP-62d00ebbdcd265d32b3a0e6d2103608b84a0a7a4d71c42a41aa2a29d3271bfa4,,unverified_recording_hash_fallback
AUD-8ce15b5fc1b328720dd3d8f21c50eac7ba3c9257ff3189f3d19fcae3643917b7,Alarm or Siren,train,GROUP-66b01999659db775703fcae5e35969a081924a5c4ee2f71c74d34075bd12467a,,unverified_recording_hash_fallback
AUD-8d23391964268bb5cdaf9a01dd31cbe714b1cc6de080989f1499b3ac0447950f,Alarm or Siren,train,GROUP-e6d032b7c43b9d7563d7f92fba0d34a6f9dc03f8c2c6c850992aff383ce2d0f1,,unverified_recording_hash_fallback
AUD-8d7c51de3b26c2804ec32749a5269830785ad58cf4960271d41440df0f9ce7e3,Alarm or Siren,train,GROUP-13eae4aae6601dffea9dd35dada2266f7c3b10e32cef812b19345eca9d92d108,,unverified_recording_hash_fallback
AUD-8d9cfe1d2fcae205eded23b430a5ae555e989bf2309aa44cb417e737492ab76d,Alarm or Siren,train,GROUP-6a5cd0c2043e7044ad3df43c9303f24aa72df49231f6f0b858a4a607dc55a31c,,unverified_recording_hash_fallback
AUD-8daa3cbed0fe38b3c1df2f8cb31bcb3d6a0fb2c578df61cd5944dd5ad192d889,Alarm or Siren,train,GROUP-cce509754d5bdbff0d618517e5ef45912a63da0a68f57c5b17a214243860e131,,unverified_recording_hash_fallback
AUD-8ec0a88b7db2bda71593613a659ba427845b449797d85ef4579e9f05f33bcbdf,Alarm or Siren,validation,GROUP-13541aade073c26bd445d272928269e0c0e195ee4945b216b684bdee41a7a540,,unverified_recording_hash_fallback
AUD-8f23f22124429627bb3ed0377b017d555e90b41c8eccbb737b6bc0d85fcb4029,Alarm or Siren,test,GROUP-dca9c450c9adfa610d0b277051f2e4b6b6adba2c15779d956e7f1aa84c8798a6,,unverified_recording_hash_fallback
AUD-8f25b5df3098da9b0412fd9ca57c62d59fc68ebb51d201a0416f41c4568019da,Alarm or Siren,train,GROUP-e32c5b141be7ed938c9f16107e889bb32cc304665e42a27805f84bef72e4ebe6,,unverified_recording_hash_fallback
AUD-8fd3d7778076aa9f784d64d2b3db20b5ae01b0ab913dd48ed8f30b040f7a949e,Alarm or Siren,train,GROUP-5b837f0f0a581ef37e56083a5d535e1ac03130395c5debaa33ba1bb03ec7c0f8,,unverified_recording_hash_fallback
AUD-8fdf59acebdb10c32b520d717793670f62674730597c58fa1465ecc6e104d47c,Alarm or Siren,validation,GROUP-d5bd741acffe5d11dc291114e0e8ffaf948cdd13709c4c6d840a9dd218297855,,unverified_recording_hash_fallback
AUD-916636575f48bdcc4fb233e3802a0a1f685114769da6df71d57a7992c24b9142,Alarm or Siren,train,GROUP-810ab7cf37b2837b2590ffe075891dd96ef30c7abdeba9f5993d36813f832f58,,unverified_recording_hash_fallback
AUD-9181601d453ad0cf2db72eafeb2fac173f2c063b9142ea8ecdca77a1dce039bc,Alarm or Siren,validation,GROUP-843d317a6e1987d36800e86feb9ee1d56dffd7f66a360c579d9830ed78ec9feb,,unverified_recording_hash_fallback
AUD-91c34c6129a5b5c9f744b7ca0b43cb13da9d396ff181d755ea7e67677f1430a5,Alarm or Siren,validation,GROUP-e673a3c81293bcdf58006a2f38b0dc06dc02098805c2bf8892ab98f53caab309,,unverified_recording_hash_fallback
AUD-91cbdb07fbecd3c1825ca4dc30943ddd543374a8e1e7e88d6d4192a22a9cefff,Alarm or Siren,test,GROUP-8ec4d8f4f9ab6e95e27c346eccc47bd10ab05369aa01ffc1250b634f1821d78c,,unverified_recording_hash_fallback
AUD-91e37dc763a349b24db1173ad4289c0ce6fea22bc17a3aee468091fc189fb672,Alarm or Siren,test,GROUP-591e1bca57835af5b7d646ac15a0a1f7c644aa673f5ffb1d007f768f2c59cc1e,,unverified_recording_hash_fallback
AUD-92647df0849ca5f921860d1874c446f8706dcc17391189e2ee9a5ebf44cb46c4,Alarm or Siren,test,GROUP-ca332c9299d4a7a1b4856f89c3cc893698ab5fe32032c399c52821602bb6e077,,unverified_recording_hash_fallback
AUD-93051425f97d9c2fe54787b75b8c2b1a126db4a3c4f3f2fc9baea0a345a89294,Alarm or Siren,train,GROUP-20ff07de1be4ca99550bbe40df7019bc4eb8486ac9fd2111dde8b58d52f42602,,unverified_recording_hash_fallback
AUD-933959a4d3e6fadf86d362fea0b48c60da3d224a41bc19eeae76354487bc8093,Alarm or Siren,train,GROUP-ccc2239029993d591676fcd8d09c04ac252f10053d54d47351ad8a49b7fac849,,unverified_recording_hash_fallback
AUD-938f0932a82433a040ebf7e0178e716fcf4f3cdebef4270e8be2f81956c941cb,Alarm or Siren,train,GROUP-db043b26e58dd8cdbfa344a0f7e6632ead4cebcab8c9d19f792c0a42194c567d,,unverified_recording_hash_fallback
AUD-93c6c6cfdac5cf1aa71b44a765caabcb114226c054d4951180a2b14b57f6f053,Alarm or Siren,train,GROUP-89f17521984595b4eeb1f0ac3efc62e1dbd2f2661af29ef9e817a8b54d8d7f67,,unverified_recording_hash_fallback
AUD-93fbe629aad820dcca97313b689a2dc7c22fcb4e79a04eb70e51a65e5e0aec5d,Alarm or Siren,validation,GROUP-4f29771f0e1e5a42e51324b044a7b2ab16a2e72cb1b888b5880ade13269b2689,,unverified_recording_hash_fallback
AUD-94230e11428edccc0ae9567ca01bc34b6d57174a818ac60455a4715adbc913c9,Alarm or Siren,train,GROUP-426b6a8679855c75b7445dbd5ccd9e491230bb1950378d40610eaab2cdd32988,,unverified_recording_hash_fallback
AUD-9498b949af0470fef61a7c12e8d5f3e2c411e83c6f3c2cf40a1dc702ae4b5f7f,Alarm or Siren,train,GROUP-4a3b97b54fb76ebfb150da938477796b8460b4eff9fc722f55b250869d8df9e8,,unverified_recording_hash_fallback
AUD-94c7ed7eb1050bf2674fdb06424c7a2563a86d8a608640745d680a06b9fec5f6,Alarm or Siren,test,GROUP-3bad5f2c59509e593793611f4f15e4f88d4da5d1179232ee8466624ccf4822b2,,unverified_recording_hash_fallback
AUD-94c8661e5af1accabff1e7e864d8d4fe230772d72bc5a5abd497ccec2a68e20c,Alarm or Siren,train,GROUP-537f37275feb894ba63ee24f39d4e2f108878dc01d5428ff57df9f59bbb64cbe,,unverified_recording_hash_fallback
AUD-9538d2c7852a34f23b0cda1eb0f0a489ac65008f54e1ed827b2577516cb2fab5,Alarm or Siren,train,GROUP-255e684bdbbd6aaea1fc23d1cf5db815224fc9a25ce737c7781deaae7a7aca5d,,unverified_recording_hash_fallback
AUD-9566346d6eea264e364e098224bac7305e4a8643f4dfe5b99aa0c1a6cff33cb2,Alarm or Siren,validation,GROUP-0e695828b9ff39f2806a6f116048345220e0f24e46bcd7be693e337ab217084d,,unverified_recording_hash_fallback
AUD-96523b32e76f8d3bee7f282be2e6daa458165edee11c42e0538f499ad76f2937,Alarm or Siren,test,GROUP-9b19f7da229e7b00e10f66834f06120c9d3c9fc130ce65a74ce6c5bbcd05fef9,,unverified_recording_hash_fallback
AUD-9669fffcf28c444434683f0b5b3e5199ff14c24be40f50252f9c95cf6912990c,Alarm or Siren,validation,GROUP-b73b3153c8a897224c520bdd1dee50547e22230cdca4bc5b0ef9c843a8707475,,unverified_recording_hash_fallback
AUD-96acfcb6408a7490c4380a9f3a17e241a0fbe3105a5a3a80183dcdff153f2e15,Alarm or Siren,test,GROUP-9424a5ed92d09a6833ab763ee2d51337567920fe5963d6d9976dac4578971de0,,unverified_recording_hash_fallback
AUD-974c547c83830f924baa03fc5695e915ae3db1dc75b915efbd19113226c3a253,Alarm or Siren,train,GROUP-1d7f46a630976a699e18af21908404e76326ed27d6397c086b795235f6136e28,,unverified_recording_hash_fallback
AUD-979ad2d0ec9cd3f8d4652582150899a5ecc96442b31143957370306c18df7aef,Alarm or Siren,validation,GROUP-d0e1b7f5e3cf2146ee6966e78ad924c10e73f08944c356e1e66baefa2f38996f,,unverified_recording_hash_fallback
AUD-97d11acddc2d742e36de50c110c2e1cf5eea8f1b608df2f441dafd7ca38b2eab,Alarm or Siren,train,GROUP-a871d502a816176820f7add183669f38a509d8000146275bc6635952b71f8e3e,,unverified_recording_hash_fallback
AUD-985fa09db2a54f5485c628f1dcc7d34b79b7336e5dce76f9d2f9f24dc1a0033a,Alarm or Siren,train,GROUP-1bcc37557c842ce4b0087c4694319e1d27103d26f77c6554862ec626f9a78fb2,,unverified_recording_hash_fallback
AUD-98f203b0afd786c8e5f8531324b816ff83b71a365f3a503fa3bcd587b36308c5,Alarm or Siren,validation,GROUP-a1198e3a35b111cee63086605c346acd30f8a1da1c93c62c9272c39684333f4f,,unverified_recording_hash_fallback
AUD-995996100ab7d4eb172c4227046a50178a8110aaa608006b690dde9a452201d0,Alarm or Siren,train,GROUP-5a74c00e5d1e995dc8be707acdd5668ca8c825450d2aa75e20b0f80ea2a8624a,,unverified_recording_hash_fallback
AUD-997deb8bb6d29292d3668d7ab86a0afcddbba590fcbfabc5906f55e1263ec38e,Alarm or Siren,train,GROUP-97326a9a66e2eccfc58fd0fa79abe14491a95e541e370f76ed0db5003c5cc01d,,unverified_recording_hash_fallback
AUD-9a4eaf1d7abe32de16f15c42fbea5ec29651f2decbad9003ac73a2c7a7c2c899,Alarm or Siren,train,GROUP-46cf5c38b35987f87dd21b83c1c1322bcd1623def451d313a978129d878c348d,,unverified_recording_hash_fallback
AUD-9ada95de17b2458047d6b3ca6352ffb005ba12420a0fc61850b15e7bc90c0116,Alarm or Siren,train,GROUP-ca8f0b09cf653d34e5447baca6549ad885fffc8eebb72b4d8c1594225d0bfc6f,,unverified_recording_hash_fallback
AUD-9b316216584e9dd6a2d1fda568905971bb330abc0f614a8bb13f9efe5996950e,Alarm or Siren,train,GROUP-133bc349b2cc313fa2230f608b2e3e7028a4358a9bd340a78890b1236296b5d4,,unverified_recording_hash_fallback
AUD-9b87c27b2768478e5ce8599f3591768f2be64ddf08dab79cfdbc2da1b102c1bd,Alarm or Siren,validation,GROUP-fb66494705ff49c19dca034b5301944e99213bc0556976c06df2132dd2eacd73,,unverified_recording_hash_fallback
AUD-9c07559a63eb938dcb6e3a36bba0ce12303fd3b8a46d55e07ac12a53e487cc4f,Alarm or Siren,train,GROUP-03296dfbf85bdbc17d6cc0dc129ed757b04498d9936d3c3ed91af089deb1cf0d,,unverified_recording_hash_fallback
AUD-9c5b3e48e40e9f45b3306d03d0628de3f7146a59fa9c9178ca70912e60404522,Alarm or Siren,test,GROUP-f14aee4b3545f43732dd7f8a0dd666e82044a4628b2ba654c89139f0f5b1cd3a,,unverified_recording_hash_fallback
AUD-9c6b773c53dafdcb8088e9c7eb29f92ac38834caf7c9bb4087a5d3d17bdd1101,Alarm or Siren,train,GROUP-2e810fdc0b2899904615cf184704401d9d4aab7f509cc3e185ac11a8e31dcc55,,unverified_recording_hash_fallback
AUD-9d699b227ed0fad8ec4b556f7eab291c7abbc8793cbdebf322b2dfac7a76e0a5,Alarm or Siren,validation,GROUP-30aa61849038d90c6609a62041e1f559a77904d3bf4b195e5ab26df82b56291b,,unverified_recording_hash_fallback
AUD-9dbd60f923d88fc74d2903edebebae2aaeb99ce1edf9feff0dfd2f76ce205221,Alarm or Siren,train,GROUP-5db78859b00485340a834ad0dae6f8bde9e9d24c0409b71b7513f90996d2b5ba,,unverified_recording_hash_fallback
AUD-9e2483cdafaa850bfac92187c732f93e5c969288490df8220aaf9476cafb3039,Alarm or Siren,validation,GROUP-e00394c770ef219242632a43dd13dd8bdfa6d0167585392d8ea3f970eb0f4433,,unverified_recording_hash_fallback
AUD-9e8345a27d42e850d294c13bd7a6e46f792fb87918352dff001000be0a8847b3,Alarm or Siren,train,GROUP-ddc2f1d51ccc7fdcdde620af6c57c70a328514752a17ae77197f14c15cec98d8,,unverified_recording_hash_fallback
AUD-9e848757cc5fa8f669f9b143bb2e96ad0cfbcfb1e4d1547d10469a92e0ce738e,Alarm or Siren,train,GROUP-9e62aaf391e5a57fb2384e5b412af1866192b1e7d0754bd25240cc8322d5ad6b,,unverified_recording_hash_fallback
AUD-a00eba1b99ccdec3ca900961c5ebe05cc71cda87d73340ec3d0215a5973c0e86,Alarm or Siren,train,GROUP-0a7ea9d419074f8bed623ddad52cb624eb4a39cf4b2f116facc4f2ec10d8a67c,,unverified_recording_hash_fallback
AUD-a05079f54d52d86682a527e5a56f5823ebc6e0fec48ce84ee6621783bd709c23,Alarm or Siren,train,GROUP-8128b81249598056c9ff7dcc0eb8a6f71ffac1040a14c01e78a07ebcd6f9dda9,,unverified_recording_hash_fallback
AUD-a05c437a546e4954923aae12c7e53c3ff0fdcc11d346fcf9c1c722e5c1859413,Alarm or Siren,train,GROUP-f43b7a43b71f8681544258d7c3bc640f643eb66204fcffcb1f8d46e747112c9b,,unverified_recording_hash_fallback
AUD-a07abe344fbe361fe9fba31eee99605e6bc66e0a7389a544f7ad558cf265082e,Alarm or Siren,validation,GROUP-dfd019ffe345e4eae0446f663c6456fd6bdfbd2ab40ad83874b0514577a6e89e,,unverified_recording_hash_fallback
AUD-a09dbd1a190307ea284f2bdad190adab6e62202c6e5f190100003bf30f2fd66a,Alarm or Siren,validation,GROUP-f74fe969ddb493d5a9c50a6661568cdd91e2d7b022741c84edff8535f3380b43,,unverified_recording_hash_fallback
AUD-a09ef0e67d382192aa7182138aba883d7808fb5ad108449b407769f40f8563dd,Alarm or Siren,train,GROUP-37170625221327c018e286ce33474a7481036ac9e18c71e2bca75803628c9de4,,unverified_recording_hash_fallback
AUD-a14c3536063630b75eeeda5b17f4e8bb7b250e58a4e3fb004125b9c2b6148684,Alarm or Siren,validation,GROUP-862cbdefc22efe34e6d69a56211dd13ea4c371622d9b4053dfcb68a72f0a01fc,,unverified_recording_hash_fallback
AUD-a183367a0a5f0e293345f7085223fd7e3e253db3b5f728a4a97478c5ebdba292,Alarm or Siren,test,GROUP-779125a374b4f5fb5f0acb16619a62cc8c559403d19f3f3c5efa971bde6a8ce6,,unverified_recording_hash_fallback
AUD-a1919c631ec911f86b64ab2c31de0926a2c79fb4ff9da4f30efa97a187516bf6,Alarm or Siren,train,GROUP-c9bcd91e2bc13a37707c914a8f95d1df5c9530ffdc26efb8e9f4fb226d6994b0,,unverified_recording_hash_fallback
AUD-a19e867dfd139bd7e2bde89c119eed4c8a0eb71ca4fc640ca6e5712777064724,Alarm or Siren,train,GROUP-cafbd766c5176b861b85037019493de1cf9fc2c807a14066241a791a1f8e7779,,unverified_recording_hash_fallback
AUD-a1bd43595483121b3f2adaad01fce3d1da51c03f736ccfa7fa4382f023a35822,Alarm or Siren,train,GROUP-f9a96a4e72f8017daeb772d4ced0b3a73029877a57075aeb42c74826962bdac3,,unverified_recording_hash_fallback
AUD-a23b9b721adbc6248f579abded070f60c128e3e94ffc3b32285c2531a33ca1ff,Alarm or Siren,validation,GROUP-7a25798afd77a72861d941a0b2579db9eba3d6eea7449019b38cac6ddbff2069,,unverified_recording_hash_fallback
AUD-a37a269aceec522ed068dae01526b7a804aec62ca7e2ed8ce9c4812369e562ad,Alarm or Siren,test,GROUP-9adeacc46d7921edd539ac014259d65614798be7b78bfff874048c0b8005a48f,,unverified_recording_hash_fallback
AUD-a3a1bb3ad297ed378be8dc8e9da89aa81b690dd970961a48ff527fef72bce79c,Alarm or Siren,train,GROUP-35744464974a37e0e1efbedb467077a0358afd78d298be0cd28a943262cfebb0,,unverified_recording_hash_fallback
AUD-a433aae03a29a18902a800631828b287024108a378e8f5041f63e81f5995cebc,Alarm or Siren,train,GROUP-454e9d2a8c941a554859ad6cb782be5eeee50a1b8a73ca4c41bdef032424af03,,unverified_recording_hash_fallback
AUD-a51f09123c3ad0a3c03583dc55d6f3538f31db177e2f578dd0b604e98ad0ae64,Alarm or Siren,train,GROUP-4d4d756067280128110777223c4999d5c08fb02f9d27238576365e8b09234e2c,,unverified_recording_hash_fallback
AUD-a57bc1a749d189e28e891c05f51a1fc7267670a1bf8a705e91379702e65ca98e,Alarm or Siren,test,GROUP-dc405333f7ec5f4672f9aed8486d14fa71ff335c76d269d9f4633a177540847d,,unverified_recording_hash_fallback
AUD-a6270dec8d1fc85432237ef4ceea95ad417e3df6ea695fa8bb5b6a53c722a631,Alarm or Siren,validation,GROUP-24b73130b6aff80dbddf00208f2c866cd767cceb67886ec4702197b84c66a20d,,unverified_recording_hash_fallback
AUD-a65a65cb71aeadce30e3c02676d63a59c1cba8776b3f363ac7b82c9197a18db1,Alarm or Siren,train,GROUP-9c40737e3e58801be5df41909fd82e44e1c2345bbd8544c38a069466329d8e08,,unverified_recording_hash_fallback
AUD-a690b98dbc7d3a0412a51fd934610068802d3ca00333fefaf1d4e1ad5b14fc4f,Alarm or Siren,test,GROUP-0b76d499aa2f3945ecbdea8b4e374e1317567a0e309e6a75078dbc0a54267687,,unverified_recording_hash_fallback
AUD-a6aaf7dda005c87d4e01e5d91a849c9b4716e618dd34bce11f4084e4aaa966ac,Alarm or Siren,test,GROUP-5d73ed66e180719bc8e5136999cb0f9c66800d33871e36f8a1a24e93df1a9222,,unverified_recording_hash_fallback
AUD-a7269163c2fe8e2010dd8199cbf188fe4c6b81d372b729d1c93dbdf68d199550,Alarm or Siren,test,GROUP-0810b5b3d95c36e42eeecb8d69184603359ae829ad14db31f6764a316254662b,,unverified_recording_hash_fallback
AUD-a7731e2be642ef6aac30cfb31635203b39d7c9b945cb1d5bee4f372605c83a82,Alarm or Siren,train,GROUP-b6638c23d5ab1ee04b23545937e34428829128700dbfaa02c94c4f8d7267e4a7,,unverified_recording_hash_fallback
AUD-a7be66d100262fa4c5ee5b0a74540ba037ebb953cb98d157c290afa347953023,Alarm or Siren,validation,GROUP-015700066f986740ce075137d18a9fbf4a92e49d070d839efd60e0a38e2649fa,,unverified_recording_hash_fallback
AUD-a84b25236dd58bd5ce568fef14af5d1070ea7c6e34bc3787cc183e289da97b2f,Alarm or Siren,train,GROUP-b09f1d2f3fc343062176d0588d7496e872542d9b1affc8f0efdfad18d6b4fe9c,,unverified_recording_hash_fallback
AUD-a8603acc0d03235de429999d13a7b137dbf7b1f82b3fd911192ae2f7c3dc59b6,Alarm or Siren,train,GROUP-cb8baa2e15eaf2f04f15fabbc36049a6a92c32d9b61458694ef6273c13be525b,,unverified_recording_hash_fallback
AUD-a865b61596dd3f7dbefef8e116eeb4d6ad40d1ba4b3321a082f5247bf800f88d,Alarm or Siren,train,GROUP-e25764bb2a36514e7a95db1f2b83ee56a965ee18b278e5878503fde8f049c359,,unverified_recording_hash_fallback
AUD-a8dfe84c1f1aa0928a03cf08640b392e1101079593609ebb7681ce64dd475e06,Alarm or Siren,train,GROUP-8dd19e11a68912e50d0155ec1ed6cba5a2eff9dd5a033be2b6741a07b72ba2e3,,unverified_recording_hash_fallback
AUD-a8e19cfb9662bce0c351012e7b57bfc2ed0a3f400f0992da4e208cb1e51c0f7d,Alarm or Siren,train,GROUP-506982725c43e7a6b3d6a1daa8f87f45b37de00086c58610f20bd638c59c68d8,,unverified_recording_hash_fallback
AUD-a98f4bad1d04ea7ca6e7377909ca3ee786e4c6892785b63e64ab68aecb842e8e,Alarm or Siren,train,GROUP-639e126e9d7ebc9daaebcbe6e7ff7f56ccb121b7d07f90d93b1f46bdd040a16a,,unverified_recording_hash_fallback
AUD-aa44575c67c17ff921f3517330eb043727dbff14865b4c57f1be43989248c98a,Alarm or Siren,train,GROUP-6032f51dcc369f810a17b5b5c267a65198e9d907ea6f4d20ea71036c2c757668,,unverified_recording_hash_fallback
AUD-aab5bcc32e4d110a6cf1bbfcd5daa7d903d9dc376a1fdd1848562719e1aeba8f,Alarm or Siren,train,GROUP-6d78e88e215f73124663446a90075b75e441af62155984a9d794543b3538160f,,unverified_recording_hash_fallback
AUD-abb17a0d492187011689dd42715d8f6d76fa9c6c29c4b0d9fe752b0c6c16dfc2,Alarm or Siren,train,GROUP-629e3401fae39d7a69cbd7bca03a4355004ff92fb83e94921d26523b1f961828,,unverified_recording_hash_fallback
AUD-abf2101eee448d7c026829c3f7653c92ebcc5bf5f05b305edd5493ecf870f6c4,Alarm or Siren,train,GROUP-73d290822f6956926fe1f7d04f36df977df12a88eec4f4100d2351cbd348f9c7,,unverified_recording_hash_fallback
AUD-ac5ec7622f7d97e9784819db75f0a93b22c3b17b20f28f7a4d92fa2a4c8e4b52,Alarm or Siren,train,GROUP-db53486ba5bcc679b6e27ec5251fbd2fdfc710b7d739211faa27178a79c07c0d,,unverified_recording_hash_fallback
AUD-acb6421154544f3fe0d109d529451a466291c002d47f724efa88d819efc2850d,Alarm or Siren,train,GROUP-34fbaeb491444deaac2b4bfec814d558e62d2a6d78ae6f8d86488e57fbc44fa7,,unverified_recording_hash_fallback
AUD-ad3c51c5897249387beb0eef0502803e1db26fb30a1542ed2ee0015297d63417,Alarm or Siren,train,GROUP-053a8ec6e3e769afb4764dfe028fa643ac3d66c20d4e3ec5ae51e396479b6852,,unverified_recording_hash_fallback
AUD-ad70163a467229228dd036e319d3a3d16cfb330ba0da3d519a093f248ac86450,Alarm or Siren,train,GROUP-ec747415591cab9303115d79bb3c7c45e9f2722cb204282805f4fdffffb1d5a3,,unverified_recording_hash_fallback
AUD-ad93bc85aa0160e852603dbbbf53b1df57040c9c8516e6af659a852fee73a8bc,Alarm or Siren,train,GROUP-698a10d8d512aae78aeeddd90e528768ff9ce0703474d83f1fc4693706084b6c,,unverified_recording_hash_fallback
AUD-ae1916dc0a8ed722adeee845324c8d3e9e061341b7d968f1de3beeb71fd61664,Alarm or Siren,train,GROUP-6e5d6c0e2fcdf2d0d629939335cedb194169834b60be268f4a3741bf5cf5b7cf,,unverified_recording_hash_fallback
AUD-ae1c4ba6daada061121ba00c16cf14585822c2fa31d0557365c52a3909972db8,Alarm or Siren,train,GROUP-fc6ddabad48383518140644663f62b7b0900c0e863d772c0f7a937beaf005053,,unverified_recording_hash_fallback
AUD-ae7af66ff678ae71d327be6367ee6d6715e922c273ea7baf7bdb851c46d34a80,Alarm or Siren,train,GROUP-78d0b464184ff1b5974ef2719923d56d50c8011fff356aa73793b8831ae046ea,,unverified_recording_hash_fallback
AUD-aeeb254be8b7c387e429c694d3c5b422513f60a75b703bef7342c272e23d245d,Alarm or Siren,train,GROUP-e9b412e0f0a0c4ee72b673bbdf4a58bcb5d7ef4b3a971ef27b2c661a94a4c42f,,unverified_recording_hash_fallback
AUD-af19ebeb9e1c70f03b1980168eeaa7039a849770ef9a866254f2299206824c07,Alarm or Siren,test,GROUP-bfee018f68e62dfebfbc203b965cca2453109b0dc0afa59aaf6a0cab69b46b8d,,unverified_recording_hash_fallback
AUD-af729f4ef5b23aafb6a6de078d9eea3117d7ba59c897dd6ea4c75ee2a0e2bf0d,Alarm or Siren,train,GROUP-84717bc1384c0c5a7686241d55d8d719f427b7b0bf90d0ed11cbb32657d4e3be,,unverified_recording_hash_fallback
AUD-b020c44d5b262f73b36a942c5e4ad87ba9dd0edb70fe970b8803d2b102d501a2,Alarm or Siren,train,GROUP-b1a27a7d782cd176135677a263500598d9a472bb0b92ee4db6b0d43a381f5300,,unverified_recording_hash_fallback
AUD-b08c7f891780c3fd6d0c00bd1157ccfbcb24a44b6912a55d84ac30e20d087ff2,Alarm or Siren,train,GROUP-a34b086829ac87beb3d3d6a321af51e97c07e9effe068817a11c23cbb7b81ddc,,unverified_recording_hash_fallback
AUD-b0cf2871f876b7f83138b088cc949bd2dca7132e74cb3d03ab92f74c846f1c9a,Alarm or Siren,validation,GROUP-c928c5be3407a1d001b79867d74190ef75c418fccc3e787761aab5fe7d663f9e,,unverified_recording_hash_fallback
AUD-b0e84f5af73c9ed86531df5e1fe01e3fe597cf0d0e37612d16f505b53291a9a6,Alarm or Siren,test,GROUP-5f887718fd044ede4c1718e45a061ed9f56507481d9dfb59f3e47a392f160338,,unverified_recording_hash_fallback
AUD-b16f937c8b98f4231bd9cc21e0c9fb8e4f74cf0e84a05ec9caf1e3b4b3ad7073,Alarm or Siren,train,GROUP-be5af38b93d26c48ca2f56bb8acbbfe3f6bf6518d7b82ee2e5000756b22eb13b,,unverified_recording_hash_fallback
AUD-b183241e5db0faf51e52beb9acdc49f365079472eb29c2909583acc9ee0db37c,Alarm or Siren,train,GROUP-1422e76b02b2dbbb055fe59fa8f6bff4add50faf66e259013a27d8890251d684,,unverified_recording_hash_fallback
AUD-b19aba1f3dafca70861dd7b7f9bc256991212b8b5c76664f8c0f3d8a6be673f5,Alarm or Siren,train,GROUP-5c1447aa86852b255e87af3ef76a92b6c11171c06c67aeb05878a246223123f4,,unverified_recording_hash_fallback
AUD-b1f1a7cc5bb0eb76c835ff2475e095c5373a8bd0c009d3c6b7edc5d1aa139727,Alarm or Siren,train,GROUP-16690fc63d1e316ba8abe75c90919f2753cbb7285360dcb01396d16051ffbc7e,,unverified_recording_hash_fallback
AUD-b2612737eed524b2d67e9f6bb6cad97a61cf6aec8e7f90d8212a00db759c7a06,Alarm or Siren,train,GROUP-10fabe25897159b46f5a8d41d08f585507f0d0f7df659e8149f37a4e311dafd9,,unverified_recording_hash_fallback
AUD-b262a3178b488c850a201095a6cf445a8844c7fe3c4d5823b7f0f3849fc4d00e,Alarm or Siren,train,GROUP-f3b88ce44f4b41c99f21b1ef065dc6e3d94b8171ff86154439297120ca48512c,,unverified_recording_hash_fallback
AUD-b353dc727d33b270d32f2c38906b5ab53157cd4d77850a3c6f20a5bba2ab52a4,Alarm or Siren,train,GROUP-6b97cfbd06650133b0915485771d95e5733dd4cbae8ef4a0a427127578dbdade,,unverified_recording_hash_fallback
AUD-b39dbd1d9cb93055edc20ad4f5602815539cd4e19b1555c9063f6bbd5e6ac0e0,Alarm or Siren,train,GROUP-bcac32a5fd0abd22510818c8dd8331956fe4b675bc3bd58db836fd35a542ae27,,unverified_recording_hash_fallback
AUD-b40b1fe07bb3ab0c5e624427136253d809d88bc45591dd2a430f822c3aa84d58,Alarm or Siren,test,GROUP-a20a7cc120ace62d7c5a4786da4ab9ba5b46b45beaaba482f4fd81fd35ab0612,,unverified_recording_hash_fallback
AUD-b41eedf643454ed841c74fef349fb71e7fd1f6f8089ee42af5b48320b4c6ab42,Alarm or Siren,train,GROUP-62d00eee62bbf632b6b2929375dc1f1f1045f316a993a16a22ec2ee30cb89b84,,unverified_recording_hash_fallback
AUD-b4263dceb1e5edf57892b76c9b0fe8432c0a7ef6249a7a74391292118ce6d706,Alarm or Siren,train,GROUP-0beadcc49e2ac81820f3ce37244331ee57721236af7244ab22fc60c70158aba6,,unverified_recording_hash_fallback
AUD-b456d54f2b71ce398d45b0dd626aaac982eac2143df318841eae7508d78ba708,Alarm or Siren,test,GROUP-c19bfd8d577289873102eff090efdd240bb01302041cdd97fd082de0c0c0287a,,unverified_recording_hash_fallback
AUD-b463dfe28428c539c3a833a89a422184316a15bcd5329d80d7baacff40ea3295,Alarm or Siren,test,GROUP-af59dee2ec8dfaa4d9c486858c37aea9e22aba5a6ac667ede5e815348bfd4be2,,unverified_recording_hash_fallback
AUD-b4b472fd70b0f80376f03ee7a557379115aabd6a804c869d84f3456617e37391,Alarm or Siren,test,GROUP-cfb901f80b1ab07fd8a7621501a2c841c56acff0adfb2f9a597b4de2884fccfa,,unverified_recording_hash_fallback
AUD-b4f6f846c470a5c73c4bab89253f278dc12391e04ea8534177db509209688415,Alarm or Siren,train,GROUP-ed225c1d0a27c7cf55f050b857a2340c0eac7a1ed04125997758bc01c99249d3,,unverified_recording_hash_fallback
AUD-b508d9cd714e3843a07afe9dd5bf1cbed3625fb49c1472cdd7fe3041ffed2cc7,Alarm or Siren,train,GROUP-bf15956512d11c999716509343f1bc7d034608a369b15db4bc21e8a7bc5ae96d,,unverified_recording_hash_fallback
AUD-b55e80edb0cd2496a8fa9fbf3ab6933aa42730fbcfa49a9edd9c725737f34d7c,Alarm or Siren,validation,GROUP-fa9bc72b9bb66838331c62fe80fc49d6cca97f7d7a8434522bc4b8dfc6bad564,,unverified_recording_hash_fallback
AUD-b5b70676869684c55cd275df622f6f9047d22aaa8c8d1c8d8b1758d4116dae7e,Alarm or Siren,train,GROUP-3cdcd66680586c25490da214a30243083257ce749c029f98ccc38aa5ae699802,,unverified_recording_hash_fallback
AUD-b62e10b84222c149a76fa8773f55e85be2c8ff2acc20c54124e39a518860c6e5,Alarm or Siren,validation,GROUP-5c152d0c1c1600d390dfe4658fa1fa81b86945a7f0d3f8d342df805096d7e536,,unverified_recording_hash_fallback
AUD-b650e6a34e80bd355ad6ac598f5eda70a5a3eed01f546d050b7f252eb68f0f7e,Alarm or Siren,train,GROUP-5849fd0ef2778cd0a4ecccd5f1547bbfa69d54595f50cea7cba4bec287d30574,,unverified_recording_hash_fallback
AUD-b6afaf9c015fd6c42e612711324a228f41834d45b82fa6c73218983863841531,Alarm or Siren,test,GROUP-898a6824880e9714f65407927562e86e79b449163ebdc939adb6840f59d3f91b,,unverified_recording_hash_fallback
AUD-b6c7b1cea4bf802b7780a954bad1f0041016b5c735468e81d14cd80fc7d464a4,Alarm or Siren,train,GROUP-0db9c16e135421798e5e629d347e96774a62210063d30a318d914166297c332c,,unverified_recording_hash_fallback
AUD-b6e0c3ef22a2273d46e662e6049f35be036d3f4daceb5a48345664dd9dea5a3e,Alarm or Siren,train,GROUP-879156d1f3fd3aeca23516f65ea6ad1344ecc52423397d6e3b41022703d24a32,,unverified_recording_hash_fallback
AUD-b6e9b2c4c5da248daed98c4996005f92982d6dab0e4e4c86f02cb44fcf21c4fe,Alarm or Siren,validation,GROUP-1ff3c29d1caf9ac8f1b536f2079c814980a0b96a199535d9033696f648c16ebb,,unverified_recording_hash_fallback
AUD-b729661f218ba3ddf3db570518ad2d4974069f7b6945cc2d3ad76b819cce06ae,Alarm or Siren,train,GROUP-7d4091720d4add1fdcafc717f4a1f8847268b540fcdabfaf6277e6dda6e178d1,,unverified_recording_hash_fallback
AUD-b76852f9637c8caf3f9ac0382974af7aaf6b21cbae5d8d0e026918ef5a667031,Alarm or Siren,train,GROUP-35d0bd2ac0ec751010e084a0a594843e772c2d887c0dcd856d0569cf93386b26,,unverified_recording_hash_fallback
AUD-b81e850c7e306ae4750ef4c8e95e7ed152e0238977acd779109ba4d14f156729,Alarm or Siren,train,GROUP-20588268a96d15bd917e1dc138789b4ad376e6ff7a1c27e53f64020456288f2b,,unverified_recording_hash_fallback
AUD-b8676dcb95cc58dd8041e4af9b9bab5fd791c557349d5734ae0ae7ad4d3b837a,Alarm or Siren,validation,GROUP-8644bd3632bced7a06415b05b75d3e42f3d4292ec7e5ccd61c08bf71501a5be9,,unverified_recording_hash_fallback
AUD-ba73cc13ac7fbadf4f7ce82ccda69f1c30d725ee00662c53058ea044ea82ffae,Alarm or Siren,train,GROUP-d4c47112a124e6df064eb9212f143d1c9bc439070ee097a5b70a05805f3a73a2,,unverified_recording_hash_fallback
AUD-ba8afaedb4730ed2a95dac53bd4cf163316338fb6bd56b01b5548995cd3f369f,Alarm or Siren,test,GROUP-f9e8491dd6cee2b5d9bb7db709044193332a4aff5903c037fda5b4ee9e5c6f9a,,unverified_recording_hash_fallback
AUD-ba9895f303daa10e725b7a96c406edcf79439c63c54956b23c138656edff68a8,Alarm or Siren,train,GROUP-6e1afda79b5b51593e4cbf35add608bfea79708d649682f96ac469e33407a017,,unverified_recording_hash_fallback
AUD-bb4499c72871d57f50b402cb6564d4dcc49a3b2c7d55da33ad9f187b880d7667,Alarm or Siren,test,GROUP-ea9eece3fdb3d98795964c59eab7267e6fe8967da33e3900c9dc45ac588e0d99,,unverified_recording_hash_fallback
AUD-bb837c182a4b5ad6b3039a18c59deaa8b7a68a4c9144dbb0e8fe3fdec20561d7,Alarm or Siren,train,GROUP-1d0fd427383170021029da55ef5ff23307d9deee6f6a2bd6cef845b80ede6c4e,,unverified_recording_hash_fallback
AUD-bbac14a75bee9e5c9954e718990aaa1bf343b8f69db053aab1d68f1742e482c6,Alarm or Siren,train,GROUP-d804ff5c6db252d6e3440c824585f00f8ae9e6c27f7be2ee0532908f1d2124eb,,unverified_recording_hash_fallback
AUD-bca1f5f81035e41c31fbb0b15fe553fd714692879fb82812b7bb3ead4c450809,Alarm or Siren,train,GROUP-9bf976dd83eb90b36163c50fbbbde74afc5cc6aaefe453a50cf148cab2b6f74a,,unverified_recording_hash_fallback
AUD-bd97ce9c4bde6727afc938b38c3ff536e49c2803bb46b8932cb904c3041440e5,Alarm or Siren,train,GROUP-3ab6481d2fd9fbaa1d7d29ba9f2a80387d590e24b2b97599263cafd8f4ecf5b9,,unverified_recording_hash_fallback
AUD-bdbae039a3c7f840d4845117ad3fd521834a05536a85db8164061d1683e8c732,Alarm or Siren,validation,GROUP-7114b7dc1aa295b54a0afa79e42d494a631b54f227f5d8861f563d74f411514a,,unverified_recording_hash_fallback
AUD-be0bb21c2470b6383137ce286ea6621cd4d8fc9b61d0cd9915103be82d953a19,Alarm or Siren,validation,GROUP-4ec7078f2deda3b299b85e5f413b3db63d06d2327a13a439f6a4874acf5efc31,,unverified_recording_hash_fallback
AUD-bf809cdc36c2fe031e79141514a40ce153731d4efbf73e0e7c65aa7e04c29cf5,Alarm or Siren,test,GROUP-6619109a13088fac4f8576b37082bc42a8577f3e30a3c553c6a60d3b739b6e10,,unverified_recording_hash_fallback
AUD-bf9ed035ec8428372a2e10b1fdd2938abc9bcb8349acda2267a911084a48b26b,Alarm or Siren,validation,GROUP-788194e08836936d406d7daae12077ceaec36ae0ed006a1953eac1ec6faf0f0e,,unverified_recording_hash_fallback
AUD-c059550ee98c6e8e11dee0e700eb073d312c405d7b62e24b39473e5944e7e0da,Alarm or Siren,train,GROUP-4030ebdd016b62d57c0fc1aacb96bb19063311443b7a7e63a3db1d6d969035d4,,unverified_recording_hash_fallback
AUD-c0a665259b477e3c380c64323e7e3973d3c05f58a79ff43e688626349591b429,Alarm or Siren,train,GROUP-96d4ba678c083e56f7557b28716187c72bb0d4fc1c7fc0bf7065a246a3ddba4b,,unverified_recording_hash_fallback
AUD-c1987b8548b8af1beb55cdb03e2b6e46d0dd3f5df1386769470aca54b99818d6,Alarm or Siren,train,GROUP-62562616d6fb00e3655d764bbc5792fd27cf1c5872dafef2c137cd5a39d3a1b2,,unverified_recording_hash_fallback
AUD-c1b805cd3eaf11ea5692ae982dc7cd06b8d182f95f0d65d2d2e98cf839de5ef6,Alarm or Siren,test,GROUP-692cd96925bb876e697098e33c18db75291d0917522040617b46c7d76ad7db30,,unverified_recording_hash_fallback
AUD-c1e3883126ef3dc147c614ac78694c9aa6543e221096450ed3db9a5058f8acb1,Alarm or Siren,train,GROUP-293691dfae402760bd99db753054174162ed549df6d012806efa4fbf75fd7e3f,,unverified_recording_hash_fallback
AUD-c283a7ee888537a649adcfdf03f8cd362d3a5f422ef899223cb381e9fa6fdc43,Alarm or Siren,train,GROUP-6afceeec0b8cec6081a2091dc4d09bff224a77da7392dec4b5ad2b67a0454090,,unverified_recording_hash_fallback
AUD-c2a634e18be8b5cff7135f51791d3bcbbe07eb6b12750e9a697c3e6ac074ae42,Alarm or Siren,train,GROUP-cef0f5df19852dcc94fc1b18a7cccd731627c2f4f0e578f943446bd8332cf9e3,,unverified_recording_hash_fallback
AUD-c32d9028f11a5a94167325a147a7085853d5201ccfcbd883817c3962509e0ab9,Alarm or Siren,train,GROUP-1a3a31c07007e22a8a7da4b9868b463df4c2241bb7e9d3ccf26d35cd3647b1aa,,unverified_recording_hash_fallback
AUD-c34d84f3672dc6103c12021cc316e7eea9429b82493264afc468fba3372d086e,Alarm or Siren,train,GROUP-0cf3966ab42e282f0fa3107d38bbce095be8a688814d686670edbb31bd9248b4,,unverified_recording_hash_fallback
AUD-c3bb152d7d35087eeda050f7723dab639a0f970d831bef014e3541202ff7be88,Alarm or Siren,train,GROUP-519787813f7cc28aa85c25e18e61392d3b5f5fe768c96001f0f9985921a0a716,,unverified_recording_hash_fallback
AUD-c3bb949abe1a11fa9dab900ca7cca2455f43c4bd6d18e15c4cbc19a3920e7be5,Alarm or Siren,train,GROUP-c0bc650008d9b80a067469db7414cd15a2920bce9bcb7c2e69ed63dfc134ac5e,,unverified_recording_hash_fallback
AUD-c446bb7d0af958d8839670237b8a76ee03611fac63c1dcb8f46e208204ff158f,Alarm or Siren,train,GROUP-1a87b27bba8e5fdc64e6ba79d726550f4550bbec54c77015e80e4bd8357d2960,,unverified_recording_hash_fallback
AUD-c4aa2ce1b31061c6fc117c5a75ff8c665e35cc2336f5223cd2b95b3da90b97a5,Alarm or Siren,train,GROUP-76a8f64de6351417f10c02c930974998e2dabbf78b72e4b525dd2bc951fde831,,unverified_recording_hash_fallback
AUD-c4b785a2858f42d917607735ade439cd2d5d6aae3112cea115cf26b31ed82ff0,Alarm or Siren,train,GROUP-77da016bee7065d0e9b3d8a86638629a8dcbf7133e38d6e9a439fef5335bcd38,,unverified_recording_hash_fallback
AUD-c4dde10d99269ebf47bef288f500f71b3ed74346aa8c0b2edc7409990a66a7be,Alarm or Siren,validation,GROUP-0c89013db25927644f1a873910ef7e6fae59a79ea078622d2cb10f1b7e22289a,,unverified_recording_hash_fallback
AUD-c5465f1160a4864c73ec845f8d656dc94140ebb8d634f9deb4b54a38d687091b,Alarm or Siren,train,GROUP-2c575c54300d2263dd48a5dd46d89a7362329e4b9f9c21c08a3eef49970b1f98,,unverified_recording_hash_fallback
AUD-c5de3ae02c7379d9d37e28d6c249318791d3544e19d6d9745c87c5cf245b3a87,Alarm or Siren,test,GROUP-516c90d9c2ed0b27506f20638129485389e2f54c28559087b8d1e6f85d440a9d,,unverified_recording_hash_fallback
AUD-c630848aab65936270fa42bfcb1d25c7e689ddca34418227ab80b396804e89b4,Alarm or Siren,validation,GROUP-bdceba07cd3fe99c20d7753bf493bc2665540d4b5265c34794d637491c25be69,,unverified_recording_hash_fallback
AUD-c67cc33c2c2d56b4bd4351dcb0899ad7d4db217996ea87cc8f399bce44a7cdc4,Alarm or Siren,train,GROUP-e78ff670f8025cfad0e438eb9a16b49983e965963b82efc28255bb67b8359063,,unverified_recording_hash_fallback
AUD-c6c2877050b3c0ea22e85228c3016f191e171acdee36ec9c6f9ff1a34834f6c8,Alarm or Siren,train,GROUP-f88055324a8a392cf5dd121b0e8239f18a8d241de03061bac4a3fc1898fcc048,,unverified_recording_hash_fallback
AUD-c7431128bb973ace75f0a08198dfbb183bba39fde9216a74989b0ecaf75b97e4,Alarm or Siren,validation,GROUP-6965e5229aa071bacd6233b4fc77474d494fd5f8c698a05f1fb5e28608a2811c,,unverified_recording_hash_fallback
AUD-c7981a57d370d6d4c39e43b2699330f3b0252d99301182600e4705c3de0d0d3b,Alarm or Siren,train,GROUP-4cc4b57a26cd07219edad780cb02eeb214f3c0805d8f8ba7a3e52ad1c2589e38,,unverified_recording_hash_fallback
AUD-c84ab310a21a893b14552eb8c683d22b29c0ac8d3a3053eb3fe1fe3bf1a00a66,Alarm or Siren,test,GROUP-c628fb828834f315e4355040e8099cb79a7327c4b71d6eca23b7e89de3c9c2ac,,unverified_recording_hash_fallback
AUD-c8e8dda0a1d17c60d6a07b648943ff12a7d0c6754e9b5fafcbb0c3d5d609a71b,Alarm or Siren,train,GROUP-60cd7503da0229e877fb9ef192ea755b76733b603d192218ad0cec15ffb25e59,,unverified_recording_hash_fallback
AUD-c939cd30d1c5c1664629bb28916f8ed603c393e0e7d6e4edc4ecc831374c7712,Alarm or Siren,test,GROUP-b04959e40b5bd0361584f83b62c60197af2e41ab96d3b9913c71eb792793b269,,unverified_recording_hash_fallback
AUD-c97dfc83355915b9fda652d1fe475c070143d1e218df54df3453403b04045a53,Alarm or Siren,train,GROUP-c55abb984746fe4b821570eff75314b0e6bd4d74a130adb1aaabda935b9602b7,,unverified_recording_hash_fallback
AUD-c985cb436a5c4fcb5fa19c6d9fdb06271919a7638b758d32b7b177e59f56f18c,Alarm or Siren,train,GROUP-d7fcfd8ff094b77ad7bba2c4336a29eae50d15d262f3aaa242bed3376884a1f2,,unverified_recording_hash_fallback
AUD-c99932ee6882fd7d8e00dba39ace767b53bf2f1d4493c92e93076aaee891fad2,Alarm or Siren,train,GROUP-baf76df1dab0015fb707c3c21ee655e4c5d28d2728f23ba336c898011df71f18,,unverified_recording_hash_fallback
AUD-c9af07775dacc6c215ec00c2f4766e568e7271f265ff0069324cb262cc17b7f5,Alarm or Siren,train,GROUP-749f607df54997781fa8a7ad734dd8198d1ef0bc05404718b7b625a8d471e189,,unverified_recording_hash_fallback
AUD-c9d185a4d3ced4d53ef6f755e1d7af12b805d90e2743673abee039eb7efce733,Alarm or Siren,train,GROUP-8b21bcc28e0705fae1d8aa309814d352dbf429169aa79dfd9026b1fb36518f18,,unverified_recording_hash_fallback
AUD-ca370cc4261af78af0cfa920c99ea1fbaec93e04ee608902cbd33836d2c296fa,Alarm or Siren,train,GROUP-8e51288030782d08343b029cfd0c10505853204a712b8500242423a101b4f446,,unverified_recording_hash_fallback
AUD-ca3a2141c748c0ea3734b0d4e2d9278ddb33f3bb12a6ddca2ac7d1d714ab465c,Alarm or Siren,train,GROUP-d7ffeb4bd59b0b0710b6a99d45168a7c7fad0860aeeca733b7af8bfb2a02eb74,,unverified_recording_hash_fallback
AUD-cadc7d9283114a07ee204d608fcd9158236832f34cd2862fe34852ea715d4a8e,Alarm or Siren,train,GROUP-43ec24ed01cc727dca835a5161e8cf3419dccfafd9663b8c69a46d6e4843c617,,unverified_recording_hash_fallback
AUD-cb03b54b3c6ea3f9b869ee46f18cf14eab954c9ab826136627962cf292863fd8,Alarm or Siren,train,GROUP-66f25d2080810b4c50730481f91b0683c8e6e50badaf3604c33b44ee2fd61431,,unverified_recording_hash_fallback
AUD-cb175c8ae4accba79fdf8b143471006501fe6e1c32f50f09e832ac9c3b870f6e,Alarm or Siren,train,GROUP-fa36ae8046635a00fd83203a7c64f94f1a20d8efcbc3599ae97e546aadd6d632,,unverified_recording_hash_fallback
AUD-cc472d1761ea154fd8c07d9d869f54a7191797ea8b822154055cf52fd916113f,Alarm or Siren,train,GROUP-567760b3c5520ef2b12636a9cb94a92af0b667d14a85c691f9ff47768f35cb5b,,unverified_recording_hash_fallback
AUD-ccb2700f0f6369c2e6b723181b22ace71f4783a589e49f26f469ce31666bec18,Alarm or Siren,validation,GROUP-5f61214445c99b8a989341e5ba404afe3388e0f3a2733e1e541b8662b29eb1d9,,unverified_recording_hash_fallback
AUD-ccea07ebe70e9a53c9443dc3b3080bff2d93ee6bb6248618a852be9071a1adb9,Alarm or Siren,validation,GROUP-3e7ac58bd8fd75a1e133db1a5dc255a78168f797eff97e1efcdf46bb898d2256,,unverified_recording_hash_fallback
AUD-ccfe293c465479f534f56abe3b88158d74a9ba82021b432cd20f6cc44c0d0357,Alarm or Siren,train,GROUP-48b3f391bffe48d45adeb13b7332c2c75b26482a09e2261871c8d156e3b53635,,unverified_recording_hash_fallback
AUD-cdb91ba95fe25f7e30f7e1762d2693d680fa7632f58dae9be02df516b6a54ee1,Alarm or Siren,train,GROUP-2d813aca27d16c1194113f07d008791719b3848ae85a0a3e744866706445e30f,,unverified_recording_hash_fallback
AUD-ce34cdaecf1c6886c68792a4ea9bfea4c26ea55ddf08ab74c41dc9bf72e46fd1,Alarm or Siren,test,GROUP-3949db7c9ce9a2da2442bca08387934326e7273c09919d59c2508c94d81f39c7,,unverified_recording_hash_fallback
AUD-ce583d7fb9f30a6f544cd123e1358fcd897b301a653bf708ffd266a30cffae19,Alarm or Siren,train,GROUP-1c0a6606b6d7d7e7d7a95fc988afd520f986a0ae1c911523ef9ef673a73ac200,,unverified_recording_hash_fallback
AUD-cedb73ca7161b69e9238a089580ddec1da9d89f5a366fd7b8637109649906f23,Alarm or Siren,train,GROUP-8e21ae744a9485972aa1d5e08710a271f06aca30e1910d6027f63500c1166dcf,,unverified_recording_hash_fallback
AUD-cf01f9689ad9e9ee5abf6b9bd006392ed5ac06f8363c63a9582979b37d52e937,Alarm or Siren,train,GROUP-7182bf5e952ee9984dd46e8a950924a20ef94185b5aa45c9319f7b9e19c0f476,,unverified_recording_hash_fallback
AUD-cf4a3e978e99d297313744b9d42cbdb17de0682d3edb5a255c9973d889149183,Alarm or Siren,train,GROUP-8668b302e89c10c2c728e069f3222d4f6c4ad627970c8051d635868b43616d59,,unverified_recording_hash_fallback
AUD-d03f0d0ae91c3bc8f9b6fd9457ccb0b8475d12bb5a1e2bc5e25142401e30eac5,Alarm or Siren,train,GROUP-26f836522b464692ec98d9ccc0b9cc8fc646715246618cef3c56c6268c4da62d,,unverified_recording_hash_fallback
AUD-d155494b8c2009314746ac623d79e01032d0c2e1e2c679e40c51487ff725af65,Alarm or Siren,train,GROUP-9e8a841252a4bde67f18d879721f6d15202d0566d57c438ee997d2bf8d37806c,,unverified_recording_hash_fallback
AUD-d1c90cf26f03530876686e72d5fc9118a539d018e151da98b5090b0a41548276,Alarm or Siren,test,GROUP-f28e3b489511c616a0dabf6b0b137ad333f931e169ec98ebb7e6698437e30f99,,unverified_recording_hash_fallback
AUD-d222e9ff0aa9a96afb792fa70f44ffe9c746ad688e9ca24165309d2e4cccef21,Alarm or Siren,train,GROUP-e380a99f0cb0f49df4328c47acb477b25b9e42166f1ccb5e39f16dec4a848fb1,,unverified_recording_hash_fallback
AUD-d30a9317a081709778bc547d57b0e7c6b426c3f7c40b58ea3bcaf89c74960f05,Alarm or Siren,validation,GROUP-1ee877c505e1ed1e6907d3902da05adbf269e07b57609f71525b85e180573d7c,,unverified_recording_hash_fallback
AUD-d38b996a023e35bf1511428005c3d3d3db3d02e36dc40b9ebbf99f3413bfe2df,Alarm or Siren,train,GROUP-67c67db46c839b8dcf44e167b2a5bf9fde4c18d3deebc78f89da7f5b09b2660a,,unverified_recording_hash_fallback
AUD-d3e2c97c81a0474746597bcbab0ea8c40a8cb224d9b51b585ae38004906a1f4b,Alarm or Siren,train,GROUP-cef0e8d751db1011463a9d1f9b23e6a25d2073a6134e948553be0847785e4dcd,,unverified_recording_hash_fallback
AUD-d5b14760c2c788fcdbe41c41165f12249a184e21e97295984530cdfff843eb1b,Alarm or Siren,train,GROUP-b036cc9a2b079e5f2ce7d4c2c916eb253776278fcf5bd0bbea06a1b5d20d4af6,,unverified_recording_hash_fallback
AUD-d5f2345967accd2b8450a4501e202c0fae7c349b41a8e3433fc0be262279568e,Alarm or Siren,train,GROUP-db9175a9ac89eaba392f2ecf0532cd8daf53ae4c6d3ea41bd30ba995866ff635,,unverified_recording_hash_fallback
AUD-d60bc476a4160f009f21ad84af639ab43aa1e08b4bb3d92ba3df65d890d44c63,Alarm or Siren,train,GROUP-29b69105bb31966c5660abbdc6dfcae8e64c55926581580c9d14b48020d3e09f,,unverified_recording_hash_fallback
AUD-d65009c95ed3a3616373f0c64c1b0a466507362a73ddb1b13596d2d963500328,Alarm or Siren,validation,GROUP-217584a4852a0a6a5eb7fc6befdd2d665b0b8f2fa073e2bb517f63948b7e512a,,unverified_recording_hash_fallback
AUD-d7e983b90e2c7f7219533dfb6a8b0f64ed1e5c30e7cfe75fb5e1a2641102eeda,Alarm or Siren,train,GROUP-7327c01a36197adcf0490c394150367161a6821bd40661429a24b51676356c8b,,unverified_recording_hash_fallback
AUD-d7f1aa4f7da079fe7d3c05bc0353823676c2a7baba6e7f9e02cd452569d89c5d,Alarm or Siren,train,GROUP-4c465fef5dd15529eaf48ca7350e2b89c226f04edf9b4c7b634abe3df04bdc14,,unverified_recording_hash_fallback
AUD-d7f9df87ae35f21dcfac694def829dd017262d498d85299debe5c9e67a6c923e,Alarm or Siren,train,GROUP-b4295e5ab9a3d389edd58300e693ad8c7b22a1cca3e2025911b15555f38083de,,unverified_recording_hash_fallback
AUD-d85ae3e48ca11a0bf3cd4dded61c242a982437a980ca3a4b378b0c00b8955687,Alarm or Siren,train,GROUP-832772ff7793cf13f689d528a6e2d9531319ef64d7c52706616801d8e77fe424,,unverified_recording_hash_fallback
AUD-d869b33c8cef82eaead4b7b4e934ade7f7d4250abdf4d35612d4d96d65a6f7c1,Alarm or Siren,train,GROUP-a2db04dbe54eb510abe8fa94caacee16a57b448fdc64c26935d936d30d7dd5a8,,unverified_recording_hash_fallback
AUD-d8741c5d6b9360955f51161460acde9d1a32d15bd8be9d15f96a8117c4255f84,Alarm or Siren,validation,GROUP-802efd3d38438ffbbbc76c7049a2f705611bfc238135802f29077a4f6a824a88,,unverified_recording_hash_fallback
AUD-d943bc222f20b14e8ba8def30470f8cabdd83db9a1fbf552e3644eda631e5cf4,Alarm or Siren,train,GROUP-fe735fe1f6f5e08e587f665ad0be49ffe4a629536334ed8223a59a09313f2ca0,,unverified_recording_hash_fallback
AUD-da43ed808788f853075b1d068a39e883d2206657443ced2cf11d763af67e5af9,Alarm or Siren,validation,GROUP-6e077c23126be0e9c74bd8cc9884fb04f5e6469e194e971388162954e8306d19,,unverified_recording_hash_fallback
AUD-dbbd77d83df01060ed9fe12760ba01b09fa1c7eedef6eefddc50cb1e41b1f57c,Alarm or Siren,test,GROUP-3b11bdfab5a888b6105659952766504f4aa3e61ef4123f96743e6a7e7cba3545,,unverified_recording_hash_fallback
AUD-dbfd59ceb3d1c2c1ec3bbc6675a51c16e3eb6caf68410cee53d66803e919e68c,Alarm or Siren,train,GROUP-7cf4141ab7bbeabba9037f6ee447db79f763617dda7c969d6059008a0a8c5d65,,unverified_recording_hash_fallback
AUD-dc5a323875683889c5bf1d685e1555691f22a02b7356c5e46c47348a5aa55485,Alarm or Siren,train,GROUP-3eaf549c0276db5f4ad6dc328f733932d9f081c2b6377554d09e285107694437,,unverified_recording_hash_fallback
AUD-de56d5cf3b31a357edf03f8aa08ed1de2e2ef380d4f03ad558d18771955714a4,Alarm or Siren,train,GROUP-9cbb9bfa66f299957284ee7ca9d9d0a34da05010bf37635336c039947212af00,,unverified_recording_hash_fallback
AUD-de5fb4637af95ba8d95fe86a0050b649aff14f39e863359ebc6e7cc2e8e6ca3f,Alarm or Siren,train,GROUP-c1ecda45f5e5794c7fc8994c7b84a72c13fd8f1ca1cc997e4218ae6888ab62ce,,unverified_recording_hash_fallback
AUD-de735e1cf3691f3cb758ea1185974fdf0afc858e227b4ee6be2f62382cf07cc8,Alarm or Siren,test,GROUP-0dcc5cdd023af9d7016a15211cdbcc5f431cea27150b08a09fc2ae8cf35a4763,,unverified_recording_hash_fallback
AUD-deb6825062720854fc66284b0028436378b70bf578d150208aebf2465ecf54b2,Alarm or Siren,test,GROUP-997615978a9071027924004e4b3f6bd8165160969cef2bce90c73a9fb8d861a4,,unverified_recording_hash_fallback
AUD-def84a5fe6308adc17e00e8ffc65716a77606906d6fc70a28ae81646d0ef4c83,Alarm or Siren,train,GROUP-d10da3f92d8b821532a173d3c66a78e08e167af97b688fbbf4a5845cc2b22eae,,unverified_recording_hash_fallback
AUD-df023749cf799d03017593f9ec111ca79df3f896f7d374da7d5fd1dad2ac0398,Alarm or Siren,train,GROUP-82941660bf2dbb2764368c067de6fc7364540be7be49d5cd2e87a8eb6b04b270,,unverified_recording_hash_fallback
AUD-df11f3a6e7120325f10f9f45987a5aa879f0b4e698086f8b78a39e0b81184e4e,Alarm or Siren,train,GROUP-d11f6d0c4923a95ee643fe7fa8ddf744244192fda96fc7383e85bedbbc034244,,unverified_recording_hash_fallback
AUD-df93f2d53704be34d5b3c8082c9f462ec1d90331aeab7cd59ada26d46a25453a,Alarm or Siren,validation,GROUP-cbc355244e99771fad7a65bc484cca5d0d03a3de50aac08bdce3751c59ac3cfe,,unverified_recording_hash_fallback
AUD-dfa7b4505c4519b38ba61ae0f5105d3972581752d8870302a2071efe9380a031,Alarm or Siren,train,GROUP-6f886119ec6af3c36b132a969e2c57be7abab7ea003fa7213270bd7e4c32cc9c,,unverified_recording_hash_fallback
AUD-dfc200c3812f75f3e001daf5edf6e488c65ac7c02512dfa046a1f5277cfe56fa,Alarm or Siren,train,GROUP-9543efb41bc9ffe5ee83346eda22e1b572f7a3125bf5186a16df04cbcb475eb7,,unverified_recording_hash_fallback
AUD-dfe1023e5d029700ebd744604475364d4fd71d98f8309748737e7484bc11073d,Alarm or Siren,train,GROUP-7ff29f62bf2860df452e5252c67eb0c4b7c522446b734f9315820b20e9f5e935,,unverified_recording_hash_fallback
AUD-e0073eab0bebc72cdeecf171ad7c730915b14faa445dda641568161f36f52008,Alarm or Siren,train,GROUP-475b491522543557ab1c11d510130f70de2e37654a696d2363c19258e8773e30,,unverified_recording_hash_fallback
AUD-e0350dd10f84362e39373d4d426b5cf4bec7b695d3e196bd24757a3296bb056a,Alarm or Siren,validation,GROUP-b5f6b18f51f911dac0b8430c0d4349f80f33b54b01d9bf660c96e9918b5a5789,,unverified_recording_hash_fallback
AUD-e03ba625d5a1a7ad3b5f105c16605b502898417a8bb220fac27867fdf13b06ca,Alarm or Siren,train,GROUP-9aae67002de60ef374da3c4a2014eb07bfd46ae89b59db62c8491ecdd7090dfc,,unverified_recording_hash_fallback
AUD-e0763b68b1572032705e1185f7fa6b74420056d35846115097d4675da8b1bba3,Alarm or Siren,validation,GROUP-efbd51f9bb6c604be8301984038fa114191bec51c4ddf14504b1487d83e333a8,,unverified_recording_hash_fallback
AUD-e0942eaa70fc243702ab408a95e93ec2821729f7da83ff851bb801824f14b570,Alarm or Siren,train,GROUP-712ea0cdc5352ea58e11304321e03319ab57164c32d84b09e682411b701cd765,,unverified_recording_hash_fallback
AUD-e0d7822d5a8b3d722c6fa835289e787834bf5f7ce2f809434211e739e6062b6e,Alarm or Siren,train,GROUP-099900077cc1ba420c6d9c010f021d9d9ae653aa550c0ade2aa6fe46e3735ee6,,unverified_recording_hash_fallback
AUD-e10021bc98311846023939dedd542ba088d022dfa0b8cb403ddaf6f10a681a0e,Alarm or Siren,train,GROUP-e1794a5e272ce45c64d39aae498f960ca082cfa700058844a0163aecb701ae0e,,unverified_recording_hash_fallback
AUD-e143a03c317094658605c3c2cf7cf22f4bf72b090ef147873faa37333afe80ae,Alarm or Siren,train,GROUP-dc8b94877eae582beed7af51f62deec54eabf4745bcb1458681584b8ca5299a8,,unverified_recording_hash_fallback
AUD-e1ba684a121732f0afd8051f4611438062e1fd73b8a8d6d68e697409275cc81c,Alarm or Siren,train,GROUP-5ad2ae8f405c946036b95afb774a79c72f55a403bbfa1d89713ec8bfbda892b6,,unverified_recording_hash_fallback
AUD-e1d76facd64a650ef8f53a272e99a70f9158b6394c31814a1b948d5ff50abb4c,Alarm or Siren,test,GROUP-4af496e60cd8c4f21c9e86ce134f2b9c39b4ed086e32e8c940d8a0525d582490,,unverified_recording_hash_fallback
AUD-e2257c1c1027b115e770dfa0f7e6cc696b3e7d7abce695d54ba142849d585a31,Alarm or Siren,train,GROUP-fe66181326587a72e2d11a3283a3a218ee37f3deffb3ec25cd06c7d9664a3d41,,unverified_recording_hash_fallback
AUD-e234abbaaee17336503ce3db2d40473bcc598515b5d04b8069e6ba42f0d5aa27,Alarm or Siren,train,GROUP-eb1d2107bfb464f9482f08472252d1c2a661a8c1623960b6f81f38994c4f6896,,unverified_recording_hash_fallback
AUD-e23558c8a4d45c63cf25bb8d08237fbf1b97122fdbb5678b3d7a1d522868b178,Alarm or Siren,test,GROUP-3b5a7c776ab035a5eaeb6724d5807d2b3bb03ab9bb0b41891ec072d80d070acf,,unverified_recording_hash_fallback
AUD-e29f701f726f86cd8811f459513e1ba77f9664b8ff997aa5887cdf179133a775,Alarm or Siren,train,GROUP-c5caf61c822ed12e5994d98a2c29485ba198eaa80d741f5fc1146bcef80a7452,,unverified_recording_hash_fallback
AUD-e2be21de282cdad0ea6edd6f623a33bd5101e2c665fddd61068b3d2bb6f77891,Alarm or Siren,validation,GROUP-219232259fb2cc323e3f08a6aadc899111d94d2471e21a7eb7fe609db9386bea,,unverified_recording_hash_fallback
AUD-e2fc878518201b40e1fead15fbaad7366bebb14724038d88a98663e1ba0d31e6,Alarm or Siren,train,GROUP-504269c79d797910c703a4fa13efb4980691c2d401aebb7b31fb248aa9ee0d19,,unverified_recording_hash_fallback
AUD-e306249384c1d2b60ca9f64adcd1702fddcd6d773f39cc698bdd201c210ee428,Alarm or Siren,test,GROUP-2098f8b0dc2bcbef5a413c59569f97e4918f551b735b0b94056aa10b00bb212c,,unverified_recording_hash_fallback
AUD-e33c96549882097ae239a8f85fdbae4d516595ee610cb166f3f0031469d571c4,Alarm or Siren,train,GROUP-f67f0b2eb99bc0a5f1f9c3db8e1c6745b3324f6b795f2d7d480d02e10890c3e1,,unverified_recording_hash_fallback
AUD-e4c42c3065dc3c20b396aa0693ad03a06a35c9ba893216704d5dc43ed73f13b4,Alarm or Siren,train,GROUP-8a82bb6a232643ce964efc78b7a3f5c725386ba0a8e39ee1bfca225a951b76fd,,unverified_recording_hash_fallback
AUD-e5332a1a263b3b57010b554a84c4941e8d9cc2b30c7b313ac76904a5954601dd,Alarm or Siren,test,GROUP-1827b462df8282378f64a6929212c56fea12b14df14a03f9a58827c56248ac15,,unverified_recording_hash_fallback
AUD-e557009f276db06e19e4164c1518364104ed1d6c3dc81db30fd87cff4515d78f,Alarm or Siren,train,GROUP-d4417e851314869130f9d34d979fbb424a74dd42b821edc0e53c17e9b79ef9fa,,unverified_recording_hash_fallback
AUD-e59845ddc329d27c6b2952fd718920539ecc8223ac5a0caa70a4cc885aa19ded,Alarm or Siren,train,GROUP-ff39975647fe547f6a9134669f73513d25b2e1761a6954a26e1ecada3937d26d,,unverified_recording_hash_fallback
AUD-e5caf430024c0ba6e0d30a850e1452f2fe85078b3ff40c9f9798543dbf6ebe2c,Alarm or Siren,train,GROUP-219c0f8c9186b2cd842dc3c3a5f1353abd9f8ca46a97a956f448ecc0fa21b795,,unverified_recording_hash_fallback
AUD-e651601fa182c64a34b94d6220b64c7bc6688c2c749e6caa55066f548e0500c9,Alarm or Siren,validation,GROUP-5dba1e24cc033763785b31f1b05d7c65bbfe500f5faa15a7cea44bfa11ef07d1,,unverified_recording_hash_fallback
AUD-e69486aee01825b3346842f3f81c6d9c5aa72da53d108b8cc092194afb294fb2,Alarm or Siren,train,GROUP-d3fbe03e2cc6c9dcc5b7c8ceb7d4b5077d4e0e238227f3488a82972285c43915,,unverified_recording_hash_fallback
AUD-e6bcd4f0b29aef60b14a12c12679ce338f12cf54282063f334f57038e9240bb0,Alarm or Siren,test,GROUP-f38369b4f7b70787b27dda03674fc9d123737d3fc620a8dec84b3c072ccc31d8,,unverified_recording_hash_fallback
AUD-e6c31a93ba3165358eb23891549ac4363a7144f79e76bd5372c0936ead220531,Alarm or Siren,validation,GROUP-2496b69d6cd1d7ac777feac235b6ab8b4d0af0cc7fc24837b1437da1bfd386d2,,unverified_recording_hash_fallback
AUD-e6c4455ede553ad9b81608624b222965bd91857e5ce5350d8d306474e8321fc0,Alarm or Siren,test,GROUP-f2023d543bd244a46059816b9e489068f94b1a4ee001cffc3461f6ec48893356,,unverified_recording_hash_fallback
AUD-e6dfc8d895bd9c992118d318ceef672514e3acc795de35ad28c86c9ea496cc29,Alarm or Siren,train,GROUP-aa0ab32b0c21e151fefe5edaa2b4d24b4a271fddf2af23c0fa63f600d4d5e424,,unverified_recording_hash_fallback
AUD-e6febc27bcb024fbe836aac808e0d97f79d293ba52463aaace6d4e2bb706ebf2,Alarm or Siren,train,GROUP-f4057457a3607784c58a90ca41a1b681a0aabdfcbd9ee41ce45584b4aa813f0a,,unverified_recording_hash_fallback
AUD-e763de5e572352a4ae94f3aa781958a12e707eb01c403ae864b632f897b9d784,Alarm or Siren,train,GROUP-0eaba5bd0f7e5fb51a83968beb03337b0c1a01c62a29bb5e2dbdd7442b9cf753,,unverified_recording_hash_fallback
AUD-e87b263199a874b50febd21ba4aa132eb5b92e8393cc6f77abf6eff8818060f8,Alarm or Siren,validation,GROUP-ae6c98cdab3c5f755d24bf957723c52f0086f5ede122c03876d00559af37dd7d,,unverified_recording_hash_fallback
AUD-e8cd77701592ddc05e98ea066192401f5018f596914cde7320db4db78dc52700,Alarm or Siren,train,GROUP-00e213e382dc5e99854e626494ae83ed050d34de26b0227882c77a8e54dfdd2c,,unverified_recording_hash_fallback
AUD-e91418fe3bf91d954371889b00727bda12ee359373abc530fa7cda9e10f80e65,Alarm or Siren,test,GROUP-613ead37269cc56c3aa29d7065eddde0406315282d7dab86347932569f2006c6,,unverified_recording_hash_fallback
AUD-e9424ed4ea688d37f80fdf245a472fb2a51f8b15c437dee4a2fc045134ee6035,Alarm or Siren,test,GROUP-242dad9d17bd093db37eb0f13f16547da52acd3f6cd35ace868f9b42d547c1eb,,unverified_recording_hash_fallback
AUD-e958eb9b2fcdf98b480723455f7b6e028ddcc29ca45705366b6e5095a5e0ad75,Alarm or Siren,train,GROUP-81eda7864092a5a8b8fa018bb90361d279ab08e95c00b23f9fe4ba18c2a71d2b,,unverified_recording_hash_fallback
AUD-e977df1baf3cd4ea51688edd47acee3981d5c74d7040280076fa48cd957e5239,Alarm or Siren,train,GROUP-6e27ba7a0e1c3d16108178d9cfecc6fa0374f3fed59eacdac426d61dbf9d39b7,,unverified_recording_hash_fallback
AUD-e9d7901784b982649ae229bd1bc6433181d3cdecaff106b835adecd56167a6bc,Alarm or Siren,train,GROUP-ca7a820b69f5aa7733e6a149c649984dcc7e335b7f652d537281bb7c1a6607af,,unverified_recording_hash_fallback
AUD-ea45aa5ae0d4ac64c718783443c3a3d2e9f4370a5a42b1df417df0e03c010bb2,Alarm or Siren,test,GROUP-4566e4f4af640c88f3eaa6be300aa2ea33bb422617604abf1e93a94862c77de3,,unverified_recording_hash_fallback
AUD-eab8971b07d3e9bade9bddf0bfc5dc6831e80630a6af4c8100ede3a452675b07,Alarm or Siren,train,GROUP-ab7f0c82afad9fceddede429bd3741f79784ccb4c8674ad842367e285d1074ea,,unverified_recording_hash_fallback
AUD-eb30cd80e31e2f2f08918ac2a39e58e9b80ccbd45a2ecfc8190bb0f13d3ffedc,Alarm or Siren,train,GROUP-9ffa57e568d066261299e8824a6666d173dc7c521a729447e2482ca1c852922b,,unverified_recording_hash_fallback
AUD-eb6ed478e70d3457cfd827482204f933c10beda035ba034bc9ddf8de858cfb33,Alarm or Siren,validation,GROUP-276a8bbc810be716ed0217b1ae4f6f71d9b13b3ee7a74fd7a57c0019d51d7d2d,,unverified_recording_hash_fallback
AUD-eb7af2af836a1b6bb1601690659eacd2042e9d14606e248a0f54a808f5bcaa11,Alarm or Siren,train,GROUP-e7febda8f91dded4c2a25058c2805e5e3555ecba5f45ea231344fd61d643451b,,unverified_recording_hash_fallback
AUD-ebb9fd7ac33de54bcbd5fdf11b995a0c82d030915154b5e21c68a92df9cb0479,Alarm or Siren,train,GROUP-8110511c6d82d7a41b48b74bc3d6ee9368d311c84622e00a6be27124638c5cf5,,unverified_recording_hash_fallback
AUD-ebc8a8aab6e692ee75ea17a072e30edddb04d082d38a9c22e613768e22758cfd,Alarm or Siren,train,GROUP-0f75784157e4fb5d378e4d9d9f954a876091a7d665d91238b747c0ebd2be7e7b,,unverified_recording_hash_fallback
AUD-ec2008969f662f07674a0af83f01c95a7a3a21e947c1845978a548ecb7d408c2,Alarm or Siren,train,GROUP-1a824f4fcdb4c43118b1840b098594930c614eedbac3b0ae7b6e0416650492f1,,unverified_recording_hash_fallback
AUD-ec41bd1d1ecbf5ca30f82226c9c7326f69943ce24daf4e48aa0d6b332bcead4f,Alarm or Siren,test,GROUP-37fdc3749327eb0532671686b741b3ba13ba4a60061953342f094587d50693d1,,unverified_recording_hash_fallback
AUD-ec720dd2b497267a7d16d3257814cfb587ea49a321c137c7c08694cb0e45a43d,Alarm or Siren,train,GROUP-bdedf42cf3497b74382dc83c8091e06b86204f0c7988c16412e94f14af53e6cf,,unverified_recording_hash_fallback
AUD-ecb737b3c9cee74a2123bc975b66c69fd69f755287943417e1bcd0902ee4a753,Alarm or Siren,validation,GROUP-24da244072a626f6ed4dd99e8263c8a696606cc04088c645308b35b582b0c986,,unverified_recording_hash_fallback
AUD-eccef4248708c201332132a375a19c40d048b71ee6122196ef1e739639f77e6a,Alarm or Siren,train,GROUP-1dc69c2d9e1655146bf3e19d0ff07297351e65a6bae384fa0374f705e37631d5,,unverified_recording_hash_fallback
AUD-ece3852e574e0216fc04c236a42141126fad4e138133717c648f9ec735d38395,Alarm or Siren,train,GROUP-0e1359b2b59acdc856195f99c04f49d9d8b10009fa73af15d7dd31ed66207e05,,unverified_recording_hash_fallback
AUD-ed1870311bc0d417a4cb1cdc54f21ae94f380e28536bc3b60e98fc7d13cb5f8f,Alarm or Siren,train,GROUP-17d329db918b4cd5477902b71c8d2aaca97cb227e377dbec2eba36a0aed189e3,,unverified_recording_hash_fallback
AUD-ed8a1390036e1727b3423769b83b858ac9b502d3d89f983c16157f925805f5ec,Alarm or Siren,train,GROUP-24376e646bb118df46d1c3efc7a8684bdbd7b95ebf5f236ed940e45ee7a8c1e5,,unverified_recording_hash_fallback
AUD-ee2fa6a76b5bde48d6f543f896518cb9c09dcba091727c4805409dce9c5559bf,Alarm or Siren,train,GROUP-60555b406bfea9cd5c4fa4d81888f11fa4b2ce64fd3f94c25d44581214d9503f,,unverified_recording_hash_fallback
AUD-ee65588da1817907c66aee9d3617901d9b83fa43b0909ddcaba0d2679166ac95,Alarm or Siren,train,GROUP-358b637a8a41402cea666b3d6ec889315764a570494579344ddb00a2eda7509a,,unverified_recording_hash_fallback
AUD-eef2ae02bf1df64113752c0f4ec1b600cc741fc22fd15ac653964fc694ce6119,Alarm or Siren,train,GROUP-428a4d6e7abf8ad207f9ad568b01ad8bf12621d854517819d0ffc848b45bace1,,unverified_recording_hash_fallback
AUD-ef1da485d58dc27d8c64bfc175c3529c3865846a66a8f478229aa9579e39b1dd,Alarm or Siren,train,GROUP-d7413a7a115a30ad65ae5c98df27a71a012ebb38751633c04d5946bc16ffb995,,unverified_recording_hash_fallback
AUD-efa30821919c124c2d56c1f3acab47d768956bfd90ffc7b2aaefc7ea28b644c6,Alarm or Siren,train,GROUP-27a97624096bb66dd14f754b72ed1a2e34dcb63969f01a1c03573fac74161fcd,,unverified_recording_hash_fallback
AUD-efece4efac4f166b00048cc430e934654973e6a8f118142412909d1664bf731c,Alarm or Siren,test,GROUP-d988e1e2f94c39ea2e569ca392648ea367c57a62f218b9a3591baa5994d8b780,,unverified_recording_hash_fallback
AUD-f03568872430f702903744b38e387cdb8ee406f8e2d8b09d9229e49ec57dfba5,Alarm or Siren,train,GROUP-bc665dba2f7771d89fd1c2b36dab51ad70e6da4557092a4fac0f754fcf1c7648,,unverified_recording_hash_fallback
AUD-f0520baf4348b652bd4e7fb2e1d3c4c2283cbd975cd52dc1136a200602e11f3b,Alarm or Siren,train,GROUP-01cd346803e51f19662d2b321b2267a6a66d273c05af74efad905b332c767aac,,unverified_recording_hash_fallback
AUD-f0a45d84fd9a12cd9cc7adb7eaade6bb25a0925b28a6ea66592975377416e6dc,Alarm or Siren,train,GROUP-ed40f46291528f5d9a11f68de94a6843c539b5bf708b86508a70c494a1cc5fec,,unverified_recording_hash_fallback
AUD-f0e10cd76b06086e55aadf032a527efa9df8c07eaaadbd3e081078b0c79f5954,Alarm or Siren,test,GROUP-8e3276dee6dcc5fbb38bac4afe7d07e79b61cfeaaf28f0e834e8784d8aab9d69,,unverified_recording_hash_fallback
AUD-f1523129adb8507f503fb24f515c8faf35462d426abf1433ad50ca6f82d57be6,Alarm or Siren,validation,GROUP-58c03bde9f96d9d2317bd66f0a10701cd504b19786f177abcb12bb36666d15fb,,unverified_recording_hash_fallback
AUD-f166ddec29c86932bc72db9ae5a8a08a01ca69a4b8e39f505a38fc7ddcdc0aec,Alarm or Siren,train,GROUP-d31b014d4abf1d0b30482a08a1dd2b90fb2c065f0235200536e1918bc3904027,,unverified_recording_hash_fallback
AUD-f27c9ce63c4be090b239ad0545945579d59b744c0bef92af10e13c39326b705a,Alarm or Siren,test,GROUP-4a3024c73b8d2b44a4d9426a1e7766f0587838c87982b09417dcabd5e247b7a8,,unverified_recording_hash_fallback
AUD-f2a4a26a474f2ae6be509c6aa22373dda516b0700de15d3e13484146a146ca51,Alarm or Siren,test,GROUP-64896d1ec3282fbf66892badfc29329acab4e5cee4172cbeb6012818eae799e9,,unverified_recording_hash_fallback
AUD-f39b512d4a828b3415af8f4a72e9fe97c5b6ae63ce3331712a4e57b433de999f,Alarm or Siren,train,GROUP-6c5e9f5cffc80b33b9c6b480a6b83b68fc71d493f2adcd923e6084a9b6f67f80,,unverified_recording_hash_fallback
AUD-f493ae58dd1d066f3c286f0526da05a33e8b7c9addbea2bdc09693357e0fd041,Alarm or Siren,train,GROUP-743c32eba0064a3ff445429e40587918ae96360e12f25ce25b560a79e8350427,,unverified_recording_hash_fallback
AUD-f496ea174282a0f87388189e3dabb989d5ac6748316a97374a1fc193666b4148,Alarm or Siren,train,GROUP-ec1d5a4ee0a72cda2a1b99d064c0423aedd375c3bb5a2d4d90f21bca9f9d03be,,unverified_recording_hash_fallback
AUD-f5df191ea67044560b206bd92266de09b138cbb86d1c095041e63f2fae69ece5,Alarm or Siren,train,GROUP-4a123a84415a142f765d350a6bbb6f6a383ae65c5709173eaa4fdb6071cf857d,,unverified_recording_hash_fallback
AUD-f671052fea60671921c4d8fd5fb001ad47f7fdaaf92b4733dbafcb0ac8959dea,Alarm or Siren,train,GROUP-efce1b31be8ec664a6f49bac27a1a5a7f78c0b618635ffa0a42cd768e53fd404,,unverified_recording_hash_fallback
AUD-f677fc3e550b2e02945b8d6eae46bacb618f0435e8d6bc5ca04d3f97d88678a9,Alarm or Siren,train,GROUP-efbcdb58cd044d6094c4be1e3dd4bc4635f1fd49913cfb434f982f705541ce81,,unverified_recording_hash_fallback
AUD-f686935296534c72f0243448235d02f756ab98ef8d48e281f9f6559acde18401,Alarm or Siren,train,GROUP-91205fcc2857fe2d2e9fe132f863d2ef9a2f98794139d8dccec95991bfb72369,,unverified_recording_hash_fallback
AUD-f6db4332dd6ec606aa0cc92ba6fb2d52f4245d0e8f92faab8ed5ca2c479adfb9,Alarm or Siren,train,GROUP-37ef716177bf16f0af277ea768e65dae25cb65eadcf84a8b2f5bfaf107d54a72,,unverified_recording_hash_fallback
AUD-f71a2aee22c9d2043f3aa7fd42eb3b5bafdd9f63f6f035c3d02a93c2bac33caa,Alarm or Siren,train,GROUP-19c193610e7eff721cb1a976015ce45b42d01d7141e553c6196e8fc43f0ee533,,unverified_recording_hash_fallback
AUD-f77ab17ab92164190e20a4f9be5649364c677cc865bcee3e7bd1efb6af0003fd,Alarm or Siren,train,GROUP-5f6480e08cbb17626eb2deed1b0e282ad772692859265b74cf8620f776e8898a,,unverified_recording_hash_fallback
AUD-f79d05ee0da8def53bcfa6586b2fb9d062c8313ec6494c8d28f278faefde9c5e,Alarm or Siren,train,GROUP-f6dafaf5b633afaac2cb35f8d99f8c5b50f7c08d112a993f1778d0d9b2fd4741,,unverified_recording_hash_fallback
AUD-f833ee9609fc6d4b070aaf43a8ae93ef5c41f3b6285a2d3ea00996121ada5f92,Alarm or Siren,train,GROUP-e683c3734442e2d6d9218d3e1edba9f387bd4c102ee5d76adfffa8f49be640cc,,unverified_recording_hash_fallback
AUD-f87c3538b332cb38f677d2ad819a6a1006dedae914207abf73981c894ff5ebf3,Alarm or Siren,test,GROUP-9a563ce01206af9b38f384db68b78ab8169855582bb7e7237a8570ffa1944856,,unverified_recording_hash_fallback
AUD-f8c6a7567ec883a862229437a92cca746a25a110610fad5b9972bbfb42b04611,Alarm or Siren,validation,GROUP-8df7d92035f21ca245c84b5b6a4a9c06e89c252d20d533fc15e799a455023c48,,unverified_recording_hash_fallback
AUD-f9369e176164380482ceba50026adef89cd7113e538c6363ae5a373368b25eb6,Alarm or Siren,train,GROUP-151963c056aacd706a424a794ca0d4350d0c192cf5cdd702d08ecfc0093989c7,,unverified_recording_hash_fallback
AUD-f9c52f5bd81cd6a31937a4054b07deb41d067f36354071de917a6da00b87f0d9,Alarm or Siren,validation,GROUP-7157b60de8267fb8b57fcaebce137b2dd39207bcd8c2a4d922f933b05e33c1d3,,unverified_recording_hash_fallback
AUD-fa1882290afff6d411eb367a32658fc9a7a528b7c5f4994c02c647f3b8d9d5ea,Alarm or Siren,train,GROUP-fe9e9d825fe9f406c7d9437187f2b2ccec8f9ea1b9a4006fcc51c7659a458c0a,,unverified_recording_hash_fallback
AUD-fa2a3dd443c87762b8f3355cd828cc588be3e1909f12eb60ee6ee8f509580262,Alarm or Siren,train,GROUP-11577697cd8378dba58a490b8056872a452ae15ec94df193d022eee96f560d90,,unverified_recording_hash_fallback
AUD-fa72207b4820870e746a1942c8021c050ed611f2826cc8464fba8ca9e3a10fcc,Alarm or Siren,train,GROUP-317d02de173d77b362513d7a6ab112457028b346c4eae2aa1bce6ded86695385,,unverified_recording_hash_fallback
AUD-fb58e397b0e964a7db474fd14294f1a2bd52d85588bd617b106827f2861d9948,Alarm or Siren,test,GROUP-8797803ec2799b3358425775e80157a1d90e0881804b0e69d4aad5f0911955ac,,unverified_recording_hash_fallback
AUD-fbfd14f23a33104c3e1d062e7a177c7097fb04308fbc2bf721f27c98806d595e,Alarm or Siren,validation,GROUP-7a61b182ad010accbb1c7a2594c10f2f30d694fcfd633b47e7299149bf0095db,,unverified_recording_hash_fallback
AUD-fc0a4610a421a1fbd198ea637cfe87dd4a393bf7a0413f8c18ceaa9c955f2e84,Alarm or Siren,train,GROUP-7a9444ab0489a55f665eb8c0701e48336eaf64824a92ebdb72aa0761c0d2ffa3,,unverified_recording_hash_fallback
AUD-fc15ea3928a80c15dc596b303ad6efdb86e25e3a809512c7cd9245d37f0e6d73,Alarm or Siren,train,GROUP-7bd40a80ef92fd362feca4e232e95269af2b269ddc03896311852d1128ed8738,,unverified_recording_hash_fallback
AUD-fc312bbf057eb78b6c532e1cc2d10b4293a0ae090e5a60909218c80e0bbd8e01,Alarm or Siren,train,GROUP-1a04f46993e63e6092249b6b6443ff462fbb7886d087b155e07dbd2603883a97,,unverified_recording_hash_fallback
AUD-fc376c7a4bfdd00cf037850d5d66e22d02fde95354606388503d061f87d148d5,Alarm or Siren,train,GROUP-a720081f83272124f27768c108210903ddd3f04ff0432a6ce8c976d4d311c97e,,unverified_recording_hash_fallback
AUD-fc43078054a6ae64a100bbae5a5d631ce4587ced741f972d4ce3884573c5cd92,Alarm or Siren,test,GROUP-3632f6c2e9def844e17c906038d6a2dd381c666a539b52c452ae73470ad4d370,,unverified_recording_hash_fallback
AUD-fca8363158b504cb661cd8bcb1c0e8eae5b95910602310595c238592ebd8ad51,Alarm or Siren,train,GROUP-1d9e2e76a74e7d1b3cd4340e977555b731fb2e70837ae5104338ec857ae1bc9f,,unverified_recording_hash_fallback
AUD-fca8e78d414b452c86e9350a6bf1843897ab1ec93dcb38eff12d63cc94da95c4,Alarm or Siren,validation,GROUP-9eec2eb030c633bc143f1a2c4280714497392d20355ee61e714bfebefd7cd0cc,,unverified_recording_hash_fallback
AUD-fdd417007b881d0f6626403ac6ccfad12e3e3540b56b57238385ee4c1e1eefd6,Alarm or Siren,train,GROUP-a124ba21eb67b56aff70485a0bbc7c520fb117b14e204a2c6f729481795b14ab,,unverified_recording_hash_fallback
AUD-ff47afbce3550fed4dfd36e57b599b63700c72cb1ae99a8e918e0a7dae7add25,Alarm or Siren,test,GROUP-4bdc92191e89fcdc2bf7dff2a755246aeb0bcabcbfd790e70b8e99408f4c0d71,,unverified_recording_hash_fallback
AUD-ffdaf3cdd19b7e4c224847a059fb49722e5f17c715b13e25d31461dc669bf999,Alarm or Siren,train,GROUP-8cc33793327c81ae0043d498a433b6b5a767b793369675c3b3533f18627bdf80,,unverified_recording_hash_fallback
AUD-ffec5163bafd7316b5f71fda1dcca60662db93750fa058c5a2f2fe3118956a0f,Alarm or Siren,train,GROUP-90c50cf213b6f70fd0be02d42ee5bb8c06fe4bcaed8562e12e21260abdd93d79,,unverified_recording_hash_fallback
AUD-0015aad0da8129019efac0c3e4904b89c6420bce007cd252a4c278d67511d68d,Animal Sound,test,GROUP-38d1ed3ebfc972a29393f01dbc4c046e66a6c558d10f10f50979d299db704b77,,unverified_recording_hash_fallback
AUD-00d5e538d952991723996c660bade2eb446b7aea8f2d1565a24a56ca8ee61b1b,Animal Sound,train,GROUP-e703a67a23ba8cb6f52bfcbf2e738fc9f752ad5001466846f94104c9c846e21c,,unverified_recording_hash_fallback
AUD-0268fda79124463c3c0333fd6f8ede0630068d206948866959572bbbd3155630,Animal Sound,train,GROUP-1e5a6deddd066504ef32b376574dee99082189d287c0542e57d7fa64ecde588b,,unverified_recording_hash_fallback
AUD-03b0445f08a9665c0712fff3b1c0d32a4f4916e49f6cf5a8ba0c3d43b9800946,Animal Sound,train,GROUP-c7322ec1e48fee150f110cc380c359080807eb0181bf07a6396de34379d48eb7,,unverified_recording_hash_fallback
AUD-043196212bc0b8dca74f721b5029aeece934e86a8c268503880221ee5e31ffbf,Animal Sound,train,GROUP-f7013a8e742256810f10086b5aa891d00806dff74cd1fc07fdc1b83e931ac416,,unverified_recording_hash_fallback
AUD-044aa50128961449df9675d5b0234243d30dee956188fb482b8d7b722897fd10,Animal Sound,train,GROUP-1b336235ca03df51779c3664e9fbac14adb1765dd8dacbbe90f0b23a6d1d9a8a,,unverified_recording_hash_fallback
AUD-046cabcb258bcc0ed1f9565b8025451ad5bfdad4dd3c69be7bd3aeb9e24bc503,Animal Sound,validation,GROUP-eb37363180734f1cc3e5abf637d8193e2afab6f81df2eea08ecc544f6f3c2f3a,,unverified_recording_hash_fallback
AUD-04adfa90679755f1eae27cf36e9fcbec900f1711303ae12238e81e373915bc16,Animal Sound,validation,GROUP-11064472eba47933b8d924c4a60f4be32d43bcb423df36d10d96fe092eca2bc4,,unverified_recording_hash_fallback
AUD-05f15a091fbe074dbe63cb9e7e7108fc008421ac63f3845d6a925934301d204f,Animal Sound,train,GROUP-ca5d8654e477b39b639032b73f8dc6095c4041e4a7f6fb6885ef403a089db001,,unverified_recording_hash_fallback
AUD-061113c97fd5443e24c4af52d789cffed63f001eb31c8b72ab126ab8cad6c414,Animal Sound,validation,GROUP-e0240349025d961f41c79df96a3f8ae6d20208fea7bb9e11f87bfc1fd568fd5b,,unverified_recording_hash_fallback
AUD-066e712f07324cce7c52c7a5d8340f2d555ab632412f64b1d13f47b4f91ef7b2,Animal Sound,validation,GROUP-59c961f13dfd28299c4aeb106ff765bf03eb0146d3fb2b3ec633e3afd0ccb429,,unverified_recording_hash_fallback
AUD-067ada3a6db92fa878e7823e64a67261be636bb63e6f8f499489d3fcef1d4e01,Animal Sound,test,GROUP-d4195dee8d84efe138dce303ff6ccb670042f7566d1bdf63a5ed25902ee5bb25,,unverified_recording_hash_fallback
AUD-07c6e6bdb640e3fbef6fe7cce676911b1bcafe47f84221d38389dd3275c1ba7f,Animal Sound,validation,GROUP-a912d90b2ce247c0d08e1ab13ca5571c11afc66382f1d23d88f5f779dc487e94,,unverified_recording_hash_fallback
AUD-07d0ae66bccb6fae9da90dce43bf9c632f2e8b68c5b85662b17d5787f8e4a100,Animal Sound,train,GROUP-0f054132b6ea9ffe209963a898d161dfdf251f210f7b0f4f4715f58d06002236,,unverified_recording_hash_fallback
AUD-084b10cc4cbd27533d14e87e0559f8807707f21058d050077e958e007b2bf873,Animal Sound,train,GROUP-aa9631ed8bf7c9e3af30f7a7a63bc33e0384d08798223b1716919256026ad868,,unverified_recording_hash_fallback
AUD-087fbaf002029bbf4425a653aa3dbb7bd00be2387c4d246571272bde1a0f5ac6,Animal Sound,train,GROUP-3e0d0f56567b3f1aa1c666879769cad9abb1d3d4fb8ddcfcf5228c2e6436c678,,unverified_recording_hash_fallback
AUD-08c0b2276dcaf9a2199ff2c0ee397f58c0ccb95af67a9af9088b699c61e1e66e,Animal Sound,train,GROUP-386dfb43e12fe16f687148b03b1641dd25cc492b60099ee25bbb241a35dd4298,,unverified_recording_hash_fallback
AUD-08daa12f3e5ed9d67d23b5bd79d48ce164c7e9fbf4392c8fc32bcc4aaa7d296d,Animal Sound,train,GROUP-d968375b8600705561b2bb2d5bcd8ed9bb5f42e60c995bd42e012d9d98d8b412,,unverified_recording_hash_fallback
AUD-09c8f033eff49301fefae5be04eebe7a79deff906ccb89b636dc632b686ffeea,Animal Sound,train,GROUP-248c3ba6cb745fa250f2621dd31b87a3e6639684dc3f5f52d13e72b5d59b3ad0,,unverified_recording_hash_fallback
AUD-09d46236aad6a019c4c9ebd09b49b920903240f49673c670ca94270f73295277,Animal Sound,train,GROUP-4e75091a4a7e16230938ae991dcfbc81c216602ba09bb5f39112049319815f4f,,unverified_recording_hash_fallback
AUD-0a5aa32833d214b0d3fb7bdd46e61daf530f681a6f4cdf2fc7844be803655ec0,Animal Sound,test,GROUP-5e39f9a7205e50f4aecf41d0fe3653fbf24f026cc486b0f308e40622eb405980,,unverified_recording_hash_fallback
AUD-0ad30b941367ead8c345e42427e5314f3c8330593be70971d1a9279de9ccd197,Animal Sound,train,GROUP-2c7e063cc2caa831f81119460ca7bcb248f76a1de10e421c30e68ee5fadc1158,,unverified_recording_hash_fallback
AUD-0b1dc94d08d1508a8c148338ae730ca8171f2d705f15832b3623357d30662812,Animal Sound,train,GROUP-775456ff52e1abbe962bd548ef26ae39613c2792623c76cf78961529944469f7,,unverified_recording_hash_fallback
AUD-0b41441e1897205baba08080ec5ec09ae415a3e62abbbfcfa516a064137dbff6,Animal Sound,train,GROUP-b23cb9a8b0ea4e71d979a2ee7de93770a85a2f92b351f4443b200b77cf4b0dd4,,unverified_recording_hash_fallback
AUD-0c540d808ccd588141e4238a194aa8a6d6ed8b1db9bb8c04ef7bb7d17c7d0154,Animal Sound,validation,GROUP-b6a88196b9130b13440cf7b02ef5ca0da2a68994fdad181f74a8edfcc4ff3ce9,,unverified_recording_hash_fallback
AUD-0c98a337384525a09ca2f4aa7ee32c3bc5b7fb3de9c6fdc486f4105111016b76,Animal Sound,train,GROUP-25736646935a3ed5a8df6801a95404773f763e5982081c67e673d04609cb69d2,,unverified_recording_hash_fallback
AUD-0d47216422eef9e53e7ff9cf3ae6403a04b8f7414141a69d43edd914672a213f,Animal Sound,train,GROUP-1501230090d4f913d7485dfa2ee3dac16684f969e8f39f5a4fc885a6eae11bb9,,unverified_recording_hash_fallback
AUD-0da14168e72a398611ce5148957f19a3257bda219eb06188e0fcb2951bdbdbfa,Animal Sound,train,GROUP-f3f790714e579f0d72358cd2c42bb2f8038599ec2b583ef39cda7c1b5ca32a78,,unverified_recording_hash_fallback
AUD-0dc1834f5bae106217d774eff4955ccdeced1d8b0e8e21a2b2b0693caaa645bc,Animal Sound,train,GROUP-e9fa7341a40c2563dcd69ec5fa9c9b9ffe38363317181c3b0eeac33f811b9ce3,,unverified_recording_hash_fallback
AUD-0dec279ed29a46ef35df53f2469ed8ba9ff350220a91110869af4df6f6b8adfe,Animal Sound,train,GROUP-3d3deaaaf4b4ba1edc69f6fc6052f5ec7e496a4927a7d25ff03f31bc6e519a76,,unverified_recording_hash_fallback
AUD-0e18c149428c49bffaa147ceb2c6d6f82fba5fcc1ce24048c3ca1939d4303615,Animal Sound,train,GROUP-4d3842d684af769986c78e46e355ac92eb0f7c35a82558e30e124c9d560cae3a,,unverified_recording_hash_fallback
AUD-0e604adc4e39949448456cf4f18b56d20bc2fe53e9a072ca10a1d155de7d7d06,Animal Sound,train,GROUP-85653fac0663578b61c871b5e80db2daa96f2f9a02d0b190b3d520ec43131cc2,,unverified_recording_hash_fallback
AUD-0f7143c182c44444ebb6530e3efcd0093e9efb6ccaab9b69e2588e910cedd360,Animal Sound,train,GROUP-6f139e5e32c1dd0003663336ca45ff1d1b8c0104b2921313b5e9d04da08d76a5,,unverified_recording_hash_fallback
AUD-0f7887144e4c22f3657a984e5fc60cb605693dbc5c8fcb7a5e8ed8ebe0d91990,Animal Sound,test,GROUP-e641e8138e74a56560eb4b28f7910769ae61220dc3c4aaaaa022edb04945fe78,,unverified_recording_hash_fallback
AUD-1091821a52ff0e8f6ac78116d1a468b7b033cedbe070d5eb4dffb19e5cd0a46e,Animal Sound,train,GROUP-19c9012606bb0870b8e012acccc8fb2137a79b86ceee709a00d3b4fedcf36a5d,,unverified_recording_hash_fallback
AUD-10ce9fe7d18ae2d6ce4cc1b95fb61eeb39da34e2ae78af1ae2a2baf1d539655f,Animal Sound,train,GROUP-131ccd92b10b5ac8aae188023c3f6028710675014809fa68774b15aaf438724c,,unverified_recording_hash_fallback
AUD-118fcc02f893bb9c6b1a4a2232b36e5730b5df94f8ddffde714414b780983caf,Animal Sound,validation,GROUP-73a43c87eff4943f4ff402bf22f1fb2115339fb5240535afd7555d19b098d791,,unverified_recording_hash_fallback
AUD-13482a39329060b6117a481aeaec42edcaf5a635d934f2e17f5ab79f50056306,Animal Sound,train,GROUP-9944d3bd81f08849e1f5a2c37eb28635dd850b5230ec76ecd35afc6f94ccea5f,,unverified_recording_hash_fallback
AUD-13a3d3d16b4b2dc10d8e93649c4258081762e382351f3fa30313e4f7ce643c9d,Animal Sound,train,GROUP-e2427434b3252739a13ae7913ad1a7a9bd08034ddf6f0294d49bc5a121b3e010,,unverified_recording_hash_fallback
AUD-142a4d5da746add60b80cbbee81a33f6f0623b5028b402b7e0527c9d41a80191,Animal Sound,train,GROUP-6b662665e8a6e8c4cf860c5d4ca087c12a1ca4be5a7f8aea097b5d4d1771428e,,unverified_recording_hash_fallback
AUD-147911ded3c850c862ef69a291bd7b5b5d418b2059b5b7a01f874c3ec79fd9f2,Animal Sound,test,GROUP-61ffab184277fb58ca9671eeca6fad3cf4e1ab5e067596d0a4ce3c6ef4bec912,,unverified_recording_hash_fallback
AUD-14e0928d1ce58bc0519d69a2401ddf96f44f1517b2e00e34dae9ce1738d609d0,Animal Sound,train,GROUP-39da9ebaa2434b37ac559c8967dd08f5ef3fc514c0e2b7648bd3e8ac1c11181e,,unverified_recording_hash_fallback
AUD-14e31cd7024b515ff769c46de363345fc7a4ac666531504a0b782f4a060a43d5,Animal Sound,train,GROUP-e97535b66a8b3cca954e16d5a3b04e59c1ea5e3d2b2828636c35d11e51896b1c,,unverified_recording_hash_fallback
AUD-150462dd6a7ea1f7c51f63a7acf0455411f21e9f7dee05ffe630870df67f1078,Animal Sound,train,GROUP-486347ebba5fcdb9a87f5c0a24e77f6c2182cd92ee762f0bf735fb2824fc3de0,,unverified_recording_hash_fallback
AUD-1660f9dbe0c90557930b6eb5f575ad79d8c6fc5b586d81d86604daf3e065657b,Animal Sound,train,GROUP-7dec93381497820a1c82d72cb10a8a752217a69a8d6563f6372279efd4b2abf2,,unverified_recording_hash_fallback
AUD-16a7420c7a9fad21784cd121d1747b6be6629802beebabb3b99f49529dfb70d6,Animal Sound,train,GROUP-108132260034eb13a4c394ca05d5799cde47a5c8c541aef13e76ed45b020812c,,unverified_recording_hash_fallback
AUD-175b979ca5e971519ce5552e3891b818662b8ee5154ff1c60b8b628068a19ac8,Animal Sound,train,GROUP-4ba767c166327673514556e08c50535221cab5d575a3ffc4783a1c140f39f413,,unverified_recording_hash_fallback
AUD-17cac228823f7f29ce319f6e667ec22adc61100fdf06df3b4a83dd5b84609c2f,Animal Sound,train,GROUP-4c5a1152d7414b915cea3f563c69d054e82fec782de42031a560ef4a1c9e32a5,,unverified_recording_hash_fallback
AUD-19348f66376b6a62ef5ff580bb5a5e7e8330dbdbea89163814ec1b0f24cfaef8,Animal Sound,validation,GROUP-f0b2965dc4650db164e1c3c66505228294fb1ca28c801b658706ccbcdff461cc,,unverified_recording_hash_fallback
AUD-193cc33640048892199c203e95bf6b14a5335baac8a47d68b2bf8f00d75b9105,Animal Sound,train,GROUP-4de7362aa386345d9014cbee34d44953caca5b9938a8d78a42a52d3bb70767b4,,unverified_recording_hash_fallback
AUD-1951ccbb72475eb83c1c3ac9492392be32a702477a7dcb6a6ce553bca6d7d3bb,Animal Sound,train,GROUP-b0d3bd133f011c9e67ccb8eac99e326ec04c68baca87f32ba02b35b30c734f73,,unverified_recording_hash_fallback
AUD-19a6cbe51165bdb5539f8ce9be6ae1f7503fe35369e5879ccaf861614b0af731,Animal Sound,train,GROUP-1f1db7aa4cb8ae79513da01d32acc984da139a9d293b1d26cbbdc1ceec17a2b9,,unverified_recording_hash_fallback
AUD-19b8635568d863215d05bbbe51862c92a3a6dcb28c73f395ee2ca80b9599abd8,Animal Sound,train,GROUP-b646f5cac9a41fdc91a510d9576478789ef2a6c36741aa5e5124157cd7c3bf0d,,unverified_recording_hash_fallback
AUD-19e909491d3895f3df0592e1341a95495fc594171cad0c95fe9bf23a974673e7,Animal Sound,test,GROUP-c115bc539599295f08f444b65478bf17789294e0461e50d03c49b643f6c60b60,,unverified_recording_hash_fallback
AUD-1a7b529dbc6ac8f14d3cc6ffa2fcb87cfcf1a803953322d0c54299077bdb47a3,Animal Sound,validation,GROUP-48a1dd7606f12b72268475f383cd6d087c0144d1053eb3016d0119b3cc0e905a,,unverified_recording_hash_fallback
AUD-1b1b50e4667684f5f1d30eb3727d32f87819a175cc91870355009b80a03cdca5,Animal Sound,test,GROUP-1207772ece83531527a0d5a6542fa9a815fabfc0009fc4bce5128f5fdbbd511d,,unverified_recording_hash_fallback
AUD-1b48525e671d33a1e8c849d31c3de930addbf6e94dbdd4c0bd53cc4155057d9a,Animal Sound,train,GROUP-9a671db207542096c7c2784896c8eacd83ff45a2151484bf4f352e5eef07ceaf,,unverified_recording_hash_fallback
AUD-1be723492ff84b1dfc4a4ed23a8d3da4b0a314ae6099667041de114aceff4b17,Animal Sound,validation,GROUP-1689306514ebec0241afc7ac293e1b2e01b1956a633d8a6eff36186e6372f692,,unverified_recording_hash_fallback
AUD-1c1d3a6621e933a7133835cfc7bafb89e11094538815da1c9c652614d4896599,Animal Sound,test,GROUP-809afbb5443f0d2e3043a6b6cf58a3201af6fc4d11e87bf258614a8ee40e80ed,,unverified_recording_hash_fallback
AUD-1c498db56237ae73b71a232653544200fba809a9c42d4f1a83779c6aa6762843,Animal Sound,train,GROUP-76f802795ef3a54b735b3ed1a1c40d2cfe7f6969c55f1a2519c2cbc3fffab0ae,,unverified_recording_hash_fallback
AUD-1c7ef9d4cd0b03f563278973801b31ab47a69dcc20eafa5d1cb26fdaccb807a5,Animal Sound,train,GROUP-b6e60b97f058a1777c0a2b68f8dc4ef06f0ce4be8f1db971d3d28bb91ce1d604,,unverified_recording_hash_fallback
AUD-1c81ef011f64ddb78447b1b5b24082db4654c960f96fe3b87d6976e2fd45c581,Animal Sound,train,GROUP-1df23b56ededa710f90a5a169b4b311b25234d8b95418bf495036af7e470b08e,,unverified_recording_hash_fallback
AUD-1ceedff6643143c1293d49b2be94bde3e2ffd163f4776caae383b2c1b66ad75d,Animal Sound,train,GROUP-0193600d28b7636be85f79568fe6ec6beb0dfd9b04a5dd4f2165a2e9593998b8,,unverified_recording_hash_fallback
AUD-1ef100686f3211087b6d85fd5350fd7d64a63236d7ad648c272bc5005697e314,Animal Sound,train,GROUP-7f04240efc1bf9987eeea93f071731f17d891356137d071dd9ff612615f1613b,,unverified_recording_hash_fallback
AUD-1fc54f03e16456535a4f6c2671c71db8656151a2c86a119e90908d9e0dbc2f79,Animal Sound,train,GROUP-65e36a7721e5bbe5aa91c38c7b4e1556aff63028589d843f3646e68d6ef1bbdb,,unverified_recording_hash_fallback
AUD-20dbeb2a7c50844be0d1f813985c3dd7d76a2b6c05be9c5c8aeedfd3beeeeeea,Animal Sound,train,GROUP-da6cf5c36e8860c50c5660b040755ca4adf8b1200a27cc82129db211f91d34f3,,unverified_recording_hash_fallback
AUD-21b74f110195fb7f9ec03596d458f27dcc0576ba27587000d1833fc752433dbb,Animal Sound,train,GROUP-8604f9748363cbd40333e0cb610031b1661e91c63cdcca4397849f87784b64a3,,unverified_recording_hash_fallback
AUD-22969c92357e01377a608be02d612839dfc50899e05fd9ffef91b9c6b8bcabfb,Animal Sound,train,GROUP-b1aabf73de7f9fde9b99f37d695d2c505541c81fb6e098a5a7232db3ff176ddd,,unverified_recording_hash_fallback
AUD-22cc9b70555e6407a6a8afd23c55dca32b5a5e69aaa028aca7c1fcfad9885a10,Animal Sound,test,GROUP-a717bde8184ec47325c4553bf7e1d7783aaca1c6fb7bca4c19156e18207faa32,,unverified_recording_hash_fallback
AUD-2345324484c02e492e31ddc893ad152ddbad9340e93046ab86ac2da2c27f3179,Animal Sound,test,GROUP-bd3bc147b05e6c1fd2f1caba49c2bbc6b8756f277f6063ee42cace7e3d8c6ac4,,unverified_recording_hash_fallback
AUD-23797addff47a89e0f39d4c8ca91ba263282c3be5282f7f01b651255bf07d85e,Animal Sound,train,GROUP-488a045881de1d74e94056d1eb69f41365677fed505f7da3c1c5688553178d73,,unverified_recording_hash_fallback
AUD-23cad310e0d1edee28d5ec2c17f81265af4489f7f04edc47b65d447115221e5f,Animal Sound,train,GROUP-856bb6e7c8e773f206a40082d8fe8757c3696c175ca09638e28ac0acb4035f95,,unverified_recording_hash_fallback
AUD-23d5cf3a05b285c5da4411b94783e91e1d7c37914a8c4fa92b77659e1eb6e95f,Animal Sound,train,GROUP-61a0163ebd072c4b116fdeadddd87f24ef03933b95ada2dfcc0e573bfd29f2e4,,unverified_recording_hash_fallback
AUD-23e608089604697d195a7e0b6eba1b7101098756011a619ccbbcb085a4926802,Animal Sound,train,GROUP-2a0b6391d7ba2c20cad6fdd1d18c675b1b6194fc6b677c71f6b35cc3b160e8e1,,unverified_recording_hash_fallback
AUD-245ba78c41fac978cbf8d96b7e3a428787228eef8bd648c7b6950783ccedcd3d,Animal Sound,train,GROUP-ccada919c0ab3d37f800956242c8d746d6078fb1d98b5bc718f065683133ae45,,unverified_recording_hash_fallback
AUD-24714fa8254fe9cf55ee1eca4c0e6714d746161b0d0d988d9476fb4a31aef6c6,Animal Sound,train,GROUP-c4ac8b155751f0ebd8c3c17721eba6fffada0686a8c27811af9343b9556992b7,,unverified_recording_hash_fallback
AUD-249ad05f6b6511d2b51ccfc6b291b383273c0fd25b6135551ea50bd92981fcc6,Animal Sound,train,GROUP-e6d0d5986f0e507d46eb4f4267e066c51d4a1c0e7a566b8b6a3afad4dc42504b,,unverified_recording_hash_fallback
AUD-250eeaa50d0478c3aec0c4e9147acbdabbfe693b1049b9c8fee5099912639d65,Animal Sound,train,GROUP-9368baf441271df36dbe4ebe5c5b41705fa96be8f8d319fb33a84147cc90691c,,unverified_recording_hash_fallback
AUD-2614893b6db91825685142b8ac9c5e1e9df54bbbb689a94e4db4fd8cf3c550c0,Animal Sound,train,GROUP-d5689f0d5a4af00aa1125e047bb0a7cafd23e3d4b9d3802213d72add7156da63,,unverified_recording_hash_fallback
AUD-26ed75e31e5ec93c3c8030434bb9ca41a767883f0a144d06d87c12b167f925bf,Animal Sound,train,GROUP-f1027f805ee783c894a5b39b725c791652e39d4dd61095166f24a153398dee4d,,unverified_recording_hash_fallback
AUD-2721c8c9a5e694ea23bf99139775ca9e8e29618117cf300d6c09bc29f03ab7ab,Animal Sound,train,GROUP-a60ad94b21320c7179d74693e61def89e7935be51ef059710a0fc1bfed906eac,,unverified_recording_hash_fallback
AUD-2747ffbf910843e4dcb0fe4250f604a3fb25646f0636e28c9afd53411171c6e6,Animal Sound,train,GROUP-c6271bdbe998f1f09fa302297ecec07ccac4a8085d47d192e19dabe42deab5be,,unverified_recording_hash_fallback
AUD-27681a99179aae1d8cebfb507bcba1ed5e04949c8354d38d8b5a8a7854698e5f,Animal Sound,train,GROUP-dfadb271c8a9bbf0b568301accd1a4d052f0bc08bd716b6929720c419990415d,,unverified_recording_hash_fallback
AUD-27954e9cb5e4b365777e2ebfffbe083058e7357eb02f9d34aa5f7ed27ad1bb90,Animal Sound,validation,GROUP-b04bbe6e251dbda0ca8328f90e26745ab8f69b24d771c7fdfa7ef01d37966a08,,unverified_recording_hash_fallback
AUD-27f74cfa7ef4427625665d64c7c47a09ccad0b02cf4c46a9c3250fa6fe1da1c6,Animal Sound,test,GROUP-222d28ce235ac5fb7d4432ffdeaf06c8a416b13444da28032b25c6589dd8ba3d,,unverified_recording_hash_fallback
AUD-282541d92ae9ae4500f7c9674e4579eb4f4c5bd82bf031aad7693bc4872eec84,Animal Sound,validation,GROUP-0ec6835083513c1aefbb2590c47ce6e60097facbe6fcc3a2b0c34684b73a9626,,unverified_recording_hash_fallback
AUD-2833a3720a517ec456b242429984e6a5dd9f138e90aa5e874cdd489135a6cb58,Animal Sound,test,GROUP-75e034266d981e2e83721de46d903bc26ebc0664fa9f29fc35a0953e1d716dcf,,unverified_recording_hash_fallback
AUD-291665dea8601ab971f7529b9974ecd1de2c7d76765410ea12825151b80651c8,Animal Sound,train,GROUP-91e606141d99f7b88ea04ba647e08379f715dac76016bd1b393d13a330193da2,,unverified_recording_hash_fallback
AUD-29309722428fbc63d7287fbc59bdb3d79eaf5899403a2767aada6f1b675cf4c6,Animal Sound,train,GROUP-501d2518d72c9d4222f66475a27e8c0009c8ab9afad4f0977a3da38f086bd724,,unverified_recording_hash_fallback
AUD-29629a13cae615946ebdcfa45dce684d5782b1431be39a2c61ba0f2b41ccbac5,Animal Sound,train,GROUP-47970f7ddeb31ac06076ee39f1175cbfb5dcfff4de6b9bbc17f1f0d8c23756e2,,unverified_recording_hash_fallback
AUD-298712b628a04535b785a6b3b96b7ddeb415599c8bcda2405bf03e07f0edc188,Animal Sound,test,GROUP-a3b7eee37d867a6613c4389efe37a8f4d5b43cdf88276a505a4a5c582f2b2890,,unverified_recording_hash_fallback
AUD-298b53c53e8c60fb48696eafa46736150f195c895864cc185ceec3d0f2f4f9b0,Animal Sound,test,GROUP-fe31577565d5f93d8468dfc81aa55a24dfc60baf235c965fbb34c0a4a161e611,,unverified_recording_hash_fallback
AUD-299bdee53092ca84f35c44368e002642490fc83eec74eb326a7e7a3d487fd931,Animal Sound,train,GROUP-9386ba6f1eadbdd6b4c411691991d94384c3f547ecce1869e5ec360205da850a,,unverified_recording_hash_fallback
AUD-29c580857cfcaead8d1f61eff43b1e4eb007aab9ce2d6df6e4e50a1ffb0c7745,Animal Sound,train,GROUP-a73f0307c26f2ea95d9eb549ea1d445d636344d38b620cd55ba40ee12f50b864,,unverified_recording_hash_fallback
AUD-2ad9417378b4a438929f53077aa0870a36241a605c48e1108bed4d77cffb7cb1,Animal Sound,train,GROUP-c40ed3bafad6578668a2a1c6d79de72a40f62a25ba82d6cd840fd40fe7d8d016,,unverified_recording_hash_fallback
AUD-2c09b01c85700865d8d581064e0bacdaf7d11cc8ecbcb713d8aa4ecbddc0a46f,Animal Sound,validation,GROUP-943e2a1edfee99a0c7c04c32dc45ece142a426ddcf78187e30cb100c6fa2ce38,,unverified_recording_hash_fallback
AUD-2cb40904e80eac6c76a5000022ea1d126cd0d76751c0d43a06506a848c83e279,Animal Sound,train,GROUP-dd4320cc156d2ab7c5e6f3113cc408d3ce6b68f1d858497d5ed81654cea6c28d,,unverified_recording_hash_fallback
AUD-2cbb2e2a4e1aac0fa226e6565dc23de664049c89529dd23ab6c782d0c2c8c3d8,Animal Sound,train,GROUP-09d731811b6e22e89384098eefc3f6888e662cf451eb1b3012f6ade20f2eb05e,,unverified_recording_hash_fallback
AUD-2cee51ce47d381ae88a7601bf78cbfde7911be830c0485c407b5437d7a5a25f9,Animal Sound,test,GROUP-b79b4e0ba2cdb29d7be45e1c14da0e277f00d8973b63c2886276431ac3321ae7,,unverified_recording_hash_fallback
AUD-2d2b28f2e9d417e664c70948728a478ade764be3dc7c596ccb9deed9fd55425e,Animal Sound,train,GROUP-c60442fb8fd7fce53a1585703ee1b2bc7d6e2082810f28c53292b323e74be6c9,,unverified_recording_hash_fallback
AUD-2d8c16827d1d4b6c99dce7904e4d5ba8517b3578d9c5ee4997b731a1559bcf45,Animal Sound,validation,GROUP-345a8ac4e91cb1bbaa267fb02219cf7fafc33d5f951619243bd634d38ce6d7c0,,unverified_recording_hash_fallback
AUD-2d989ab3beb75ccbb5e8c8df41c85e43b77db634b94ac415106dbc733cc101f3,Animal Sound,train,GROUP-6722456c3c57fc5fd708a4f0cc976bce5c9a375e89577bfc5ea6774215e4e272,,unverified_recording_hash_fallback
AUD-2e1a91988b2b81a20984b44d40faf711c106f473b60bda3286f2483cbb190c16,Animal Sound,test,GROUP-e034c6fd4434e168d00402a382ec094e8db56b1bb29ab3e0c8061ef2117fdf18,,unverified_recording_hash_fallback
AUD-30495c5ad4af2efcc78a9049677247854535979418216c94945e54d08430040c,Animal Sound,train,GROUP-11d7abacf49847bd0ecc4ef9ceff6f10ed432078c6888695f7b47c440321b9a0,,unverified_recording_hash_fallback
AUD-310574424f6736f242818bc16635a3c656c9b09abbcfb14f8e51a4415f84ff74,Animal Sound,test,GROUP-0d43ff9af8a05be8c7182fa567d133f2250b714eceb883fb6902859fbc21e809,,unverified_recording_hash_fallback
AUD-3107208054f3399ae7d532129ed37ffc6cb5d14d53971536468b95f618c1982a,Animal Sound,train,GROUP-fc93bb28695a81b8c50e8c652e2d98f0ff6f525ec676b3940446eff354e6117e,,unverified_recording_hash_fallback
AUD-32178a2f5e7f9a6dabc505a332b56caac8420cc81fddcc2a549ede65ea7f3460,Animal Sound,train,GROUP-fc4212a2e87782f8b4ccc33ab0832abdc784f3517a368ae7bf746718c6de668a,,unverified_recording_hash_fallback
AUD-32b944982cf6ba8f08cbeb2cd5ba2beb3d126cc6a9596a480f2ecef304e0c2fb,Animal Sound,train,GROUP-3e8b5e1b6414ca42ab8ca8c5079767c7b9520889b6ddc189f3cdc29de96b6699,,unverified_recording_hash_fallback
AUD-3303d99bfa79dfaa7915971540afe9593cdf0ebeaddaa786ce119e0061c3a44d,Animal Sound,train,GROUP-e994b6201f4e47eb17aac9b3492ee852b5d83e611c86794361838693b5067432,,unverified_recording_hash_fallback
AUD-33a7fa160e2af8f69df1fd4e51d95f7f2f58664ab8d3f02f806cfce2aa5879af,Animal Sound,train,GROUP-f176fbecb4e410ffccdab54e3b40fe280a190914f7c8f3b65ff7724359a1645c,,unverified_recording_hash_fallback
AUD-33c969930b0c500556ee0c28b61eaf4f39d07f4ebedae616b547e4c7730d7988,Animal Sound,train,GROUP-3f6b08ce15c01c49cb5fc8201ca95e8e00c24d5f75b017e406620b08f05f1855,,unverified_recording_hash_fallback
AUD-348cf59fb54ab6ea67383a9be420e3be38c204bce8251678ffe0982aad95787c,Animal Sound,validation,GROUP-8a6112315e2f8ee0886e80b67b036def072572e5e5405170c653727ba1504fa6,,unverified_recording_hash_fallback
AUD-34c7a7b1fab2fc9f5463701300cbc05a57d3fcbdd45fd675d4869b17916a963e,Animal Sound,train,GROUP-1f5619e0a0125593ccc0b67cdf5e56aba215e35cfe8058ddfef9e8a301561a2c,,unverified_recording_hash_fallback
AUD-34d0ec4b366b15eb8b41f2a98cda90db3e75f60c3e601968646bf9024e9e3f70,Animal Sound,test,GROUP-4c771921488435db829f7464b4b439061c70524ad346bef0918cc36e6c9db03c,,unverified_recording_hash_fallback
AUD-34ee98fd4b6ee8005145dd8881932c8a74c63b5f89ad4badda8a9ed89674e615,Animal Sound,validation,GROUP-b918c0ffa29aa2151402024da9c2f684a1938c7b4fbe99e9e87a1888c9c64639,,unverified_recording_hash_fallback
AUD-34f84660c886dbfc0e06e3511f1b8ee41d6924a733f7ed1157b4b4d162885011,Animal Sound,train,GROUP-f0cc850ce7a66a4ebd522c8e57a939681a12297f72701d2f4e3587862f1005c4,,unverified_recording_hash_fallback
AUD-35fe1c4d04698b75d0a42e311754d54d9d6213a02864e4eeb9837f49da6cc470,Animal Sound,train,GROUP-3884503f4edce1e305e5b49b08a239a80bc975225160e73010d4bbb242718e05,,unverified_recording_hash_fallback
AUD-3608fc03c64de2a399618eb804530a4c9d1c39997999759371d8ebfb1d28f9ad,Animal Sound,validation,GROUP-6dcfa7173ac96dd29c271841e79a0ddb0e7500c98ba2b24e0d792f51689012fa,,unverified_recording_hash_fallback
AUD-3670063e1a701ff829b798310ff1d5e1ed1f94e7152a0f5a40989aeea8be3640,Animal Sound,test,GROUP-ac68dde1d52e413ab1d57f47135e5f9c1f0b40cff86c70308f75a682b5d26c42,,unverified_recording_hash_fallback
AUD-367174efeb5e92530f44aba6ae0ff96abcaa21bb2659eb3ff00fd2ab7120e541,Animal Sound,train,GROUP-b5840c014dcd6ca6604a9c9e18241aed5c587100777147f0110fd2c8a4bd3e6f,,unverified_recording_hash_fallback
AUD-3704744cf72fa77b60a4cdbe2bc2d80f26564155d1b04dcbf7f99980962a92e4,Animal Sound,train,GROUP-2427c63c50ee498761f8ae3f09d238bd76491f49a51d179cfb90b84efc95de99,,unverified_recording_hash_fallback
AUD-37501765b1e0059a8d2cd8839173e0aa73d4a7b2e9c6c3313f9b3a5ac9c3f0d7,Animal Sound,train,GROUP-5d7a0623aabd562238f62254af94f37f5d136a9eff5b872b762bec30b9b84646,,unverified_recording_hash_fallback
AUD-382de2457d14d4a7c1e4fd1675bc19c22351306867dea342376b67931790649c,Animal Sound,train,GROUP-341b44e5d48743514f7c2347932d0bd1e456b15106fba5471bd6e673e01ff1ed,,unverified_recording_hash_fallback
AUD-38a3d295e8d262422ff9cdc44e400c46264f0ec9f90ae633f41ecca624eb46b3,Animal Sound,validation,GROUP-8543887cf49598a19037d7040b343c700b2f21b1a39cb97bc4ef96aa212769db,,unverified_recording_hash_fallback
AUD-38b964986791617fc508f629ec9257eaaf43e69dda4dbf83e55a8db41bd056bb,Animal Sound,test,GROUP-dbfd25cd59fed967b8c0e3aaa8266d96152c6deb9dc4b3fe8402a390e3e037ec,,unverified_recording_hash_fallback
AUD-38f995d42114607b655e7f00f35aaeede82c4e72213b0ca7479cfe1d110e7315,Animal Sound,train,GROUP-e60368cad0ae2660ba39c873a24afef738f8a9143320c879b2793ca288e170e4,,unverified_recording_hash_fallback
AUD-398bda90250b1022a981a81e197e32c1777318398e6679c61f580bedcae26778,Animal Sound,train,GROUP-0609472ff7acffca17ba0380ded23dd28fbcce1042d6d6e02e24e8b9fe252734,,unverified_recording_hash_fallback
AUD-3a1fbb02f2e964e64743ad5d9bc89c5a99cc131650f91d650166cea3cbea4795,Animal Sound,train,GROUP-9de2be83509f31938d4c4374c5a3f99f988d98fcaa41ddeeb5166e36b0bb32c7,,unverified_recording_hash_fallback
AUD-3a3d1e6c9b2078a08dbf24f75824788c78f07137aaeadaded03af713400e2356,Animal Sound,train,GROUP-8276b02d2e0470ac7431e67d27c1c898739fe05b9440d0d526bb16f3bc63bc20,,unverified_recording_hash_fallback
AUD-3a7ab1468edf739a79315b32b57f33e9f172ca8819bc96a8589b8a219fa68b31,Animal Sound,train,GROUP-6bd9d20ba4e1bf265744c9c47d1d25841dbee4f52f40905ff9f6f0f2a41a3968,,unverified_recording_hash_fallback
AUD-3aa19d12e1c7e226b7c82b6e80fb3af717bfbd54bd99de4849797fd7f0a22d9a,Animal Sound,train,GROUP-b35270e0926529237c2ffec55f1588509d76949506c57597774be5b580bc7c94,,unverified_recording_hash_fallback
AUD-3aca249d0ed6688e50cd354f35e0947d3316c30bf10e2e4bc328e27bca6bc7ee,Animal Sound,test,GROUP-e4fcfddefce03f8bcd5239cb5a040c88bf5b28fc0024dc68474bdff4d5b6784e,,unverified_recording_hash_fallback
AUD-3b6b8f7aa5117b7e678c6c8bb91c7b879169fb3f0e2bfc4d314e6d7917c50bf8,Animal Sound,train,GROUP-129684cd1573a4d96caa5a43e0c0cb7ad7ead02fc065e46e8f26aed77a7d094c,,unverified_recording_hash_fallback
AUD-3b8649d646973bda72e9c9d4c128ee3b00c115ca9107793ecbd78189f8482f60,Animal Sound,train,GROUP-5c846f34c13df07f408ec1e9ba1ca870dd5e3fb6324b78ff7105ec652bcfc5c8,,unverified_recording_hash_fallback
AUD-3b8bf1bb0de958da3284bd88f5dbf89cff7a6843a911b103d5669fd1e6e1fba1,Animal Sound,train,GROUP-68aea4509ba833f9490167aee462b8b983ff07133afe2aaf989392ea99dbc6cf,,unverified_recording_hash_fallback
AUD-3bf19d20a2bd3080886ba90c368849549efc0de4875d9708628671115a0b01d7,Animal Sound,test,GROUP-b937fe8399bc3d72c019aabf0597b3b26f3e78557620b5e543e1135b374ab315,,unverified_recording_hash_fallback
AUD-3c6b34f0b6da962a4c101bf8cb390bbc139282751f6bba4b67f99bd8157cb119,Animal Sound,train,GROUP-aaaacfa6c9bebe384c75ee294130ae8993d5c89ba96137cb7e4e205ce8b17856,,unverified_recording_hash_fallback
AUD-3ca9457173f84176ee1de13eeb1bcba73f67ac5fb16518d0bf20f46f5113100d,Animal Sound,test,GROUP-7aa780160764cfb05ddd7e489d15227edd024dede6dffac42071b5c2f1f212af,,unverified_recording_hash_fallback
AUD-3cb7dfdeeb686f758527b063b963fc1b73a074096a851bac32e2a6b0774b90d6,Animal Sound,train,GROUP-1662b77bb96dbae8d04008cae8b24e882f664b7e772412283d5fff70f1e1e20b,,unverified_recording_hash_fallback
AUD-3cd00c037b3094c18163dfec3b34a795e80caeb77f0502f0ed802c9d1cbf5666,Animal Sound,train,GROUP-97e0a498747bbf1b90db5181d8e709fbef3a11c1ef06123cff1588cdc6f58bf4,,unverified_recording_hash_fallback
AUD-3d7980235a8a08fdfc53d1461ab0e17c51e93c9a883c71d3cb8f93cb236b72ef,Animal Sound,train,GROUP-371228ef10fba788a64daa36c0fdc38cd38130dc8b57d2a93005d5633f1ac200,,unverified_recording_hash_fallback
AUD-3d842cff94f3e0100696752929670549453326f810fdfacf01c3613994a92260,Animal Sound,test,GROUP-ec4973578cd9094e3e08233972a0dd357c3f5db19b9882b7b4700b61a7fe8a4c,,unverified_recording_hash_fallback
AUD-3d8891e5853804150e7d7484fe15c866b3c6b65d7d3a63725ae93ce3b60dff79,Animal Sound,validation,GROUP-4533929b2c1368b607fb4002dbc07a6a0abdd48829f77160bcad1d21f0231755,,unverified_recording_hash_fallback
AUD-3dfa4db1f7ddb3d82ebb6b47f3e9db02561a11f16d7f0e54c380b46159dc291a,Animal Sound,train,GROUP-c814f094812c77b8b3bf9e882a99262c23f1fd0dc1e38a8531b55b46fac795a6,,unverified_recording_hash_fallback
AUD-3ec8ec3e7307b7399636c50fef7e2db405fea572ec168225ff8ac27faaee6bcb,Animal Sound,train,GROUP-b5264e8adb1ca769b22a6933aec681c655848325523ee04be9f11c687a2eb60f,,unverified_recording_hash_fallback
AUD-3f13242c606161efaac93e2fd6f9c8dfb8008c7ccef883e6e8bf39f3c7f55023,Animal Sound,train,GROUP-a4ae1fab7634d13039da42ac259913e2de85c504776ce738bac43f996e9c3398,,unverified_recording_hash_fallback
AUD-3f17c0a92fb3149678bd0f7c4f7fc82ffdc3fd59726386f5c8ac7e2d049ad649,Animal Sound,test,GROUP-190d2c541067958fe722909120955e428acd638db1aad48ba50978cc81201440,,unverified_recording_hash_fallback
AUD-3fc64b0636efc575f4491ecd6962955aed252b71600054fd760bea9c9bafcd2d,Animal Sound,train,GROUP-bda2f64cb53d3d8c6603974f20a87ea43211c72bf634b2f3fad7d3ff45f8c2e8,,unverified_recording_hash_fallback
AUD-401b545b4c58afa0bfce00df95bfa4f11667d1fa30961b8abc9b683010cbe4e0,Animal Sound,train,GROUP-981a5ef03c6b1764538ea5c18de83976b86e3cf74b17d8f38435790356f5f2a0,,unverified_recording_hash_fallback
AUD-4081fc45df70a650d34dcbbcf0e7d35d1ef3b339e059d72e2a45ceaf22c33365,Animal Sound,train,GROUP-2fb14fd82bf85be0712fa839cb902cd3702baeb2bfe45375bbf7f49d68d6e0fd,,unverified_recording_hash_fallback
AUD-408e2c13508f89caf07189dac4e34c86f6f7789a65bed655390351a5943a49d0,Animal Sound,train,GROUP-bcfb719489983c2cc626ee43d1c30c2f0ec17fa823635c52079cd46849887ad9,,unverified_recording_hash_fallback
AUD-40e841d66ade64558158eddca16619d391a858405f2da99a11de9dde55420066,Animal Sound,train,GROUP-9fbbaa22a5cee1b89e8ab8ccabde9e88780a4867b1582a42537bf44f6491b375,,unverified_recording_hash_fallback
AUD-413ec8b088588fa40a93620123d4cd3a5808d11899d251be21b535251fc4de3a,Animal Sound,train,GROUP-5d9df5ef470520f28d8cfe03f91d37c940908d6ae8ad7953bcd268aa00b5d5be,,unverified_recording_hash_fallback
AUD-418491ba69861bbf5137b667355310f2e9347fcea426850101c9daf64e2c9c31,Animal Sound,validation,GROUP-3e93e5737de209d22eb93b68575583efaa500c9b0d353a452efba1c882af779e,,unverified_recording_hash_fallback
AUD-41de369c54a2dd3b719a41ae3f1308997338b94441c7ea796ae992e9f6de4d83,Animal Sound,test,GROUP-f6186dd3d2b9f718f9149d836bc6b054dff4b38f7150e835528959a316544cf0,,unverified_recording_hash_fallback
AUD-430ca5a2065d3646914c1e57a31ebdf396c4480c0216d85e236bd0959741fd9e,Animal Sound,train,GROUP-342404980c1ff7cb1c07b1cc9b58e65b5427bacac88a5486b2b9da97dc559b27,,unverified_recording_hash_fallback
AUD-439d34c9e501e06294ccce7fc9f8920fbddaba664699bb89a2440a662a889221,Animal Sound,train,GROUP-cf49986a4b2bf92e382c4597ee7c0a369fe610793a3e9babd34322f94ea0972f,,unverified_recording_hash_fallback
AUD-44043c422d999fbfcc168c5d992a665aa7e9793ac6c3bb4e2adecc3696246f81,Animal Sound,train,GROUP-78d21f96ddc3f4115ec867f25f15dc8e3d3a5c2dd32f76e10b46fd3ebf371741,,unverified_recording_hash_fallback
AUD-45ccc43082ce45d1e7b2c5f14898bdcca13b5c0fd74c0f104e538eb7e222e9ef,Animal Sound,train,GROUP-ad92b5cb9d4f8b7908175058896dc89e4c3f5ac7f796df4338e1287c897ad6d8,,unverified_recording_hash_fallback
AUD-45cda9244a5916b10adf604847d5f17502fcc5bf0849bbc02b583ad871b41475,Animal Sound,train,GROUP-34b2f388ca8df66c458b4254b6595d2e5f3386d36a65d1d3388d46cd620b0722,,unverified_recording_hash_fallback
AUD-4747702e13254f03bec7076cbf66a1724d760753d820ba876326af80df61d70b,Animal Sound,test,GROUP-2f9ec8367e694673084bb1199f8de379363f794092b296934fedecb2afb4d7b0,,unverified_recording_hash_fallback
AUD-479f6afdf295ecf4ece95c612b96265c01e8faaf55bba7419516fe9b10572fdc,Animal Sound,train,GROUP-893522683c9cf797a00e827e7d2bb544f67d0234dd1551ff5d0157f77cddde97,,unverified_recording_hash_fallback
AUD-48fb1d240638ea325f50a435512747ab75888c6c8bb53774df8669fda91c78e2,Animal Sound,validation,GROUP-c5f2856ca09547212526113ad6d7652f40c045fcf4347cb563cc223eebde892c,,unverified_recording_hash_fallback
AUD-4923ddba45e1951fde237a6e973d6dae9f62307a97d219dfd4af4ace0c9102f6,Animal Sound,train,GROUP-aa383888042dd43557cad6394745ed3e8236bf1cde9e6b3a349c0fa31ec2bde6,,unverified_recording_hash_fallback
AUD-492cd9c59c89d4b6abf18a119e681a89c69418bbce72b252bf5c1f15e81e3f54,Animal Sound,test,GROUP-c5d59adbada18a54fd2ce961bb9db800fe7d66c0ae19d8aa59a2d3fd53577c60,,unverified_recording_hash_fallback
AUD-494e56da93ea1bf443cd0337ef4cca4c6b467233426c6200e79f97ae2ee193b9,Animal Sound,train,GROUP-756bd8fdb4446c7afee7e5512702b10002a4545edf9711025b6567fed1edd068,,unverified_recording_hash_fallback
AUD-49b4fa1dd4ca655d1b0831f6a7e98a5a05aceb103d2666a18a602ad735a2655f,Animal Sound,test,GROUP-6d76a04434a47a33ec4058e56d2714bf26ff180f0cbb4b3e35272e3c883fa3c9,,unverified_recording_hash_fallback
AUD-49fa6095cd40f6ad68f62b8aa71944c1b10859bd06cdac00876b3afe2aea5b1a,Animal Sound,train,GROUP-12c7abbee23895e3e3c5ec7d48e58bdcf151a65d0a419f0e986fcff82576afcb,,unverified_recording_hash_fallback
AUD-4a1e4c3235c7b3b87142c9c8ce3087617102d0f698d94da2cb332f59ce9ceb6e,Animal Sound,test,GROUP-24619d5377f421bb284603d46f4925daa8091c3575386cc4b6ed74b1c5b783bf,,unverified_recording_hash_fallback
AUD-4a56826471b50e670bbd5a8a9ea54de5ad4bb277fe1d26e750a49c4e01c8e415,Animal Sound,train,GROUP-b26791eeff809add8750a4ed43487b6fb1b1b39b5b242be8b90d8c3a19b95309,,unverified_recording_hash_fallback
AUD-4afcea306ab6068f31b4e6fafdaa03dee18e477ba2531a28355b3010364f9b00,Animal Sound,train,GROUP-c400651381bf651e6d33ceda96678fcc04d1e034fded9c47230e058f6b2c1abc,,unverified_recording_hash_fallback
AUD-4ba49df45b95137a2375b9049140e0e49d78eb25c0246f3c725542d30eebd389,Animal Sound,train,GROUP-623b66a48be2d1a16db970fc41d954a3f5b09efdadd4538048d9a6fc9c7f5250,,unverified_recording_hash_fallback
AUD-4cb29236af1ee4cdb4378b494c8e153ac68b40d70b253ca1906797d1f3cebd54,Animal Sound,test,GROUP-ec6e11634a9ef0e338f2a24a4ddfd23c0509f696dcd81a8c09ca40e8d26289cf,,unverified_recording_hash_fallback
AUD-4cdc6eaced1cf978d72f2b2a6e46697c270a4f7a0b5f2bb956d2341c0a70fd66,Animal Sound,train,GROUP-b4c5baa6819a0fedeb0878a5de9cc5fc2d01d1fc387e0c8de1caa73b84ea6596,,unverified_recording_hash_fallback
AUD-4cfd483e89d0c1593a9a9ffff912dbf5d34e696516a88f1eb3ea1627e5c834e3,Animal Sound,train,GROUP-f12ba1e2086cbc5dd9236e2d3d7e8cbbee39a2627501f2688ad5052611a02854,,unverified_recording_hash_fallback
AUD-4d4161d02bc24e74b9b90c3a570d2b37a316e0f5b30697f61ffb04a9ff28aff5,Animal Sound,train,GROUP-53e06d97891a41a6265d48795c994725f240fe55179bd7a54c85c1a0b0672878,,unverified_recording_hash_fallback
AUD-4d796ff6c2192e5c318757aa0849863142b32cb738c68d5a2c4e8483970552c5,Animal Sound,train,GROUP-76b675a059df4227da171cf77afe098facda70f9aea20c6a8257d5ec7b1de86e,,unverified_recording_hash_fallback
AUD-4e8aa875e3da0c8c0d5e4118844e46cc10b572e5ade77d1c79a70946b4be9a06,Animal Sound,train,GROUP-b2b262b14d8a5bd4d02f25880da5ebe458925b7436890714cd0c8112920a03d3,,unverified_recording_hash_fallback
AUD-4e96293daef0933d0eff36777aa0bc48a50bdd2f17f58cf99197dfc3df4ba54f,Animal Sound,validation,GROUP-42f03ae8846f5562e283293350938cd8c682a16bd440ddb120930ae6c8370695,,unverified_recording_hash_fallback
AUD-4f4ad01d595827f41786f421ab57d4553ed0fc46ca21da771b7a8ec478a7edc7,Animal Sound,train,GROUP-ff101a7ca9acdfafbb9ed7930b6cc0ddbfebb70f9709c9fe283ff66b35bb2f5e,,unverified_recording_hash_fallback
AUD-4fb2e78576ea652373b9021ed565687a33492a375258bd8b3ea581c78b2e68d0,Animal Sound,validation,GROUP-efbfd54d19c29203ed196364c6b477901a1b95534e808433488a467dbdc00dfe,,unverified_recording_hash_fallback
AUD-4fdb6782d88c781e4d3cc2bb6b9d383cf128a12c0d3af7e37c9659791b37d674,Animal Sound,train,GROUP-d7d5b128ac47fdc5d396caf0825d354cdb99902ef5aad2c4612718aaeeeb654a,,unverified_recording_hash_fallback
AUD-506af7fe2500c1a6f9f78cde0c27011aaf593d40d3d76c21665741ec978adbfc,Animal Sound,validation,GROUP-78df7cb1d09d1beee7661a1ec89cf4f0addb4cbc64b3b049ab9f04096477e894,,unverified_recording_hash_fallback
AUD-5094296125fd64cb9c419618936bbbb05aaf5fe0d523fd27e3b2a66f83076c70,Animal Sound,test,GROUP-bd5be772162aab167e80e8086218c17cf88240661b8690ccaea491e7e1494597,,unverified_recording_hash_fallback
AUD-50fb9f793c263926456324cd6e703dcd54420e70fe6c5d7f468014e36ce60b9e,Animal Sound,test,GROUP-3d3214158e73f1c60e891eb5c9f267796cf9a3028cb092eb1f05f420fa8fcb28,,unverified_recording_hash_fallback
AUD-51a837cd3a2814fd73a4e56295ed97ea6d606bc294da9adbbe14873a7f2938a0,Animal Sound,train,GROUP-5cf96d2072b373772e4c715d5266956fea16045bd5e540fa8ed2cbed58df166d,,unverified_recording_hash_fallback
AUD-5235461eaa3e83fe51d54ed0668b42dc398d8877be7ede67eae66d2d6420a917,Animal Sound,train,GROUP-b51b0c5f9c116bef6a1c0f5875aca49ee2c0abcfe69bdf135850da4187d8eb75,,unverified_recording_hash_fallback
AUD-525939f9755cf1046ee0ac2b5babb0c2224e215d01369916dc46d1053cf4219a,Animal Sound,train,GROUP-4f8b639efb2fb7b382296deeb579f1ae272d6aa4265cee03880f5f370fed6205,,unverified_recording_hash_fallback
AUD-525c9925a6ee80e2bc56755205d6bfeb5a0e3fd6c92d96a060bc30d1d1d05911,Animal Sound,train,GROUP-09e545cd5bb47d2f432efa32e284e8170235f587d6428bd151c9da0eff2586b9,,unverified_recording_hash_fallback
AUD-52807bec72a92be8e371e8434156b73d26db8e1b73f60cb4db72a2b38ff473a7,Animal Sound,train,GROUP-d86424bde557fe8f4203f2436e6c820fcfb62515cc561df9d7aacc8ecbb44423,,unverified_recording_hash_fallback
AUD-5282f0f57e44259d1bd6e0a2bc5b574e993abb563ebf032c3681e53c58c8dd60,Animal Sound,train,GROUP-96ddada6bfc26ad239d75f994d59bea76450e328941ddae64877ccf8b0f800e8,,unverified_recording_hash_fallback
AUD-52b85efff6a011953dd356c6781bfb3d07312d1c0026a4deaa9d85082a33600a,Animal Sound,train,GROUP-578d6dc687d5e6f9e21e9e0296d067292190f1a7a37df1035e82e9263afca757,,unverified_recording_hash_fallback
AUD-52babd1f52196501209198164f46d8b11050829c8945609035c1d9378268bae8,Animal Sound,train,GROUP-6e1c3d7f645151e09763e5d76993636a33547f20ec3e19bb24151bcd01473689,,unverified_recording_hash_fallback
AUD-5302dfd0d08eef7dd9f9ae8c9eaec7d05bd47ae41f6dae74599f69792821a186,Animal Sound,train,GROUP-a7f3b5b6e417b13f1f067fa63fe6efa7e40b1cc90fdebd55a8a7399fc6440ad4,,unverified_recording_hash_fallback
AUD-538d59ec3d978c424e2cdf4140895ee49dd15219f82d796d13f251cda9800f43,Animal Sound,train,GROUP-57d42b113d386b97925072ccce9b8e1cf24980bf75f7fc0fd1e30c7c33546183,,unverified_recording_hash_fallback
AUD-54364b5582e475cfb176e1e9261c5143af01f5251a17741ac6fd8edaa9bcb05d,Animal Sound,validation,GROUP-01bd467c081e0bd2afb5a0cb9a0f8f2907f09ab9ac0b26cef92c15fd12144019,,unverified_recording_hash_fallback
AUD-54567fdb8212819375e378d804e97611435010e277884f3930c42c3161d6e8fd,Animal Sound,test,GROUP-dd18462f670730ea7547e1b2fa3307a15d4aacb06fc405dd60e66ea12b3e73a7,,unverified_recording_hash_fallback
AUD-5490a6e3aacd6588416187587eedef3adc2837c4f70d09ed055e4a72723bc65f,Animal Sound,train,GROUP-ea194da411521654d8c1c9b3d1378af9fc511f004851d0f4c5c5cfe9b4095db9,,unverified_recording_hash_fallback
AUD-5665c8c5cbce9012e1a68010c35ecafbed83196b6722b8b9cdd6073364e5e604,Animal Sound,train,GROUP-cef5ba239e49514b8440820b6d62a0f9df545959ed5b9a3e48e437149c448f17,,unverified_recording_hash_fallback
AUD-56df3c3ede4032f19a0dafb56269bced908fb124b88e0ede24900d20f30ec62d,Animal Sound,validation,GROUP-06197b87f0748c011f1fb9034f6f867bf9eeb89f8253b631b4fcfe7c155d8163,,unverified_recording_hash_fallback
AUD-5776221229dfbc7c86e7b9814cb95c2b489680b33adc7a9924067427fd4cd659,Animal Sound,train,GROUP-23113e8f2a679ba436276afab60dc702b8c19f57075b9decae80f70a95926973,,unverified_recording_hash_fallback
AUD-578cabdec1ba166a4a8acc8ccf054bfae5eedcc0034df8c89548b3c681008f9a,Animal Sound,train,GROUP-faf55a276cce4fe3c8ca22828b5fd0ea2296fb965daa5a7e1e8260e063838dc6,,unverified_recording_hash_fallback
AUD-57e5d99e23524bb33a3b158a6534c2af4831f1a8ab87bf842ad1a779288230b4,Animal Sound,validation,GROUP-b9f4961bd34b52f24f669bd03681bf1f7bee2bf58f045fb4cd3ce10e35179e09,,unverified_recording_hash_fallback
AUD-57f458795015984fb70579f1880dc3e8bc8ac04f9b7027e8eede34725ca1df7b,Animal Sound,validation,GROUP-13cd513395e1aeeefe06d9c0567de50e40f79267c14d1d1d8aab6619966e2efe,,unverified_recording_hash_fallback
AUD-58adeb7ee4bb1098ce4a717b2b7b7e9bcdcf535ab639fb20c1e766bbc022792c,Animal Sound,train,GROUP-90b088226650de972aa1f52f10378546c5cdc2e703951af523d17ce870f1e2e9,,unverified_recording_hash_fallback
AUD-58e54127285031c0b988e5e2cd47b29288f339d8852a1fd22982a94cc386a2b0,Animal Sound,train,GROUP-99a32b613f547b3f46e947927c4fb2c54b72130257cdb1a5ec3e99d556510a41,,unverified_recording_hash_fallback
AUD-593f017e2ef0f7216a82e09820568c283d97ca3a8342a64689f603aa56d5da44,Animal Sound,test,GROUP-cd8b11a33d71c26d581feb55585f97392dc611f6a28c07259b703e3a61e198fa,,unverified_recording_hash_fallback
AUD-59e3f8657d48cedfcbad59aa780a998f7932f08df5a8d8fed14345c322a78563,Animal Sound,train,GROUP-4bc7451625ee386490dba4ea353074cda7472f4748ec6333fd6bfef4f3d102a3,,unverified_recording_hash_fallback
AUD-5a083644662bf3e878c192c7c2367717be5626badf3b845cbf5cd861e2c8cafd,Animal Sound,train,GROUP-fb81bdf58ef6d67732fdb711c71617b8dcd6a52ec11a13e9bd9141ffbd89d59a,,unverified_recording_hash_fallback
AUD-5a50fd46f423c16be1bdaaff7b46c484817f876b160d7c7c3627b63af20d661c,Animal Sound,train,GROUP-92fb623b74a306539577c7662d8523f8227c8f64b4f014975660291e131bc38c,,unverified_recording_hash_fallback
AUD-5abc3cd546a2045738c68fe4023cfc8bccc5d167357e8efcc6ca25e2c1d2f235,Animal Sound,test,GROUP-bfed4479f549462f1be3084cd83f1c24d4928c015d817b753f286ef8e807ff2c,,unverified_recording_hash_fallback
AUD-5ba9bff88bc8bfa67b3e6575e7bff7fad6344fe0ed23fa0ec713e1e6cc9c8744,Animal Sound,validation,GROUP-6c087c2dd975aff16e486f36ef51519371c3ad813a458ea3ca2fe1dd1372fe30,,unverified_recording_hash_fallback
AUD-5bf25b7462bba4480311e1c26114cb03390bb16db466a1e330e70d39ef7f72a7,Animal Sound,train,GROUP-8d3d97f4b1ae729f6f373a22b26e6724befea4e887591b546c7363edfa30a9d0,,unverified_recording_hash_fallback
AUD-5cffbd86b1df1c33188650797d8791e2c7eb8d55ba804337b01dcab76e29efd2,Animal Sound,train,GROUP-2a3271a857d39b4a6d7c86f74fa9698d4d77193670e67ccb51f65c97c6653b59,,unverified_recording_hash_fallback
AUD-5d3e5b6406ac575def7b28462424de9c776959e2528a070b4eca59dd3543ea29,Animal Sound,test,GROUP-67cd0de12ff567cbe3ff5861e2716d99dcc6922940947011b7c271817aea51fe,,unverified_recording_hash_fallback
AUD-5e4381379b9db7fb545790315805f37f2fbd90d8d71aff5353523b7eaaae128c,Animal Sound,test,GROUP-7bbfb164d87b9b2a7a08d925a9fd0dc64c17ead6e67d87a69c2530176090ebcc,,unverified_recording_hash_fallback
AUD-5e56293e6cf09d7bb081902173610f3a049ccbaf6aafd86512639ad7dab9b5a2,Animal Sound,train,GROUP-f40bece9f86023678467af439c1bc614b708152502e12865ab9d3fed13040f07,,unverified_recording_hash_fallback
AUD-5e60564c5c1824f54583f5ece6d6bcfe2f56e6b5335d2c488f953f250aff455c,Animal Sound,validation,GROUP-6fff8ec90ed429c07aa21bbbcb37cffb26d7811fd879a0fe6a285f6a2d73280b,,unverified_recording_hash_fallback
AUD-5ecbde86525b6eb5415478064861b4394fc7c0deae439072006107c363209063,Animal Sound,train,GROUP-6e862fad562f897c4f9c10a2f6498c47004ac2279b443bc487a7d80662309b88,,unverified_recording_hash_fallback
AUD-5ef0d16892d3133ae9e741977629301f510f439f3fa012ed98810a62ca6efd11,Animal Sound,train,GROUP-685955eeacf7ee41d783b04a682379436f64e7f9cafbbc0dd0d3ecce50421e43,,unverified_recording_hash_fallback
AUD-5f2256787b3d43d25831b2529205e128cf4e3831565fb5cbbd6e40d5746512db,Animal Sound,train,GROUP-670b2147d42a7153b8ba21a52d07dcd733b746058a20d60cfaddc45ec5d059e8,,unverified_recording_hash_fallback
AUD-5f76537469456d660a5e47aecbf421d12da939e73b043e74d3067b4f230173dd,Animal Sound,train,GROUP-683079a7c2a3517ae8613708e0ccde2f5c848cb551c99e9632f9abd7bb21269c,,unverified_recording_hash_fallback
AUD-5fb04b5d316e08a7a5c715f1625a721622bbabca1e721b9c84744931c8475dba,Animal Sound,train,GROUP-ab094cdd0fe010b25d333d1e6a700d2390ab7f45f88bc1351ad5018664e539b7,,unverified_recording_hash_fallback
AUD-5fb22c8ef973d31f439ea8494247cd91afe8aadcbfc0b26de50c885eca751ac0,Animal Sound,test,GROUP-97cabebdf318dd837db81e52f67ffbc8aa9d4de1ee457e8ca8e3aebb7b105c3c,,unverified_recording_hash_fallback
AUD-6005504e7efad2add40bf5695da4ebbb2186058619a864a03efd6de7d9e3937a,Animal Sound,train,GROUP-fb3c479b9f7892da5af6df340153a1843ae44b75c03f3a96ae7340c5c8bd2671,,unverified_recording_hash_fallback
AUD-604d03f07124fe6c9363e8c4bd8671365dc40671ec14448e2c727827edb12ed1,Animal Sound,train,GROUP-1e109cb1029d0d3ee7c477ba29c88a6c28169c7c3865bfbc7ceb278d37041d85,,unverified_recording_hash_fallback
AUD-60931cf19104f42b96ca4c46e1a0fb7aa7a017f229a34343b8aa1894e6ec296c,Animal Sound,test,GROUP-ca00d63f6c0e4e1d2805778db1381dc3b76a2b4388c56bdcffe1b7aeb5c80440,,unverified_recording_hash_fallback
AUD-60b5cc16536ee881e035addc625f5f4e53a29b72d00050bc6e4c0cd2aa6eae34,Animal Sound,train,GROUP-b9211caf6dfa6155d8bffb312732f0dc3856b0733a1806ec7935cd3b2c352399,,unverified_recording_hash_fallback
AUD-61ca6b2090656d7e9f677edcfeec45538fa187cad57256cd574a411a58fcee8f,Animal Sound,validation,GROUP-bb9059409c81a85fb9441f6923744abb6717fd6a822e64176e0104607a5834d4,,unverified_recording_hash_fallback
AUD-6231efc3d11ae068aebf4bbd5344b34aabefd863ecf1e71352727d19fe7b00e0,Animal Sound,validation,GROUP-3118eac56f08158d8bf0a1cd4bdb1b4ad7c7f7d11334bd0627766d65e3b27461,,unverified_recording_hash_fallback
AUD-62b3886e664f436251e9f980a75019ce707a21d7201f0563a262b550727e8ca9,Animal Sound,train,GROUP-7836e9728d998ae200610907a921f56daf77810ad526afdbccda41075bc58ba0,,unverified_recording_hash_fallback
AUD-633048c6001676074ade18137c5da9351fc790f916c14dc6c9296c530630e7a6,Animal Sound,train,GROUP-ce9527a98b08681de04e70f4269ecb3299dff6b56000a2082ee805dfcb141255,,unverified_recording_hash_fallback
AUD-63f99a799317f72ef166cf2c4896e2ab095367a727208be407c8279cfef7a092,Animal Sound,validation,GROUP-62c5c9ddb01ef86f42b0c58da320c0e81c84bc87f16aaa1eb17e389733ea9c02,,unverified_recording_hash_fallback
AUD-646ac855ecb89e9c3e557e4cd9f6aeffdda374f307efb11a5c32e4a19815ccc6,Animal Sound,validation,GROUP-f660188e8edc66c9c4fea938b1d4bed56888070100de773a9337b6057759731e,,unverified_recording_hash_fallback
AUD-646c9367964ecf416230265dda0d27f6902cd8e5052df5837684579a5bf99539,Animal Sound,train,GROUP-fe9746520fa06572353c5ced19ba7f1130972f14d63adbaa437b195bee0596fd,,unverified_recording_hash_fallback
AUD-647a725a699a6ce89533daa55d1f4618ae2199b4c25e926edb28f9ea7f972a11,Animal Sound,train,GROUP-a652ca72e1d3559da9523150899d5ad9a8cad025c7cf48247d8daa91244e40b7,,unverified_recording_hash_fallback
AUD-6485e0c460b66d92d9ae7ac9ad8f6235385d6fa57857a39ffc4f1a69fd710e78,Animal Sound,train,GROUP-f1455243162aa3f67ec611b94f5d78d4743d96bd689587e2dbc288384af37caa,,unverified_recording_hash_fallback
AUD-64dffd020540d56343afdf59dbd357f63004c4c7f60883daf152baeb31351bb9,Animal Sound,train,GROUP-c4a8ac4f48d8cb8efec52996ec7005ceada928df004cf826f24b20b97489f267,,unverified_recording_hash_fallback
AUD-64f22801da89f8b7f24484e87928bc6b99522bc75d0c972d0b129bb721b91b0e,Animal Sound,train,GROUP-c6360c96bea20ee0814e6a50c572ca92b333a8eae90512ba015537e212b7b859,,unverified_recording_hash_fallback
AUD-64f4b0b5101de52271b4f32e3022d9089689146dcceea65bff60c6fab34e1d3d,Animal Sound,train,GROUP-e03b6ade88a22f5c71e015c353cea282608def8e32f0593c6d5d38c9f9231669,,unverified_recording_hash_fallback
AUD-65117e101cc37662e1bdf53a0d377ed3d91559d5f6c70d9ff2f0f9f6ff055ed3,Animal Sound,test,GROUP-bb5e9f88c6b49d57dfab1fc9ba5c3ddd749a7d62190e4c94ffbf20e9922761fd,,unverified_recording_hash_fallback
AUD-6536c777a3c85d82b6acc321ab5e9e0824ccbcd5910e971e4e81ed22e883e5ea,Animal Sound,train,GROUP-9b43e312949e1ae617af053e76637137a9945ca85bb18cd43200f3ef6cf294b4,,unverified_recording_hash_fallback
AUD-654c1f6372be6b331a3b56395361bb100fc5aeca69c54afca7f40faf60343320,Animal Sound,train,GROUP-5f48ce354fe3c89a4ff6e201936402d4a581e263205ef535e78b181a41552cd1,,unverified_recording_hash_fallback
AUD-65a308995779c1257625aa4950d3f3faa58137dd47233bae682c7c1a1ff89947,Animal Sound,train,GROUP-97b5042d469af24c5cd8453ef8a68beb9780a5be431a42995133293c80a1e347,,unverified_recording_hash_fallback
AUD-66ced1afc3de731ad4e721bb4017d34987a2c76303b8e58ac2a9bda04d1b1881,Animal Sound,validation,GROUP-8c64c57a74c6b3fd26b9c175bb2552c5a4552d87d367eec16c2e24f95f3c8e4d,,unverified_recording_hash_fallback
AUD-66ef697263610f337c35b3890a73d9002c78fbe5b228398e2bb0efaf0dec0203,Animal Sound,train,GROUP-66ae4f813cb65ba762e16a292f09d353e18bbbf9ea414ae63c1346c009f78aaa,,unverified_recording_hash_fallback
AUD-679fc3a4bb0bf4299b536013b6c666320fcfc535a17f4aab63eb7a69f56a0dfa,Animal Sound,train,GROUP-0e786e89c9c52541ba2e485c72a457d0632994daf18be6341b8e377ad701a102,,unverified_recording_hash_fallback
AUD-67bcdf664966cf130ddd518a6a71b3e123fadc31736359558ded4a403406f760,Animal Sound,train,GROUP-35fe483a6244dea5acbfcaef86b873bb3b36716e2a1b153e2125356a3385fde1,,unverified_recording_hash_fallback
AUD-68032db1e9778ebb119b03fedc3120d37fab9ee25aa10b5e7a93c576bdde96ff,Animal Sound,validation,GROUP-0ac32ce96b8170261193b84c55d195fe143703ac26fe9839e261ff44c7171c9a,,unverified_recording_hash_fallback
AUD-6824bf921c332cb14f224f1c6f6c96b88ad15c37a6e81ab5eaceeb353cc18806,Animal Sound,train,GROUP-d782a68ae6d01256f2c3e4761eaa6a89769cfe9bd1b07823c3b4c716c0fa94c3,,unverified_recording_hash_fallback
AUD-68be052d68f9b6902cdc0959593b88e5f83ed490fdced8d3f54e80da1b6ead70,Animal Sound,test,GROUP-1f3c55eb3ab20377396c8b7c3288170857026b12f6eeab6fda1915c2115a9258,,unverified_recording_hash_fallback
AUD-69672bbd87d5c59818a1bbc00a71d6a686457903068a5e0268eede5bd0d9a1aa,Animal Sound,validation,GROUP-ca018861fd02e5eb077f66dda0ae97100dd95ea466ac6608a39e224415956aa7,,unverified_recording_hash_fallback
AUD-69bdf09fe76b45036b13273d9c6c7cfba74e229d38418d7208626e24c2907c92,Animal Sound,train,GROUP-54e6d4af370c6c9b8059b9d2c4fb8696d67173483f5958d60f52cf08e7682031,,unverified_recording_hash_fallback
AUD-69d937364569e5dbfcf0b777594f1d72ce6793f6dabd6f8ad5af84735276a429,Animal Sound,train,GROUP-8762ecc322de346f3027181912262ef67c9fc2a568bd47b4999c4b1256c9ed15,,unverified_recording_hash_fallback
AUD-6a1a0dca7626206345a7093ec7a75a2931fc175bf8905c47890e387d9b47e703,Animal Sound,test,GROUP-ac5c5e67f4fe1ed0cb068ebe946774d781c6913db283a3f19f513e1756f5f579,,unverified_recording_hash_fallback
AUD-6a5c2c1424e71ef9692e65c013893114205d40f833f220e627305bed52f0fad1,Animal Sound,train,GROUP-de37d48324e67545790f2559c4c2f12272fa60d23441eb46b5a3460c4d1d38d2,,unverified_recording_hash_fallback
AUD-6acc7816b43345e12cdc947775a26af9a85260074d6f0e100e49c462b09d6eda,Animal Sound,train,GROUP-4d2624b28fc42dd3b2f904818a1896470659fb1dbb98192e555f9ce71ee8c175,,unverified_recording_hash_fallback
AUD-6b2b1eec4544de34bc43ff8403aa1f0e87297dd0433b0a0298dc864f8eea6217,Animal Sound,train,GROUP-fd5343f514d6180865f080de583f82229fc166825286aa169f171fe64f685a38,,unverified_recording_hash_fallback
AUD-6b32f72851c0248ef39167de59360e67ddcd7d56fdf2c22da9bff2a90226698e,Animal Sound,train,GROUP-6f97ba328165fce2753eba434d166cd7f8206c4fc63a7aec0562ed7bbb4da399,,unverified_recording_hash_fallback
AUD-6b7689df1c9662b8608ac26ce6b11ee3a40a1a93e9457f151e8784967332faa9,Animal Sound,validation,GROUP-211dcb7a51089a683524f33637378e8d6b6c066d1121cb0d2843af0625eb1a76,,unverified_recording_hash_fallback
AUD-6d898a52f73c512e8e1b25e8d45e1c01f6f80d7de9764f4742f4eaab1cb0bb14,Animal Sound,train,GROUP-892c6a19849e2abd045cb796e6c7f4a542df35373213951679256449c6eb136a,,unverified_recording_hash_fallback
AUD-6e039eca917137203315e9e9998bec9f1745543abb9cdc1351dfd79cd830fdae,Animal Sound,train,GROUP-bf8271bb6422d8b6d5b19bc16583c905d96eed7c4e9e88f5307d7ecbd8876590,,unverified_recording_hash_fallback
AUD-6e2c98c77c8d8d7bcb75c2a94af0f1f846779c0a9d1ca067d9250b41becedbd2,Animal Sound,train,GROUP-7d468b1e79b4b6eed8ff3cb62cf3dc1e703cd42f8b44684fd5c3811a9179e630,,unverified_recording_hash_fallback
AUD-6ec210c25dd5346a054693e808246c2fac53407eefd11e5b8981b2290336d3c0,Animal Sound,validation,GROUP-c9dac653bdd7cd8155df584b95320d5dd5bcd103a1400eed6f86b07382d7221e,,unverified_recording_hash_fallback
AUD-70c9d2986d33e17af7acf1d96e93d598a55904896dbd305621d21b3d5bc10e1c,Animal Sound,train,GROUP-0175b451728da7c5ec58201b8f3228a832ed7db847a7d5eef7e0038628e48370,,unverified_recording_hash_fallback
AUD-70e4c8eb4d90761785bc9d07de3a3476f5ff7a7f255c3024f66f05a73cbd84c6,Animal Sound,train,GROUP-b9e6733a191e9442ebd000ce04165225a971bed782e6c66fd9f99fbf23cf62e5,,unverified_recording_hash_fallback
AUD-7113b9de2c26cc0be4b62979ff280b1640bfbe50b9314886235af0ea065814c5,Animal Sound,train,GROUP-465a2c55924a7241ea88cc93488f295baa0de17227ae94ae13a77bd53ff2faa2,,unverified_recording_hash_fallback
AUD-713ed357c483f9849c69fdc226f79a0d4c41b8d2d259c528e1b339cacd64ddf5,Animal Sound,train,GROUP-819e0d67bb7f0f63e2ac94d2b1a795b1b0c06370b9dcf527e9206fb4226630e3,,unverified_recording_hash_fallback
AUD-72b4eeb25ce52abc22533bb8918a5f4ef990eb8aec62343769f9836c5d424cfd,Animal Sound,train,GROUP-e2c819f76a70b0a4a3154a2dde867fd4542c49511de4308cb54e0d6b15a96aa0,,unverified_recording_hash_fallback
AUD-73549ab3370ca3efcdee5e7dab58b446a33ff286e2db39bb6eef519afe8cc61a,Animal Sound,train,GROUP-9c27186787ef57d24fb6fce81eb8134004bd49a0799b026bb1782b464f6db4e3,,unverified_recording_hash_fallback
AUD-73784ece619e981dc37992941cfd5dece78316752890f3746d3c48b401ee6c61,Animal Sound,train,GROUP-1abbf645956a8b85a9b77e9067802746e1ae55e883e8b8b81ce17fd43e877d8e,,unverified_recording_hash_fallback
AUD-73a060acb5eab862fc069b2ec86167a3f51ee6fd3c7bedfbb2a0404770c4e07c,Animal Sound,train,GROUP-8dc8a3344311eaf62efcbf01e3c9a807314bf9c173c98db714821550258292d1,,unverified_recording_hash_fallback
AUD-741c2977d483c0acbc5f0043dfbd23f4337f58834a0a0f3773bc888713b41e03,Animal Sound,train,GROUP-48027e8348df4079abec0a309b07183786518a17a36f1915eddce7860ef33111,,unverified_recording_hash_fallback
AUD-745dcbbf2fc27a9519a32975122db53ef116a9ccd8bd5d18b06c1ae4c89fcbe1,Animal Sound,train,GROUP-f398d57a9bc402271217ffdb02d861208d70cb46c5253877929a65ce707f5eda,,unverified_recording_hash_fallback
AUD-75916912fdda4c10900311736d9bd7e4c20f91b5420ff7e6ee736f41308f2d95,Animal Sound,train,GROUP-42b864c6d633743666579778aa29c7b1367d4bce292979506ed9ca174619621f,,unverified_recording_hash_fallback
AUD-7645ac2ec0bdb5731d1e6ea12b80df40dd1e269865eef9642cdf05f163b4b15e,Animal Sound,validation,GROUP-98cbcc97cc558592e88c0a058380d93fd35a72147e3145cfd1d900a0d35d61dc,,unverified_recording_hash_fallback
AUD-767089e93a5d53ad008ca357614f666e672a986d4d0c844171653bad4166bf2a,Animal Sound,train,GROUP-95d8583f45f5eb42b031bbc21af1988e62f11b10a2974e610eb820c9286af083,,unverified_recording_hash_fallback
AUD-76cdc05d23f4d5d7ee495e4533e40e5d746cccf53f37a0e9f61b963075af1cb1,Animal Sound,test,GROUP-f6d0993f1d6a22fc06d7f99dacd5d472e534dccff325f3575528dff100c8ed32,,unverified_recording_hash_fallback
AUD-78028cb73ea1c212bf65a3e1fad7b6da318e247de1c379b3aa702b38039212aa,Animal Sound,train,GROUP-456554d2ff55c361759e6ff5640b93ea6a21554828ff48bede602deefe270910,,unverified_recording_hash_fallback
AUD-793d81931523a354bfdc44ec7548a556004d68ee392274aba86ff88053d76f6c,Animal Sound,test,GROUP-f4b688336e52287714ce34b3ae034814566dc554f5b0a930dd11efc2a40eb606,,unverified_recording_hash_fallback
AUD-799632adba490ef52ad46f2606785a8dc0badcfd1dbfe8ec4b757c073379e5d8,Animal Sound,test,GROUP-a225ede890fe363d5fdb318f0dc547480e576cbab6d5baef3ef5a0fa59490b96,,unverified_recording_hash_fallback
AUD-79da45b8af813e701e14c9468050716ea74b2344ceb69d8f9cdae4ec103f4e26,Animal Sound,test,GROUP-53de469367873260279f408b75dfeeab609b52745b4f949c61530865fe478341,,unverified_recording_hash_fallback
AUD-7abce5024600e2dc629ca321555ec4511c75c7a240a535d6e397c2246f72bedd,Animal Sound,test,GROUP-0f303754365a6f757733eeb9102d7aa8a7e17976e8018bb40388881faad02693,,unverified_recording_hash_fallback
AUD-7b6723d5248646a4a60b882650624ec0506f1f3010e4b982aa30a710d6839d32,Animal Sound,train,GROUP-792c1699e759c9ad0ca2bde73d0c9749f9b16b68b82f266860a481741edbca14,,unverified_recording_hash_fallback
AUD-7b89360267c49c1b1e2efea6ee7c8ab99509691363ef0509377ae65b9efde1e5,Animal Sound,train,GROUP-e3ad4ed56f325000c6252f5abb4fc67cf06e282a9e27e12fe7a7fa4c41195d9b,,unverified_recording_hash_fallback
AUD-7c0eb263e7b4e9c7be237c2ef549e78dd6c487f34f1b9f47e6893372ae5f01f8,Animal Sound,test,GROUP-6ca901c41a4fd809bcc47c3464d2d6147ce513a9cce17c53303fb7b7a3ce6962,,unverified_recording_hash_fallback
AUD-7c1d98e12310de047495cef2f8428a1625ae97ad8abb953832e7278ec0df3e3d,Animal Sound,train,GROUP-e2604295cdaa03b079c3aec225526d0569f803e0aac9ced82d5360c46a7e15e3,,unverified_recording_hash_fallback
AUD-7d66dc79d49348f21100be5279829acb2955fc856519a4e4d9613bc57301b3a1,Animal Sound,test,GROUP-fc6412174c44e4c62c469865f58b7c51ba26eded14a36dcbb3078d4513f9fb19,,unverified_recording_hash_fallback
AUD-7d731cf7bb9c5c783793d1dc63dc3b103e3613d4e47ff55f25535c7d1c5b85a5,Animal Sound,validation,GROUP-85d884db13f4e94fa6df3e5ceb4e8772ef11dd7a64feb3f4924700381ca3a962,,unverified_recording_hash_fallback
AUD-7e198749e60175f8dbe7f700205a43337f775df0086b4ab962701541d7ef8d3f,Animal Sound,validation,GROUP-bf6df8c55eddd2e61275c2ee7a93f0b49cd929b8bedda8e5234651eac96e1de1,,unverified_recording_hash_fallback
AUD-7e651a3a71fe44f5984ddd9a44fe355a1114cfff598d2da91831f2328c695501,Animal Sound,train,GROUP-2c71d25900ca969de22c0a0ace2ec31e032548617cabe977a0ad2b81340883dd,,unverified_recording_hash_fallback
AUD-7e6ab12ac22a2aff3a0f87d6dbc5497a0ed06245e05a2ffac266816a6991c5dc,Animal Sound,train,GROUP-fb46a61bc8ef4c0abc6aab562e9951cec356e0d955f9fdb2011abf33053d6820,,unverified_recording_hash_fallback
AUD-7ec2e8896f214b329bff2618658c13875b3a05fbbdcbee7bca0116a5f1a53bc1,Animal Sound,train,GROUP-070334c7e93fab62cb7c81d2150edc0c03f0605ad4a5f7bdf92a2d1c7c46a00d,,unverified_recording_hash_fallback
AUD-7edddd8bde96ded160d55222d95d9c62782a5e10c6c9f912753a4e461cd904fc,Animal Sound,train,GROUP-62a1d09ace934bbacaa74d903ade987c69fa432415d57dd89f636d119c0a23d6,,unverified_recording_hash_fallback
AUD-809a63cef34fdde438cfa0143ead18dcb294bc820cdad0b46909bd562de6474a,Animal Sound,train,GROUP-36e4530fb0758efa3f051173b805326b6fe19aa3de5789a021c89298683fb26c,,unverified_recording_hash_fallback
AUD-80b56f92c897d34a433a286e4767b4db662e897e2b43495b58addabaecf43c66,Animal Sound,train,GROUP-b8e6c7e4d4000471a8f02cf19f60cf424d208e3c2f4dc46f47d09d49f08318fd,,unverified_recording_hash_fallback
AUD-80ca6754c15ae6ecacfb69e32dc894fa8594ffb0320f3b3569b41142b1d95b89,Animal Sound,train,GROUP-922ce2ca1a720f3f94e41423c7a65d634637f1a8dad1f5e544daa7eaece629fd,,unverified_recording_hash_fallback
AUD-81019f37750463f6b897c6d9bb1c72642991a77e4d4abfaf99f4ccf1c2d0e10e,Animal Sound,validation,GROUP-d7f987528f0a4ca13cf91e818220a93fb629632803fc2327390d54d94a336ee3,,unverified_recording_hash_fallback
AUD-8159c3a30b257df884499f5a4287bd14ddb6a5062639aaec6ffc18895d93ba38,Animal Sound,validation,GROUP-161562107ae3d3350f08d839726995fe224a8eee82e3a26d75ca629a97a591ef,,unverified_recording_hash_fallback
AUD-819911fd27502a1010d8e075a6f2b316e132a0d3d5d5cb96989e19f2f589f397,Animal Sound,validation,GROUP-ded2f897ca53bd9ff751668a27d65df69b26d0698ec99c8ceed0412fe241637d,,unverified_recording_hash_fallback
AUD-81d8e8ee31a884621e56d4545db94de16f09c48598401506b0142886deeaf07d,Animal Sound,train,GROUP-13517a23a74c953d70a1feddeaece9774ff36727fce0c2f8c588fe5b4b6ac5f4,,unverified_recording_hash_fallback
AUD-81e85c5f3ecbf3c42145953f09298455600afae8c5535783f38d16a5d7a5b7e7,Animal Sound,train,GROUP-f644a898c1d9c7c2176d2e0ccf5176dc7e137489254e8aa2471a4d1240d2a914,,unverified_recording_hash_fallback
AUD-82d584599447ea356c5c200b8018ad37ad3befe0915a01ff6e4f4f27a742486d,Animal Sound,train,GROUP-6804e216dd174438038acb2381a2b3416a7b5ccfe2df681c3be798e687245b02,,unverified_recording_hash_fallback
AUD-82d983d2f2a10b760c4af5f18cf9ac3b4595b147b1ccb874be84b677de2decd9,Animal Sound,test,GROUP-b2f63f856bcae560792279ad9fc2a57b2a884aca2c2ee794f73ac4ff4d3b3127,,unverified_recording_hash_fallback
AUD-82e57e7f7e204aa7c24de51cfa3d25dfc37c44d20c08b6372cbd5e93619341cf,Animal Sound,train,GROUP-8b484f60f64895e0e670fe83cfd8c76a54142f7299b537262e2fd3c8e77aa6be,,unverified_recording_hash_fallback
AUD-8345d1f347ebdb8ef67b112b52662f93bcf175574b8164fbce6c324c45c46cbc,Animal Sound,train,GROUP-3db936203908d52d7e5995ae1f753ca1d3bee66fe31f6bec08894743380cbcbd,,unverified_recording_hash_fallback
AUD-8388682fe766a566455c56277fe393c70145aafe2c85a2cdf995f731f3c41bbe,Animal Sound,train,GROUP-8357dc9599b9046a25800d573b660184de8c3599a9bfa368ee7591c55bc6ee5c,,unverified_recording_hash_fallback
AUD-84143068681b5c462de2de51cfcc74d95f4d98736c29269338f12cdc9197ab73,Animal Sound,test,GROUP-bd6b7fbfbc886239e35e31b61b3be4b2620ea52000d57ceb453ef0f9b9b8648e,,unverified_recording_hash_fallback
AUD-853fa7204eba016218e8367234ea582fcd2eee39d23f55caf95412688c22d53e,Animal Sound,train,GROUP-cbafbd264d0537b456d6e124e6890863e67bf51f897cbbed45dfd8342f2dd766,,unverified_recording_hash_fallback
AUD-85599ce8dbb16212d0ae92f82403803a0a05f53b7d83598ac7cf7d1e753f76f8,Animal Sound,train,GROUP-57755fdfa32d4398a547a7edb95ca3bfbea41f906130385f0a06ba1d0d2bff5a,,unverified_recording_hash_fallback
AUD-85a29373c407e9c6a742417be4c0b3800f9165242b862b667dfd226c7df8fe12,Animal Sound,train,GROUP-46eada49c90718d908aeee5eb2014ba31228336619b9fa870279b8f7f73e938e,,unverified_recording_hash_fallback
AUD-8646d3240018cf8aa7a7e35975fe73874052fe6439e3962df558c4d05b03e723,Animal Sound,train,GROUP-155420fb89189eb1546915092deb0638bfb43d6398e2a2cd95299fef1538dc2a,,unverified_recording_hash_fallback
AUD-864da1630a8c4843394baa2f1a03800bc91df9b1f92616eaed054e1f7124dedd,Animal Sound,train,GROUP-47523579f0f74ea93fcd31011c6c56dfd3b2abbb32bc4a0732eb1caa17d6022c,,unverified_recording_hash_fallback
AUD-86a1a47c1157edffb90dee7b8c7845a073779f91074a9428901fff61fc807a02,Animal Sound,train,GROUP-f91d92baffc314777ff89430863507bcc01dd87d1a56d783700d838e07aa50fa,,unverified_recording_hash_fallback
AUD-86cbadebc807cdfce6ca904b19106a8a78fe67b22e667fe8e6063ae2a18892f3,Animal Sound,validation,GROUP-5e065f54b91daa55691add2462096393e9932f72e99ab0f97fdc1239adc0737a,,unverified_recording_hash_fallback
AUD-87c5d852c4831a37a8c15389a4b010631cb466baafcc4ad80cd18726d23e1001,Animal Sound,test,GROUP-52078a68cea012cacb020290bb969406848980bb6c2f3721621050ae413cf965,,unverified_recording_hash_fallback
AUD-87dbd1182185f5c0a79f80057c76380aefe84d81ba14a5863c904262f9aa9a35,Animal Sound,train,GROUP-6748f101467d5d3fbfbbc8a7267efd623ba634182ef97ca2aeb3b5026ccfd97e,,unverified_recording_hash_fallback
AUD-88ad589569c2b1c79079dd3f87a1ee34294e3a7e765c0a62670fed7c257efb6d,Animal Sound,train,GROUP-547dc2144344097e1f18848e3ce29ae9d4cb941009feb71163353e938b4317f0,,unverified_recording_hash_fallback
AUD-896aeb02ee7c15212aa8051592b4ad5e5fcf87b46a2216bf1f4cdd6e9d5650f5,Animal Sound,train,GROUP-2aed496b763a9503391ae94bbad22908e8ad1d4084e7773c3c0345f3a3377ee3,,unverified_recording_hash_fallback
AUD-8979427c4fdc03a4a4791b03d9c5d9d0a853844f443c7164b9066bef19622466,Animal Sound,train,GROUP-9133d9afbda950b7954ed88afbef4b6a3b1b51170cfda97b51cec79567ea9df2,,unverified_recording_hash_fallback
AUD-89b59595fb67c0b0525dbf5b58b87f2c8521118625173f03f4de5866914c7799,Animal Sound,validation,GROUP-dee6e0bcc5b2c9f90e96b3458908e04b5192c15bd2ba29c2a4242f837ca1fd2c,,unverified_recording_hash_fallback
AUD-8a1a71dfca6d146544d03f22a3366bf6c9caddfa7582453ac235419789141c37,Animal Sound,train,GROUP-0eab789a0ce71358ce02db245d5b2f0af0a24ac79dd39628393252d5f1913c12,,unverified_recording_hash_fallback
AUD-8a6e3133963e47639b7565878d3b9fa422af570f15bd1255549ed3dc0652ca8b,Animal Sound,test,GROUP-095b0f631323d2bc81ed51f86bf80dad489f7a17d386e1e07d2fa47652d43fe0,,unverified_recording_hash_fallback
AUD-8ad1a65cb7ee8e0b70bd022033e9ca586d737a9cfc47430bdb64f51966156ea2,Animal Sound,train,GROUP-e4f3b2f34be3bb80e702e28df2996779a187a863b8f652a981fb6281f4865012,,unverified_recording_hash_fallback
AUD-8af7c68901a10e7d2c72258fd9f407d0ec6f7160db208651bfcd824b67eeef85,Animal Sound,train,GROUP-dd018de853e0211c17b767d77bdf3c513b4e3c61815b9280e3c1f9b79d77c210,,unverified_recording_hash_fallback
AUD-8b56307941e3b7d62ac0815891c3200241524c5096d11d146055d9fecf0eaf60,Animal Sound,train,GROUP-58a701c6eace051d0e7696f412e042e90ec704436dbe790f141b4dc576708137,,unverified_recording_hash_fallback
AUD-8b814195d6bbaa0138ab103deaa4cb7c2de32187968c4b1fb2a04ddb50f484f0,Animal Sound,train,GROUP-9afb0e8b38971fb1b292246c200419c0825e1f754b60e6ebe6d4aed092004b4c,,unverified_recording_hash_fallback
AUD-8b84ca58ec834a1fcf4234aa0629d18321676e7eba9bc819ce16ca923e4a9fcc,Animal Sound,train,GROUP-1736562eaaeeb73e43a6cb55bc27bc7c9cdbe633adff21eea1b5a3338e9c34eb,,unverified_recording_hash_fallback
AUD-8bba9f299cfe4c239eaef046adc560060e416c0f27b02768118c908c2044c2bf,Animal Sound,train,GROUP-19853ce4340b46f7234a461fc64871c236f98359848e29a2ec1387c52619073f,,unverified_recording_hash_fallback
AUD-8c545955d7df7fc52716006aabb90d12a062a9dd275921fa4e4f9643d55c71f8,Animal Sound,train,GROUP-5a4cb68241d14f0bfa83f18ef61442a7f4277dd885cc4d1b03aab17211131618,,unverified_recording_hash_fallback
AUD-8d09c4e5a52f890abe455b90d284c07c27f09c6686a03613716a08a90a3a3b17,Animal Sound,train,GROUP-fd4900599010d199d80c17701fe83369571fb28c38af4edc8fd22a73471b69b5,,unverified_recording_hash_fallback
AUD-8d3da0a883f6f02fdf2f8eaa5d5d097ca9c2101622e540b5a54a0620e5220584,Animal Sound,train,GROUP-c6424fd5e145be6f94c13b22dc16de6ff9510e1da2e7cc97c5925cfca08d1e24,,unverified_recording_hash_fallback
AUD-8d595c321cbd099d0a6e1e86bae179220758f1200824837504167c44fe2e7bbc,Animal Sound,train,GROUP-0842f7f5050a93e0d9b5c108aa0379c2b3d997bdb346d8033d1bae95f1c4d152,,unverified_recording_hash_fallback
AUD-8d7cec7106615a340ac577df3a4f1ceb55c761df01dd3d3a4d445b2ef30f79bf,Animal Sound,train,GROUP-0866a0b5a282e8013157433f9b10e4465c9072492b95c8e6ba42cb8e59cf1b1e,,unverified_recording_hash_fallback
AUD-8dfda7d1ae2584b1311c8a321eb83d7c9dacb179813f0a2afcfd35680dd83b9d,Animal Sound,train,GROUP-f6a5cb366dff61fd1b623e4867c0aedd1f4ce4439df6d996c0061c5d813f3d59,,unverified_recording_hash_fallback
AUD-8e2b4d3b2f305856ce457bf1970946dd2f3eac2d76db863751a6e705ed027aaa,Animal Sound,train,GROUP-436d84522ba3017b843fa32f36affe60517695d8391f9adbace1b48041ffa97f,,unverified_recording_hash_fallback
AUD-8e6d02959c58241085d8866ed2340eee6791299a954ada1ac6b03a0952526d16,Animal Sound,test,GROUP-51dce5924531e8bbf88b5f05cf69f8bec8d48a9050edb3d6709a10e2264376c4,,unverified_recording_hash_fallback
AUD-8e7806fd6ca2d8c2b99bb909ab88cdbe679f4749c83cc9ceb8cefe802d8026aa,Animal Sound,train,GROUP-e5dec07a571b8390d511b2f93bbb9d7a3b75982e70c6dc822dbc74a07dfd4951,,unverified_recording_hash_fallback
AUD-8eb88685ed3c44dd69b227f3e42fd3a6bc588c6a29deb04170c87dc7a7c9af87,Animal Sound,train,GROUP-7c4cbc59d39be3731e52ea47960589ec8f18396ff8495ee71709657e4b517f61,,unverified_recording_hash_fallback
AUD-8ec66b95d04d91247d6e207d2718c05ac6467fb04b53a7f4c58617210f82ca6c,Animal Sound,validation,GROUP-234dd96f2dd532323423ba5896269bfb42982ce96eedea2968d740adf4a498b0,,unverified_recording_hash_fallback
AUD-8edc9b95ad7fe02dcb189b6a8e88959975045edbfb5c366e11d7418a2723cd18,Animal Sound,train,GROUP-20cd6e83eea0d7f51eac065a0c282cf3668531b2c13ebb42c79883f90935641f,,unverified_recording_hash_fallback
AUD-8ee2062f45c5d85f937f45ef56615f2a7144c417ee8a40d370d889762b090ff6,Animal Sound,train,GROUP-e67f858b5ee92d5ebb885bac1c66de3eafe94f00fe8c312d476dc268615c2062,,unverified_recording_hash_fallback
AUD-8eea1874701c2ca1de4bc69f9b063dda4c2805e6de1fdf6dabf3720916708d02,Animal Sound,validation,GROUP-c9c9212686a46d82b00eed5855ddfefaee9d28b26b7d3678da7da5af28489aa4,,unverified_recording_hash_fallback
AUD-8f15ef87fbda8056097825a3ce21feb4d04fdea8cd8f8e505275adf180913d57,Animal Sound,train,GROUP-4d02be2dc66e3baa08b11840007c74a1d592598626f59fb7a4f4dd7a4339ed8b,,unverified_recording_hash_fallback
AUD-8f52979e2890ce0ae064592c0d35f089f4351d63a717f8f62f741853758a7ac7,Animal Sound,train,GROUP-f70c9cb14c5e472cb5f6ff65072ee3ce5e4c13080775a0633b047269b778ed17,,unverified_recording_hash_fallback
AUD-90925a02ef1582b30e417d4163c8c27c3da7859cba16a6edf925fc9b377b4c03,Animal Sound,train,GROUP-cd7d6debff52ef760d88579abca681cfe75f75bbb283bf7cf195f13591817348,,unverified_recording_hash_fallback
AUD-90e8b534dd8e561a3485cc689a738934b86b308a52d4eb5ee1ded5e2859d7fe4,Animal Sound,test,GROUP-bb753dafb21441eb19047b4af75ddefe4ce41bf189a48f3affe50c6675f17f6b,,unverified_recording_hash_fallback
AUD-911fdd9cd5525b02a097ea7ffc59c096380fa8ebd5598de2a8eef5d6fab25fff,Animal Sound,test,GROUP-f1636c8911ae6da74b3b637b866b97f7415363e617dcaf7464877680f55c6452,,unverified_recording_hash_fallback
AUD-9196236070a7bafde4fae0afa90338052052f3895ebd44f0b461b75f09d7a3a4,Animal Sound,train,GROUP-ddef9777e66b1301af614b9a8d9e159f36160e53263e03bdf228b0a9224f3679,,unverified_recording_hash_fallback
AUD-91cb991f8f5ced1a6702ff04f3779c974e500fec598dd3df3b277caefd71ce34,Animal Sound,validation,GROUP-4ff28c727fea54914145b415e35408de9d46767c0cf0227c38276e2cc07c237a,,unverified_recording_hash_fallback
AUD-92b67989286d778a14e7b91a3718a78cc37ecee34b22dc8b513c506d22e8dedf,Animal Sound,train,GROUP-64a89a8ef420299a965f0365690834a29b8710fc0426617ca5320ef8c7509a24,,unverified_recording_hash_fallback
AUD-93397a6abdaa6ea3481a7c2d3731fae1dbe6d257fe99df7f361c907689e5d17f,Animal Sound,train,GROUP-9b278e869402275bba3e63685490f8e06f3c0c05fd8996c0a9b7dc2686b89e78,,unverified_recording_hash_fallback
AUD-938eba54c7cbe93970ae34f417c3a72f3be0517ef562fb31df3e8ae3c95980f9,Animal Sound,train,GROUP-b96c84b7270c13683aa294aaf098bfca1b2d04b7bd3622718f5668506f7948ad,,unverified_recording_hash_fallback
AUD-93b5c588bb7ac50140d848cd25ba085b99fb77b13893a4f66a4aea07e766e9fb,Animal Sound,test,GROUP-45e58a3e5db9aeb09370ed70a3fd6d317ecebf7b0032199b28169dfc33ed9783,,unverified_recording_hash_fallback
AUD-93e24676a476b926ea393e1860dea94b7fa8e57808a733417de91fe5abf198b6,Animal Sound,train,GROUP-a1f75189d1f414472af75c4e67bcbeacdba426a6c9341270c8f0eb26ae300bf6,,unverified_recording_hash_fallback
AUD-9460b993d4895ef33c916728641268ec9dd6870493c7207ec5b73dd3627817b4,Animal Sound,train,GROUP-32f61d9e0005e413819b4c9aa9186f8c659da1b2277ceb5b965c538265794a9c,,unverified_recording_hash_fallback
AUD-94786f115a8316d7df748964f8db56fc0a2669979a5e92c6b2e0446fe341b258,Animal Sound,train,GROUP-7e4c78b4c927bf8621ab7e2b8073379230bc4d40e585b6a5f73619801dffd6e8,,unverified_recording_hash_fallback
AUD-948ff068114f457b8a005de9766431f0d4ffc8410e45cfc73544ad0d3d28cb8f,Animal Sound,train,GROUP-cb1462ad3109c62e415e812839b42e8033d59471cdc5e045b2ac856e2c517fb7,,unverified_recording_hash_fallback
AUD-94cfef731eb266591060434436fa31fb1ec8de83577acf54bb420462b7bc9bcf,Animal Sound,train,GROUP-0f0c39442fda2fe40c39f9191167f367e7a2cd47883654c7b90acf58a257ee4e,,unverified_recording_hash_fallback
AUD-951363125377a9effcaa200cbbfd941e4c3fe68fb058de3c548677d3c302392e,Animal Sound,test,GROUP-7953bb7a1f530b0c68b226c4ce45a9b3fd780312a13ec6d179e8ebbdc2176005,,unverified_recording_hash_fallback
AUD-952913dd5691e2c7e2bf497c380b973cfdfb9b35f08dd240c6ca1de156af397a,Animal Sound,test,GROUP-4bd186f8876ed263eea1902056aa16d9eaba4fd09ddbcdb003f6486d7f17447e,,unverified_recording_hash_fallback
AUD-9597f770c7bac043b198961f2ea75a126458cd94ffeaaf09c525205bd3a5e221,Animal Sound,test,GROUP-9e16a05b1ee068d5725cdc0330696e2dbd662d7eafba7978f12167385075ee7c,,unverified_recording_hash_fallback
AUD-95a63196faf7524a79e65a51252379cc6dacc25c958fba62d8ba03795adf39ab,Animal Sound,train,GROUP-84ff836d4d32ec6b65e1b27edd0154ee81bea15de4ccf820fe92626d8cffb439,,unverified_recording_hash_fallback
AUD-96253414262c3365d4dbd8e0c64f4c71eb0d0f233ff8b0ef4a16dd94ee29a334,Animal Sound,validation,GROUP-d655cfb3860bdc3e03e14e65c860113889b311b804e954eab8c2fd8967fff3c9,,unverified_recording_hash_fallback
AUD-967348c0093a2573e0520609147e1b32aad9ffa1924d065c6490bc43481cb54a,Animal Sound,validation,GROUP-ee8f13f4ee746edaf6af1dc1761f618f708346aeebdbfb8c4c3853d75e4ac6d3,,unverified_recording_hash_fallback
AUD-97c98b8833013c3b4cc907b7901f4df19054cf077f08406339b7b9d58b9f59e3,Animal Sound,train,GROUP-4463387b1c7af2edcc51a820e0258958a5143a5f49e18b7e78da7f5e8440a3f7,,unverified_recording_hash_fallback
AUD-986e71341ad57a36a846493a3710d04629c48192c24e125bed0bcd3000b22bdd,Animal Sound,train,GROUP-db75f5c3a6e46bf1e72974922f131e05360d9789eb32122209390ee04beb95c3,,unverified_recording_hash_fallback
AUD-986f9b3a9167cf14d5e7a0bfb0fc89a08ea341f356be55eb5f2650d93281df0f,Animal Sound,train,GROUP-aeb7229201d35e8715171ead467dcfed6cf7fed703e0a2d29568e9facff647d2,,unverified_recording_hash_fallback
AUD-9945d070e89382aae7ec07e3a1fd8e874c3a69c3667f5a8708f4e0c9b7e78c8b,Animal Sound,validation,GROUP-1501db7b4a578b98fcd2e4d054cfeb32db783b9dd8d8abb1d0d607bd58070509,,unverified_recording_hash_fallback
AUD-9978443e31e9842859bfbecf355f7aa25a780b226a9149f2ce47cb50842b6c69,Animal Sound,train,GROUP-1c867bbd05f57e030953559534a664e00caa1ea3bb350e75d069d7b09cc8261d,,unverified_recording_hash_fallback
AUD-99c43f6bc656484e58161e56ead481230e4812f2f0636b029454dea8e55bab22,Animal Sound,test,GROUP-28c6b0a6ce7457fc9a8f403cca337fef6133a74097ce6550c25243eefd00cce6,,unverified_recording_hash_fallback
AUD-9a1d18ef5a0709b12befc6505ecff9f03185118b0b979d32c827251974d68eb3,Animal Sound,train,GROUP-0109d2d4c94365c11a20e5d122656c28205cbae70bf35bef29cc32e93e07b6a3,,unverified_recording_hash_fallback
AUD-9a90562d207efe9d543098afe1fb0aa11d97c92efea2f3a1655225575b4163e2,Animal Sound,train,GROUP-c07763707739db4ee060f8b7fad6a477b455856a2d19c5b1fd306818af7a3062,,unverified_recording_hash_fallback
AUD-9aa6d8031d7277689d1f8f42a9301a37fa95c6ad0bac4876de25edd7fb6dd968,Animal Sound,train,GROUP-09f3d38502ae8b6bdd909d625e942ef21dff2ec106e5bd7d6311fd82a78ea9c8,,unverified_recording_hash_fallback
AUD-9b07b95db9e6edffeb730659c8c79b4c85e2b3b7b0715a06ebff9b932bf3fbd4,Animal Sound,validation,GROUP-a6f63de25f50f6ec31875d2a8ff025025e89c89ebf339e3a15d5e7dda357b336,,unverified_recording_hash_fallback
AUD-9b316845163f204bcb2bd958d36552f9a3e1789c97c99afe09b385e36b6b08bd,Animal Sound,validation,GROUP-167b4aa7b0c93c5cfe995254ca7c0dd5325d5e122c52a5389d194ea765c211d6,,unverified_recording_hash_fallback
AUD-9b4b9cab44e2a1bf57474f20bb982a37bf22fec014732efc91d83fc4ec464a46,Animal Sound,train,GROUP-2252bbfcc7cb57f25b33a85bebccff39e90ea468aa0f0f0ae6fdad8a5407c106,,unverified_recording_hash_fallback
AUD-9c7fbb4fa6017cd8a8a1ef558767688ab8052024c66fd8676e11111747d308b3,Animal Sound,test,GROUP-99ecb55f0b425e2597d18600301d35dc7274d78c58be3e8cf1342d4eb103dedd,,unverified_recording_hash_fallback
AUD-9c95493b90ddff41fce2a9ad3fd41650d64a6173e7f5bdf2f4b9828e22df6d31,Animal Sound,train,GROUP-2095658c6f93ba21110706240a0797b0fb0d279f146d27929d2c30f6bf31e20b,,unverified_recording_hash_fallback
AUD-9d2b7b1a2bcba66e704435ffd325af95b5699cb98528bd080b2b437c6685ed5f,Animal Sound,train,GROUP-e5841d5c3fd56357a2db06bf39db5f2e2fad60f8b1209fbe499f0da6b5325676,,unverified_recording_hash_fallback
AUD-9e09cd99655dc06f701318f977fe4754cd1a943f0b7b54115e6eaa95b99e8d2e,Animal Sound,train,GROUP-5b6ccb87aa6ad1c1fa50e7c23a85087a80238a1822c22e79944fd2d54679c386,,unverified_recording_hash_fallback
AUD-9e607edfccff88118275679a0c4d32947a0f9e4cf6c23c7f688c41e9971d5017,Animal Sound,train,GROUP-62ed97dd051970a901a27dd720a5f907558eee10c9e6de5685b42ff6dc56b1c5,,unverified_recording_hash_fallback
AUD-9e62343f746bbf206621df5187dd17331d344bc5222c570001be471f2065b0a5,Animal Sound,train,GROUP-44439b128201aaa6675e35288438a7b64e241650ef9f8e20fe29b1b638b0d9c9,,unverified_recording_hash_fallback
AUD-9ebdd10ce6c2b0c9fe006621506a7c81ee383293eefdeddf8eaf27671000948c,Animal Sound,train,GROUP-40277236e8d270b9fef83823a316f0f9ed850c40d26b5be65540508c4d0a01f7,,unverified_recording_hash_fallback
AUD-9f8d40bbac6ec37d038ffc205d481b1597e699eacffbeb87bfc2483ceb3f18ff,Animal Sound,train,GROUP-99a11edb9e8dcfef64f1ff53cf7f05ca38efcc27c166766838da0cfdeef8fe09,,unverified_recording_hash_fallback
AUD-a016a231c496b30200906ec7895ef1bf0d1b867870c7420105ff85fdb2b06555,Animal Sound,train,GROUP-0c00309feef6a215f3757ff180c2f1272b97316f20fd9b210965ace4f351234d,,unverified_recording_hash_fallback
AUD-a03f5c500798ecc12dcb811865a728a0513d3c55f46fd9f47f9725aa3e07ecb5,Animal Sound,test,GROUP-cdb3f273de171aff097409261c381e13c7c0a9f021d1fdd9de7511f9e715eeee,,unverified_recording_hash_fallback
AUD-a067d0b43f81cb24112a7eddde1a84f9be878ebb2f1d6a68f1758238fe48f842,Animal Sound,train,GROUP-fafeb424929fa498f207ecb80753bd2e236370f4abc2fa2b58604d5988b02a73,,unverified_recording_hash_fallback
AUD-a20aa7a19976091289928179c8ecc27dd92b867c89960db8f6005b8be727513b,Animal Sound,train,GROUP-8d4f72d8cffff5f50bf3f774dbfd2df42c646b81cdbef83b80daa2ff1a3dece5,,unverified_recording_hash_fallback
AUD-a24b6d5bf892c2bb979f337265f9d6e5e448c45007d35a4cb82606dcf010c62d,Animal Sound,train,GROUP-e654fa7b6501a2b729aca3f356b019dd60bd0c920a1e45fa7fe90d067b6bad9c,,unverified_recording_hash_fallback
AUD-a2639769d38b6f77ccebf1383f1fa3ca5e8684fd1e7cf095d79763b906e32ffd,Animal Sound,train,GROUP-8ad4e9291dac35d05e8c676ee8b2f00de402f0f35e524e0e6860f4aff6a55d33,,unverified_recording_hash_fallback
AUD-a3403b4b77240e9494ba455f27f4cf00dd4ae773973e0d5aab7f252aa703bda1,Animal Sound,train,GROUP-77c0c8ba2746b6bc1fcde63cb2b85d06dd3ca8ae75e654578a243cee2eb49d51,,unverified_recording_hash_fallback
AUD-a382f4f82ce1523f669be8f5c132f95693589b15bf6fa623c9e406980dac6657,Animal Sound,train,GROUP-a18fff31cce5c73c2fdfc43eca9414d38a101282c70680622ac50cd040fc7ada,,unverified_recording_hash_fallback
AUD-a3f9799c1ede1a82855787ff3724d4e6e736cfc3e332cae07038a4733ec58c82,Animal Sound,train,GROUP-735010626a20e554b66657b0d2745075070a27af529f0f148797564eb6708a1f,,unverified_recording_hash_fallback
AUD-a3fc386a607a167f40dff9af242306cd0ca96b4c9f5608bd06953b5e193da442,Animal Sound,train,GROUP-6e11121e9a5c0736c497a2a2dbc64ac77078b2aac10ee850f91e227d32185b26,,unverified_recording_hash_fallback
AUD-a42470037f03cf081ce8853a878e9abb7230c95a0392bb434b7f35356e13f89e,Animal Sound,train,GROUP-0d1be1ab525595c38f3e675be26148a32b032cf50da408e06cb8b78d51da2f0f,,unverified_recording_hash_fallback
AUD-a69d354d4dcac2fb45e73af832bc4fdfe4a3e3af2aca6bc8f171e99e872651cf,Animal Sound,train,GROUP-43ddf6c7a248d0ac0b99d697781e8c40f6179c032f5728c2331183c36a62f4cf,,unverified_recording_hash_fallback
AUD-a7655df949fdebb66dad3f1b1e5a08b303bf31a414a20159dba5a99c014f6f31,Animal Sound,train,GROUP-e27451e230580510d1d0dd6d59f139510178ccb00a57d60eccce405819dd0c9c,,unverified_recording_hash_fallback
AUD-a774dae84cf81228390f29c6dd9a1d66cbe30c0d7f42fe01400d86c4945f3237,Animal Sound,train,GROUP-5c62f65f00376daf5b9e37824afe586e44f1be15cd436ae294a12044ea5e73fc,,unverified_recording_hash_fallback
AUD-a79f394f5611987c09589f1c090e4b145664706b3aa486f3a912096867cb0490,Animal Sound,train,GROUP-5882a564b3cb52ec8480b44516ae587fcc14384085118b67bd3f61e12fd606f6,,unverified_recording_hash_fallback
AUD-a8785892e14a541dbab66bb6a7f988ca0fabd1d26ed74bca4f62122ddd2b45e0,Animal Sound,train,GROUP-bcb1d92169342d01a4409dabe18f3fb01350c2b944800c7c8945dd2754e27055,,unverified_recording_hash_fallback
AUD-a89fed86247af2d5c581d5794adbdc2a3960f67e2add8ed20734ba782c691dc5,Animal Sound,test,GROUP-585fb75484384df6fef1d0c9bc400ff9e26563a5ef2e63a29935e2b406784a4e,,unverified_recording_hash_fallback
AUD-a8b68924cdc0ca4dd6acedf0eb4226d5f498ccb97f35ef83a6af2b9c6b76fe68,Animal Sound,test,GROUP-457d7c92675e5e02662722fd77b34fa6adb1df27cf9740d7f4d6ba09d03da37e,,unverified_recording_hash_fallback
AUD-a8ece0738263250cd48cb7ccfb6a5fea8c918647caff75c3fa4d6e5ad7baa12e,Animal Sound,validation,GROUP-53135cfea588718c77180a4cc91f5482c0b99a4563b1235d855e939936af3a63,,unverified_recording_hash_fallback
AUD-a92ba21346b8ffc5fe2e39159c5a2db4bd8c56d42dd159feb7941c5a444f9637,Animal Sound,train,GROUP-36bfa015519d3faa6304f012a487c3139239de40040fb1463e39b82f9bafb78a,,unverified_recording_hash_fallback
AUD-a987b123f3bbd3310efdcd1eed19de08669d612550d43fe5295a8398dd6c4c0d,Animal Sound,train,GROUP-f64d69ee443a72a69f59047c98592443b285bae3aefaba0d39dedece2d0d3eb4,,unverified_recording_hash_fallback
AUD-a99b09abacf13c16d44380d5564be816b275fd02da95fe3712c9f6be0a1c1150,Animal Sound,train,GROUP-bba48a2d00812f8fd19b0a28c6903d9133cc51e9bf2d8b7b0ec5fa05d15293a2,,unverified_recording_hash_fallback
AUD-aa052cc3ee0ce9a2491777c2ea95b8e49338b2da1a2db730ee3cc82582e2d34a,Animal Sound,train,GROUP-865a716e2fc18e46e7b242468f3c3eb83871c17e11ad911d742188f97a6aba35,,unverified_recording_hash_fallback
AUD-ab158c2b5fb6f2de726976c7f818dccff37a7a1c98eb7fde4bcfa7f24b60b26d,Animal Sound,test,GROUP-f80e331f7154514047ece46ddf343f9d4ab62e0d9da966bdac31b8d25f709fd3,,unverified_recording_hash_fallback
AUD-ac41375fb5101e40c3bc4e922a1b4ea254a52dff4f07235a4e7d109ef0c10ea2,Animal Sound,train,GROUP-ca76044ca8062d0efb17933d19163f505d4049469e9ff6a94b48270b28e40d4d,,unverified_recording_hash_fallback
AUD-acbc9b95ae91bfde6ec4b12d3e677816601c4b0c9e3f50d3a7c101ce7cb1b8b6,Animal Sound,train,GROUP-c1945b9ab7b1e8b56f3514d1d652b02dcf9752c52c8d998e397bc3af97729eab,,unverified_recording_hash_fallback
AUD-ade1d265ca6cc3231e23e8861bdd646260c26f020d461a539df8c59a4a9354b3,Animal Sound,validation,GROUP-8ae81e37701319c443a4c160ad6e84d6b94d3088b567dd5d0efba29a9cd4630f,,unverified_recording_hash_fallback
AUD-ae8a9a49ed2a7bcba7af7c117aba43dc87664d8874720fcc505d82f3f94b53e5,Animal Sound,train,GROUP-a0fe20d9aa2b41780a4ca5f9ce01065fa5fd3342b755113e1ab2e74298490389,,unverified_recording_hash_fallback
AUD-b01e29cd1a6d3eb117242a8951a2f6a8dea736341dd550c97eb3d4dcb26114d1,Animal Sound,train,GROUP-ceb3fcc97a6cc1f2fdfca801beeb35701667cf417c079f37f01963e5abc5334e,,unverified_recording_hash_fallback
AUD-b102b4f25aeae7521f2aa4eaf069b675f77a3e59352ac282ef7099b70a268a87,Animal Sound,train,GROUP-38570b7fce4e998a7967cff2a7dcf78d338cff97ecde4ad4541277bd214d4ea2,,unverified_recording_hash_fallback
AUD-b11c062e77f584d199c7f00791a273d86977bd4ab547568bf0e1bc1be118a202,Animal Sound,train,GROUP-b14fa5e131a4b2ab22ef9aeeba0bd37b6b350c9b6cd39c11f6625816cd5367e0,,unverified_recording_hash_fallback
AUD-b1678c702f7edb11dc4e6d328ce42de736ef284681e49e6a574e88c9004569bf,Animal Sound,train,GROUP-15fc08e68b06a16a11a5b3623df723745844ee444dc26d7a3e817c92ec9a0903,,unverified_recording_hash_fallback
AUD-b168801cad587fd23e59e74573b2c002c2bbf6aecc2fa0c004fd9318df75a69f,Animal Sound,test,GROUP-6abf7128199d0f7d805c49948a5b41bd26ceca10ed4090eac6670555c320981e,,unverified_recording_hash_fallback
AUD-b1c5feec1ad2aca9a228b32be854aeb2ff49c525430556bb91af9b519e52a2e4,Animal Sound,validation,GROUP-c8940dc541f8f95d81a0a732dc8736875d00fddc6ac88e4d7239b18ca9fb61be,,unverified_recording_hash_fallback
AUD-b1e4e432b482bf484dbb443ea99198497c3072f9898a390f5b2b61365e378bc8,Animal Sound,train,GROUP-9869ac604f8949282c2fc0f01c3f688d0f46fb576a23134c3e23f83d0a90a5a6,,unverified_recording_hash_fallback
AUD-b1fb4e6d4fa242f75b267ce8d2229d8494d0e59d698d99304691fd8d6ae1c7b8,Animal Sound,test,GROUP-414bcbfc7968606d95aecc3779c04f754421ab712954ca723182f31136fde56e,,unverified_recording_hash_fallback
AUD-b24de58edd8adaeccb8ccee9e3e50bafa3471bd178d061a17c75e50f6601fffd,Animal Sound,train,GROUP-0df50685ef753c0da7708f9eb9cdfd71929f8a7da6d1aad465c658b32eb6223b,,unverified_recording_hash_fallback
AUD-b30b5d728db13cd93ef6ab42b9a0935e5e3a03482f1ac2c799bd5f70b98c8555,Animal Sound,train,GROUP-41a5c90ea4a65c681f700631a26d35952295efc3e9d0d3150b503df281de446f,,unverified_recording_hash_fallback
AUD-b3890e1aec9b85afe4335d0d87fb5f7b42f0855e7b80f6e2d31e38ee74edc0cf,Animal Sound,train,GROUP-e7a95aa92fbd126e2089226f6de9e444a2440fc82c7a710fb3cc9db169ae8944,,unverified_recording_hash_fallback
AUD-b3ac3d4b8d490ee046a22c895cf59841831f2ba12448caceb42856a5fb6d95c4,Animal Sound,train,GROUP-f9cd449456cd650077e5ec5b698f90fa73a40313eb90955f1c3aacf87cca5734,,unverified_recording_hash_fallback
AUD-b40e8d32358a391ded96dab176cc1c4bb65a6a01c8fb386f90d0d6eb56858c76,Animal Sound,train,GROUP-b1ecaa9764c3b562505845a6ee8a3adb55c9a3c7bbe8eef1c5e0d29b33dd3757,,unverified_recording_hash_fallback
AUD-b447387ef4a1257ff8fbd684e8a5ab8757c98e3ca3efb7aa69734ef2a9b96e9f,Animal Sound,train,GROUP-229a21fd855df5cdec7315e2fe1e3c52ec69bbb7e02b2a8dd0664556390ea12d,,unverified_recording_hash_fallback
AUD-b4aadc5fc6d6ac9b70a673ed5883001ba94776eb9465c8ceac930570f8296c68,Animal Sound,train,GROUP-3e99e8c4af66c7ce3a7e4d55eaa27168573237f5d373a3b481978ed895cbbc2c,,unverified_recording_hash_fallback
AUD-b4e8150a42a020eed6c16f9309cc7d483c38ecff91f8c710da43e7825e5fe44e,Animal Sound,train,GROUP-d1a7520c53a02c3ce1c2581c35d075a48078f03a2409fa1df6c570fa04eee2b5,,unverified_recording_hash_fallback
AUD-b4f7cc677e1123705e034bead6bbaf7bc3e4453b1dbcff5611f008e8c140854b,Animal Sound,train,GROUP-86510d05240adf70052ff00b2c2907a7d7ce3a94accc683afd409157ae5d4a80,,unverified_recording_hash_fallback
AUD-b67e93be8e59d08e9985b9d6efed196d5bd697d53fe354b2ccebfd5804a33c25,Animal Sound,train,GROUP-b09416c669a8c856896e88fa85b1c68761e35072493cb2f9c0f5cc3971318784,,unverified_recording_hash_fallback
AUD-b74eecff83563d2eaaf960d535b6c38e19299978e433822c28ede242e89c2fef,Animal Sound,validation,GROUP-6208874f4df0d47cb30e53eaa561cf84376f33293ba3e44af5f486e038f01b06,,unverified_recording_hash_fallback
AUD-b88c6d9d2c1d5d4a0fdbb0713fd95ff450daabbe78f82ba7e7eb0c67ee06c79a,Animal Sound,test,GROUP-cdbd9404179f3a36d9da040236bdb3f1125f981747df5a0cfa4416e1a53ef139,,unverified_recording_hash_fallback
AUD-b8c4779577754ca61820c0202c2ada631d2cf572a8d34d43796e87e19e4753fd,Animal Sound,validation,GROUP-1ee47454b7b34e6cea5bc70157c2f25be62ff9d8fa191fba4d99305d3790ae77,,unverified_recording_hash_fallback
AUD-b90277d4b773d20b247c862a0bc69331eb98a999364470954916873a9de13b08,Animal Sound,train,GROUP-eaa804481bba3321b30f8bf0c21490fa0a4b8d57ada31181ef235d351e5771a4,,unverified_recording_hash_fallback
AUD-b941581b172ec56158f89a9874dc105f58dc7b3f5c90450acb199d934343d91b,Animal Sound,validation,GROUP-f5846ac092a0d58dda50b9d36a61b07a3379b14aa74c28de381307d5850cc372,,unverified_recording_hash_fallback
AUD-b953e258cee09744e9a2d56418cb76b07a9507620b5685699b62a751847578a0,Animal Sound,train,GROUP-12a2728989e9e6fcce12d3ac86e66684a63ba10bcaab9b5f6800a25a9ff51853,,unverified_recording_hash_fallback
AUD-b95d33a4cd1fff105583203f9327ad4ee79fad7bbf797ea69d7a25dc3a95a7ba,Animal Sound,test,GROUP-fd909388b8c8b6a65ea5c139aa78b6712fabcd67623a556410080f6138cf7323,,unverified_recording_hash_fallback
AUD-b95f2b5aab11a21b088dc96b90ba66b029c7d3e6373709021d2344cf6d73600b,Animal Sound,train,GROUP-2b5d62dd27f773e9c1dc5c39ef84a1899676a4932a4ee0b85b5e275d138ca4ae,,unverified_recording_hash_fallback
AUD-b9bdf64d198ed9acb745b7e0f39f834ca22d4d1d4ae6565e6accbe4926e05b6e,Animal Sound,validation,GROUP-ec63ddcbfd1783445b9a6c5d5b5d20280dff83ab1f7f49320ddb63d817fce8d6,,unverified_recording_hash_fallback
AUD-b9fc0c817f3f9b69f3c76b07269b5f867365faa566b69f7c89fcae2679af9c43,Animal Sound,train,GROUP-5576ea777aa8d3cd6076067a8223b7f88eecbc5f31691ed8564e52f31468fe19,,unverified_recording_hash_fallback
AUD-ba0b6228452dca743f6516b80d13fac05aba2ef135faa5a8f575d0694ae29225,Animal Sound,train,GROUP-87a27840c06106125b61c6994dada3b83953d4f6aea0d44bc7fc21cf86936872,,unverified_recording_hash_fallback
AUD-baefe0b074a7626f430063375136d9235c848212a33acb2682e91b8b12791de1,Animal Sound,train,GROUP-aafb2bceaef6ff1c4cf71e94db15ef9237d61e84e555ff07c6c1d07ae026ba0e,,unverified_recording_hash_fallback
AUD-bb114451e0bf2b6ebaa067e0d76c1ee74ab02ce82aab78336a43480852045d59,Animal Sound,test,GROUP-ccb32f6f0cee94d634917505b3500f60123ed46d5dd7398f87efbc61e9a1067c,,unverified_recording_hash_fallback
AUD-bb3b0af5c8a27eb8d0bd189602149c4d198978dccb150319cc9de1d7171b3172,Animal Sound,train,GROUP-beba6e4bd9e5a07f179c2a34e0553a7540708ff0d036a0e12afd667b1b3241cf,,unverified_recording_hash_fallback
AUD-bc2876a914c70d77d95fa4a3202cdcfa53764e67c8982fc11c3ac609bed2eb99,Animal Sound,validation,GROUP-66529b1f8314998b5183a4efd8733db2f338fee994a2003c7876f71320f2ec3e,,unverified_recording_hash_fallback
AUD-bcfe0a38ba58a4372ad5785f18bc4b1eb30c4e595e31626fa0272fcbe9c11d4a,Animal Sound,validation,GROUP-cc2da7bb26dda29a50e474757c151b2eec352850daa5f006fe4d5ce921301266,,unverified_recording_hash_fallback
AUD-bd1f84f2c50f6e121f1b52566b7d975879347eda0457f672562230a3b701c8ff,Animal Sound,train,GROUP-fe092336693bb40815a5e1c0b4a9cec3bbe7362f5eeb76fb3920f3dc8aacf4aa,,unverified_recording_hash_fallback
AUD-bd241f7d58674549cafb07318b776503420a1d8fa9bf4a5f38f2eacd3cc99acc,Animal Sound,train,GROUP-fd127a5447922d54920f8810fc92b97446318a699f842ba9063570d555475fe7,,unverified_recording_hash_fallback
AUD-bd8d996df8c84b263790a6c10ce73d41896cba6276557492a46ef3bf174ee6f6,Animal Sound,train,GROUP-041ae9738d740d330ff9989f03e4f3ac6f99857c8192f7615da17266e6e3566d,,unverified_recording_hash_fallback
AUD-bf381b9c23f2a8805bbadb54495e6038e03a0851ee7878aed1830dfccf5450c1,Animal Sound,train,GROUP-317330cb76711be1061eefeeec32475cee80c7f1506eb70bdc50030f6af1ccd7,,unverified_recording_hash_fallback
AUD-bf421ac8a4de32336fef618dcfa1bb6020012efab20f82ca44d2bd9c2fe4b32a,Animal Sound,train,GROUP-e11de30611c820dafca6c29e3bd6bbf38836adb824e9c86a22cc9534ea306554,,unverified_recording_hash_fallback
AUD-bf7b1688038afdd92619dcaba6f5403d10f747f814b9e3ba53f250d673bb0c68,Animal Sound,train,GROUP-45ec82e9f2ff3d88373a21b0345bad5d01c73a13c0f6e11f6a222da493608cc2,,unverified_recording_hash_fallback
AUD-c022373bfd0fd02a155312c4484a17cbe79fbe4c63eb87409b82c561969c5c2a,Animal Sound,train,GROUP-eed493a217fec37e13fe728c9eccd9dbace832ec09116fe6c8289004e76253a5,,unverified_recording_hash_fallback
AUD-c036dd7ad8d7b30276cc3489b4852938f938f663a03f1e37b742260a5ea6ec2c,Animal Sound,test,GROUP-fa7416c4ea66e42dbbbd554cd580a8557006fad5e799129d189a34cc2e1cbc9a,,unverified_recording_hash_fallback
AUD-c07ec56913f03cf12625f790db50483d8fd362a3cb1dac11d25627d69d472462,Animal Sound,train,GROUP-d6cbe9af01f3de8c1d982945c855e139a302f207b236896774d90a05ccef2392,,unverified_recording_hash_fallback
AUD-c15302e06cb88039d20585d668e28ff7abf04a2efca5cc2f6bf7fa210730b16e,Animal Sound,train,GROUP-18c3e4488614c9f963f7030bf8e9ed5fa1e1c2b6f38f0661e101e5d1c58b1332,,unverified_recording_hash_fallback
AUD-c1e55d283cd601ee953b52b618a8d578ebc9a2c5f6a1d7882c1bfcdb918cdf7a,Animal Sound,train,GROUP-c1bedf8befd2b59c29f5d2e32a62deb865be2e21520c98377cbf865246226292,,unverified_recording_hash_fallback
AUD-c220c9e69462a8d056ee513cf67b76435e4f357abfa18c6825050f372531e7fc,Animal Sound,train,GROUP-2545292fb488627716a4b3a4d5301d887eaf62276f2bd284c321697ad95bd4f2,,unverified_recording_hash_fallback
AUD-c263668ff96652607ace0cb839a8e2f3c7e31bfd0f661d42cb8a4cc9f6331b53,Animal Sound,train,GROUP-1fac94e525f6ac27bb1e3dfac31578a3931366a1ad43545ff6ef7ca6f8ec2943,,unverified_recording_hash_fallback
AUD-c2713ee6259b189dcaae43dc488d89d3dcc02edb08137f2c8619712f97b4134d,Animal Sound,train,GROUP-983c5ac07dfb50aacda20208f6ecffd1830a0d9ffcbe8b46d5f5edc1677d5458,,unverified_recording_hash_fallback
AUD-c2ba8026cb947096d482c7e4c61094d9cc651cc8f754f73266ad78168e39ab8b,Animal Sound,train,GROUP-4a49470b68ef6b0c679387e40aa3de9b75af8a53fecfd3480eca337560a5bf72,,unverified_recording_hash_fallback
AUD-c31e797f1aed8e79baf070ca303a86fa1c3ace51d613a7a5dd48f2d66c9cfac6,Animal Sound,train,GROUP-86d7f3d47ce2c3b71b90f50b56dfdf6dda13e61fe02075b839d03d55912217ec,,unverified_recording_hash_fallback
AUD-c34d55875fbe92a13bbe6cae6d0b33d56371eee184fdfd581dcffd962f0535fb,Animal Sound,validation,GROUP-a35bc2c5b550ae4385cec3a3d714d66acc71f135a7560a213cf54d70b3ac5645,,unverified_recording_hash_fallback
AUD-c357240a49abcc40b94f3658bca662e4c2604e4378c3ee1b33631adf2e14e0fa,Animal Sound,validation,GROUP-5c8c603df4c7cd90988b7fa20bf0b86e87570d8ab65e00dd6e4d12547b4d5c40,,unverified_recording_hash_fallback
AUD-c376ad5dc951d4e0ee315165bda7386a778ad94332e1279bd27d29c509f6e98e,Animal Sound,train,GROUP-8ef9415f0754bb2559086b5031a4db02e4adcdf6f4a61616faef5a6aadb1ec2e,,unverified_recording_hash_fallback
AUD-c5e51034adb6d3c669e6520015c1783954cc75527e93e36d6d7badc7e88af2a7,Animal Sound,train,GROUP-46c8a7cf55864fd4cc473e419b70db5b3bb0c03dd4c108ba36cdf881e77a709e,,unverified_recording_hash_fallback
AUD-c6003c5b0436f03048ba4a47b4422b755bcde712955028da2081a06cc09af6a2,Animal Sound,train,GROUP-d22afdeda0466c2ace7ce5b3831b1781f23006ebd148ab1bfddded2c7aad1aee,,unverified_recording_hash_fallback
AUD-c67cb136ca9e9995d31b47579ac54cc9aadff3feca1c07f9039f319cf1ae704a,Animal Sound,train,GROUP-62bba81f43b104752259885fa6c7ad4d90dec9846c2d6e09df57427cde91735a,,unverified_recording_hash_fallback
AUD-c7ca066136061deabd4835e854f682a626260539ed4cdb20b564f0d6b00c189f,Animal Sound,validation,GROUP-b2642f6194c44db36578a08f83bf2fc8670751a44697de82e02c1a258083de1b,,unverified_recording_hash_fallback
AUD-c7e897ae0a97bb0ab5616ec80584a7cc4b7b7d08dbad91b6faf0a15ca557157f,Animal Sound,train,GROUP-27e90279f18d345ee4b748ac751733eb8c84820b1f28c01a50f630f98489e31b,,unverified_recording_hash_fallback
AUD-c7f179ce1c12fee2539270f4a7f4f497afba0be3210f8ecd4507928d5588e383,Animal Sound,validation,GROUP-2c1cf34cfaec24c177570e2440ba5277c3ea15d3c644bdb144d4218aa78ee5ab,,unverified_recording_hash_fallback
AUD-c8a9a961117b5af335ee27375cc23645905096f42499d40ae277f7b87dcc02ab,Animal Sound,validation,GROUP-13104e81fe686c7d00d8fe43d8a44595721c6344f0ea5ec1abd818f12a504179,,unverified_recording_hash_fallback
AUD-c9b2cf34988bded25b6d4b4cfb608d3c54dd3b610456fa766e134af7dde8da04,Animal Sound,train,GROUP-94f2f558256c40e99efd8d260f1bdfc08d40a80cb5a148b01bebab3ad5eb102e,,unverified_recording_hash_fallback
AUD-c9f5a701ec6657f83722038fe8cbf144e06f8454051ffde1ba8c28c41070a717,Animal Sound,train,GROUP-6b36787fe106235a91e862bb3851ab711dd6a3b62293402550d6c0543c6db69e,,unverified_recording_hash_fallback
AUD-ca0ba22b6245c3dcf34ce445e9b9620f4bb52b1bb1d03bacd03bcafa2ede530b,Animal Sound,validation,GROUP-9ff62fa7494bbb9679a3d2f46111d11cffb120fd35f349b430b23d91cb24505b,,unverified_recording_hash_fallback
AUD-ca4052ea38911d37800dd68be196cb6fd841c9cde814febf82146863b975b880,Animal Sound,train,GROUP-ae2d12538f7d4ced16de48df6bbd0e81edfa6615ba346fe70ab4681bf7f348ce,,unverified_recording_hash_fallback
AUD-ca8f95af5e87b7812f9e5c405a74b68986462d4d9b76d2dd236bba9e76e00d43,Animal Sound,validation,GROUP-c7effe73b76081856586953af076c06c9d9481424f9b9cb9be6c4508fd02e108,,unverified_recording_hash_fallback
AUD-cac4ba78c281727f235fcd6b1347f777d8fc3511554005b6c5e0421d4a601cac,Animal Sound,train,GROUP-9911c1694577e6159feb372a66dfb88ef2f37722b8f922597a49c7808c444b76,,unverified_recording_hash_fallback
AUD-caf0025549a06de92799ef003076d36cb24a80493a33dfced15b8e91ebd82d36,Animal Sound,train,GROUP-a8cefa2bf157ce02d45611a9c1afd67ff1cb3d2e849374f05af2459bd1c12951,,unverified_recording_hash_fallback
AUD-cba478ebf97e0962cabbf212b1320b71db5baa701321a2a170caa1b7055e2cc3,Animal Sound,train,GROUP-b90427d02a73e2fb820801762d81d835dbcfbda3ebac74f7e17fe10cdd329cba,,unverified_recording_hash_fallback
AUD-cc194faff20968d2f1ce0415c010abedec1c38b5c7bbfbd0962d39330371724a,Animal Sound,validation,GROUP-6644016d93e7d6e9ece1158467f0932ac570d588ecaa9fefe8839eb767722f23,,unverified_recording_hash_fallback
AUD-cc2f5887fdb2ed74cceb93d1899d5e8273b7b619ae853707cf6900577c0c2a10,Animal Sound,validation,GROUP-db50b1e422dca314bf43b2a360b73d9b0946835cd39c23e744fc55889f8ebb2c,,unverified_recording_hash_fallback
AUD-cd4b90c01f05bd98aac01f917b0060e932af1e0b620da2ebe346e51364314229,Animal Sound,train,GROUP-98cdc1c2bf46696b73404edc679fd8ed23cc25327eee91e6edaf88620f09e199,,unverified_recording_hash_fallback
AUD-cd66ac497895431d5cd068dab8355b5da836e6a2a915f5db5e28c5cbfc66ce41,Animal Sound,train,GROUP-86c2a3eabefe6d23745a2eb4c0340b4fd7196d9f4c610f8ad3d20fc91374a374,,unverified_recording_hash_fallback
AUD-cd9eb856996ff69f75fb68c3c089297eb5cbac638a3996b64de77a555959dbca,Animal Sound,train,GROUP-d405d31bc66ef3da1845175de81af841a658fd404c5e7efec923aeabf5d7175d,,unverified_recording_hash_fallback
AUD-cdfe783398b6dfa3ab0139eb757d24cd8d70b537dbea0b93e5dac2f5045abf45,Animal Sound,train,GROUP-8ab85d9b851779ae7181a65eced534be099794395ee8038a9d0e10886dd17fe9,,unverified_recording_hash_fallback
AUD-ce185a8941574408a58181f3c82273460206971493fb3748fbbcd61dcaa5f97b,Animal Sound,train,GROUP-f0fcd559ebad4be8800a303dffa76deba4a3d830468473d61e5ce25a7dd5371f,,unverified_recording_hash_fallback
AUD-ce892fe595685cf14de55af218c42d41445b410500ec04ced0670cde230cda29,Animal Sound,train,GROUP-5e75bf6c00705d653610d63e193c61a331c493ddb85a20e5ab79af57b23a65bc,,unverified_recording_hash_fallback
AUD-cf078fcef9d7d008776431eb9eb9de88dcec80a4c7cede061c9b187422d1f278,Animal Sound,train,GROUP-ff71d066933fd48e468267b39d2c5511d238b648d3f8244968ee2fad48b60e99,,unverified_recording_hash_fallback
AUD-cf0e719b7851f18ed058091c535e9a53f87bbf988a5ef1acfe159877c6db206b,Animal Sound,validation,GROUP-3f416ab0c3b373317e87c48917bbcaf50c60b7c16f4ec8aaf696449da7536717,,unverified_recording_hash_fallback
AUD-cf24ac3574aac32d4fe429033eb296d70b977e79097744b839ce7d03f050a20e,Animal Sound,train,GROUP-23004002278d45f0669a29d8a032d421d7e11815cc6c759054214f834ec1eb43,,unverified_recording_hash_fallback
AUD-cf66379f95fc4a33769325189e7763a20b6112716cab673e68d3e88dbf4db7a3,Animal Sound,train,GROUP-eb16d6a754b6c1d6a69fb4f91ef1cb744fcf55e8e6d6e90831e29677f6d0ca34,,unverified_recording_hash_fallback
AUD-cf9af34fea0147fdafec3a8b2c2d935fdc89f15d01547e11d9d454f79899a6e3,Animal Sound,train,GROUP-86ff16d74258b84546076657e370a0618fc08c94da24dd2a50fcc7a85117fbf8,,unverified_recording_hash_fallback
AUD-cfdba2188944bfbfe854b649e501e2761657a9ed17dba8ecaf4ae8f15e53db5f,Animal Sound,train,GROUP-757ccbd52952d7ffd50a6d9f62b9f90afb17ff1cdfd4ac04c9e10590beea7e13,,unverified_recording_hash_fallback
AUD-d013684a06ac147c3264dfd8583518f40f436a7934f54cd60ceba3c2876dc760,Animal Sound,test,GROUP-f4ada7e2c3ae20ef35ee718adf0b9fa2217ffcbb00493fadafce9fc2766c6aad,,unverified_recording_hash_fallback
AUD-d0c5f29e1bb479c675c0b128f5fb216b0fd149cfc7f2acd824d705df3c39e2f8,Animal Sound,train,GROUP-0f1c895c2c2563630b939b340d34109b9d082509332b9fff686100f4edc7dcd8,,unverified_recording_hash_fallback
AUD-d11d5d7ccc7360f57ec49095dea2e893cc81aa293595eb519301ace47998289f,Animal Sound,train,GROUP-480ae915064cf295cd600cf07a438248d3303f2632b00461eaa9f097692535bd,,unverified_recording_hash_fallback
AUD-d18dde4016a7b4a49ca856c2360e83732211b034ba45470469ee8a1ac63b9521,Animal Sound,train,GROUP-94e989ec81d912166efc07b1567fcbc4d55f7e44ceda87962ed2c48a9d55402a,,unverified_recording_hash_fallback
AUD-d23b81adba404e1956c478428460871de91346408685bb7a74c7ab94d8e3fa5a,Animal Sound,validation,GROUP-578ae79efd745667c08d7d8bb04bbb71c495b52c6bdae71635b9290b3031cc74,,unverified_recording_hash_fallback
AUD-d24c23da8c4534364be9be3386ab6e13c4572995bac0980d59dc196c1a809f39,Animal Sound,test,GROUP-136752a429a73d2081e5fa365ccf73200f8e5dee4c3cca7dea63cccff3127e0a,,unverified_recording_hash_fallback
AUD-d28420204297d19a2f76fb0652196981cfb70dfe70ee50b8a65807726664acdd,Animal Sound,train,GROUP-5b339210602476cf1c1ce179a79cd549eac1917f77458cc3b619890a5b5d4700,,unverified_recording_hash_fallback
AUD-d2d645369e3d6900cec80f36652b28ffe836c203b36c92a890643ebdca74eaac,Animal Sound,train,GROUP-53f10634ff1f9249ccb8dc488bb15b67406e6f787369cdbbbaa8e9e5588876f7,,unverified_recording_hash_fallback
AUD-d3a51d038be6f34b405312f8745e36a987ff6c91ba7086838149282e463a1da6,Animal Sound,validation,GROUP-65de8deee2feb334dc3b53df0993c6f48c08632646c1120761a3ea45f1e55e2a,,unverified_recording_hash_fallback
AUD-d3ecc3c60fcba3d299906840bb8ae4ae82f5be1ff169a40fb3a26ce9aab1e68e,Animal Sound,test,GROUP-a7f2d2f59896e91714228457a12d5d99959a5b1f5b443b4025eae157adca3da1,,unverified_recording_hash_fallback
AUD-d3fa2cd63fadd0bf26baa1b47c0204e95ec95a564737102adb52482ac38a274f,Animal Sound,train,GROUP-da3a55f9c8a30b8254ba9a06209f2e01180e3445701d733bb2698144b4576238,,unverified_recording_hash_fallback
AUD-d4356004dc727d2775f2867954856299c886b7fe60d8acad626e2e449e7da842,Animal Sound,train,GROUP-2f1157d56019350e3e3157ca059f9a1219c25b73fd00e6aae30f3a324c9e2192,,unverified_recording_hash_fallback
AUD-d477d9fd806bc9b495ed0381c003fd55ade66f6586042944aa69bb1196a00784,Animal Sound,train,GROUP-1c28b2bee3b2d3c823211ccf840d90c5d3952684afe1b317422b001ffb95bbc2,,unverified_recording_hash_fallback
AUD-d4c9bc7b0cc80f168a0c7a0ea20bcebc0ede200ae891a749bbd9f99e34d92c4e,Animal Sound,train,GROUP-b9a49c90843be546a09717a86a02420550c191db2a14d9ff525a05e82a793109,,unverified_recording_hash_fallback
AUD-d4ebe801e15bce702ca376d317c194344fb35866383bd8a87e14b0552c65c869,Animal Sound,validation,GROUP-31816f2a153dfd6efd905e04a48380cd5873ecbd95ff7302f2090d5291ba7dec,,unverified_recording_hash_fallback
AUD-d57c6616330a23c07d00496f30fef50f671b0f41770654d50389c2cde4e91b02,Animal Sound,train,GROUP-4aaa0003a9fdcb35a8d1109d051d6385be8f71052d4dd8799f777be37210a3a3,,unverified_recording_hash_fallback
AUD-d607fa395814c14a8f9e6a55a1e6a8f9e4ff338a80190eba29f6c3b64dbcf122,Animal Sound,train,GROUP-376ac6002d78b06233e0f5c869724d07f0df4b52d471d90d0ac31a9b8ece7aec,,unverified_recording_hash_fallback
AUD-d62b49c5cbeb749882e131aab0efb326b13d2550b849c20a2ec6195b921fccbe,Animal Sound,train,GROUP-ce3d5b3acc8dcc64cb327542c9fc9ac4ad9aadba02be9fc785b745d8e7cd5e1f,,unverified_recording_hash_fallback
AUD-d6ba3454ddf2954b224d607d87e0cd864b8b435d40a05c625d9b222ca7442d50,Animal Sound,train,GROUP-415d9c57baf810cdbed5442285f107803c3b8471cb73e41fb889c8485154aef9,,unverified_recording_hash_fallback
AUD-d6c82ebdfb5881355b9b27493e70941a5a3b87b2ccf59f6dabcd65d6e6820d5d,Animal Sound,test,GROUP-e957566fd15dc59ace955125c4feace22f5731583601e2d83195f4a3180d9762,,unverified_recording_hash_fallback
AUD-d7424abdcbcce11b6176079187a8e6a4c36f64da20b117c88ba22ee6109ba28f,Animal Sound,train,GROUP-7c3a313f29bfa20acff369f31a957fdbba10dfe02d3c91b5172dcdea1d36c30e,,unverified_recording_hash_fallback
AUD-d774eca5e67e472b756b1486bf179514863cb48d16251222a61c92129a501687,Animal Sound,train,GROUP-9677652a8ddb60c8f1a4b665d9edc7e69d48d39ac37f529fe6abbf1426217b15,,unverified_recording_hash_fallback
AUD-d81e7207ad3e3f3a6fa00fe60b44e2b67eef271ee1c8808fcdcc644e17c7ec40,Animal Sound,validation,GROUP-a3ccaaa7e772ca707afa0b3117158eed45f415eeb68911378af1c7b50d2655ec,,unverified_recording_hash_fallback
AUD-d93a15f7b7c5958773832817406f7765fac8ed785a32d9daca0c8e539dd77d32,Animal Sound,train,GROUP-e99898b550cf0f06edf0454d6042a042a55c9673f42c29ab27b254fd88803234,,unverified_recording_hash_fallback
AUD-d9501a390ecb194a6c5662ffc5b567cf93212d3a28da0125529a132f3a04a41c,Animal Sound,validation,GROUP-7ae1bbeaa2f35c77077870b30ba5f6fb2e2cf4ffd2ecd358d8db97679a495a46,,unverified_recording_hash_fallback
AUD-da533a2d6ed07dd6f279009ddbba189c6bc6d2a011182c7c48aa715084f813f7,Animal Sound,test,GROUP-64587e11cb48301b6686d81a8ed8506e098ae41642e273925e188b80e19cbd97,,unverified_recording_hash_fallback
AUD-da958c4b96d5a85261ea282b56899199820e10c7f66b71cd62203d1054b6ed36,Animal Sound,train,GROUP-8d72c6599f4552e177973e58386b605f90e9debdf43079e4113586bc08bafa61,,unverified_recording_hash_fallback
AUD-dac2b9a31151a88bc982e23b846802b55530125fe1eae40dfc38f2438d973322,Animal Sound,test,GROUP-b7cdd000d4170fa3d07d04ab9d361121b5b5238cf83b5aa5cb994bc66976310c,,unverified_recording_hash_fallback
AUD-db580d25ef3375d9d4581897976d1fc85dbe95543404b17a3699f16ed9c76a6e,Animal Sound,validation,GROUP-632af3400caefa194489729f1e195377694567b8e17a7901964f8f98fa73cab3,,unverified_recording_hash_fallback
AUD-dbe095a93b5fdde12301b2527b4d3b1f7ac0d75a45dd76f044af855b43921db6,Animal Sound,train,GROUP-02946cc27b65994bf2a30a4e9a8cc3007edf362fd8c277cda6399ea5760da838,,unverified_recording_hash_fallback
AUD-dc65748255114b87ffdfe107af391b56a14e5e35cb171febc7802087165dddd5,Animal Sound,train,GROUP-00358eae9078d6902003cba4358c8f2f596a7b1a790aa5ce87ec70e517cb8445,,unverified_recording_hash_fallback
AUD-dc791d4ef9b8302bc4226d2f2af7418b67ab1a14f3e964dc7430412e591a108d,Animal Sound,train,GROUP-fcaa8b39578df784e261e0cf1c0e766983d80ad5327e35c57f632d7f55b5a6a6,,unverified_recording_hash_fallback
AUD-dc91972a276a973282bb8809b071657b3c462db2265eb82db88878db3f3c52dd,Animal Sound,train,GROUP-0cb055127362802c2c8703af7ae795ed45519bd64cbd70e3f1dd1baddeb63af0,,unverified_recording_hash_fallback
AUD-dd6b1ad5fa67066a912a1ab1ea3b9d548cb2a4c025cd1ef53089481eb907471d,Animal Sound,train,GROUP-2a90eb832d0d281ff600a11a1e736a8f6574bc4d2bbd895b3d43dcf400f4dc95,,unverified_recording_hash_fallback
AUD-dd7978f83fd57dd6c25ed569968be27380683d7e318daceb18d8054743c58e4a,Animal Sound,train,GROUP-5f41ed9d449abe10702ada1605c8c3bd6f044549e464223cefe408d45eef6ddc,,unverified_recording_hash_fallback
AUD-ddfd75d7f8c9a8b61ae9032a1f6388bda92129d2ce995d6bc76990628694a049,Animal Sound,train,GROUP-7244ed2f1520c5e1812d4dfb51a7da3df3b6baeaad4877625f9e419598a28ba3,,unverified_recording_hash_fallback
AUD-de587cb0f093e476b3d48006a0a4e5895e2c598c61dd79b52d62d702ccae8dc3,Animal Sound,train,GROUP-fb3c83838e64be7a759551fe57158045d3cabaa5f74af52cf43f6e500837d467,,unverified_recording_hash_fallback
AUD-df27de6e41bc0c11d0f16e87e2776f729f65bad127a32c358d9433e79d9c806c,Animal Sound,train,GROUP-40f07920a3957beceb84445767a5bb65b4f839f0f8d0df5960d986528700664d,,unverified_recording_hash_fallback
AUD-dfa3c6567fb750f79e699fe6076345980c8b33a8775a619f557cac9248e683f3,Animal Sound,train,GROUP-2ef2c89e0626b23c885fa8d209062e7e8bda836a4f44ae4a2059b08c2e541cf1,,unverified_recording_hash_fallback
AUD-e06de2f2aa0c90c021118d5ac87797ce02993746a7992389f078b9159a0a68b9,Animal Sound,train,GROUP-c075df03761e45b5ea23fe1d6a69640df0ccc8076f60351522cde7ea4b1464ed,,unverified_recording_hash_fallback
AUD-e0b91f8c31fb6f3925c0dda3f11975dc45be47c5963d6bf3a5ffb1d7b3370292,Animal Sound,train,GROUP-725a098f88f02aa01e9439744261cc09684551c9c3190b88497f35db7ef6e372,,unverified_recording_hash_fallback
AUD-e0d30a3a0233509fe6aecc5546ff411f64dd3722c8cac55428d5da1a81e76948,Animal Sound,validation,GROUP-216534da0c226ea219466412f3cbbfad4fe34112529b8d34ba3d3ed263f3edec,,unverified_recording_hash_fallback
AUD-e137990223125ec8f210909f7a0a984be5dabdae350bb7f03483ecdcc0d415a4,Animal Sound,validation,GROUP-856a6462ea0dc30e02ed18c76f33e680d0b9897c13256c27980fbee1fc5b5c9f,,unverified_recording_hash_fallback
AUD-e2cfb28c3b24c53a8c7df78aab0b4af2aa4ddff430ef19b3c0b843495d34946f,Animal Sound,test,GROUP-a112194db040757731cb4ddbd2019e8842a719453ed7570f6abf0240a432010a,,unverified_recording_hash_fallback
AUD-e2de831646e70be4f88efa056c3c1af36b02990290fdb1963d92a0383fe9162c,Animal Sound,validation,GROUP-db835ded02b6cd74ced559064c51b799327fc35fe88eeebfeef377f890e55426,,unverified_recording_hash_fallback
AUD-e30dbfc95e0b396ac91bc7fef469e4535a9f7e64d6882d0f35f26b9ef03dda8f,Animal Sound,train,GROUP-8a560e95e9a497321a0db45e5a9807d704bae5d9dbc98955f6b8663599b37880,,unverified_recording_hash_fallback
AUD-e3df315bece746e1588e893b4a28a8b2f882e16b41857e240c904d5f21393c18,Animal Sound,validation,GROUP-b00c3d0c679c93ca84817ef9b64fc9d269392d2618dff07d3da70229541e0379,,unverified_recording_hash_fallback
AUD-e40d2b564f0ba7b7e770c5fb09f589846951fa2144b079b18385a1faad66cc21,Animal Sound,train,GROUP-852b5f8856253aa9cf8b13eb6ea45268fa1ebc4bfc143566f1b33ab1fb4da82c,,unverified_recording_hash_fallback
AUD-e46c1836291f24c281f59d1903aef29750fcf6d0c998ffbb46a37dd555382b7e,Animal Sound,validation,GROUP-f1e255fe1c6c1883f1961c4117b9ef00f30b0a911b821ee4062c5cc2d7a2c353,,unverified_recording_hash_fallback
AUD-e54be10dea856d41fdc7afd80457514a3461f0261732827550f02f79edb84979,Animal Sound,train,GROUP-760e06be8bb0e2093a0fc3651e82d288660119152d027f77a9c5fdc451b8d96c,,unverified_recording_hash_fallback
AUD-e5a32db05877e1e456a60debc1dd50bd7a92b84f3efcd0be579055c8a562f81a,Animal Sound,train,GROUP-ab245d7c7c34d366d8e2d6334e8063b35e0ef792ac07748e6dbd652c39a2dc49,,unverified_recording_hash_fallback
AUD-e63ef61517e725d97a6512daa169fec2789f5ca53d3ec01ed1b7798dda878b1e,Animal Sound,train,GROUP-f94147e30898cffe95593daa59c883b003da35c7a27b752e42b3be385aeeec97,,unverified_recording_hash_fallback
AUD-e7393bdffdcd1cfb2912616e815559a745f5d3c8a426f433bddf315799a329cd,Animal Sound,train,GROUP-3cd10992737a430c089b001c486b4cec4d46069af1dfd701521db1047d999e58,,unverified_recording_hash_fallback
AUD-e779a6ea78c5872b88de32c64b8f1f64540a4e2840608b1d897bdf27b8bccb64,Animal Sound,train,GROUP-30783bc2fa83f36e085573d3afc7f20083e9f6338c8b9b9e09b86d014e8d7472,,unverified_recording_hash_fallback
AUD-e842a5039047136747849d8ac30f83690f768a73ae511618d2a8d4bc333c206d,Animal Sound,train,GROUP-73522b3682675713f722b223ce6a3e22c2eac61875257580686b1f9bcb686720,,unverified_recording_hash_fallback
AUD-e88ab09705b51a0a4c3e8cebdc791f36a1f9a6e8b8606e95b42b614c7353acd0,Animal Sound,train,GROUP-ec7ce762d6c1707d584cfabcf1562f70f5ca4bbb7be20d8d0e8ad8dfdd763a0e,,unverified_recording_hash_fallback
AUD-e8964b2932a27f6fb3e05e86f45332735fd141ffc92d285088fc835bfe4395fe,Animal Sound,train,GROUP-dfb18233e8a3541bc51119a1d90fb57f88a336daa0540ae44be40f59e8b65fe4,,unverified_recording_hash_fallback
AUD-e902eb958e691e79e4e547e1f7fda17e9966e0b041085ace311b5168f315ae8d,Animal Sound,train,GROUP-a5be9d93646b8e7f25442ddd78639f9ad1c477ea591ef6aaa476b8e69bff22d7,,unverified_recording_hash_fallback
AUD-e9c70507186d71fe6485b008a218d1706735950c331a619faaa0bc3b82416f27,Animal Sound,train,GROUP-7234fa6b37b4812638fd95d7d90246c8bbcde5f346c3bd731f5f1b8c8016fefb,,unverified_recording_hash_fallback
AUD-ea20f838e214bbba0130230ba4e53fb2d7f3bc066f381ff97412d07dc2281ded,Animal Sound,validation,GROUP-d48e80fb3cc49c2770d1b17517c0b8555769dfa4b91e31ad3ffc35f3bcb13cae,,unverified_recording_hash_fallback
AUD-ea7a8d29e54385f7419516bae9570e5d376e653e3334e2df66e36b1df84d1bb2,Animal Sound,test,GROUP-acd8ee3975fa4c0f03dec14c584cf770862b3713bf3131c5c45018aacde205ea,,unverified_recording_hash_fallback
AUD-eafb891e8ae09887eb2b45145646ceb04cd206c1cd2dbd232aa5446ee65918e3,Animal Sound,train,GROUP-f6dd142cdc4bdddd8285cf1cf899cb4ac69e66ddc21eb9f16b671a2128818e09,,unverified_recording_hash_fallback
AUD-eb0da53406a59dd8421eab5c6e0d279d2bfa83342d22ece7efec0f8180c2e118,Animal Sound,train,GROUP-d4b584c5006b38b09bce616383de08016b0fa823cf5279d7d24048ffa1f806d7,,unverified_recording_hash_fallback
AUD-ecb1e3fc76a78e0c958ffca9e7a9507a942aab8595e6dea785dd2e0ecdf0dee8,Animal Sound,test,GROUP-a4640a283cb138aab32bc2d027859b7bc740e722389ee8c842640067d573bbd6,,unverified_recording_hash_fallback
AUD-ed632d01358bfca5fa4844d524f3f990769392107a98d211756dd12ec4600cf5,Animal Sound,test,GROUP-6e73866be474ac2334819390c61c4f4428f5dfe2a500fe5f30016b79972bd277,,unverified_recording_hash_fallback
AUD-eda402c7fd55d4a7cd8e591eba3e6eeb12784b509e80140d2c559caf268a92cd,Animal Sound,train,GROUP-ce3a314fd722dc6b05262d22f3dbad1fe2cd970dd521ab7d9694def4bac7116e,,unverified_recording_hash_fallback
AUD-ee18dcfb9ff7795d738db2834153341caf28a10a05388729cb10c307dbbd0883,Animal Sound,train,GROUP-808f5d8e8ace55946be21d2fc4066efa44680c075600d4f174b56b7a477eb545,,unverified_recording_hash_fallback
AUD-ee804bf7965fb4fa5dbf8a168b4575b592bb984158e356abe4148059efd4fe66,Animal Sound,train,GROUP-81e9873ff67480483ff802e8a7d96125da6056575f7b2233848d6e913518f202,,unverified_recording_hash_fallback
AUD-eee05269beb0f591ec06cc5bb66dd133ac2a3afc2673a30a8afb5edd1a1b05dd,Animal Sound,train,GROUP-2ce7f5e2a1ca10b93cc338082ec4f1c9885d4c76d3549e692fb49e33c866bdce,,unverified_recording_hash_fallback
AUD-f128ac034ad54b8904876ab11f88a96361a3717646e8a1e7da5670d0dc5f0a49,Animal Sound,train,GROUP-54204a5b9567793946c18f465d548d6bc276275fe51fda2808cab083b1830aef,,unverified_recording_hash_fallback
AUD-f15045c3e14dd79ea9ec883bdea7211e8ece4fc7960e557eb13c63cab5ca3652,Animal Sound,train,GROUP-80fac79bfbe264405d2465cb0923652ec56ab1a14251675175046a3a82ad3a14,,unverified_recording_hash_fallback
AUD-f1693888afbde96ee77eaad36c8f456874e1cb5efe563111984ac8a1682f0eed,Animal Sound,test,GROUP-0f795ed1601710dc28be184d1bd2623b20d896d68eae3355654216b7bb33a804,,unverified_recording_hash_fallback
AUD-f19413362fb62a455d86df69da7660520c12e0c2a10b556b63d8011c44daecda,Animal Sound,test,GROUP-5c532356fea7cda5629e023445cc665a5261906b1bbce728d0279b4cfbc39b3a,,unverified_recording_hash_fallback
AUD-f1996788f74399a266dbdb120712a1be9c15650b7017d1af69bb9f8ae1edd3f8,Animal Sound,test,GROUP-45861df247d1251ead80542ef5216381f1f01698dbeb56d61bff1d0bb0b19982,,unverified_recording_hash_fallback
AUD-f27d2bd11fe905bc087c8734afdea280ae00f49df307c4eccb5b9fd2259530cb,Animal Sound,train,GROUP-222a90cb17b9cf0c8dbe893beaec93680eaec2ec575f90671ddec5c9fa0eb786,,unverified_recording_hash_fallback
AUD-f2e416a951d5f941c067b6d6179d974819315478e05488a92e77ad934bd0a140,Animal Sound,train,GROUP-c3174b29ee155ebdf5ffdbf3f7cf99984ccd0ac2d865900fffab54b36a34c53d,,unverified_recording_hash_fallback
AUD-f31ad4edca5d481d84945f821ba49f1908d508e4cf4309d31adfbacd1491a5ae,Animal Sound,train,GROUP-afe9559c6da03cf478be9386e75b63432cf84cd76af65648bc0fecf93e37fdc3,,unverified_recording_hash_fallback
AUD-f3cda9c3d5b61cf1e0a35a95734367a94228786879820739918f92ddb79b8cf8,Animal Sound,train,GROUP-9f45a50f929744a196c79d6faef097a7af5e2965fb4de247cc5aa7c726bc4cd0,,unverified_recording_hash_fallback
AUD-f43a29528dd14e5151ad95dcf519de88999a37e99ae5021795471f148d6975fd,Animal Sound,train,GROUP-251ffc76c684c30d2fbcec1351df25c3253403db4558c49a8fa6c04981e3823f,,unverified_recording_hash_fallback
AUD-f44b550acb09f676cbcb6ebf2befded141c7cc62f75c9f2762fc09d7f8be6906,Animal Sound,test,GROUP-e9b65e1beb40e2586cfa504b507c5194dd5cd408dc57f44b7857e6bc4f815a73,,unverified_recording_hash_fallback
AUD-f726b1f7b27a27ff48d2a550d542e7fe0b52c7d835184b41c44d111e05b0d578,Animal Sound,train,GROUP-76d1c68143cbb064f192a1b39163fa5d235bfafc5bbcc23bbb8f5a020165b514,,unverified_recording_hash_fallback
AUD-f72db9e9318e719c903046d6a282d6747a39d8d2944eb7d52266cb81487460c3,Animal Sound,train,GROUP-9b0dfc6fa32286740d90972e155b010ef8d79a793393410af516c093510a43be,,unverified_recording_hash_fallback
AUD-f741a53b7f0d49ccc018cdd68aa58d40fcb90a5957846481e26d7cf539714e3a,Animal Sound,train,GROUP-995440d068ca6d6cdbdc76ee94f589b4d3f718bea1c7b3dda13be4e743b202c9,,unverified_recording_hash_fallback
AUD-f747dff94fa48513d5b257032d6c715db7bd62a04f3bdb82cb81d1e11fd8124c,Animal Sound,validation,GROUP-be44ceb86ec46bb53d05172bd65546bd5136351003bbdf1fe4c145dea794491f,,unverified_recording_hash_fallback
AUD-f78e8940b59c9248d2c72266ade721b7339ee571581d124987e8268222badfd8,Animal Sound,test,GROUP-f30555230c7235517afeec3823ab5279f3daf453076b9d204b2818b0a20596ba,,unverified_recording_hash_fallback
AUD-f7ed3caf85faafad993d9d3c6a9d2a39e8f1f976c3addea864928f27210b1520,Animal Sound,train,GROUP-43904491edb39ba4dd18c2435f1f380dd42641ec0f54d8859e7d878ad0e9a3eb,,unverified_recording_hash_fallback
AUD-f91e34771dc5205c9828905370772b169afd2789b9981bb310f3034dd273e1eb,Animal Sound,train,GROUP-30136497a762faa5c86ecb7afef88e3ccfd6be8e5eb6b7327fa8dfac4d57a10f,,unverified_recording_hash_fallback
AUD-f9939371c83d1d67090dac822c0c9adc701e8ea13a155835cd4b87fd721d4e99,Animal Sound,train,GROUP-bde0effb0d78e3c6a34e4e8462067fa619b7fa2c26186b20f9f7bfe9c06d7aac,,unverified_recording_hash_fallback
AUD-f99f223d562452e2c8db6c2edd4400ffaed4c052e68899737c1688fe7c8088b9,Animal Sound,test,GROUP-bbd5e60ea208cbbb1a27f13b8fcbf2e7951533b1cafbf2a34738f570433b4425,,unverified_recording_hash_fallback
AUD-f9a17763d7c8836d31b5eb4cdb7218710ebfe775e476880a5230883f9bc653a0,Animal Sound,train,GROUP-b25ff5ef397b0312eda7f842b545ef248255c052a0ad2c6103d6e573f7faee06,,unverified_recording_hash_fallback
AUD-f9b56d23e68f7a11c01158955075688d7e07b96ea80c2d4e276d7511b03595e6,Animal Sound,validation,GROUP-ff58bea342e854399b5f197f152d9a1097c3e349f1b1f88b84391110ab5f9e2c,,unverified_recording_hash_fallback
AUD-fa9acc9a262b753c81d3621165782ea5b700dc866373c00a00cd3e8a5b6ff420,Animal Sound,train,GROUP-0c2a96a85c58a4cfed3cd0844f8b4d5c367a9fcd8d1336f8a281e47f8a3be7fe,,unverified_recording_hash_fallback
AUD-fb21c4dd6b13de4c5d8f3c6654e3eb131f74f76d60477062e2a57ba45e89be79,Animal Sound,train,GROUP-d0d60a42faffe1cdc2bc81df57e449c8a43ee1d018bd3029118cc3e68bf01751,,unverified_recording_hash_fallback
AUD-fc19bdd267679601d74bf280159ca4aab48ae1a9e87af2ceb27a402d8ed32240,Animal Sound,train,GROUP-d41fc98458f8c37b76471b3c36d462d7f4c2489f2cefcd79603e90b8c949570b,,unverified_recording_hash_fallback
AUD-fc22e57257f1be07929d2cfe40d5a299dbc29ebf14bde14c294b79eb8162838e,Animal Sound,train,GROUP-48a2251139d1a32c92b9b53fdf4576b218da4eb9ec87e9d19141b0046a64bf3c,,unverified_recording_hash_fallback
AUD-fd2b6503b77ab0059aa3818e0784be33c89aa9bdbe9375e3dcf94ba7291b20f3,Animal Sound,validation,GROUP-c4148e7462e36047db9e29e6edc83ee7804fc76ffe71d2887d94d61a32da2c38,,unverified_recording_hash_fallback
AUD-fe2c1ab093d1f7407ec4d8285f53d47e752de465b5242daf2fceb772a0031be3,Animal Sound,train,GROUP-c73cf6c009c95079774e11afd7746be5471d53bd6ee19e366770ee44dde0b44c,,unverified_recording_hash_fallback
AUD-fe905790fa6415ca2038d26e8e322e35265812d0082dd91c0d3d5d346a770621,Animal Sound,train,GROUP-8f02305aa99e95e62fba5d65c44a3f39ce1615954a091d50fe9cb62f8709bec9,,unverified_recording_hash_fallback
AUD-ff1bb02d3b3448eb69be473af80b94543bf9c7915e043720526a63f8be71ebde,Animal Sound,train,GROUP-d4e29025efd32939ed70198ec1757efc72c53832025842cbbd917adc31586678,,unverified_recording_hash_fallback
AUD-fff2deb470e19a9ec4c6c759e075d0e33eb0d4084d708a3fe9756c23b7691410,Animal Sound,train,GROUP-16ac36ac072f8015f672a449c265628974190f30fb151f5219627934adf18d90,,unverified_recording_hash_fallback
AUD-0050ba563265438461a09fac30628df17b987728d6276ce1044ad60175ed46bd,Background Noise,validation,GROUP-fea42cf004f2913bd8e0e856e37dcad6735332e389e1781efc9bde19258b02ed,,unverified_recording_hash_fallback
AUD-0066fab29b7e67f84b595193e48992ad34783d16ce90bee393aae8daf5eca3fb,Background Noise,train,GROUP-0e2ee4a3ee7ff60fadaa8feb14032e11010262cb5cb90e7678596fa33dbac402,,unverified_recording_hash_fallback
AUD-00cb5d706c6e6c2b049c042c784a10889b00104f88ce26cc97467ddb039ac8d3,Background Noise,validation,GROUP-10fd6134fe98c8826c1794c21b9a2bbdc6be26ccefb93da97feb205f7dcae4f5,,unverified_recording_hash_fallback
AUD-00d22fd638d2730124d3354ae60f725133b1ef56f2e8bb1dcac2c560d25bc5c2,Background Noise,test,GROUP-b96b474220e1a0a4dbe95bfc4e75ff1cd264df647855ed99ae228adb680da7fe,,unverified_recording_hash_fallback
AUD-01f9f3ff4c7b6aa8a8f01e72028cb30089ef6b971a1a2bf24955cb0c61211ac3,Background Noise,train,GROUP-c17fc8431ef75c51d23ced5cc02092aa235210400502f2514a214e53d073c468,,unverified_recording_hash_fallback
AUD-02a912225ab486af443a3072858695068b757641dc95a9d48043d5624059e379,Background Noise,train,GROUP-68df0c163cded7b74db013be96c50b1635806db613ace4033f4e9c9fa270e694,,unverified_recording_hash_fallback
AUD-0305cc542bc0353e30d80c70480d9062e3666e1f13b0a901796a4d95d310466c,Background Noise,train,GROUP-2e937852a6f33157c36abf830c216d4fc392ed35bce045d501b05aaedcbac114,,unverified_recording_hash_fallback
AUD-034145bd17b7e9fe590b9f711ba3215fe84a03e66dd75cc5af7fe10ba0ace1b7,Background Noise,train,GROUP-76dcf00ce6a42f2e38e59820e1054cf09349b08aa6d9981feca6d091bf6eade2,,unverified_recording_hash_fallback
AUD-03cddffbe348730c7fd2713894da6a22c379fc173c8462457cb02dd3eacac20a,Background Noise,train,GROUP-e79fd36c40586f1f4c7c6d6c3a48ee145ac16dadfa1848ceb3009d770c85ad7b,,unverified_recording_hash_fallback
AUD-04431dae141d4ec550d25d498792ab099ecabc8c90a2c0218e876f464ca0df45,Background Noise,train,GROUP-e7cd6442a4bfe6475a077fc2fef2854d18f0c33f5c8c217ab061ffbf07e6b35a,,unverified_recording_hash_fallback
AUD-04ea45e3aa9b5a0f63022956c6bcc006d784fa5e3b7d531a5fd79f538c71cb48,Background Noise,train,GROUP-e809e45efc41082346db977ff80ae36970a9093b3562585f007eb0987bd504ee,,unverified_recording_hash_fallback
AUD-071a0ff0082750380dad16ee8fd0e3b2cd5b93975ba24852a679c84c98d337dd,Background Noise,train,GROUP-b50f565d1fc4e152a86fc9c97a629a5fff178fc59bc4f45b335a8ae88cd916ed,,unverified_recording_hash_fallback
AUD-07d61c4028e93fc339ea7dc13daa259cf9c5caaf85b55ff5ab51f66fc249c398,Background Noise,validation,GROUP-73aa7d9cf200376e4ec72e98f8e445b5022c03287de024178fd9cb14da8b0b4d,,unverified_recording_hash_fallback
AUD-0808b3bd98578c41a4482708bc827ab2356df180abdd60860b710e90da0a3e75,Background Noise,train,GROUP-382434bdcaf732f4b5ff13571585d12159eb220dcb29bc14884a951264124f6d,,unverified_recording_hash_fallback
AUD-0a85b84926dd6a3d5f18792fa38dd7e54d5ee3578ac270c0a343869addf6b909,Background Noise,train,GROUP-3c0c8436eec6dfb3f24f873bebf7c6b891ed7e4778b5034b9aa4c2c15dabb404,,unverified_recording_hash_fallback
AUD-0b1ce441db86187a9888bd437f4bd5e8129310755be4af62167d58b4f5c3792a,Background Noise,train,GROUP-fb5363644aa118c9415b2ab85f0a24c762f7756625cab3acced52ec7ce9d5467,,unverified_recording_hash_fallback
AUD-0c84f0ea31445db68a981a81c7c563edae0a595a00af28d26d0992d8cb0637e8,Background Noise,validation,GROUP-27353b7ffac11b13c79e1562bdf87ac1af2292adf509c249fb8943a09ae1a785,,unverified_recording_hash_fallback
AUD-0d1b7cc68a8f2c62c58ab6a6889c32f5d9112b547299d9d342c433c9e9bf9c44,Background Noise,train,GROUP-bdc750df5e0ab5288d40afe4d66082ec715c8b84d1e2b1f5c9e0c18a4edd05f6,,unverified_recording_hash_fallback
AUD-0d6dc429f900058eba5283830f56bac067530b601047cf509648243bfa582531,Background Noise,train,GROUP-48188aa2eecfe29c51ca5e606653e129524715a6da6040aeb28824e85a297af3,,unverified_recording_hash_fallback
AUD-0db712752c639cc3c95c92bc74a656246a46c58c7ea393d288dd845578be7362,Background Noise,train,GROUP-0e2fe8802064c1ac3041707005fa2473a8130fcfbd401f9c51b93b5d67a5bccc,,unverified_recording_hash_fallback
AUD-0f8e49a3998b88977902edc28f8fb2a437e7d53a4cd58eac5d9757db9cbc14ce,Background Noise,train,GROUP-0d6df75f62b0650b2824429b67322f131a2659214e4585c6f5bdd24f1fa13357,,unverified_recording_hash_fallback
AUD-0f91764ebef1acb59b96a8addee10765512f2ef0d1efa433eb1186257b696581,Background Noise,train,GROUP-8bf820d78f9b8422a1b8349598f1ca5d9bf810d730de9cfe2935265b3059fded,,unverified_recording_hash_fallback
AUD-104c62d405a2b369a1e3cbd2669594daf3d88a7372575776a11380d970200dde,Background Noise,train,GROUP-d07f5fb6c23894e8af0dd03b2a27c984386c98f9bb67e78161d5d0aaf7013925,,unverified_recording_hash_fallback
AUD-10be28b02bcc1066cb2c354642f0ac091c09dd43d434c80a0ce7ad4a8e9e0ab2,Background Noise,train,GROUP-aa00925b21d286768bc06442235049310cc450d58693d637a7e58b07886d89d4,,unverified_recording_hash_fallback
AUD-1265440ff4655c87f9138bb692829b569036f8bbd2f1abca3819e041dedb1bec,Background Noise,train,GROUP-bef12fcc7a0beff58ddaafac755031134c8eb746466e8362a7d88ff27780d725,,unverified_recording_hash_fallback
AUD-127bd61d863dce010b2ee109092168576cb934d61e19aa6b44700babbc076df3,Background Noise,test,GROUP-6918d41b18ec586fe4a77c7fd640fe734284ad408b99bb5d10fa466b4f9d9bb8,,unverified_recording_hash_fallback
AUD-130ea6be12981ba75f4ba45890332a40a9ea45b30b53ecc296b1c3f4900a64af,Background Noise,train,GROUP-94a6840a763240a0819c5a9a519646e21043b78ccab8af96f168c6af824cc071,,unverified_recording_hash_fallback
AUD-13ad59deb8a1df70edec30c36f9a68838258d495be1264a760e9a66c444461c1,Background Noise,test,GROUP-e8cc15cc4e5be3f94de9d4f0d1f0bb6a9c1f4d6a579282c048c603e20e9709dc,,unverified_recording_hash_fallback
AUD-1416567f8fddf85d635635ac6f105e87cd402889ab9d40cd86dc48ab3e591b3f,Background Noise,train,GROUP-38548a69a3a1571f5c37d3926cfb082822045f83fcff8cbbb66e0af9303d58b8,,unverified_recording_hash_fallback
AUD-147c5bc3f0b6d1449ed3eea4810515275d9bc4074d5c252214027f6b873a38cd,Background Noise,train,GROUP-b71fc7fcbdfcb902f311324ec4ab32b82f1275124d7b57cada1a38f95cee5023,,unverified_recording_hash_fallback
AUD-15815d2e7ef8f8c955da0742206333c778c5300f15860745214e8f4aa6b4e783,Background Noise,train,GROUP-353e62bcb48a3f73339c6cd6e7d83907f5a9e4a1658affce6eda8eda1717f95d,,unverified_recording_hash_fallback
AUD-15fa5abb7c4062e4a17a45f99d5cf324505a343b6edcddf4a261b95dce2ca056,Background Noise,train,GROUP-37fc23cccb7900d5b0dfc4b21fffcdf9accdbd0bdcc8df92c210c8eb34fc7436,,unverified_recording_hash_fallback
AUD-161679af57e73ac6200d8674c2d622319281fb65d7d1f2aa79fad7020005d366,Background Noise,train,GROUP-b53ed028b6ecf414c0266ef233fa5034417338cc879f616aee42d983c83348b7,,unverified_recording_hash_fallback
AUD-171e04fd6a30ae9eaa5e33b6a79dc1830a313c03d4acb696451f22ed81bd2c94,Background Noise,train,GROUP-6e1d38b9569cc53f762b012c351b241759cd51ca00e9fda8c29d368090f6cc1a,,unverified_recording_hash_fallback
AUD-17c31d8a9beca464c6df01a88798f658535533f622e12234fc8adbc7587e5be6,Background Noise,train,GROUP-f3742de0350551797d0e123e0e143280e11a064255a3d7f7444d5f817a2bd197,,unverified_recording_hash_fallback
AUD-17c3656a8b70d8638e29f76d368ce7cec71045d463e0898209ba710de44560f7,Background Noise,train,GROUP-7ec6ab2c588a5263b1109d1f37a2503427bdbd220042452cad5e3df08e29ed83,,unverified_recording_hash_fallback
AUD-1840ca07afe26e040b880f6e6f9d76a4d006cb06296879b05ce290bcbd63780b,Background Noise,train,GROUP-172434069c9ab804065f29b4b72594a2ff37e808e59d4f1090978a7f8a9e1c6c,,unverified_recording_hash_fallback
AUD-193cab2be3989ebdc3e4316f97806a240d2d572ba057f53955b29594422e85c6,Background Noise,train,GROUP-6286e6442e5b91a3cac419796d3b5f16ca750e9e57584ecbb5cfb9226f8f8bf6,,unverified_recording_hash_fallback
AUD-19bffd877991d303ff6d5745417305c530978cb83213181c3e8d9059ba5f4222,Background Noise,test,GROUP-a24197066bf2bca24e451dd7a6c735645bfcd38ea54215bc1d10599ba0b2057e,,unverified_recording_hash_fallback
AUD-1a52e6a85c96821491d16504deb3dd8938281f9139015fc7c552caa35902b284,Background Noise,train,GROUP-62a67cfc650b22f11ea1bd64032e4a6c559ad328ee52a37e5085cb1befa5d450,,unverified_recording_hash_fallback
AUD-1b86840fb4843a3c7431c3978985652a83a8f8e4414761adc3b305893940df42,Background Noise,train,GROUP-2ec224af0fa247a4498368a3704e7e8fff573d69b497131e60d2f841e9c81420,,unverified_recording_hash_fallback
AUD-1b8da3dbb426fbb944b6b03a183b12454cb61c32b6fc791bb5c198ebb56248b0,Background Noise,train,GROUP-3e4022f9aaa26bdd8edd800bb184523f78f08ab6ac4d4e0c864f69a47efebffa,,unverified_recording_hash_fallback
AUD-1c9d478cf9e5457149c0337ae0c5c32a5075f576e6ae663f368c8054b0dc12d8,Background Noise,train,GROUP-3452691846640f69ff8d60bbf47d320878bbaa5c996d1becc34a0c9dedb6f836,,unverified_recording_hash_fallback
AUD-1d7455fec42d96ed73685807448699ced1ef6d47861447c1b57081a391550a51,Background Noise,train,GROUP-a8fce5081092cb4398b4384500fcf4ae730e98cefe32d30370ac9e22a72b7812,,unverified_recording_hash_fallback
AUD-1e06fde8905d1fa0dfcfff1f32a832660aa1bb7f5afa0d217d359ccba0c254c4,Background Noise,train,GROUP-081a27a5529b40c3058eae4b625cad5369786447e18950c2c6ab9bcb8689798d,,unverified_recording_hash_fallback
AUD-1f23f53170f812d0455b4606feea86dc7ce807d32cc1a93a40c69c808d29b222,Background Noise,train,GROUP-3b0184092b2729d5808c3723b19d7d1d9e4c398427fcf96fb957bb45088c63c5,,unverified_recording_hash_fallback
AUD-1fc72f16716481dd48a3d40f055b73e3c931ef91740822f430f357c397cb8b71,Background Noise,train,GROUP-e7434008e3b35d5373138b7862c76e3a05dc50068296638c5ad6bbdb250af851,,unverified_recording_hash_fallback
AUD-1fdb626818742f83ce50191c48a37341e4d08ee94a719e4da763480a74e2373e,Background Noise,train,GROUP-3e66ca24b47f96c003d2a7d8e6213748a0f7918c455111966125028c79ccbac5,,unverified_recording_hash_fallback
AUD-1fdef064e2cdb2c0e9fc0af275bb4938aba4a8f3dfd6b099fd29e4d9f5a34535,Background Noise,train,GROUP-0ac2bf6b73292be2a5875fd9bc2f114a9d53d9318a6fcc32e243c769bd1cbe13,,unverified_recording_hash_fallback
AUD-21c755ea3ab4196f8a68dd8324f2314436d1601e695fca7483ad79312484af4c,Background Noise,validation,GROUP-a779ef49af083cfa1eed9e02ec276dc25ec96d9acc2169af493850dfc9de66b2,,unverified_recording_hash_fallback
AUD-2229753c0e38e0c7cebe51482444806d952edb31c1839ed9dd05bb89f1460eb9,Background Noise,test,GROUP-77705a57ad9a46d582ec2efcf76fe1a152a9f0014f71ecdd00a36ab940fd91ae,,unverified_recording_hash_fallback
AUD-243183706f1ed575c6ba02798c1dba900be4cef2f9cf8c94b5c54832c7cf3e71,Background Noise,test,GROUP-3a790aa70c9cc2d88289ac3392248d637ee81f7b6e6df8f53a267788ce102a0f,,unverified_recording_hash_fallback
AUD-2473238eab25f94571f49f1b01c1e4b40ba27dd1ac38ab9a5ce4ddfead63cbb4,Background Noise,train,GROUP-ce5215b49a95d7c6267bf3c2a3c37edbbcd51be8f3f4566be2a255719924e43a,,unverified_recording_hash_fallback
AUD-25bc7a9589ae172d274dc4f512e4ee004e2f32a8601c226bb323777323a16e02,Background Noise,train,GROUP-11ee86eedd2916d54535db2e369b00d109c293504c710f90ec72609ac0bf3712,,unverified_recording_hash_fallback
AUD-26293a6cd278ae6f29ca7f527fe074c05bcd330fa16650914c8b0395d8202deb,Background Noise,train,GROUP-6217c9339899141d770b8c9ecb5d1d349df3ec2785011a58e771002767642d77,,unverified_recording_hash_fallback
AUD-26b4e9ea1d5149c4b1719c8ce00387f8fa5a20026a0d7cc94d23fdd5ea68941f,Background Noise,test,GROUP-32671259664b288bfa4d7f5ed80352c97475ac49167bb39246dd36032b760b82,,unverified_recording_hash_fallback
AUD-26b9fae4fedec15523a7e6b986c3aa48cdf1e2ffdd0b4fcdfd95bd78a5b8ff13,Background Noise,test,GROUP-70f3b672882d1d4f702011861e641ffc470ce0b4f45adee6a7181b7cf3c5a697,,unverified_recording_hash_fallback
AUD-2a3d522660ff5aa153a5cf86db15e625813b8059d0c18550a9240252c760da4e,Background Noise,test,GROUP-aa122ed23d47e6e296663076e8623c4d52e37f5db8422ec3f778a5fa0cc7c898,,unverified_recording_hash_fallback
AUD-2b6d0da8327fc4d67c5a2043cd670517463f3cf524fff961aeb6db1efbad3577,Background Noise,train,GROUP-6f90bd10c347bf4dd032afe8bf11d689baf83b676bd62524350097812693141d,,unverified_recording_hash_fallback
AUD-2b91068b470aff7d29ce55c9955001e4ba393e06a859e629c69b446df9f3acdb,Background Noise,train,GROUP-706b7e1bdf9ce6ad4f95be48ebc21a375ef8c7eb6f6dcffc7d22f29ce264c2d8,,unverified_recording_hash_fallback
AUD-2b92923ada1dad7525af2cf820d1822c909d7b9650837b1145b64aff42e32a31,Background Noise,validation,GROUP-8ebedbba44adac6651709da65c977bb6a3aa306b7a7d40da74d7afccc1ea210b,,unverified_recording_hash_fallback
AUD-2c494d516b13ba0f666e992b8b66841683aec9f8a43f3b8075ec94a0cfe146c7,Background Noise,train,GROUP-b72595d96b44659e35bd846b154636e952166b3ca9bf7306135172a3f7fbc871,,unverified_recording_hash_fallback
AUD-2cd3dec9144fa37ac79f5170216faf6d82bcd866ade528fab9ef63cc87f45ce8,Background Noise,train,GROUP-230a5178129d0c9f86222b6cfd8e39aee1272b0776a07d427c91a6bcff45a8bd,,unverified_recording_hash_fallback
AUD-2d4ef86f58eb5763b317f0237d1dee321b43cdd18c400db7a0bcc01eb4bb8e86,Background Noise,train,GROUP-7fb02933bf58558c02d0e4d8af8c4dd686aeda2e2d3cad48e378a2e0deeffe72,,unverified_recording_hash_fallback
AUD-2e854c450220a4df26edc13e2fae6e4c4cb4ddf4f4bdbbb33b94f0bcd7ef30b3,Background Noise,train,GROUP-30512ae032288e690e225fce5a0db4a09320c04a557ce88ff440d72d7b0a2b59,,unverified_recording_hash_fallback
AUD-2ecca65d5eae8a3b8298263539fc4c8a6c3922bb595b8803ffd2f6c78d1ba2bb,Background Noise,test,GROUP-08b06737372942befafdcc0612dafc1f02cd09275056edd630fdea1e00297180,,unverified_recording_hash_fallback
AUD-2f358efaa96ad14b04affbff92c41d7cb594cf3c48c416fb63b01ce080d0edc0,Background Noise,train,GROUP-e542fefeee423053c9377a55781f763dc8a59b7836ad9e3919a38c4396edc754,,unverified_recording_hash_fallback
AUD-2f720fc2be37d7912590e3fa9ed95264544d4873f6167426fa3314431756ccb7,Background Noise,train,GROUP-a0456e20780de0d7a87b34778c8239ca5da521b1fb690cbe92d6bc86c7d59656,,unverified_recording_hash_fallback
AUD-300ae25ca76bf981f5b5d763738bcbf7917821b88ada51540344feab992cae1f,Background Noise,train,GROUP-abc5b4826b10a96a3269d9311caf02ab4b97bb8957a0810b3b92135971b394eb,,unverified_recording_hash_fallback
AUD-30d2274ee6f0ff67704ab13d0ab0000bfbf26bdb5c650c514f718a835a1e9f92,Background Noise,test,GROUP-43cedebd70afc9f9eb222f531e5b2c2df24715ad00cb0d7517e8337ddbe426db,,unverified_recording_hash_fallback
AUD-31312ffd434d3bd7e0eadded0e5cd87360a2254bad80bb749a5bd31320e6bf21,Background Noise,train,GROUP-f63736d9ee0d5cb1a79c90c0be7a8a2f9b5691cf9312556ff11fc0bb499151ac,,unverified_recording_hash_fallback
AUD-31527599b585e468e1413b0319be2a17106458c93a1a3b205060b4307787b7ef,Background Noise,validation,GROUP-0a26c8a5d1f61090c1cfa9cc76163b5679cbd3b3721a6a439bdd9cc695ea8121,,unverified_recording_hash_fallback
AUD-3192bfa875111d9e98c1499a4f05b473c974ac75e32998e878141d5dc9290475,Background Noise,train,GROUP-1d5850ca934f645a32690e564ffcaec91ccf7c0b8d4109a60d8682f60e0cefab,,unverified_recording_hash_fallback
AUD-31e7c6f2b6b9840b8163e5515b7007ad5e65f3d59ef0751a551ecc5a9f73142e,Background Noise,validation,GROUP-2a5b447768d9b7ec0d43798e7b06cc526f203e282f5a4453ed18eab3c841901f,,unverified_recording_hash_fallback
AUD-32330b88fa9bb8f5b66bb3c25861ede6cc91ab9172e840c3bd34b3bd7ec27e9e,Background Noise,validation,GROUP-c69edcbb8cba097eb72a1a574bbac89de38562886b568ea32625ca5b5d399515,,unverified_recording_hash_fallback
AUD-32e5fa331de04f8c2722317ee28a6526d143703342703fed056580a2969e49b8,Background Noise,validation,GROUP-9d3d10447697c98ddcce41eb3c0e6dea9d13c50d700fae632c3ce7b392eeb8c5,,unverified_recording_hash_fallback
AUD-361143046394b1434b78c2d894eb73ac1c651ee2c1eff6447edae34d0144acc9,Background Noise,test,GROUP-ce222b9d8fb2990540b318328fa5f06e581fd9938257e371d1ebc8d06422d15f,,unverified_recording_hash_fallback
AUD-373fec3334c59869c92f5e4c012d94c8aa9b8792b320a356e8ff7d6376ebab4b,Background Noise,test,GROUP-a6998e920bc45362c8c3cb0acbc4b98e682ce12a744d6a070496af58fa323ecc,,unverified_recording_hash_fallback
AUD-37573add319484e732890216caeda225efad68647b83d877f4ca83c1f218dd61,Background Noise,train,GROUP-258a62a5f5d98d9ed6c82442fbea78802200263d4fb0205fa63152d13d29113d,,unverified_recording_hash_fallback
AUD-37e6cf205cdf347cab672fef6360ac1d79194ae04f22bf5e3d78941b921c108c,Background Noise,train,GROUP-e2ac3b98202a8b7c749585c3ae6f6d92e9b555543d6332a7273ce5569e7926e7,,unverified_recording_hash_fallback
AUD-391011ddd10b36c037cab9690b512984bbc09fe09552aee0ce0252cddd69a79e,Background Noise,train,GROUP-11d012edc3f8e513b30e832fd55edcaf058715681f22500ac1cc20c518588fc6,,unverified_recording_hash_fallback
AUD-3a38c8e6cc683a7bcecda262d14fe2b1c56dd06fc201abfba70a137607b43963,Background Noise,train,GROUP-f7e8a283ca9ef4ce68fba7437e10593f7bda2e6643d3c9e1b494625ddfacaaa1,,unverified_recording_hash_fallback
AUD-3a3d79139f8026510d2e4fdb17f5c7bc17e0bb6bd15c7db5fba6d7c583f67c14,Background Noise,train,GROUP-119a7b68d56fcb9d11501bc9111114a7e5b6b652c4ff96a58d5f986040aa9403,,unverified_recording_hash_fallback
AUD-3c41e1db11898d29b90aec839832622e39bff9b8a2be0677ac9f8c6a126ca264,Background Noise,train,GROUP-1809ed058600b07a5dbee059d062a417660bda66ecdb230946cc7981f93f29b8,,unverified_recording_hash_fallback
AUD-3c4a366647739aeeae9ff607442a12e47d90b2c8a138205179bc6872b5ea1ff0,Background Noise,validation,GROUP-b835ce4f0bf73fd6b187ba0f4463a1968178f2836fc6f32835240b821735352b,,unverified_recording_hash_fallback
AUD-3cb6fb3df1a30e8a652beb2b0f02d8f5b39c9329fd358273c9facdb78d4766de,Background Noise,train,GROUP-30ca028132f94e8472fc55d0a1dbcd4d1c94054a487c09ac2b5c4b680633d3d1,,unverified_recording_hash_fallback
AUD-3d5ee858b9576b68c4a1f7f4ed689dafda36d8a034f93960809cecd506f05bb6,Background Noise,train,GROUP-1c354bb44084aa1c9cecf65ccf3f0881f81ce2ce33e619456de2a6532e0340f0,,unverified_recording_hash_fallback
AUD-3d820f2f045c728ce70e6443eb56ad30884b656a624f18259799bded0bdad28d,Background Noise,train,GROUP-5743cbe0c53e09f2f9fb4f83dce04c293c65b91e83d42996f859768deda9cf4b,,unverified_recording_hash_fallback
AUD-3e41a42b54633071082977d6111b1fffa7e2f60ed00c061fcfdf48ed9fabf59c,Background Noise,train,GROUP-cc855ce3f894f77e3fd49bba1b78c65041f3eb805a5cf6a579447de3b34c54dd,,unverified_recording_hash_fallback
AUD-404449d6c61b6858edbfacc5c50814a59197dc3bdb0b8b68324c82b8b4425886,Background Noise,train,GROUP-035593552dd3f890ea45cc35f0c7d556f3ce73252fa38e2593c2c86dac7d6570,,unverified_recording_hash_fallback
AUD-40a2fce46d840de0ab31c5d8f3cd90a5b6c5360f82d78369c1bbec81d24e0b31,Background Noise,train,GROUP-dcae52e09534a0f3997a1e8f7747d6b37e675ca9b97bdb92c73a2d3b11450a08,,unverified_recording_hash_fallback
AUD-40f330163279a2086d1cb7f4b447e6d7b361e2eb7001601df4d64f80cec81a5c,Background Noise,train,GROUP-d0aab95f48259440d93460b7366a07b8a979fc206c31d0f1705db09c3f30879d,,unverified_recording_hash_fallback
AUD-41e22a004959eb847dcf3404bbe6be2412650cc57a9e0bbaaef963a5a3d03603,Background Noise,train,GROUP-de368149b92344d9a6db3bc0c78c45f9b528eccef67b7c45a6f67a8bf9f9d9cf,,unverified_recording_hash_fallback
AUD-4206e205b6ac2db3f2e7ffbdf9059830dc336ae03a5913f1d47753799d5a595d,Background Noise,test,GROUP-1c5ca62f5a6d98ea298bb08de820a212add595510e73083bd1442ed4da12db05,,unverified_recording_hash_fallback
AUD-4388c42b20a7b090f28ccbd02a01d63be10464238e35dbcde26b8d633b69c563,Background Noise,train,GROUP-c7211ee5eb075948ef65f3be1e5762053a7f04d0ff0f09b78e19b797ea9931be,,unverified_recording_hash_fallback
AUD-44246d7d57b817e1530ca772e0679cfe847421cae3331a11dfd80b0efff58f1c,Background Noise,validation,GROUP-9627a32b66bde199fa358cc7f8655783e29330c505ed8f4b0bbbbb553efa7a86,,unverified_recording_hash_fallback
AUD-453978abedfe228a74966bd5ec1e0f70b2c759adebbaa89c3b52bb8fc9431dc5,Background Noise,train,GROUP-b2942d3a7fe0990cd20943abd3b8be4aaa0342e279c99550b9468c42b4407a9c,,unverified_recording_hash_fallback
AUD-468d8b6d08f06770fc2ec898f345b25b2000fcd34db5e0e8675d85fcf8b49ca6,Background Noise,train,GROUP-23cd3929a996e944da31cd8a9c571da10ce4d8ab3f8c272c78515dc4dc6bae9f,,unverified_recording_hash_fallback
AUD-474b9fdd6af2ee0d196eab3adb8be01bb3936b93ee6d81b3aed6862e4b1b6082,Background Noise,train,GROUP-21e1c8c0eec293531a34331cbdd18dd98a52a1a4c41d8b19123a6fcd2ba02d4c,,unverified_recording_hash_fallback
AUD-47c50819254ecd9e29526a7d997799a4aa3fc254a09914bce2b426d823ff14b0,Background Noise,validation,GROUP-f758b729e6315fb62d5db88afe07d4fe17397ee994d960e169ef364881214fcc,,unverified_recording_hash_fallback
AUD-48fa8f2541a785d95b6b7bc578e4d8bb9824085d6b9f5a8f7c80267a2a1fb8ae,Background Noise,train,GROUP-56d5db62e381969fd936ea28cef32298864f125eea622af31650662cc7fe7c86,,unverified_recording_hash_fallback
AUD-49109bfaad1fcff8ce5925e9107acace00cc21bc6af475a542e1c68f2bd89d2f,Background Noise,test,GROUP-757a8208d3d6aed978aaa6b4edb286665aad88af5a82172442e81ae41cadf274,,unverified_recording_hash_fallback
AUD-49394b53ff8a8ad652f493113f22bb7a8e7b30955c4ff5b77547ab2c63ba66a2,Background Noise,train,GROUP-182467183d9ac6545e6f0badbffd4a19a823a626508f090e03f668157aff9909,,unverified_recording_hash_fallback
AUD-499cfeb9196cd120635eb2258eee87bd5dd8cd34334bc9894ad5af948db893c5,Background Noise,test,GROUP-ec6669dbb05f3963d6924ebd3bb1a95af69d14aa99cb506f70b981869be2bef5,,unverified_recording_hash_fallback
AUD-4aa76434846d7d37dddd56c66c4cbb00777fb5ff3bdbad024686492888a48dbd,Background Noise,train,GROUP-847fce0def4f4a4f38617a9f2454902535ef76097279e3964bdfb7978995bede,,unverified_recording_hash_fallback
AUD-4aafb74da1cd39299a7c9a5622589000467c5e83580dcfd04e3aa54eca787ee3,Background Noise,test,GROUP-7cf406bc42560549358085102093c07c3d4a95d633c72032a5060521b054e931,,unverified_recording_hash_fallback
AUD-4ac078ee7cedc4d5ac71ea0dfadaf8a63f6a7a255c5b2902f1b98fac2bd6b108,Background Noise,train,GROUP-6706e41ab1f1f6f28fddefabaf0ed509450ec96e6ccd8e64e2b1924fafebff32,,unverified_recording_hash_fallback
AUD-4c5fc5ab9f1572ee9d2aa6588d8858ad78c0e71b0aa8e7d5bfc5af3abfa51a62,Background Noise,train,GROUP-7e3bbcf60a45d7bbd8a744566242048f00d3f64c4d6c8b4e8d87388472d15df6,,unverified_recording_hash_fallback
AUD-4dcff375425f2b627eb50b84352a913a45531d931c9d5c02a0616275f27eb623,Background Noise,test,GROUP-c96d3c1365a876a63ac155ad6e1bea6f4f5dcfae8cf4d24b2142885fc62ea164,,unverified_recording_hash_fallback
AUD-4e7d09ffd6d71466be496d0358766b778456cd947a68ce7115f8e35602173c0b,Background Noise,validation,GROUP-4ad89f5aec3ab21b7044bd38ae7dbdbbed23134bf530bdc4e774e9b890a57d98,,unverified_recording_hash_fallback
AUD-5034b75d57df98f07b8006f2883739d69f736aebb0df467d75c5f78249e7f15e,Background Noise,train,GROUP-29d44472fe5e7a227e49d098567f1027cdd0cd67d2a152a69b1d88244db32d57,,unverified_recording_hash_fallback
AUD-5143041ee45a8ad5f3bbb1265b3f092943fa0f93f06f6eb0c807496479d8c2cf,Background Noise,train,GROUP-6b570910dea2b6ded6d5105abd0ba207325bfcb448a9f810c5873753fa8d031e,,unverified_recording_hash_fallback
AUD-517e1b0a69157329d032592069ec156fa561a1727b79a67b7833c15a1f09f69f,Background Noise,train,GROUP-630d9dd47191cf2a91789cc168325923e78be846bfc9ebe88db1177fd3eaf651,,unverified_recording_hash_fallback
AUD-5194e239e0b65cb07480202eda67b1ff29dc687e6261f79f0382f050b84657ae,Background Noise,train,GROUP-d9cd37065acadb94989085422106212da450aaa5c4bed3916a9e9c619f8e8eb4,,unverified_recording_hash_fallback
AUD-53be39775a21877aca5fcb856813249b92c3153ea52f6184bbaed7f671435cd6,Background Noise,train,GROUP-80142ca71dc87e793a305805688c87302eb86b31281d20eb7f4782859aa27ba6,,unverified_recording_hash_fallback
AUD-5446f0d8240659f20a1fbb39b22978a0d0430ace592aae82b41ec94bf8b5a3b7,Background Noise,validation,GROUP-207335b746bcc3f890dff2e887507135a7136e1588c6ae508ce98fdec942d0ec,,unverified_recording_hash_fallback
AUD-553bb887004ede1c07e6ba3424a74d5a9768557902a74710aa829e56aa106374,Background Noise,train,GROUP-3f1d62b435251cbd5776d062d3bca92c0a6d2ed88857de2d3c9092fa8595436e,,unverified_recording_hash_fallback
AUD-5664c7ce472967a8d750e8382189c6becd561306ff309b3603e61b7e719dab11,Background Noise,train,GROUP-6b8dd8356f080976fd33771bf749756435b3b8bc35b5520f54505bade813f503,,unverified_recording_hash_fallback
AUD-5751bde1204b8239bfa0a576366e0b6805b40feddec5e63e79715a79003a8653,Background Noise,train,GROUP-2c41aae73ffd65e18b980def21661f54d97136f6604149d9f6889d06cd0988a8,,unverified_recording_hash_fallback
AUD-57890b1f963457b42f4b0f78cf840a483aad3b05f3e7f02244f55f6167f16a0f,Background Noise,train,GROUP-1b7f5a0416c7f51f4fd9df2fb96e71723af48a9ef63b3071f1905f387a414461,,unverified_recording_hash_fallback
AUD-58753ac778e4f82d7fbb5adda63c4f484b7c46eaf341b16350efedbf2f269be2,Background Noise,train,GROUP-ac530854df148de5e5a13a41c5e0a594bc04ed093a52d3ecaf8c8215a6770e3a,,unverified_recording_hash_fallback
AUD-595fdd4cd619ead9305fdb16ac4382ef33a033447a46b2331219f9d4eaf0ef65,Background Noise,test,GROUP-f23f4788acf6155cffdc04c25d9646b3e5e06d179d37aa78876e4570db1b24db,,unverified_recording_hash_fallback
AUD-597917aeccd0b27afa375a399d34a5d426a6b368b6ecf166f1e792a1d73d23f1,Background Noise,train,GROUP-2bcd88c28e1b77cad6537348e19c3e449294250759083ed69be6af238d872fe3,,unverified_recording_hash_fallback
AUD-59d9856c652201055adeea086c0f4a856d2f8d2b7f93f3d4ffc0b0a67c120c03,Background Noise,train,GROUP-86fde1aed17c10b74b6b9b1d20220bd807644ef69af349f5dbf416b5ce187df7,,unverified_recording_hash_fallback
AUD-5a7aa2a37a77ef07e5ea0915346383927b1d4cc2ed1a7138c197478082e082f8,Background Noise,train,GROUP-7a9455320bd17f54fd280d84422222c3f3d507007bf3019dedfa327f00780c40,,unverified_recording_hash_fallback
AUD-5ab0f0a692421bf506d7dc2082ac3e2bebd026b45bfb7a6ff9b26083811f1825,Background Noise,test,GROUP-9c3b6478e8bdd7cb3f9722b464329cf61acaf54dc450a29182b962c9ca777b64,,unverified_recording_hash_fallback
AUD-5b107ee6e050b987ed4fcd4c6b524e52e949049992cfaaf5696eeee488a16903,Background Noise,train,GROUP-dde1363fdef24574869adab1dccb02c603a9623b6d0cbb147ad6a038a9637b33,,unverified_recording_hash_fallback
AUD-5bf7777ab0301fa0e4bb66aad51242773ecf546ffda3f9b933f5ecaafd72181c,Background Noise,train,GROUP-985a27dfafe692c2b11babf75cc67b9a34dee5b9934d06aa3f022d884a16498b,,unverified_recording_hash_fallback
AUD-5d222f2580aab750ee3e66594ba73f885cae8ebae3eb99d742a5aeb83be27bd1,Background Noise,train,GROUP-df65de8b322c994097031205a5390adce39b2c2b95263147da852ea1675d5f37,,unverified_recording_hash_fallback
AUD-5dad1f2e059dc69fc0c0ce67e196afdf8b1fb1af2676b141dfe33d5ebe139030,Background Noise,train,GROUP-b53316bfbccca81568df965ba794396f445a62b0debf57b28f95c74fb794e460,,unverified_recording_hash_fallback
AUD-5e3006251802cb83ce7b9ac3e1faeb8291d8bb14102c3aa7b7e264edf78d8874,Background Noise,train,GROUP-0a2a58952a55b11c9c1dab90dcd3120baab13385eba74ea677af51f130e87baf,,unverified_recording_hash_fallback
AUD-5e4dbd156f7a00bd172bd8ac987fd4dddbffc1a8c1c2af929ce2556d6301e026,Background Noise,train,GROUP-178ac19f46dcd5f445f5a851e60cff963b793f8ff607e1194325093a2b14930e,,unverified_recording_hash_fallback
AUD-5e53024cd66411e9a3eda8833b24426d7ba7d303aab2da12a9566b65c0a51e23,Background Noise,train,GROUP-0d623bffa77eb9faa9bfa2ca7376dbd581834e557f9b6774ed8e1da84c21c739,,unverified_recording_hash_fallback
AUD-5ebe49e05bad2c0f1659874efa08e1dea1cc16d190629fb8b1bab89e780295c1,Background Noise,train,GROUP-0f3986c3eeca4dd41419b55123d97b525bf0da1ff111c039583199ecf1af2126,,unverified_recording_hash_fallback
AUD-5ef2a3cde23465aff5990a1510f11114332f9121f3212c8dc72690a3dab35c11,Background Noise,train,GROUP-cae385d1bb6f5d17890803e83d297594352ed9c162e2ccdcfc62fe6981dac153,,unverified_recording_hash_fallback
AUD-5f86258a4d1eb97a611df58038e717be3bdb729a91c2dfac9f0122dc04de1e0c,Background Noise,test,GROUP-849dfa1b8e3ee24f0f17e018c6ccaf8a6ba3f2ba1b357498cce47d316d1df104,,unverified_recording_hash_fallback
AUD-611afb020f42dcf1ac2f0ac7a4f8e5b5906e61a85051e67c5392d14926c18ea5,Background Noise,train,GROUP-994e53d57bfb0c2e3a790a7f505be774ed31ce53c4df29d0d3f5f12aa82c3168,,unverified_recording_hash_fallback
AUD-61cc30172bb8665aa644a9d04f652493414338330cfdc52048d72ea73405470d,Background Noise,train,GROUP-53ab90452e370f49228fab610a7d1b6915b6c8612cd869137c3479dc788ee58f,,unverified_recording_hash_fallback
AUD-622e741321ba464bd03ffc7510d52da51096483cbfea1f386b1a9047cb4666b7,Background Noise,train,GROUP-98f0c6d5fe74855953218bcedbbddcf4817bbbe2ae0982196bae78ec2d44686c,,unverified_recording_hash_fallback
AUD-65cf644b8e4be5f84b1698ffa47c70fa58d36e663f1b1e6be3e3f4e7cc796820,Background Noise,train,GROUP-7719c705ba9491e5a699509bb4a6145e36f291a8b8b18bc5a52bafa7b6087726,,unverified_recording_hash_fallback
AUD-66cde9d26e881092b8cdb26b9d44c86656d8a683a71fec895f75894d1e9ccc6a,Background Noise,train,GROUP-3c71bc3d9d15c66a388c2fd4aa496a5f17088b3f23da11c74dba2e1aba469a11,,unverified_recording_hash_fallback
AUD-67db4673c21f2d7a329d55b06491b860baa6e28ea1a46fab9ab74292a8f0ff20,Background Noise,train,GROUP-02b8417f1c9b050edff45af27e020b43f02c641db8152ea2ae6c58f0625cca51,,unverified_recording_hash_fallback
AUD-6801e7f5cf81608ca0185464fb6e59dddb2de738430cc16971262ad4c04eca75,Background Noise,train,GROUP-50114dc918a53577bd1a1ad9a17c136b8393c41dd23181a471edd6fea0b60ff1,,unverified_recording_hash_fallback
AUD-68b340a4413432d735bd47e2ba27c7742ac5b917296565e6df8bc97d5a5a961b,Background Noise,test,GROUP-40252767e8b429ba8e208be58d61df33bd6b72250cfd918293db1940746dcf5b,,unverified_recording_hash_fallback
AUD-68ff87f7c29d370e22a9fa704947b048dcdc9496faef9e8319ad99ca246253ef,Background Noise,train,GROUP-fae6a61e3796bd0639f94b2002da36760626249e8a622204768e1320f5a5aa41,,unverified_recording_hash_fallback
AUD-691683e7937641f802bfef31485ccf635788abc98c8376e9d51ff0f1a43e2fbf,Background Noise,train,GROUP-6987bea03a0023fed3ea6416eabcb5c8d663c3a346a588ac06a5d625bc6b100c,,unverified_recording_hash_fallback
AUD-6a24b6085ba3fbb4a969bc5892e084210030f66429b23a2c5ac9d011d707a88c,Background Noise,train,GROUP-e2a1626d2574ae618a9abf2a967697d3aec54181c19e5102ce29cfa1b236e3b1,,unverified_recording_hash_fallback
AUD-6a85d497ebcc57b51413e882de2e121cd2dd1f77eb747cec0d252418081b1b09,Background Noise,train,GROUP-769688233e91645fd58ac75575d8e4e817532464ddc3d6ec6481ae8e7aae22ea,,unverified_recording_hash_fallback
AUD-6b473466f00046e0e99b77dbf39ba183cd314b0c7b9745746cc1ab1cfb9a86b0,Background Noise,train,GROUP-f93c55eaed30ed31f5cf33489d549719503c932ad474b8e16b9a7b8f93d03213,,unverified_recording_hash_fallback
AUD-6d0fbea5be53790cbc8e01ce30b1a190edf94d890f128bf742c4fd6fe3ec76b7,Background Noise,validation,GROUP-ee3893575359e7f759d427dcef6495fcde3b91851fe1639e9c8f16bc0d474e29,,unverified_recording_hash_fallback
AUD-6d3bd986e2b340536cd1aa8f89150744f97ef6c03b0f088cb03654a38f20be14,Background Noise,train,GROUP-0250db39109fc7538c0e438490773bf257e2276a32e3c1666dc33101e0767285,,unverified_recording_hash_fallback
AUD-6e777f097c17eb44b916cb63521b7f9e42911dbff8d473221b2820e5958e505a,Background Noise,train,GROUP-328cbcf080bd5103cd499646b99ed82dad15f3399ea121a1898f6740c57b2cbf,,unverified_recording_hash_fallback
AUD-6f4b1cc2c8fd121989847a42663606929aa5ec17bd4994838655386a9ba2465a,Background Noise,train,GROUP-6302e463b67657d6fb61d61cd5f5bd8576e94419d78fddb08e59a118ab15c3f0,,unverified_recording_hash_fallback
AUD-73e09f18e6077c2d5071db5c734db8d4aba3cecef66640675b0315f614576cda,Background Noise,test,GROUP-662a738d5cd3a9ac6b2be86b4cd696b53f2639a0db2577c817883c70c5710079,,unverified_recording_hash_fallback
AUD-751ad0c5bcefe22ff484c527997f8725484dc03282b5a8caf7229fa74c1ac55d,Background Noise,train,GROUP-c7b945dbefcd1eeaa15a4aef4b9178a09feea0fd158b78d07482c776fdae3d32,,unverified_recording_hash_fallback
AUD-75a8607665f56a6c834563263bc608725c010f1fa9b0017d547595d4c3244f1a,Background Noise,validation,GROUP-fbacdb447159998509364963ec7af5eafb60fe2e18e81f4a75efe22dcf7859f6,,unverified_recording_hash_fallback
AUD-77178233ebd6433175dd6cad738d941a13a9a38369b9670b8618787341cebecc,Background Noise,validation,GROUP-e31aac194ec5ccda019453bb857752423cd270c6464bdb586d645054e955b04b,,unverified_recording_hash_fallback
AUD-771933ccdf888a571617f69f67a0c23d1aeb83f11c68e801d1893b56fee68331,Background Noise,train,GROUP-dd383384e59b0f6aa71c3049125074faf6e1bc3c7824cc160a2ab93ef1cc9a2c,,unverified_recording_hash_fallback
AUD-7733b61bb05c6cbc1adbf07cc40212620f176479630fc5fe82c1dbc3f3893e1a,Background Noise,train,GROUP-d6ed57ed494c25d426c177cf87bb563655eb48b5cf4c9f3e2141f96203f06ba2,,unverified_recording_hash_fallback
AUD-7829eaa4580dfc82b553852fb82a47b40fcb6328ae7cdea7b3672179f3808dde,Background Noise,test,GROUP-d19a60e0a76068b24552dd0071fd961336cf456b4ceb1c1bd686552495810144,,unverified_recording_hash_fallback
AUD-7884d545b9414f79899b1ef96b0a34275791341e2a7a0f26411224fed3b620d7,Background Noise,train,GROUP-36185fd0feabe6c0dfe58a494c5e8f92d0345733897754dbd3650788aacfa6a9,,unverified_recording_hash_fallback
AUD-79c5307a81826f3ba414adc8453c3ddc3d34a82e1bc5c6c13a34d0d4a73fc84c,Background Noise,train,GROUP-af61faf1236a16106ae49a300cf86525d52ca4f144ec07a9088fc9756e496869,,unverified_recording_hash_fallback
AUD-79ca91df71bb274d2812084342cc2d59bac4e943e023200013d4a988ed1201ea,Background Noise,train,GROUP-9aebc7a7e9062b2a44929f533d9437d3423f21db17c756f61acb6cf92ce84a6b,,unverified_recording_hash_fallback
AUD-79cd12364be01c469e24880c519a9fcc9c6f6ee9b37f982300d708fad322e27c,Background Noise,train,GROUP-a08b6f5046db1af3b94b237d01c364bdc9f3c95a78b4176c46b59ed918f910c8,,unverified_recording_hash_fallback
AUD-7a0c6941fcadf363c573b09c606eaaf5ac24dfb8bd96c39645f24136e56ed807,Background Noise,train,GROUP-3ef1136edb28bc3a467e9d0cc7e4841514e922d8b24782c3d02b5094d7a348d7,,unverified_recording_hash_fallback
AUD-7be394d7008278eb4588ba4e1799d512b1cb1f42dd2555f53495df6f64a73913,Background Noise,validation,GROUP-efa1a2d58858668a8eea5b10fd02b0541e10d639d43805cf69f5040ab5807111,,unverified_recording_hash_fallback
AUD-7d332fc33a06f553b10d3df51aafc7642ee2f8975ed260dbb576e4d7b497b96f,Background Noise,test,GROUP-22873010042e4338ed0fada3b3ecfea3b62725e9853d2df43d6c24dab5ac4d72,,unverified_recording_hash_fallback
AUD-8078667093ecba98f7b9639990b290dcfd254867c3388c0c6acfb1cb8df3d6d4,Background Noise,train,GROUP-dc01ed9b6efeb61b3b8b36576ba514c5a6da1c2ee20a66f7b3a95db6e1a8a775,,unverified_recording_hash_fallback
AUD-80f821532c264a446bd57920abb99ce75a4b37883b528af42fc2a30047dd7f0a,Background Noise,train,GROUP-1bbc0a7fc1ed29c81ffca4a308a61a59a4e9c36a2f965adc527e9b05180458bc,,unverified_recording_hash_fallback
AUD-810a33d6b76d6aec9db0408dec84b3ff00e57601a0181b87a9cfd6e8a3bb2229,Background Noise,train,GROUP-6a2b14b4498433c2736bfbcf81a519cef7bbf749faf7d6e3d5cc35110ca110cb,,unverified_recording_hash_fallback
AUD-815398cd4090d900922ba5c063438a41a57d3d2e2ee643fabbce92f6ac1bbcd9,Background Noise,train,GROUP-18bca7dd32cfd5d5e2a4b034affe88955dc4959ab3c7eaadce12868ca150800a,,unverified_recording_hash_fallback
AUD-8165217be65265199d60f5c60cbc742be85c2989bd8e473031ae1a46f43873a4,Background Noise,train,GROUP-b9b0461c2eb896d9dcb3ccbc7bb3f8a3ad8a5f4930a7aebecbfc28ccf2826cc8,,unverified_recording_hash_fallback
AUD-81ae3325019fa45d45198808c63584e642486b4dd909b224d5d26050464aaefb,Background Noise,validation,GROUP-e970ee911b0bfad9dbbe7e38b9dcd159d727048a946449c3a4af0880afb2ac91,,unverified_recording_hash_fallback
AUD-81f75f312982ef8739498889f47d499eeefc8d10e5cb8ef91dacb76db256a18a,Background Noise,train,GROUP-b8009922df1dab1bd231148be3f3f9ec273eb835f86b25bbf58be100a4473fe8,,unverified_recording_hash_fallback
AUD-830a71846c9e347a3a9182ddb1cfb37dafa30d835dae08cea2566bb29cac9ef5,Background Noise,test,GROUP-1faaddb0bccbfd151754339ff42426b1bdb1246b2664424b656769aa80b9a8d5,,unverified_recording_hash_fallback
AUD-833e4f33c35b1d08cdfd316b7be974f5e47afb308aa8fe0d22be6539eaa5ce0b,Background Noise,validation,GROUP-283097a8ecad768d915528630d0a08ad8c693b043325461a350fba3cf65f775c,,unverified_recording_hash_fallback
AUD-85cbfdd7524aaf939d3d3fe1b6c7fa0a693e2615d8dd8dc3f324391adfd90561,Background Noise,train,GROUP-13900ff0d44b640caee44a56bbb50f099c8385cb93eab00fe542d20c7c568303,,unverified_recording_hash_fallback
AUD-87013f664095acb144cfc809cf9dbb521b749482e30d5f8704bff2618a06e311,Background Noise,train,GROUP-49c951fa4ca66aad6541016584616c64c0aec52a4337769d00c8e352b5b1b7e9,,unverified_recording_hash_fallback
AUD-87d71646a744da163a7f246cb59f5e58c34632d0f4461441673f7ee34431c883,Background Noise,train,GROUP-20a599fd9b7804392f40af5326c593794db3017c6f89f345323d93d6acceaf06,,unverified_recording_hash_fallback
AUD-8937d7558da02611efcec833d985ce1e9ba45c796d54c40c85661826a7d1a117,Background Noise,test,GROUP-6dd6d9eab534860a830e85147882b7f6fd382db2ade1d1e3d1134179a3c719a3,,unverified_recording_hash_fallback
AUD-8952b52c22eaf52d41bd462624a800891abb3e67907a77526d0f8095efe94a6f,Background Noise,train,GROUP-e837fae2f0603efc3977d19af5c22f8826dde1e2f7d59503e5bca2c108db23d0,,unverified_recording_hash_fallback
AUD-8af51d5d4fcc805bf101681f363412737b1ae309a8ab975d02cce3de7316ae1e,Background Noise,validation,GROUP-c73791863454fbbcf52dbd6a481bd66aeb8ec44ed380210f26de424d66aeda47,,unverified_recording_hash_fallback
AUD-8b3b63e5dc725927f6c2cc155040dcd98774d5417d34ab3600d34200870adccb,Background Noise,test,GROUP-347080a4ed5723387621e22b85f29bff476fa000675455b7933590f7b841c967,,unverified_recording_hash_fallback
AUD-8b68424cf761411769f21ba67d1a31a8d9fffc9273df11a6ad18e0cce2b9190c,Background Noise,train,GROUP-bba622689e03a911df8d992ed459c664fb7784af87cfec08fb9ce340eda5c611,,unverified_recording_hash_fallback
AUD-8bb3afeea2d942282b7ecd762cd9d521160886aa38e78f0ba7774ed33f18278d,Background Noise,train,GROUP-1079d4df68935a2ef975042c47fac6f9a0220ef0642adf1fffd08ea7e11f9bf5,,unverified_recording_hash_fallback
AUD-8d182fd939df230ef383a129a9468ea55d4c13a8ea5cc3b19834115f91a8cd40,Background Noise,validation,GROUP-ae72c136d762e900f8669e338bd2109f55d08535b1ea5790f25017a43bd328c4,,unverified_recording_hash_fallback
AUD-8d5d9114bfe9a532c21a66878da0fb500d876e27360a157b24517e365ac4b205,Background Noise,train,GROUP-c50ca7dfb5f93a2c3c8686fcf659adef1b1c6a777b106f65d87718260e73a3ad,,unverified_recording_hash_fallback
AUD-8d5f1de4ab108f8e1ae25332eafc19d453073c42f7ea034b5189e07d2cc98ec8,Background Noise,train,GROUP-cc61bfc2c91532eed42c9bffe4f85c10e7a8700b816eaed8fe0f27cf2169a69d,,unverified_recording_hash_fallback
AUD-8d942204d97beb301caf93cc14a589344cee4255b524414ee87bb1144d722aca,Background Noise,validation,GROUP-546b87065efefd21f444b421f298501f4acc67778e9e00f582e2d9222841dd66,,unverified_recording_hash_fallback
AUD-8e900500930153e5738b4e4d1d56bff536eb2b4bf1802bfec297be3fad0d4cd6,Background Noise,test,GROUP-ea15e8f002fd1bd1afd1bb9dfa00b884260601db14fe0d5aa96aa40bdaee5450,,unverified_recording_hash_fallback
AUD-8f0ff15f6ba7b264a8e950f20ef8e3615f09ab89847a3d05b04c4b6bf576e1ed,Background Noise,test,GROUP-ac48cf3d2d7c1c0fbf92b173cfaf56b52da902a714c36fd2224b4b79816f61c5,,unverified_recording_hash_fallback
AUD-904429fad0b1c029331984ddff7af77897226b99f7a621dbe46e2ca7c70b9c0e,Background Noise,train,GROUP-2b65ed953b29e2e6a763fc2fd77d2ddc545f1385aef6d0c20e58d1dd430d4c6e,,unverified_recording_hash_fallback
AUD-90510a0744017cb0f400abe69c78d9df5811c7973bb9e9c772efdb232dd0fce5,Background Noise,validation,GROUP-959f11a14808a0dbc087a59991aaade72b238ffdfc8309e78503528d602d81db,,unverified_recording_hash_fallback
AUD-909006b9a8db9430e66cae40417e76e8df2dc3ece03fce628746124eef36f0ff,Background Noise,validation,GROUP-8a5593ef165db3a3d186d528c1830d558fb86b21db898f93195319fc58dcbe47,,unverified_recording_hash_fallback
AUD-914273e6f7b913d9319722506aa1e1b4868d5daeb6275b36b171b86cfd77896f,Background Noise,train,GROUP-0e2714cdc08a0a0857038c226d5f9cc19c20b23aa1298e3b046370ad30e46399,,unverified_recording_hash_fallback
AUD-9145939933b9b4f1471148519a38ecf069c384dd4d94797c25a8796c669dce6b,Background Noise,train,GROUP-5d8f47978d3aba01faa2b99bd2db9fa0f10745c89e336abf837a51d70a1f7d5a,,unverified_recording_hash_fallback
AUD-91c1c1549f38aacfaa3f2dc50fb75af93e7392f211549741a7fd448d5ab3abf9,Background Noise,train,GROUP-587e5cbf8bf06d1eb2e78d461044bcb71149bc754515847bf6d7cffae64f1c64,,unverified_recording_hash_fallback
AUD-9268e495a1142802061db464ac5e619849c8e8ce4f5854f89d4e437136ae2f27,Background Noise,train,GROUP-f95868d008289ab8e469655d4745d02c98aa3acf112114ee3a695ad985378ae3,,unverified_recording_hash_fallback
AUD-92a1f1a5395bfa83debc7fe56b5b3f646f61ecad18ca6c32f1037b01d483a84c,Background Noise,validation,GROUP-fce59fa3ffe515163b44c374243c0376648a8691fa0170b36a7810f5dc1a436c,,unverified_recording_hash_fallback
AUD-92ae72038d94ddbfb6d8844a4cb4397003f9d1d25f3cfd4d589a696b093ea781,Background Noise,train,GROUP-f973fa65dc1513e5741d3a4f3d10a910d602e03f92d74cbccbb8d6712a0f09e5,,unverified_recording_hash_fallback
AUD-931f97800fd0bbc5b20648e4afbd65bdab4f2c79fddfd4ebff6d4bb00c5bce42,Background Noise,train,GROUP-32d6a0b7e68ab846494b7d5411c13f4ff8a541fc61990068c4f832c297c3c912,,unverified_recording_hash_fallback
AUD-93c804bab001bf64827c73b66ea07563c45bc6af57af55b80c5f616e393d7763,Background Noise,train,GROUP-ea2728311f004ad05d1407cd17b13c9d5477c37945e15e575d3790db0d128a9d,,unverified_recording_hash_fallback
AUD-949a4938f36b2ad8dbde0d4bc12d412025bdca1837d4478cb27c6e1919c5b45c,Background Noise,train,GROUP-1107cd8be3d113e539262b81cde0f4bcf74426fdab68c625d19ee76268ff72d1,,unverified_recording_hash_fallback
AUD-9580d60b4508e50ccaaf64edeccc215d5eb92dee865652b590751647e98287f8,Background Noise,train,GROUP-b79118864e48149401ef1fbe4606c395b0860304299303e33fe2b64cb36943f4,,unverified_recording_hash_fallback
AUD-95911b0e4c9f4bb434e1803ae26712a9b33a5643a42496a5961c736288b4251f,Background Noise,train,GROUP-e4e8f52f46bb4314d4f0c9f0f2ad41c92b7194dc8fd267c2c7847f8b8b437432,,unverified_recording_hash_fallback
AUD-95fedd9866d95919d41cbbec5b628a2c5b3f18aa98fa2c7e18fd342191e869c7,Background Noise,train,GROUP-aefd5f12536eb8e394e9fe22a3f3b6212a90055130c80cd6d1b225caa32b19f8,,unverified_recording_hash_fallback
AUD-96b8983c064f8f0e84447f2651c6204d0632e64beb508561fbbab443bf78513a,Background Noise,train,GROUP-7c088c154468515930041e83dfecf5ea4f7a7c18ca613e47459f83ccb01269c3,,unverified_recording_hash_fallback
AUD-96e205f53fcf92aa459f0244334735584205c00f9de0533d081b50af8c75e737,Background Noise,train,GROUP-c8c6e19d6f45da4712b32f91bcbcaeb31e7bcac7f97e47697924e9d7cd6df745,,unverified_recording_hash_fallback
AUD-983e28a5caf395e24540ab1dbd5136f030138ab86a54d414bb51d271d2ea7844,Background Noise,train,GROUP-7dffca49e1946b0c3356ca762fb7f19013194345a17342fe8578997e1e35477b,,unverified_recording_hash_fallback
AUD-98ca87fc6c1db42146b12e6671a124245ae7a9421793d15edb594c70a2c18f34,Background Noise,train,GROUP-c6b8aac2087722db67d0bc1ad005e66f706036b40d58e2bdb33018617c8129eb,,unverified_recording_hash_fallback
AUD-99246097fb225b78fc46dfd800d9ba942f96d6a6105f78c7f9cf20dbafd68c33,Background Noise,train,GROUP-b00b7e89c7d2320980d0f27bffadd52006cf9b1010417e7a2473ca460825ae44,,unverified_recording_hash_fallback
AUD-99331c46428ac27bd25defea76f8659d5cdd814fbfdcbba547771a0302c8e824,Background Noise,train,GROUP-3311771a23393b9f6f9c64c60a2cbd6d05e97d19e94268b5cebca1f015f063f0,,unverified_recording_hash_fallback
AUD-9b0682f9c39e1489595e0e33fd4496bedd84f7112775f0a8c6a31db2bd86bbba,Background Noise,train,GROUP-59d7f53026d0c4bf64140f109ac07504983e14de1c7ac61ba4d2daf3836e5736,,unverified_recording_hash_fallback
AUD-9bebccd201f557f4146a883a1edfbaf5fe8b56384cda1c79dbe7294a50e5e664,Background Noise,train,GROUP-a52fa18c16189be3b61ca8196d6427e395c17abf9c28d3ec7880c97942bd96cd,,unverified_recording_hash_fallback
AUD-9d49c46809d7bdac9f1e3c975a858a705c9c8c308c804a92004f2b3f35ec1ec0,Background Noise,test,GROUP-daf16d59a2a8fae31ea802fa9e69ae44c073718bb34c211220d9602ea315d7ad,,unverified_recording_hash_fallback
AUD-9e4724e37dd2b372e70eee56974977df4ffe95bedc5f06e003bbbcfbefc26e2c,Background Noise,test,GROUP-18b429305c44a38d5e842ed175e87d8fb4ac20d70534717f8adbb20583b1806a,,unverified_recording_hash_fallback
AUD-9e697509919049f15a879d3266d960d9e748f62bdf1302f89c8f19b8929ab10f,Background Noise,train,GROUP-611e185d7a0e57e81ec01de740a1af8ffdf2baa07bcf5d5dd0eb0bf6602b3bb9,,unverified_recording_hash_fallback
AUD-9feb03842adca0dfee31d880cb6743bd59b37a580186fa107d62905d577fd375,Background Noise,validation,GROUP-70cd1814c677aaf0cbc992cf9aae6ac42fac27769705f92a9f7c6ccdb558a5e6,,unverified_recording_hash_fallback
AUD-9ff6720492347675854cec6b9c2830cb4b168e9f866058e4754a5827a9cdc047,Background Noise,train,GROUP-a9b0842393c4e1618c19eb08c847b1a9aede31d59f5efe8af0783a94263ce504,,unverified_recording_hash_fallback
AUD-a2159f0704c6edfae4d1716cd798e4e5e6fba3f1807b1f1c81569f852f3a0bd3,Background Noise,validation,GROUP-3e32585085edffef895ed32a020ff8972fabf18b868697f054d9d5b024366bca,,unverified_recording_hash_fallback
AUD-a245ddc946efe01e44eec14d84f0d4731c1372dcea0c98af78998127553a64b4,Background Noise,test,GROUP-bc3af2ce10dc4e95be69781271cc50b0e4cd9c568c688cc149c3163b9e917cab,,unverified_recording_hash_fallback
AUD-a2c0980b7555950664f413f011a21e31ed304176521e9d40b082cecf3c3e46b4,Background Noise,train,GROUP-f35d7a58d6564211b7f43edd8524de9ae5e3f758f40df6a4f535e2c3ec7f3cd0,,unverified_recording_hash_fallback
AUD-a4025d0833445f0d191b2721c4e567ac82f8979793e8a0d5b6cdf1e011b2e8a7,Background Noise,train,GROUP-a27440ee1f53c6ebd6fed25f76613c2140039894eb2b6b992a9e4889a7ba477c,,unverified_recording_hash_fallback
AUD-a412a975498973c03adc251e564d242e5696789f7cbcdfbffaa73c091990e699,Background Noise,train,GROUP-921f7cc89f2e255d539d3d099008f4ee065e406bbadbe48cecc03b3459224b3a,,unverified_recording_hash_fallback
AUD-a453681214d1ba5f1f6d8f296abf7eec7eb1e7419a9705c0870518de1dfb95aa,Background Noise,test,GROUP-325f9d096db12ae8b04f6aa4749c5449f1b47a7d4cd76f176ef6e9e78d91c046,,unverified_recording_hash_fallback
AUD-a5acac8189149655ce0681a53e492b451fa05daf0c67cae149815bb24ade28aa,Background Noise,train,GROUP-219daffa97b6d3a61da781ac7cbad597dbebbaa461b4671996dfcc9f799f81b9,,unverified_recording_hash_fallback
AUD-a6161c34ab41491db2d58c586f48c3a404a3df29f223fb097c32c78e6c38ad40,Background Noise,train,GROUP-b45bf737476bfe7ca5e847fd725624505ac3531690416ed112dd3b64dcd8f622,,unverified_recording_hash_fallback
AUD-a6377ede60ed8f2ff16af2251ed945c105a1f73d71ea89ed16a46e6b9a944ba0,Background Noise,train,GROUP-d4477811ec99460432a3e52be694026202b723e0d00eeca5810c0343c3c7ccba,,unverified_recording_hash_fallback
AUD-a8f36e74d700f2d38ab5ad4989af241e75ff7bbfcaece9d4632e3ce0a702d943,Background Noise,validation,GROUP-fd40fba38e9513b313af8c164179030522710527fdd3e41691a613157b091750,,unverified_recording_hash_fallback
AUD-a9a2a9a3b9e7316dc55859b878afbf4f39b17c03fad13dea9ab6afd0faff4b0d,Background Noise,validation,GROUP-ae78fbe2359904a9e81d21c1427c8724cd85c4358f1bf20d9a36307a035133f4,,unverified_recording_hash_fallback
AUD-ab44a3db07c10ed2b894bb860a9f6bd06407c70a278d51577b08b2d4d4b54242,Background Noise,validation,GROUP-5cad6678c4405b5aade20e161bee2ea81ae274e9da3d5ef411c5d4a8b03f5b64,,unverified_recording_hash_fallback
AUD-abaa42e56c5feb35076ec9f15f6bc8002ea1424b0350103c1026987080d72b87,Background Noise,validation,GROUP-65644f0358c83ffc1d99e59538139b96d56db24a3ef67fbe966dc388b352d07e,,unverified_recording_hash_fallback
AUD-ac4dd9a4f27261aaedcb5a6bd4e4c6562a369396200860c1328732aeb5cd03e9,Background Noise,train,GROUP-a8ee4e28ec9f6852dd66cb5e8330b8922c727ed1456fdc636fd589ae2c8308c4,,unverified_recording_hash_fallback
AUD-ac87ad48fd5e695b893a105bbf68ff6383e521cea486ccf0fb473347fa62088d,Background Noise,train,GROUP-a46566066437f465d642fb0118bccd3790f0c5b9413d774366da9d2313480ab6,,unverified_recording_hash_fallback
AUD-ad21bb942c7082b90ab915ddbad19b2effaf52943030c08c112edfe5814b0672,Background Noise,validation,GROUP-5415ffdaf1998dd301ff0c36d6b0d7b30d173e603a1e3616dcefe7e9cf83ac4e,,unverified_recording_hash_fallback
AUD-ae39d13e9b023280ffd721714c86820e768e9112773e6c725bd507c5adcd59a6,Background Noise,train,GROUP-17530556ec276642aa56d02e409187ea888d305d14c56d4e96c7c9878fcbd463,,unverified_recording_hash_fallback
AUD-ae8dfc4f02e22b3b8b4d4098819738e604328759dfeceb1ec81ae3e95cab2569,Background Noise,train,GROUP-a280ef6807928e3cbf99a332f3aa7a9858cb15747fa1a9c8a405f5e04cdfb411,,unverified_recording_hash_fallback
AUD-af30312ee73ee60e2395073c2e6c160f51df93c7fd1380ae3075a4cfe48c0b98,Background Noise,train,GROUP-ff8858af1b41806a3e72001e00beafbcd59c23dd8cafcb2e2d67d0a2dcf77a3a,,unverified_recording_hash_fallback
AUD-af49eabf7b17f9c9c1d2244036d185335aed7c85a64b8bd0078cfc539c3af6d7,Background Noise,validation,GROUP-b8aaf488935ad5ea69ac4a0050f09764abb8a39fc723f3361eaca4db12ac3139,,unverified_recording_hash_fallback
AUD-afc0edf212258b017af30eebeba6615cb60dc9b123b46bbd567778e8a22134b4,Background Noise,train,GROUP-a2ea60a43ee428c1d469d7124e2145f439e71383b0c07d0e0954988e1302d7b4,,unverified_recording_hash_fallback
AUD-b0adb259551bf8eb8b1babfec4b4dd6161b2b395d7c8c18e56b954155819d3c4,Background Noise,train,GROUP-d1dccc7adcfa282e4aa4c906dc74816b2cf856e4b1bd187ab445c9c469580ccf,,unverified_recording_hash_fallback
AUD-b147567c550c7ef849645efb546fb81232de93f2d4a76fd1716271e07cf2c497,Background Noise,train,GROUP-7eac0b54094185f12677b38433e0a6c419daab12f931a0223e46dc9e3d7ac14d,,unverified_recording_hash_fallback
AUD-b221c91d71bc2c72adaa8ca5d95ffacaa434d64f752c9bd2cbbb7ccc0822629f,Background Noise,train,GROUP-25ae56c0b8041f393b851575493152eb8aa0c1955d35ee49b585cfd020047226,,unverified_recording_hash_fallback
AUD-b6a454498c6c1e6a1a4bfc2cdad1377993506d41c0020117ec19b38131dfdae1,Background Noise,train,GROUP-d8f884f3381d7f6a6608c2f76b5a53c60e90add6225e9999cbd1889ebd424303,,unverified_recording_hash_fallback
AUD-b72a6e6b9e847f7e309987e7cde60f122d9466ade35f1e2a95decbd30226c642,Background Noise,train,GROUP-9a8c15640e10d59265a00c77f8fdae0356063994fea6c980979d2e3f0a7f7283,,unverified_recording_hash_fallback
AUD-b78195d0de78b2407cf19edd47b6b38862d839f205d854704dab6a31daf3e105,Background Noise,train,GROUP-902e01edd741c3fbf94141008b81715ad8cbb61db79c53bffeaa2c101b0e4554,,unverified_recording_hash_fallback
AUD-b8cca65860136846615a261fe61841d7e0e4f3eaab1ae4ef87c916ea961a8f57,Background Noise,train,GROUP-1cf627340fcd1f78262dd3fcfccde0f0c808bf229b9ecea42b5407f51140aef5,,unverified_recording_hash_fallback
AUD-bae7496275348fdba82e2e977c8b6dbd289be4fd8d288aac93229576fa2ba60b,Background Noise,train,GROUP-92ad764b38fb6dec0dbb03ea14ca3c3bcc879c05f62b39107230db2f4a2ada31,,unverified_recording_hash_fallback
AUD-bb7970ce04839261a26f3c45f0e9fe794795c483a6504714951d8598d5adf0f9,Background Noise,train,GROUP-4fdd938aeaa3ebacdd37bfde0bd3338ee17cf756c6a67d31006d766cb62fe637,,unverified_recording_hash_fallback
AUD-bbcf63ad58dabac7a9ec3c329334c88a56033b1896c5b33850d9cdefaf69ca57,Background Noise,train,GROUP-df42d1a91f64adcfb28ad9dee18cc29635c83466ec0d61fc4a763997ff391cfb,,unverified_recording_hash_fallback
AUD-beed1894e1d915bc286fde6d343b2ad1545150d3e7dce91c335acaba14a9c8cf,Background Noise,train,GROUP-8aa0994ed001860cb93ff3c38264b7b4b8ff3b6289b148a9d77bfe1a96d56ff3,,unverified_recording_hash_fallback
AUD-c0570faa6ee8e3a1841190613233a7f97145235eb9248796816459e39bc16ed5,Background Noise,train,GROUP-5356af6cc182dde7a738f805dce9d5b89346925611b095a319e323c5be3b6953,,unverified_recording_hash_fallback
AUD-c10e936f1ee3cb38f8b40371323e246e32635db71adf1a2e2e5936bfd11b692b,Background Noise,train,GROUP-67d5957b177b5025c66717be9135c53df93f5c5bc2551bfd6b31801e6efddf7e,,unverified_recording_hash_fallback
AUD-c26c4f6ac07bcc5d80f362543b30b6199f2633b8db0241c90c0ead0af1cd23cc,Background Noise,train,GROUP-2c211313cd1f36e55f2ffb3882c3178e643bdf7116aa6ea7e5cd9ec52a5b0b80,,unverified_recording_hash_fallback
AUD-c31e4d73870426c7ccc543610e70029cf105d8cbd1243abf67a7487a22ad8dbf,Background Noise,validation,GROUP-60dfb492a7c54584c7b33e1dab99aae273ae7f6810d2b42d6c825f9c6d12c927,,unverified_recording_hash_fallback
AUD-c34cd84eff1345955feaee5cdc7a37508562fa43c2855cbc932fb4d2a8ab338a,Background Noise,validation,GROUP-f366a2e1aef446796e49faa010f1a7cbdce4144b26dd9cd5537e3e84be4a62a4,,unverified_recording_hash_fallback
AUD-c3da25b4074519686667b6f5d0615c18a0f40c45307b718f2338d61cdbdc50a7,Background Noise,test,GROUP-bcc1b6f6e8ca9c7c5235fdf4fa9c601be4ec26077dadb31672470e320ab6d69f,,unverified_recording_hash_fallback
AUD-c49a013823c71885a50019e3ec416f850dd7139a2ae779b35860b3a414df2f57,Background Noise,train,GROUP-31176899df83ca98e8cfb0f0afe9156c85de4944b7cf07e1d9ff918043f1b525,,unverified_recording_hash_fallback
AUD-c578e8443dd0d196a513e05a616edfdd6ac570d9396d3d96fa319f667d33fc42,Background Noise,validation,GROUP-7373d43cd0656d1fb292ba0d22a09f029e6db1521548d8c0a744be2c3042f8b3,,unverified_recording_hash_fallback
AUD-c70e5cd74f64ca498f032c173edb22569f0e6f856b6727e3e8cbc0b7626ad158,Background Noise,train,GROUP-5f5c2a5203053b01f10938a64db29328454b77e1efda10fc793d6f141742cdd3,,unverified_recording_hash_fallback
AUD-c955e800d651d3945ab6df0a770777dae1954585c5ce1b118744b71da5aafbaa,Background Noise,train,GROUP-554c4a85f7574cf7522d5e5dd260e2957034d36b1785a8dec9bcdce675c1432e,,unverified_recording_hash_fallback
AUD-ca89c9d817f8e0b388010df2ae84832e7b2c2ddde6327e77c7e1ce4de4b84e55,Background Noise,test,GROUP-5c4a7eb5a84c6120b255d27a0e7099145d6447d6e0baf00c9f715f3e24ffb166,,unverified_recording_hash_fallback
AUD-cce24941baaabe910aafdb20a59fbb4263d38eb5d168c0db63adac51c5bc31a9,Background Noise,train,GROUP-71e1c24cdf1377905fda7b804804677dbd09a3f3a6ae88cb7ab056ec244fb654,,unverified_recording_hash_fallback
AUD-ccec182028c4c2f12a8334f8afc9b6be09904799b8291c5be89e1e47bedbdef1,Background Noise,train,GROUP-4dcd3606a40753f9d8264c27d9feb4027928d37122a836fbc47d0ef59b15413d,,unverified_recording_hash_fallback
AUD-cd9f01b4b4da5b2ba917a933a6dfc0986252d1ae6d803c8b6e4d09e9d7db998a,Background Noise,train,GROUP-f376b819825a2f158dbd6c15088496f39d800c817c54881d78a285411da4d4ed,,unverified_recording_hash_fallback
AUD-cdc052b5c24a3dccc2c5b57099475385fcc2c2bbc0a193fe47c61b0adf2a8955,Background Noise,train,GROUP-7d649db635fb2324c844e5da2b90786bf60002289014991caba9b3c272de2511,,unverified_recording_hash_fallback
AUD-cde5a0b7df2db0e5f15c5630bd11bc011ce83e3d0599a33666561ecd4fe722e3,Background Noise,test,GROUP-62d1f6dd3c8d1cc9803b5da63f9a0866ceeaf044b945c746006fdc19a3badcc7,,unverified_recording_hash_fallback
AUD-d08dba959e0bfcf0c9c1e1b6fafe8e84d92f865ac6978695ca9a2598e1b697eb,Background Noise,test,GROUP-6b63cd1fbe2ddedf63349f098b72e13e4ef9af378779806374a7c19ec8219437,,unverified_recording_hash_fallback
AUD-d0e640b4a11a2e9ae794da3e02df6ab1200370298195f20c4cf7eddf059d5038,Background Noise,train,GROUP-f9e2473a27b579eb280b5c989bede6ad63758f0ff358cd2a03753f5cc44ead43,,unverified_recording_hash_fallback
AUD-d1665f4a129df13b2d401b4225f77b16b72bed8d143c0606234ac845d5d6e606,Background Noise,train,GROUP-aa8f3fa883099302fe5b85d7fc7eda9d1bdd2b1171d599102635ddcd97ecd585,,unverified_recording_hash_fallback
AUD-d1f49aad855b9de39148c0df00316eb3d71fd20e6f73542da4473d78209db94b,Background Noise,test,GROUP-42831e9c0f5df12a3166aa15c465d24da6f272439161ddbcf4cf945283a05ccc,,unverified_recording_hash_fallback
AUD-d2e5d4fc3853e7cb6ca89e2df0f2301691c2f5429bd2cf745444d0d09d3ffcb4,Background Noise,train,GROUP-5eed019153fba953a1b1b9d2088ce629d237223da0f13549548da8024c269dcf,,unverified_recording_hash_fallback
AUD-d5d50054b11ac5f9d36d76378576340f21b47d0ef08ac625020934bb2930689f,Background Noise,test,GROUP-056c51ca6229ba3f0f43cf5bfe4dd2983eb90e45f4a31d5f14159dfac236dfe1,,unverified_recording_hash_fallback
AUD-d71902446c3d1a04b13d53cb4a34eface48489e007b6c4bf4d30d2cb7282da41,Background Noise,train,GROUP-cba49bae123c048947254ce3056ac86088c6da1facb9b90bc41dbd1514575c4e,,unverified_recording_hash_fallback
AUD-d8e6da1ae49917fb448d5681f2a6175676795c6752a58e167758682f1f937b89,Background Noise,test,GROUP-6d97b5dadc5a5baed8b281cd8c15b82291060ce68a2006d252890e7ab99f500f,,unverified_recording_hash_fallback
AUD-d985fb63de50fd93a326b6628d1f08a8eb075bec3993359613c3979b6747d53a,Background Noise,train,GROUP-5536e729be4c758ab50d465813ffb7223a79ec7d3a24d21852e36abc67bf790f,,unverified_recording_hash_fallback
AUD-dda1329760077ecf7454c16b2b721a249f66da350541dc2bc7db0f63bf71dc0c,Background Noise,train,GROUP-570edfd290793f2282ea447f48ceed1cf5bcd0d6cb35603bbf04ccf5a0234227,,unverified_recording_hash_fallback
AUD-ddaae86951d47689e41695215b47d707814807a6e997dce4cf7d3a219ece9dff,Background Noise,train,GROUP-32fbdac3574c9c996254219e118d6ae9655ec296ccc29f32b279f77565a923fc,,unverified_recording_hash_fallback
AUD-ddc05465295cc11a29d1a5294b5cf706ff60363a52c233c9bba84ab0f379766e,Background Noise,train,GROUP-36f4a685ae56dbc1cfc70c5f319feb1f999a573b6e3673d2fc823cf07fc5703f,,unverified_recording_hash_fallback
AUD-de42d43ba5cf3b952bb326fd037b21ae09123460cc537724ef585bc5bc1b2ac7,Background Noise,train,GROUP-6f3c99ac4caf2bc2e4e14f4980078d4bb8733d9318c2f172c4ce1dc0e1545dbf,,unverified_recording_hash_fallback
AUD-de5f4f3074c3b71fb8d4d424c6ae918f847266d5d096fbeb0008abde48bf490a,Background Noise,train,GROUP-4d34cf9e386c71692487fc5edab40e2f1fc4a695920eba880f2f728985778e66,,unverified_recording_hash_fallback
AUD-dfc0ef29654021560674b389573fb741d08135e4f848b8d2b8c42afa4a9c45e8,Background Noise,train,GROUP-4a45267da223d0fadecc696d52be29505b70c7caccb5176ccb0585bc71608198,,unverified_recording_hash_fallback
AUD-e1b046199d69c397e53eecdb76332bccc88d490fd796f4e7c1a6e6b1e87a7319,Background Noise,train,GROUP-d4dae608d3058009373c6bbd544bd300660cae0beb1f74dda98519f810be3be2,,unverified_recording_hash_fallback
AUD-e1fcf2b66309609ae9501b0ed8d521142f3c838daa0a23bfa37b226fe48714fc,Background Noise,train,GROUP-a5a1e61ecbdbb1a2d668b5fb158f6f80b25a98f9d5867d811cd2696161ec8f02,,unverified_recording_hash_fallback
AUD-e26ba035beddc562251beb402c0ac48ea62a1c3bbbe899dbb3e9bd26d9cd191c,Background Noise,train,GROUP-420b1e270252fc71cd54ad3e16e7ecc37eca5045bd9cf946c7c1d29104410247,,unverified_recording_hash_fallback
AUD-e2af073cf75d8ad6676b5e6c32507d492dbe4ac0900b2c65495286e99f2fa004,Background Noise,train,GROUP-8d9297d81160c869422dd77524f5353f016c86c352b6e20026f148387d8b22f9,,unverified_recording_hash_fallback
AUD-e504a435f0502eb644e0c0f929a9257b3366342ce96c1dd7384e339cb143fcd0,Background Noise,train,GROUP-db3f85adae0ec638d4fb5cd372b83a21d436432cc3ad61bd02915ab04ecad9eb,,unverified_recording_hash_fallback
AUD-e505fa1be6ae13599911af04f35deee538c611aa6a5e9847f548b9285431ab7a,Background Noise,validation,GROUP-bb7b61961940fdb2427585e286266beb17ea0ec146e28f45f2dca669d2258670,,unverified_recording_hash_fallback
AUD-e53950c22b4ec82ff6e219c27ded94511b2c42443b2311c7486b74b05317b340,Background Noise,train,GROUP-3a8547662ec7d11263cfe0fa01991479ee8f9689aebcae13286dab8faa7dbb6f,,unverified_recording_hash_fallback
AUD-e5d4b050fac7c95145a531989856cb63e6eed963e1ce16433fd15df828a3a938,Background Noise,train,GROUP-aec633193df5288b3949f168349aa73139314fbd8c396a909e6e37fd8797b18a,,unverified_recording_hash_fallback
AUD-e5eb336ac504920ff858cc6f8dc5f078950bb1746810d8d940632de6e5667093,Background Noise,validation,GROUP-1288f6e4277cdb214e00bc9497c1567bcb9df19ef774a8453c3bff17e22cff21,,unverified_recording_hash_fallback
AUD-e759531f381f1d12dbdfa86d3be316e5c2761ccaf5136e00ce05372a33f9ff35,Background Noise,train,GROUP-b57ce2664bb79f3891a12e1390cc6d174d789b20935c00903fd3f21296db4b91,,unverified_recording_hash_fallback
AUD-e986a54671a8d20f97e2d3650de69d8c750f2ab4087dd1d897886cd72d8228b3,Background Noise,train,GROUP-cb1ebaa13915ed61409dfad4cf713a7d38236d24f179987aab7daaee3b35fb5e,,unverified_recording_hash_fallback
AUD-ea16a10a872e69cc94ac770bc4252615b8c6056590cf548c7920dffe16d6de54,Background Noise,test,GROUP-a3cdc9096b696af932ecdda6b49d4a2683c78c9722879d670a01c07aa0df93d3,,unverified_recording_hash_fallback
AUD-ea2febbb3824048d88c1bf25db5c5079fd7ec2451f146d542214d839ab5f826f,Background Noise,test,GROUP-7fc6977809cb0d2dd71ddd4688212a50fbbc673bd2086081d6b56864844e0795,,unverified_recording_hash_fallback
AUD-ea431be880c5a52312b56f09e072410583a43110be87c73fa968267cc3572934,Background Noise,train,GROUP-db75136dadc96880a68f347ce5f67e96b49da2e385642029be670c81d081f6f7,,unverified_recording_hash_fallback
AUD-ea72d2d07cbf1d73bf23de9ba9249d8f16781fef77489cf3f82d6d03cc3a8916,Background Noise,validation,GROUP-8d88b98ee990b0f52c3ae2ea0b7ef009248cae2a31519a217f669c7b8de8e1ea,,unverified_recording_hash_fallback
AUD-ea92c9a37dc3852e7f1251508b8931a4307c95f3f0c5d74fee66f77c5546c96e,Background Noise,validation,GROUP-e87d8cd17388aacf3d3980e2e0ef17b05b88b858719f0ecc0bdf2359d6ae06fa,,unverified_recording_hash_fallback
AUD-eaa057bdc054e694fa2d528adfe1761d4390e6429d738e94e4aeaba16eb8158a,Background Noise,validation,GROUP-bf9e91772a353cc2bd67356b662ff23d4c22bbaaae2691a192cabf9792fe14de,,unverified_recording_hash_fallback
AUD-eb27fdcaa5b254977ae6d84962e05a7c53cd47aed283706bb503690a99cf822a,Background Noise,train,GROUP-e8bc96f4ea34435f1196972eb7ed016386982bddd5101d1c00d769ce0c0e2e90,,unverified_recording_hash_fallback
AUD-eb29cf85ec0a6a3423ab08e52480bbcdccefec1d38dcd7fb6b90cde7e268d26c,Background Noise,test,GROUP-e3041d7b4b5b0b1816088fe5671fb14fbb63d28e19ca79d5e246e7c60b83ebf9,,unverified_recording_hash_fallback
AUD-ec27605c37dbbe3c832d46276b44086b8b2368ea092257df9f5331f00d9022e0,Background Noise,test,GROUP-0f19b1cad9f44fcce09d813afc9851967b51997b11daa16219b696ad8be6fdc8,,unverified_recording_hash_fallback
AUD-ec9348ff1fc24439ed6e93be8937c54a8e6c56fd672630bf013e31a03cced626,Background Noise,train,GROUP-39469488facb67ddcfb5c8bb452ea4d1feadda8ff41c2547321a11ab5828d0b0,,unverified_recording_hash_fallback
AUD-ee0be31687f5e25119905a2b4c08759fccec588cd0ac5d5f2fb475c896c9efbd,Background Noise,train,GROUP-40707aaa48cafa7ebc086497a9bf90fe04167af555d13337925a272ce14e98f2,,unverified_recording_hash_fallback
AUD-efb4884a0ccadb77fdfebee5dbd030dcc8b6a2d683116fee2120f8b91570bffd,Background Noise,validation,GROUP-3125674acc8b7f0f717e173f9f4896278ce4aa82c68a7311a006695d3276e14f,,unverified_recording_hash_fallback
AUD-f081fa64500e1620b743738bb0b79fb9b3d10e585a258b5ca5210712dcc07dc3,Background Noise,train,GROUP-8e6b747027e1ca293a3bb713376f09584498361c195c6de8e3799605c1b24818,,unverified_recording_hash_fallback
AUD-f0dc26ef8972e6971e7006be60baff9d98ca44fe7fdb924262aaa8f1c30141b2,Background Noise,train,GROUP-ba42f49e24f68bc0f72900639ca2ae6833ed63a35758bada2cca797f77d3c6ff,,unverified_recording_hash_fallback
AUD-f38b2b530573b7edc65a185a947735091cf017d05c55e273c9d3e6984db9805d,Background Noise,validation,GROUP-68fbf7fedcdf95322f37058b91cf3df78ffd6004cc1ef227284d9ad5bb9bd19e,,unverified_recording_hash_fallback
AUD-f4b0ea98c90f4f5ebbe31ec9551cf87a64c7c3641b15929ad1b3a70cad3c258d,Background Noise,train,GROUP-9605fbfc1fb3dbcc687627a84df3a35bbbc9b085718ff77575a2770ca133ce5e,,unverified_recording_hash_fallback
AUD-f57327c717c5630b98ef783d305755316f3446b45a805def94fa256a0cc2e7d9,Background Noise,test,GROUP-80c61ef9df082f60ae4acccc06c68868456a178cb2735e890428a4eda75f0afb,,unverified_recording_hash_fallback
AUD-f5b45fb5f370cf715045410842270483cba5891df97959b99951f4f1b2fbfb87,Background Noise,train,GROUP-552646ac9bd70d7cae6f129a11dfc8e24932b2919dcf3cffb195203adb31ed85,,unverified_recording_hash_fallback
AUD-f605439ac3b07ad72b41c87b2e7a1817dab8146bc8ebd4d2830488daf82dbad5,Background Noise,test,GROUP-9c46ec860d81cab9e14ba3e813fc68ab3766e21dcc18bda6e901a7f1b8d3f245,,unverified_recording_hash_fallback
AUD-f68d43f72018b58185db965971d4bfd2119880bb20d28e16c6b23ba4384b3305,Background Noise,validation,GROUP-ebee3e5ea8b2ae14f6680aea46955a59b14e67bd5f6b380abe3fe538ca246b3d,,unverified_recording_hash_fallback
AUD-f6a63a82f85db7373c35028e3d508dd965b96eb50e6a7a41837e1cfcc6a84eea,Background Noise,validation,GROUP-7bb1ee87aead65f250d4b1a529a6f95ffde0c832fb10c2f8ed15ccdd60c4328e,,unverified_recording_hash_fallback
AUD-f8369421f5ada1b8db302fa5d3fab4945202d5d5ba58eb7a4874deaf0bc901a7,Background Noise,train,GROUP-0faf14d4eba218f455c649ea23594f5201be2f8b8462bc752bae25eef17f9815,,unverified_recording_hash_fallback
AUD-f868d44a10ab17dc6a69ec77193ae6cec4e825c6261e1be80c36bb2b74027751,Background Noise,train,GROUP-303e4e1d605ec73e8bc0d8fd82746d41a5c92560f3b5b5fa4203f516fe00d927,,unverified_recording_hash_fallback
AUD-f8f0a2d25e9df011ecf897fdc798f53519f37f3e5667b2b5738ddd293732deb5,Background Noise,train,GROUP-288e8aa905357cf7401743ad7fb171512e83b22cb24d07b2f9c8e12689ba59c6,,unverified_recording_hash_fallback
AUD-f91fe5a771310558ace1d298cf1986216ad4b395300ea3d25ad1400f75f8de66,Background Noise,validation,GROUP-bd33e04dfc9404e9c2c2c6801f99362fa663afe3a574b9325389b9abfea1ece9,,unverified_recording_hash_fallback
AUD-fb84ae01043ce1e17b638a6f8e91d0cc545f454f12c22328be9abdbd6430932a,Background Noise,train,GROUP-e7c30362dc8c3fc77932b100594c82e2a531928004dcf7752563d19c5d0c0c89,,unverified_recording_hash_fallback
AUD-fd510a2ddf005d0c4ef874dbfd053838e8428f79e666164847847339229744c4,Background Noise,validation,GROUP-bec1a08b2640572e5f2f43f7fb5098ba9f4529f9181510f1c2fd34a971cadcaf,,unverified_recording_hash_fallback
AUD-fd750f76d71dcd9bde37892bf5da0bd0b80fe1d42adb4c4fd0453643ee7f3b9c,Background Noise,train,GROUP-79f0473857a21e2c5d431cae4de3b4eba75aef2c8d4a93be8a96655e7bb01bfc,,unverified_recording_hash_fallback
AUD-fe0cca44cb30141c44393bff8af170165a4226439e3b5157627e9edeb5e831a1,Background Noise,test,GROUP-2fc8cacacd0ad43203346af40197d1be6206d05fbc9061c463b2a58c9fb51a2b,,unverified_recording_hash_fallback
AUD-fe48f6533ce0c5654769ca45e67626760cdb3fe199c643820e7e40612f78b36d,Background Noise,train,GROUP-905c0915af2d3ebdf9fb244a5e414592ef47f0bd30f028c8e81f9942c1ea7aaa,,unverified_recording_hash_fallback
AUD-ff9e16acda19cc4a82bc3769f5905a609ae7801ae63f8257332e8bb70c7c3517,Background Noise,train,GROUP-d9322fe3f35d4a5760d1a6b8d9242f5d477f909276b0a3232618b0b210078b51,,unverified_recording_hash_fallback
AUD-010ef779955cedabb5774462fe30a8506b936655967be2cf05975d64d44d82d6,Glass Breaking,train,GROUP-5c8a7e177ac8b89e521e9b239034dc961b8830c69631aeb8f254b61c8504c65f,,unverified_recording_hash_fallback
AUD-014d13b2c20089e5bedb0bcf7b68b4f57cf72dd7afd008c23185be3b73b8594c,Glass Breaking,train,GROUP-403d15932731bb21ff6f94365278dd5cb04c37f25c03d77b88ca79846663c262,,unverified_recording_hash_fallback
AUD-01727d62706742ad0bfc9398ddf18c216fee2ff566bd32a35c91788b31d057dd,Glass Breaking,test,GROUP-8eace091cdce9e877d314366014c440cbd38b7c8e5ec20e8ac8c3fb75ca76aa0,,unverified_recording_hash_fallback
AUD-0184fff0edf9d52b79f9e7a0403e4d75cd771c25e5937696d37ff6b49979bd89,Glass Breaking,train,GROUP-ed15b1c74f392f6f10bc9a19eaba23750793908131a64fe00d105db731199d28,,unverified_recording_hash_fallback
AUD-0185543a6b92fc253a45821d1182c5dea3e1471712c2f11e23e057d57a11370c,Glass Breaking,validation,GROUP-5e50dc390b5eaa97eca0f039bb9cf699a86b9fdd4003cf07b9b60fdb2767b6c7,,unverified_recording_hash_fallback
AUD-018e3679c16d1183103b7b92b636979bc0b384b69dd1a72e479c064e8f1a0ec8,Glass Breaking,train,GROUP-58670efd88fd39e602433be45e0de7f5a5fd51392671a53ed41740f60c34735b,,unverified_recording_hash_fallback
AUD-02681866b8b856217d2793370ac8e42dc98aeb00e32e6d7117a9a9854224282b,Glass Breaking,validation,GROUP-960c789b35eec8a429db2431bc101b5e03078fb54ba196d015d5c8b7bea98f86,,unverified_recording_hash_fallback
AUD-04a7f4f840527662c6b851f1ac4dc1e8c65afb1e9db0d6773d6316ee4496573c,Glass Breaking,train,GROUP-20a0e54687d53964ff38a12a0a7511e7825a4d84026c7f37e6a9241a95b550f8,,unverified_recording_hash_fallback
AUD-0510b4feb863ce2e3b53b179ae20febae24e62b3ae3b148a9ef92be4f4df205e,Glass Breaking,train,GROUP-b266a59fe81b0f17d65989856f37e6d98130643b91d682fcd86c7ed502b2c379,,unverified_recording_hash_fallback
AUD-06c5f421c6e9e77afc3ea8aa67f9d5162439aabf22eb81a16cc46302fb7fc553,Glass Breaking,train,GROUP-f7e83d9fcb8d6d7ec5b18c209a8cbd0243ab645762bfb14f0b9339c96eb1abfb,,unverified_recording_hash_fallback
AUD-0717e0621e5ed3103bc53d0c21b70dc23b437e2b1f4745863fbbe1a987bd1580,Glass Breaking,train,GROUP-ff4cca587f5fd41f88234278bb95c94e7d08dd72cf15381937e7524d184a1b53,,unverified_recording_hash_fallback
AUD-09281ff42c32bf676a7c51567542e3efdd066045b96c1b9be36b7db393e80beb,Glass Breaking,validation,GROUP-11d85cf3f8c8d7d42535b8fbe725002c21bd276117c43e7953bb9dd2a8087d61,,unverified_recording_hash_fallback
AUD-097a47ae9bd2ea09bd734b773ee92d88bbc8c623a2e1e413d60c84c2cefb746e,Glass Breaking,test,GROUP-4c308cb7717944ec5adda3a93170f7685aa9ba5897c3442e8517205225bb0267,,unverified_recording_hash_fallback
AUD-0b141b2a786a5c2f2735e0aba611c899697eb3fe33a72a363a7bc1754037bbee,Glass Breaking,train,GROUP-c0983f000324692d3ead611879201c1cf4d384892bf6c436038acce0eff4e7e3,,unverified_recording_hash_fallback
AUD-0c234fd4747365ad602a66962c9bf6bf0d8ae0d38a6170fad64e1e8897ab1946,Glass Breaking,train,GROUP-bc935d3e7cf82b5d0974b00088060245da0054419ebc9a04648c87e175c720bb,,unverified_recording_hash_fallback
AUD-0c465dfe16fe539d0fec501e8d2b6054212f6634dcf54c99ed19761062b179e8,Glass Breaking,train,GROUP-52f8dbeea666243f05c82dba82c4e643599b8d84e4fcbfc92a78633625a06830,,unverified_recording_hash_fallback
AUD-0cd4b474f4bb09c45e61521780acc9681f06c04390edd4a288139ca47ca67dfe,Glass Breaking,validation,GROUP-9a6a39ec13893843f2da7908747d459e34898090a17495c273c3a5714ad1a635,,unverified_recording_hash_fallback
AUD-0e4075ed8b966e66d46626a0d8ebfc84256416dae28b687821380f93afd52c4f,Glass Breaking,train,GROUP-81aa2dd7c199d36604776ecedfd0b472521e321202ad331cd989492907f76273,,unverified_recording_hash_fallback
AUD-0ed614bb19cc4919549b0b41d679a2050e01df689517f9d7499c97fa81314a7b,Glass Breaking,test,GROUP-77900c27873cf465cd00b3c53d3602f0902889daf08bdccbad93ea40339a04a6,,unverified_recording_hash_fallback
AUD-0ff92873326874e402cb13a1397d4e121686f47a4f3afdeff866e608dc834089,Glass Breaking,test,GROUP-027489299cad17dafd059182b1ab6f213c17a513ec66b33f0665e3d1f9d334eb,,unverified_recording_hash_fallback
AUD-1050265ddef8f0a1cd15319bd7064d160eeab584d44357a00cc3cae4fd5e18de,Glass Breaking,train,GROUP-b12fc945d668e11174fe1ea03b4ac4067322823a29bce9cf3309b05efa0d699d,,unverified_recording_hash_fallback
AUD-11d943c4270bbf2fe1ad46112175703fccecd773b72b5e601e39da1b3ac2c63a,Glass Breaking,train,GROUP-a552f0d1d56fd1f43420343d15f32fe64e51629a5053239553d43ee821465f71,,unverified_recording_hash_fallback
AUD-11f7433ff6e10eb6b736e2a51ba6fc0f1b0b22e172be34c9c403f2d4e1e07f15,Glass Breaking,train,GROUP-31eb6c8feb80e2c6743c89d7eed528ad1ec8d1e1eb21cfe0d44cfccd2f7f6652,,unverified_recording_hash_fallback
AUD-12920ce108aba6a167b6c8246800601eec033c6daeca99f2d5b7f2ca1eb815dd,Glass Breaking,train,GROUP-cc235a41134985a84ab15ff3ad141be64228813f682b4db25bee76458604cb8f,,unverified_recording_hash_fallback
AUD-1307917ead5eb285c5f275ca79b4781964cd67caacf5f4aac9f162ef67c991b5,Glass Breaking,train,GROUP-9b349d8ba145e5beea630f2bea1e8819cffb43a0eeea6627b7eb94eea28f5f3e,,unverified_recording_hash_fallback
AUD-1323ea197de83c85c9e4f3576219af4e7fcd4d7381bb23b2704740b1d4abd8bc,Glass Breaking,train,GROUP-ba79782e4b785eb80f5f084d4e48b24d882fc408076ebf3cd8f3c4b0ee82b2ed,,unverified_recording_hash_fallback
AUD-16d3040c1b7af010060730266fe13276e2872f32d6c4f2ff222c3a337f97e32b,Glass Breaking,validation,GROUP-77b9d56f38287c4fee4fdf1a45435a45354760f9fe1b29d8fbf3229309bd67ae,,unverified_recording_hash_fallback
AUD-17298c57e4f98d884a4ce0772065843d3f041a129738ec49b117ba80830b94fd,Glass Breaking,test,GROUP-1f1c9d482bd05e8119b3ef709e7a5bfca84f3e4f8b0366d09bd445bca8ceb762,,unverified_recording_hash_fallback
AUD-174e32a7a3950227e717d62e7efc29292a3866e53ee69ebafcf05da08deab3dd,Glass Breaking,train,GROUP-0e76f8afeef28d69dbefa4eb4d9fc090aef080ef6bc1e68355e66770fcec50aa,,unverified_recording_hash_fallback
AUD-191683acdda41ee26407fb17dfb596a157741786d1a51727b6680d11045eee3d,Glass Breaking,train,GROUP-dd9b1bbe0ef2ac9e816e9ea5c40527bd7eb0c527fe6d7a1e63a134d227f9131f,,unverified_recording_hash_fallback
AUD-1a5803dcf704ebc1e4340ed62dad1848d075e2d164d0c4d5adcb348415aef723,Glass Breaking,test,GROUP-b8dc57aa0afee389ae7ed8aeccbe9587e9994c23dbbb286acbbe8c93f29b6e88,,unverified_recording_hash_fallback
AUD-1b6d914ebb73ed45934cd03a790318c4bd7022b343820d1958a2a79fc29ac540,Glass Breaking,train,GROUP-ee8d955feb3453b5041255c00bfa5bb57fc408416ff4008dbe3fbf468b42d23d,,unverified_recording_hash_fallback
AUD-1bd6430942bd6809b1428c9f168e7ad3d01bf2a867e08320ff03cf23cc9f68f4,Glass Breaking,test,GROUP-9cefc5c6b98fe35a5c151b6b053f1e26babb2f0d2a0d7b87b7019f2b54d2248f,,unverified_recording_hash_fallback
AUD-1cbe81d586b0c393959fcb55f0a456f3bc49c2927020fc8c118669f58dba418e,Glass Breaking,train,GROUP-08edf7b9429fddb7c6607bd36ec1b9f952c9268f9d503b1bdad0ab5cc2cf5817,,unverified_recording_hash_fallback
AUD-1cc74a152f6b139908a7097810a0539824f82b80cdd9d17a01eec73cdfad58aa,Glass Breaking,train,GROUP-222a33ed29017b7f6ae3d1fa4a48ffdcdf8a2266ef92c85bcd81b55d07856ea4,,unverified_recording_hash_fallback
AUD-1d21ddebcb5f624a06b3a450ba732141207b2062d750b3d6cbecf1f99beae66b,Glass Breaking,validation,GROUP-f208f1a4c5c06ff652dc8088c61f512a8c20edb8f83ffb3317d46824a236b1a6,,unverified_recording_hash_fallback
AUD-1d54339791b770f32cd4eae3fe630b3966d06e3d22c3944d1a479b4c8889cf40,Glass Breaking,train,GROUP-1f777ffaa33acafd9dfaa878b335d895f82ee2003fdcf51e0620b8a7c22ee013,,unverified_recording_hash_fallback
AUD-1ec9e5a9d091c13a41b1b3ff9fb5b280015c4709424134988c2d2fdad168fb73,Glass Breaking,validation,GROUP-03ecaa1e9d2f57f5ff08420097ae8fca719b2d4f612ff3ac529f8814d05d4af9,,unverified_recording_hash_fallback
AUD-1f378385ffe6bc3f8f8b5ae4b88f10a57231b15cd1c517da86ccfae2fc1bdd70,Glass Breaking,train,GROUP-6515647747b6c097f181828888d085dd9164197d5a5cb7165365c84eacdb6c8d,,unverified_recording_hash_fallback
AUD-1f6e646062463bc3cdbc44887871484d9585cfeade2925f516756fb6280cdfc4,Glass Breaking,train,GROUP-490798dba5ae9fb169c5db675544362b1a6e38a7a459fc5c05564a1ecdd16c22,,unverified_recording_hash_fallback
AUD-1f9631befae40f494824ff0c51f21141b49efa6882d72a0b09f9bf087c16944b,Glass Breaking,train,GROUP-2449ba18071fedd15f9598f42688940af2c020e52851be65b667ab80676ffa59,,unverified_recording_hash_fallback
AUD-20d7eafed7f9d221406d0e3fc3cd5477cb468cf4dc118e3a803713e9b0712a84,Glass Breaking,train,GROUP-03ed27d3703349c068348680134e7d204314258509f7a913e3777839e708a65e,,unverified_recording_hash_fallback
AUD-210cb2b0ab7d539231cd9acf301c44246a7d156bfe51b80d14c6fa81233e8229,Glass Breaking,train,GROUP-dc4fe20f6ee119e51e7c1efafd369d458d2bf5cd770a7381eedd09016c043a2b,,unverified_recording_hash_fallback
AUD-21641ce966ed5480a4dabcaa406a492cc458f1f561e4475b763c20aeaf346c30,Glass Breaking,train,GROUP-02cc9bf52fafc4a4e043334534bf71922d1c62ac907ad94a6708d5e48092a7a7,,unverified_recording_hash_fallback
AUD-23fde8863b5de72f1192515d1c5f22ef1c7caca7fa369cfdf30a9bb29652d656,Glass Breaking,test,GROUP-1282f789e69858d307a5ac155dd2d8e86cd43dba3f7ad4b2e8f222221d12b356,,unverified_recording_hash_fallback
AUD-25938b081fffed1b5f20cf71c2487ba89f4a194acac6f4dc64e5a49b3dacda2d,Glass Breaking,validation,GROUP-cc7d806eddb3e544d8f4cbdf34f867f0c95fbd5db33a87091e1b1e15b7b0028d,,unverified_recording_hash_fallback
AUD-25b045c85f0981882a146023d245dcfd45e8cac631f9d29f54ce632a2fdc7bc2,Glass Breaking,train,GROUP-25b8233e2e8f7e7f580990de103f91a8a6bb1c3c66e49e7fe867650b0cf5b505,,unverified_recording_hash_fallback
AUD-267386d9691068439d799076c696f5c356c38da5607cb6f90d76e97b2824f072,Glass Breaking,validation,GROUP-c186ba6c78e8932d5ab564c73fe0ebc355631c80b8fccdee9bde7dc20d8a5b9f,,unverified_recording_hash_fallback
AUD-27b8506d781d4fb5960b8e24d53b3ffa7d79354523e00c12236245bacc3f87d7,Glass Breaking,test,GROUP-27f8a2e85e25342e10725b888aee0ca92c0b20c45bbad98faff45bbf0cc20dee,,unverified_recording_hash_fallback
AUD-294aa1a656f190f852667f1a11eda79a7bed7698e8c059d79a13eafc16b5aac3,Glass Breaking,train,GROUP-4b5706b686b57ace70b006cc1b5ed8e63b3f8ac27f86cc7e90ae8c792bfbd655,,unverified_recording_hash_fallback
AUD-2b91e8459ca01924e7de5c9ce9b310534bbd0e472a3730d617bcfa19b40e3725,Glass Breaking,train,GROUP-e66fcb657e0ff91c178dd50fff9e1ea5c34be30abea13c6a3c75fc29a896e88a,,unverified_recording_hash_fallback
AUD-2ea64b5f012b3a347e7ebe583ac8d4cd6d314e0dd483465a76d1da89e992e69e,Glass Breaking,train,GROUP-bea80f587c0d5d5b61305fa3c6a6663ee67b9d48f07e32fb712c06564a16e36d,,unverified_recording_hash_fallback
AUD-3085940c26bad2dd116c5a10d2a96646645a10fbdeb0aaa0e455bf86a453967a,Glass Breaking,test,GROUP-0e42204b2d68d8bec8791fa00bde5a507fa3ccc1d914997ca87a35b5073ab5d6,,unverified_recording_hash_fallback
AUD-3351b0309903f9e8b1f3c6eaded47e0d52d576112f9e5e4284f440fb5d1bc0cb,Glass Breaking,test,GROUP-15ada84719ef939ae30fb509d83b6e6586e77ce4f642faaa7b8e8254dab88f35,,unverified_recording_hash_fallback
AUD-33b66029e42edb9ffa3e4b4750d50e8a7178c2aad3384f01c89c0223cca11a2a,Glass Breaking,train,GROUP-401482f78d4c6671eaf875be92c4bd9b8459f6fb97290293aecf877548d5f2f6,,unverified_recording_hash_fallback
AUD-33c2bf8e8266930164c1a003e4c335af995594536cb30a5fee4967552f4ca09c,Glass Breaking,train,GROUP-eabcd47419dd9b2d91646a512ac2868c7987b8c9aefc089993f125f7c15d11df,,unverified_recording_hash_fallback
AUD-355d3de6736513652ca0a22cc9629dcddd811154adf1f2fbe36d424d37560881,Glass Breaking,train,GROUP-8c69a48629a50796aaf232b19064835d352768bc011910485def335bdf049f4f,,unverified_recording_hash_fallback
AUD-372b1546f65c93042a129e0a6094f84a958abf4a829a0e6027e5c2f31306f174,Glass Breaking,train,GROUP-d976160a49d8ce3e0b47781ef06553527c1a19ef1b69d6ea4d71a2929c0c2eb8,,unverified_recording_hash_fallback
AUD-37a703d33e135f93511db3055b054661c9aeeacc529a66e0938f6a97245848bc,Glass Breaking,train,GROUP-eeb01fb5c12e712b53ad2d2b50d17ddcd3dba51622d1c04d06afc7d905cc9286,,unverified_recording_hash_fallback
AUD-380452d8c13c67df72392567adf7eafbd8d6caf240e63d78b97d3d3aa61ab417,Glass Breaking,train,GROUP-428db4372d2b7d0b0c7779d7a59db01ae7c65b16a80f3d2d3d896e09ab54f637,,unverified_recording_hash_fallback
AUD-3858febb9e86bc73ea48dc790df3d97b1a7f46c5e6b74dcd926ef48d98dc93d8,Glass Breaking,train,GROUP-a6bc88a1c7fdc414583568a17d338d6f3680edecd53a2b6687efaa2e41b5fa74,,unverified_recording_hash_fallback
AUD-39b33de3061164100f925a7a18f1a8d367f4c8abb092ba5759379e43e69627ee,Glass Breaking,test,GROUP-654e51dfe35f7e0d63357945f34a344562f25e911d9adfd670a0404b71f78805,,unverified_recording_hash_fallback
AUD-3a4d4ddbb5235ca360c61b7c5381cf45a6b4eacb7f75eded59c7aae0768b5d25,Glass Breaking,train,GROUP-7b3ab12ed4ed6aa77dce2755b8b179f3079b57e1e886134698a7e5a48c498fce,,unverified_recording_hash_fallback
AUD-3a596cf5fe3b64ac7b381ddad0acdd108f1d0d437d9223bc80162d174e4978c5,Glass Breaking,test,GROUP-4dce6591667ca68a4984212a040f6bafcb8842fab134b350694409cd9ebc42d4,,unverified_recording_hash_fallback
AUD-3ab367e44f12f917724a4159b5671c5ff292d5617f9c9267b5c53b6915b8af7a,Glass Breaking,validation,GROUP-9b535218097f01e63ab36048f81711b45e2540e456721bac2f7b4b6caadc12aa,,unverified_recording_hash_fallback
AUD-3c86565a2c7b50c68fe79c438f12e4e75698d94f444bd3927796f228cd8cd9b5,Glass Breaking,train,GROUP-86bfccfc8a6be6197b31c0dd38312a39116aa6e77658b609bd23cd4b5d78a646,,unverified_recording_hash_fallback
AUD-3e2fd6c9a4f9fc481fa8087408114dff49043460dcd1d0fb5beef25e53effff3,Glass Breaking,validation,GROUP-933e38043d14fe54ab347f39371994c213fcd1f6fbb9710091299bf6491d720a,,unverified_recording_hash_fallback
AUD-3f5787f2e41e4aae74a160f4f825d725334c729aacfc54334565889853486a92,Glass Breaking,validation,GROUP-97071a9cf92cc0b46e8b89d359c05e63baa57bfe63aeaaab69565c991f5a6b92,,unverified_recording_hash_fallback
AUD-41a97dd8021d32b4a086f380517a59f782b20ad9316d5b56c8568d57fe5252f8,Glass Breaking,train,GROUP-470936761ac2c02650a1cb24d2c1fa26f9141b0b2f0bd2855d57bec314aa5695,,unverified_recording_hash_fallback
AUD-4233660fffaaa513e379fa1532578a0fd53ad20acdb5e850cf59b505f3dc4926,Glass Breaking,train,GROUP-fd75afa5a875aa03e12988c282998c2a509b436693c8e4ae09c90eb7e7047f59,,unverified_recording_hash_fallback
AUD-42d9a60072d05da735dc6fe1e8be5894ea523b2646081af42fe6a60a7b16bcee,Glass Breaking,train,GROUP-99e9a59781f6cf6ef944d90325e9f33b821d9f048737f8a9e8a20413486ddf0a,,unverified_recording_hash_fallback
AUD-42e46bea6d00152e4b7e2dd6c5c6784aff1bdb0a801dc07b8b3dd03d763f5224,Glass Breaking,train,GROUP-282ba5ce7d25f30873752cbff4de8085b88a93b48bb4f1d6a8019d86b46f050e,,unverified_recording_hash_fallback
AUD-44229c51522fb1af1b0169de71c12df0c5ea1fb898ca02600d3ba4424152624e,Glass Breaking,validation,GROUP-bf2bbd7e976bb37e8188b9ed1af67c76cc5c7cf001d026b18b2a2f0379ad62ca,,unverified_recording_hash_fallback
AUD-44377abc901914332a9d05d3bb07ec1ab223e3fc88db55fb38ad5c2f1bdb9ec5,Glass Breaking,validation,GROUP-d3897ad44c52173e28d39709ed17ef1461a4eed9ab4bfad45d4c3ee9196ed1a6,,unverified_recording_hash_fallback
AUD-4438d7b0a367a20d214b9b76162d6145573fa0b2ce355847fd3d689e19018a47,Glass Breaking,test,GROUP-819874cae196e1a3085e15525130c287ad75a962bcb475c77b4ed51a895da4c8,,unverified_recording_hash_fallback
AUD-454495e2d913dc8f79572d6d2a23863b1daf4dfceba57dd1e845fbba5c29c051,Glass Breaking,train,GROUP-a5c1ac721365b860913a2bd5a675d2b4c2aab08383ea579f76264db74855ad75,,unverified_recording_hash_fallback
AUD-455e8bf183924f6cbc7aac4e2edc170bfd0db329f673b080b8cc05e137727c76,Glass Breaking,train,GROUP-5bdbec38ff007d4868e7c852b8a533b57fef396a0d7aa55de2c7f9236bcc95c8,,unverified_recording_hash_fallback
AUD-45964e8445de1340b21e43ac43d57c898e0ff7ffee07fa8453d4c08a2f8eb87e,Glass Breaking,train,GROUP-894bc4a6e690178eac771f08089211c8350c32d4007677058bc885145a4e6970,,unverified_recording_hash_fallback
AUD-4845e8375db9c7833da09b56d972ec567f29f0714cb91255518dccb5eba6b77d,Glass Breaking,train,GROUP-66a7ad8840f819c657f4861a809059cf8fcb1f6b3deb9206958f711a518175eb,,unverified_recording_hash_fallback
AUD-4863d325b435675298ae0c4aa6e84d6537c836aab8af6ee5ded6d6d4b569dc0c,Glass Breaking,validation,GROUP-286bafc25a112e11614fc3dee55fc20aa4d6502c427dfadaeaeda1497e822897,,unverified_recording_hash_fallback
AUD-4968f9a053c0b083aee81624b0698fefb834a6316a6c5d01f0b9e781cfb91f3b,Glass Breaking,validation,GROUP-dafeb0e0cf8574224b0a84be9080c6abbbace6b50cdae0b3bdf6bab4d4b58d7c,,unverified_recording_hash_fallback
AUD-4a1a83e5c7fc5c0842abf39e0be7051e3ecfeb5337a1e5371a2f631efe5ca45d,Glass Breaking,train,GROUP-360a60b5d2ddf7a93540cedd94f9ef4f4a759d728ada452660bff8000504d7b0,,unverified_recording_hash_fallback
AUD-4a36d8d00fe494b5948bb0f456136392d261d1af47fef1726ea4d5974307d397,Glass Breaking,test,GROUP-b8bf828bd4ba324befc69b0b2dd1baaa845d5350d020456abcaafcd0e41ec7ea,,unverified_recording_hash_fallback
AUD-4adc07fce817b019140055459876b4e489b79a963ac6893f1013982e8c0a5fbb,Glass Breaking,train,GROUP-b3d9c65b49fc64c8b8a9383614750aa4532c581c939eba7b8aefea54daf85c58,,unverified_recording_hash_fallback
AUD-4b2e30e1eb3bbddc7ae9e037f713564ad9e26dc51f998ae0e23b08c69da1dc8e,Glass Breaking,validation,GROUP-521725cbaa325f86e4fed4d13a27607b076a7a720fcdd96c82fea91ac2ffcb6f,,unverified_recording_hash_fallback
AUD-4b5bd547da258679883ed7337d29ec0056c1c6d73885f7a8087067d130d5cdf8,Glass Breaking,train,GROUP-8b5415219c57b8a75ced743c98d09fa9a7863d30f7aab0f40579a835659c075d,,unverified_recording_hash_fallback
AUD-4c91b101aace299361b7fe972308c17e25928ca8d917931b857286742a472b28,Glass Breaking,train,GROUP-e88d43373b9c4484e55d843d756e62a73604b0a2750770e94f3a92d6abe5a75a,,unverified_recording_hash_fallback
AUD-4dbf73da4b797ccb02c6993f4434e38c16b4c22ff6d02c382816dcb9a9c13334,Glass Breaking,test,GROUP-43c62f0f09e580df4dbbb53307dc1e488a335d9667a448ffc318a139e4b58524,,unverified_recording_hash_fallback
AUD-4e417fbdbacffdb98d04330ba760fa769a826cc7d554262910058c6db32bee28,Glass Breaking,train,GROUP-056f129af4f80b02d327cc95069783cc3212ee9e59fbb2d74f7357ba57a2ccc5,,unverified_recording_hash_fallback
AUD-4ee64f370eced4c7efd2932f0f9e91c5870672c300ef7b1ccada8beba8785289,Glass Breaking,train,GROUP-9ce300ca4feaa4aba886d76c314aadef712638dd500b6b2b294434e99e44a269,,unverified_recording_hash_fallback
AUD-503ea3490fa78a10159ad45854065d40404f473b555688ca89f185da2aa938a3,Glass Breaking,train,GROUP-4718850ff5af6bff987d7397d3abd45d0c54bbed7dcaf54d5a0a3dddeaf27dc1,,unverified_recording_hash_fallback
AUD-51abf9b145ec0dbf8aa13813a395ce3bdb32f0e28c84255e0c12168056e9ec99,Glass Breaking,train,GROUP-09cc8c7ec02109273190cb3b1d0d676c1b3130bff138eb4c2ef33b7767f79d05,,unverified_recording_hash_fallback
AUD-53661710cf4f97e979646e9b5cd2efe9c7a9e49bbc4b6da8176c0147a166445d,Glass Breaking,validation,GROUP-ad46282a1eaefd229eb5e6fb94faccdd305764bcb73f890318562098fc3a0a72,,unverified_recording_hash_fallback
AUD-53f496951a27fe518a4f745fc25cbff5068a6895dcff1ee176f4318f3d23f764,Glass Breaking,train,GROUP-921efaab00b5749de9e200c41e4ad8081b76c67cf5c31919ca9b276f7ef795da,,unverified_recording_hash_fallback
AUD-56a32b0ed3bbeacac7152a23578cc89e44769230dc9a4d9ff45f4b25016285c2,Glass Breaking,train,GROUP-5e960505107204b552aec0173f9bf0d62924844a97c11955354ffe774415c334,,unverified_recording_hash_fallback
AUD-574465da3d6acee2be1954cd84ffbb2b9cc368d71d20da679853deb0f6c9013b,Glass Breaking,train,GROUP-6591422756401afa30018d5002325be0b7b702fc2e9fb269e863cdb4154c2080,,unverified_recording_hash_fallback
AUD-57f20bc7730f2a40cf1776f8e009bc50c9119c6debbec36016eb30e1e9a54a27,Glass Breaking,test,GROUP-ecf5861503e1baff8acb3df12cd34a64c9aa1f2289821c207b1dce5c45505a0c,,unverified_recording_hash_fallback
AUD-591c0d15db507a7655bb63acf04537d67c6354f5f96801ea07811abd5b699b21,Glass Breaking,train,GROUP-8889018ff09de1a593e52bdba2be11d7991fd3323aede7f4334104210cf6d604,,unverified_recording_hash_fallback
AUD-59b8e4d68767c786fdbacfb7ee5d0cf364cf40aaa363ba4335609f98578a4c27,Glass Breaking,train,GROUP-be75ad6dcf441e97f2166a4ef8f3c57ce8403b6423662b5f09ef10e0b833bc5e,,unverified_recording_hash_fallback
AUD-5b929365430ce4426ebf6ff279c13cd618a31646d24f26e76a3306b78d07dd65,Glass Breaking,train,GROUP-1f061876cc11491a94ab5eba678ce286066126d54fc8cc7dcb3ec4c031b97af5,,unverified_recording_hash_fallback
AUD-5d10182d97d36d16ed221c0f27fa94c379d41f0a0ce8e5de14eab1fa74f47d53,Glass Breaking,train,GROUP-b110aca2175a721ac4be52973b0c8b0024f4eb5ba7d0254459f99cb56e6c9e65,,unverified_recording_hash_fallback
AUD-5d41910d5c14d842ba0b4f93b6b6f8f76cd3baa2924c067cb45395a83a5a272d,Glass Breaking,train,GROUP-0cc1a60c153f859c5c0c6c7f5e08398941757900094059b6d688c68da5e89064,,unverified_recording_hash_fallback
AUD-5d49a4ecd7cb25c2726e2f46f0699895af379b202c8244c7c848183e3bc8fda5,Glass Breaking,validation,GROUP-769409c5f55584950edc93b88903bb39a2131e2005204b690a9b26aa0631320d,,unverified_recording_hash_fallback
AUD-5ea14785fbb9de4c9c713c86f954545700e2c963dd97d7d443a3c5d69b377b22,Glass Breaking,test,GROUP-907565c4bb56438f92a6088a23707920e8a9d252ed7178b3844a3b54c3e98055,,unverified_recording_hash_fallback
AUD-5f018925b6c2e02a0f511497aa7f74b44300c8e563646c7ee89e0a8edbe959f9,Glass Breaking,train,GROUP-4ff11f635c53e2303a54c5d62f36fe1cced84e748263a86e401a1eb7f903ca39,,unverified_recording_hash_fallback
AUD-603e1d2d4b37ac52c4f50d453b7744139aa532ae0d927957ff929a7a221e49d5,Glass Breaking,train,GROUP-a51a32c33121bda73c911ed29c028d7d3b1a16b11a72d0aa795a737f399a35d0,,unverified_recording_hash_fallback
AUD-60aa7c5ed6e7b384543cf4ac563c14efe21d28e699a2db84d00fb608a8e8030d,Glass Breaking,train,GROUP-db696838e6d2b61f25b94449bef78aaf5714831e9ae35016d71afda92ea023df,,unverified_recording_hash_fallback
AUD-61e7a4b9814277f3d9468bfe6eb5befe6c58f80fcf72d684d7cdc2632d004167,Glass Breaking,test,GROUP-232fdb0caf585d144c2e33a3b2d6f9e624afcbe0ec27cee7054daf0e9f09378f,,unverified_recording_hash_fallback
AUD-626caf4f08a540e49bf4008762c2313583dd808763848eaad81e64847210ae73,Glass Breaking,train,GROUP-f35ecdc669ed227bb012216c652a739c8280a786578c400adc8c34a7fc410344,,unverified_recording_hash_fallback
AUD-626d5720bae272e616551e5abe3aed65b73ab0935b4e130592b4f5c60e19a75f,Glass Breaking,train,GROUP-1a724c3b133995e9df48fbd18491ee649703aa001d7abb1f55f01ef4c2423826,,unverified_recording_hash_fallback
AUD-63f83416d5ccec26f6587f25ecd53337dda5d8367681da138d5416a5cde0da97,Glass Breaking,train,GROUP-7761c22d5f68e3f02cc2137791de3da03094351879b5596428369e46a4b15edd,,unverified_recording_hash_fallback
AUD-63ffb475bb3edb05d812c1b60f08e32054ad19d43ea220fe576a6e1b7afad93c,Glass Breaking,test,GROUP-565b77059664708e4c9a920d15d3203c6035c5b9f844f5732a71160f0886f1c8,,unverified_recording_hash_fallback
AUD-6548638d656ffdf6505b16b45be6d63376796656a1b48c2f77b00774ef9c561c,Glass Breaking,train,GROUP-199b2f0463b23d37eb07dbe2360da432d125d3b6259d9a3f6c3daf1858bd0c40,,unverified_recording_hash_fallback
AUD-6551a7451257ead598fe4eb4f468afa89e7e702a7b4b41c31b17307be2ee143e,Glass Breaking,train,GROUP-fce876ed3eb62dc0e10fdab8e9b2250016ad13d41807f674168cb6a899584a4e,,unverified_recording_hash_fallback
AUD-66d893ea8c883adf4c904dc64f1ead62e76d584a0e7180fb06c99fa194a035b0,Glass Breaking,validation,GROUP-d636523cd0f49c8435f1908e75692670da590ee490ef8f94a2859fae1ec3558c,,unverified_recording_hash_fallback
AUD-67727ff80246f231d99ee883f2ef409da0fee62e1a58dd2148d86305286833d3,Glass Breaking,train,GROUP-62a0eb8519ac999ae80931294e05fb865d4074235a0ac29dcd7cdc3a7f5138e0,,unverified_recording_hash_fallback
AUD-67adcd109ed8a405f8d923d7cd9e5b27a63f99cb2475ec326b1391451683c870,Glass Breaking,train,GROUP-f30a0836d1c8197646a2a65ab9455bd5f354120f8f62faaa256784563485a3e4,,unverified_recording_hash_fallback
AUD-67b93ce6246227bd16c0544740749b0ea894daf33e44063a7de1dddc50b33c9e,Glass Breaking,validation,GROUP-c564995d223ca30df4c2ee8f48fb92590747cfac5840ef5a125fb13f45ea1dd1,,unverified_recording_hash_fallback
AUD-68a04a75f45a92fc7c74151ac697b72d7e29ec564250bc166757ad9ca53207fd,Glass Breaking,train,GROUP-8c97f5bdadf3a781b713c52f60549d031e26fd12c1dafd0a816525f57209707a,,unverified_recording_hash_fallback
AUD-694a80fe42535e1b4fb4b703cfdb05661f20d64da57ce856686e7c4b20df2e1c,Glass Breaking,test,GROUP-0bb03d84136d1095a7bb8ae4201bcbef339939f07bef5857dda9c69a1b3dbf76,,unverified_recording_hash_fallback
AUD-696c4201588d3735741a1a12cded5350a8daa449d63a4143a7cb5fefda1d63fe,Glass Breaking,train,GROUP-4efe62f49b0b9129d36c414827f814c3dd52fa07f0b919e54a1448d14f917d03,,unverified_recording_hash_fallback
AUD-6b89897b1ed08c559bde65df1f0d26e1e03c3e9270935f202f7eba756486c495,Glass Breaking,train,GROUP-3686998070a6c3443b6fa79769ab285375c466db9d9b77f29bb2ae50865c33bd,,unverified_recording_hash_fallback
AUD-6bd27c8a73300b0e41e8013805e06a38bfa048e9a4ce801566a76967e60ac668,Glass Breaking,validation,GROUP-bd4c2d5a41b2734bf27fd5e77c29451acec317e0c5de0d55e0fb348ad241a8fe,,unverified_recording_hash_fallback
AUD-6c52035991e84b1496c626e92bcde8abce85985256ff44a50df3b72a457e6e45,Glass Breaking,train,GROUP-6947a4a6621678c966cf6e73a280c5dd46b332c117d8f42dd87406778b8baa99,,unverified_recording_hash_fallback
AUD-6cdbf7a9783b8ef1b341c48a0a8f816f97911aa40b7d1c419fa1d0860961d679,Glass Breaking,train,GROUP-5c3550144ad6cb8bbf20d8ba3b69b067ed7a01fd46cfc7d12d13a9af38ea79a8,,unverified_recording_hash_fallback
AUD-6d3c0adb638269381a9acd93fb2c152795f0735084a0e32cf07ef2e76af5bf66,Glass Breaking,train,GROUP-5aa2669ad3624ae4602d59878025914cc61680578588d46a042bde09136bb23c,,unverified_recording_hash_fallback
AUD-6d881419207a58e7abf0a6ab5015118570388701410298f3a704d5756543fd3f,Glass Breaking,train,GROUP-ba1c329f327054e813070828227a4e767e79356dac2d3e60d07d307df96b6fa1,,unverified_recording_hash_fallback
AUD-6e93aaaa3e927c9b82bf4b71ec8f606787abff4aba425cc44c8704c014a742d5,Glass Breaking,train,GROUP-496bcf53902385cba696cd68b1da792ef2bf650cb264846af03c1ceb5e0b192e,,unverified_recording_hash_fallback
AUD-70b3a6cb470333073533921199ed0ff6a51d9dc5321a3f74e42054f2e3c2b2b4,Glass Breaking,train,GROUP-754fde9974904ff3269ad25e256d7933fcc9116970269c420359e0d86875fddd,,unverified_recording_hash_fallback
AUD-71dc887999c88af0d17690335a5ac6b08bd864383c29e30f332788413836a71b,Glass Breaking,train,GROUP-aa6e501084d6f1f2ba4f4b2a5baa818911555f19ab2a7259bebd9bf8577aa5f5,,unverified_recording_hash_fallback
AUD-737839eda36c0f8729750a360cf788368ccaa23bcb618edc75f52e5ecf992a9d,Glass Breaking,train,GROUP-7bcaf49f20d1469f352493bc53191c12871373f08934ad76bb9f866654a237f7,,unverified_recording_hash_fallback
AUD-75da575a5694060efbe850915b0b527db2f376244770de4ee61065727d83287e,Glass Breaking,train,GROUP-c087465385d52dcce12f20fe8b6cb5e0971ad8a866be479ff7c067bc527457b2,,unverified_recording_hash_fallback
AUD-76bf81a6f7835947843396cfd5b570545047ab4dc0cda70fec7dddf49c0e5947,Glass Breaking,test,GROUP-35a79f9f75b818fcf0f0b6cc51dde746ad41c8203f10ef108f2fcd39ff52ed5a,,unverified_recording_hash_fallback
AUD-76e2e35091377dcbdedb3f0bfc86d96c5666fcb65dd55d0f78bd9d88add9ed28,Glass Breaking,train,GROUP-01e45b229d5cee63c8fc19c512764d958929a7be84bd06a3fbe86cd6287f6c1c,,unverified_recording_hash_fallback
AUD-772a9b767dc2f6a22515ddfae0dbb5556bf421b9616c53b99e8442b35a3c1d26,Glass Breaking,train,GROUP-278af6ecf6ac07c7a2082ca1dc2eb1d59cdc6da3b9d3d5999a3f5a3cb5b92520,,unverified_recording_hash_fallback
AUD-773d32b49439377dbea4c6bf781ad5632e4b43257d245150d4a089878b257261,Glass Breaking,train,GROUP-a4276138bfc210cb67f0ff1bd4e49bd681e97f5cc980378725352ef4ebd78e06,,unverified_recording_hash_fallback
AUD-77457db76ec902ae63d8daf05f39d3f4fdbfe2a750708bbf0b0adc70d5117129,Glass Breaking,train,GROUP-a3a719b3610018763be30a7973a238adc57e387fed287c723397dd010adf2ad2,,unverified_recording_hash_fallback
AUD-794bd2af8c219843fe87021faa7c8dd57dafb8a44784b319d3353c878debf760,Glass Breaking,train,GROUP-dedf871c5c70d386f7f7932005fc91ca042f12a7568d51d7b5607774e12ab324,,unverified_recording_hash_fallback
AUD-795a9cf3213e15cadebac2d50334cf7019699b153236cddfafe98e4c9d702ea4,Glass Breaking,train,GROUP-d5ad310e32b69c373e775fc45f5835e399a76c766e509d4120a8d5be36604a8e,,unverified_recording_hash_fallback
AUD-7966013f6129b82ee6cdfbc02a02a32826f18472c5924ec71495d03e211b6780,Glass Breaking,train,GROUP-479ea41a1c44bbf421eb75d0ab431b2a41702b5eef29357e3d6a271f3320c24c,,unverified_recording_hash_fallback
AUD-79a4e7dfc9e31160591af72a49b9a2c6fe2c4e045b55cf05ba88c5fd5adbc80b,Glass Breaking,validation,GROUP-e6a87384358450bce02293520fdc74313ddafe5eb21ac2cc98ba0b11f931b730,,unverified_recording_hash_fallback
AUD-7a4e90b15f400023d5f3a90c7142b5cb841c44276c0b59f0115551bf0757df72,Glass Breaking,validation,GROUP-62c95d8a5a29928fbc9f51bc84bc84cefb51095c79d58b6b98444ab3a3929db0,,unverified_recording_hash_fallback
AUD-7b33f7dda96e80683f9b4754ce27a154ad96ad5be08c630c3419fb09e4b2919e,Glass Breaking,test,GROUP-851ed1f11cbeee0ed72f4794711e1f6372920915bbe0548dd9227015047a2c49,,unverified_recording_hash_fallback
AUD-7bcb987b191aa66c8c93c223d331246ccf3bb86429bdb8c4f068cecb3f1dbf54,Glass Breaking,train,GROUP-1a67e2d6b837a183040e76d5859cc00ddc86b26d703682e64e28672cf1960e1a,,unverified_recording_hash_fallback
AUD-7bd01cead9944e8b156167a5319224a416a421200b4a4d9c4be02d8e63f7cba1,Glass Breaking,train,GROUP-7a6a919b9aac68f1781d26e5e52ae8375c75f805730afb12da2737cae6302daf,,unverified_recording_hash_fallback
AUD-7c5149d3b54fdc4c676f47b511a628e75e8add9c0a22c1acbae55df78fcda775,Glass Breaking,validation,GROUP-fbad3b4938ef2fd469a33a33645f87448ad339478515114c9f75c71130ffd25b,,unverified_recording_hash_fallback
AUD-7c7c7f168d28d07e09c0b0df848b1f63dcebc2050d90efba10caf919b09ad909,Glass Breaking,test,GROUP-60490e07ce9c770fb1f7bce16d86cf732fc1d7bc061c789a2bfaede417557005,,unverified_recording_hash_fallback
AUD-7cad4a4c620a556bc05c7270c6107f08e7e0d92f9bfb9a0e0ad1b7131c316324,Glass Breaking,validation,GROUP-3cbe77415681e3f2ec1c657d7cf07e9246c21225de1d041a9bb3ff3eaf31c51c,,unverified_recording_hash_fallback
AUD-7cb1f627442cf7e395bea94c8b026e38dbde4151db2f0e3cd505a2e27b1e6e26,Glass Breaking,train,GROUP-8ccb5d038da37e1e2bf2beb42a16e579f291e4342a306a4da91936186d06b0f4,,unverified_recording_hash_fallback
AUD-7d1d342a47028f63a1116e7367e19fb43ef261771c10d5fcf60c9ccc63d9de55,Glass Breaking,test,GROUP-c658ad4544241927834f4df61b87ee43c89aae087434a7815b820e48ef57185e,,unverified_recording_hash_fallback
AUD-7d4f73a433cbf37372c7b4b8a7a998ee99364899cee4acb104d9fc058da171ae,Glass Breaking,train,GROUP-231d6121a4a14be05d5d663f1d733b702092a270b06837f18dbe3c45769a9060,,unverified_recording_hash_fallback
AUD-7de393e5a97e1e3bcc3182001ab96b73dd3b64e16fa52996b22206cbad839824,Glass Breaking,test,GROUP-df1353c0225ecb6b1460322d25cba7f10a16e3192e500d6ada0d865d23fbef36,,unverified_recording_hash_fallback
AUD-7deea9a9ea9cb7992fd77cc67c2363c1fec9e516baafedcfc770742c9782bf47,Glass Breaking,test,GROUP-20dd2649e5c72a1c138e56856d49a448c8853c59a845444815fcc46d17bef083,,unverified_recording_hash_fallback
AUD-7ebff349f8da20c0e239f2955c972a1ec086a02e4af509098c934e2ff2996128,Glass Breaking,validation,GROUP-699bd6a866f998a7a0026620febb7801ac05379dcf57b13aa0f28c3d07bc7930,,unverified_recording_hash_fallback
AUD-7eee8d114d2afe2fe8541c270dd86a5a96749d95ba33ec2ff839c8f04e06258b,Glass Breaking,train,GROUP-5fda008ffba036cb77540ff78bf5d002eaa93f9ca6c6067fb5ff4f19cc74c4de,,unverified_recording_hash_fallback
AUD-8449a84121fa7616c6d70411d30485e369622700075bf35b2e3c550eafce4065,Glass Breaking,train,GROUP-39b498a1eab5e0a664ef7bc1562a3009fa4e2d95b43b2597d22b57ba7809a965,,unverified_recording_hash_fallback
AUD-84c56e376ec4591ff3702ec480bb36a164a05c2f2abc2e49aa87accc879fb7f7,Glass Breaking,train,GROUP-5df608f34c1917718928eda7ce46178ee7e38705c10c31ef610084c0259faf73,,unverified_recording_hash_fallback
AUD-85c6d036b0208dfa66659f22924a262e0bbe2d2603ec69ae71ad2c3f178b746e,Glass Breaking,train,GROUP-74f39e58c6434b9c8fa87473c9741e991ab8ced16fdc33248af8e820bc2cfde1,,unverified_recording_hash_fallback
AUD-875dfd9e992d62b19359c00c004a3fcd5e8044239e37cd308c00adf5bf902331,Glass Breaking,test,GROUP-9fc4a1bf841df5337681aeeca1d02481e5277d764768713e0bc8b3eb39c7c9fa,,unverified_recording_hash_fallback
AUD-879159b8cf8c06faefb9b2586e646d4c8f8b5cd9a545c3b710bec142d44a72b5,Glass Breaking,validation,GROUP-8bfac2b7e23bb6916d274337efcad8389be944f478a5ea79cdda5e540eb8bb69,,unverified_recording_hash_fallback
AUD-89c98631217acc3b061e3b3415575b82cb2990361b728851010b8a90ddff8c5c,Glass Breaking,train,GROUP-afd1e5b49724db0a7c7a00ebedd4cbb4780e7969e8e27dc4df862045f0ee8c14,,unverified_recording_hash_fallback
AUD-89dff3676d1e6caade6a25555d1af259bc88c56035e66f3043b3890bf886030b,Glass Breaking,train,GROUP-d866ccd915d09b8a4d02a759150d68623c7d670eaf1468298607e0c3a985704d,,unverified_recording_hash_fallback
AUD-8a4468eb81dd72ec58afc24cbbd1bfc5cc7e9c7fd8e757a3e293fb35fc4294b9,Glass Breaking,train,GROUP-c9f0c6c536218550b76063cc2571a00ac06726c9994bd98d52d00ca501e1fe29,,unverified_recording_hash_fallback
AUD-8b0f5ec719892e106cb91d2554544a5dc4b464f50a0caf8187b958696608072d,Glass Breaking,train,GROUP-dce23729ca3a8e713fa77c18b733ca8122b19e56f067b1212bb22c987ede82e3,,unverified_recording_hash_fallback
AUD-8be889b07bb0b9926f03dc8bd49002dd65df32c4a7c0716f25b20432aec06544,Glass Breaking,train,GROUP-bfa86a4fa8929c9deed0839f6502db1b6f603bf9934597249a6bb37f0fa03893,,unverified_recording_hash_fallback
AUD-8e13c77d830e1b2718e233f4b1a79f03eefea12461fe5f1ac53dcf2292e67228,Glass Breaking,train,GROUP-63260a969bc715a3a3ade18e0e5d8ea3b449941c53214d4a90bf17b5cddbb4ec,,unverified_recording_hash_fallback
AUD-8e38ad793c603cdd29dc3de18ef93d70deec8701e4ca5af11c50c8f095a33c6e,Glass Breaking,train,GROUP-d1f21feaaaff72822723b67bbf37fd0d2985f6edf2a83b3b2a4133c40a7ffcfa,,unverified_recording_hash_fallback
AUD-8f0211d033f4972f7a385a2ba402715ec6683a3b08ce8d1223738484d31bd1e9,Glass Breaking,train,GROUP-7939dc087e620ae8d15d1eb73eb76309d8b8a9a89711f1a3c3964a41e19c79ca,,unverified_recording_hash_fallback
AUD-8f0e5626d87213360dccb851cfa58250460a06816384bee40d59798c6d002b20,Glass Breaking,test,GROUP-ed03b0d73b0606f564922ba251c19ce6acfafa84f9214ee792a4b53c7d185580,,unverified_recording_hash_fallback
AUD-8f4368ccccb115ff0908c96c497138c829f8c7be21eb6a80e9623678deecc06e,Glass Breaking,train,GROUP-3c8be0da35f7d7c229edf7b9fd8d2b943d8cd3834ed783f9e762722707d9aecf,,unverified_recording_hash_fallback
AUD-8f622ce907e0ad6b50bb6d27a1ca963ce5a9dd1662f416113092d64d5a87c259,Glass Breaking,train,GROUP-710c2b90f9dd09057957b347819c41606f377c9ffe15d3123c3b897ac2d0f250,,unverified_recording_hash_fallback
AUD-90e3abca809888038d0a9021ed73e260dc4d64a069c9294cabc6d4b14cc6f2c6,Glass Breaking,train,GROUP-00ce859f96de50e7753fe23b0c644bca82ca666238127fe65c109fce8c7f92e9,,unverified_recording_hash_fallback
AUD-91011ad1b87d230dc66b9b1a9ec8c1cbeeadf1fe1a3d1be68546aad2a1b907e7,Glass Breaking,train,GROUP-136ecff84c7af3a863c6a4f5537f0a78877e00966cc53c2d03a06a92662354f2,,unverified_recording_hash_fallback
AUD-9126a5ddb3397522303d38170eafb4ab2edd8fa487bc36047c8f3feda6e1f69a,Glass Breaking,train,GROUP-42b8713a9262ced815268cbfb9328d05e1730f64361ad05f4869621172501f16,,unverified_recording_hash_fallback
AUD-913add3c1fe3dde372c09fd26ed840a5315cac9175e097b4087273206ea668da,Glass Breaking,train,GROUP-e290911d79e3d5465a3fa599501a9a3bc81dfcc182d7233bcab248e4e2669640,,unverified_recording_hash_fallback
AUD-92c7fd29b38fe0329b45212108c95cfdf1861cd3a8213d6e5865c4175bab907e,Glass Breaking,train,GROUP-1c84071fadae726927241d7b1da0a6efd387201ed0958f639ef5052f669c20e3,,unverified_recording_hash_fallback
AUD-9339fbb2bf347af4f3a7d5c707c80ab57636c26ff39ccacb0e444e269b87dc21,Glass Breaking,train,GROUP-6d1cf88d77a82b1f2765fa13ea8af024d637e08b51cf5789eeee1e87d663cfd9,,unverified_recording_hash_fallback
AUD-93bd921b7653b36b2d950ed87042178816e14bda535525528daab806bb6c4ee9,Glass Breaking,train,GROUP-30b76c79a53927281a4bcf7e6526271ab043f3aa187c5e6f69074483399ee4d0,,unverified_recording_hash_fallback
AUD-94571a3906b4348576ee3026c56b737b06073808adf6a6dda514810994d470b1,Glass Breaking,train,GROUP-38897070cf691c0117c85ede14495bf5cc64226747208024e58dc0af225fee0b,,unverified_recording_hash_fallback
AUD-95185bbc59ac24ef4b7ed6b5b9bf646f5ed9b8c11c933319c5f4096bcde05901,Glass Breaking,validation,GROUP-590bd27e466a078911b3317cffc96e2690d16e9f2a7f0f36afbcaca7e452112e,,unverified_recording_hash_fallback
AUD-951a7b2b4287a7b3c5cfe76ee510ef87167e3361e0ccde9683412c57373f47c6,Glass Breaking,train,GROUP-a491e20a6373181386e46e652e0db622f001c3313ce5be5a9ac2cc0adcfbe449,,unverified_recording_hash_fallback
AUD-96144c52f7361ad0f5d8a9976ad713eafeb2626109ed70b6ae414f8df5ec7294,Glass Breaking,train,GROUP-5e1c45d0b780b0acceb2a890294d549a3a332b8f7afa42793253c2bae7d654a5,,unverified_recording_hash_fallback
AUD-9713f09ed3001560368771f5012e65d1c5031c02a0a315be7113b102c84f89c7,Glass Breaking,train,GROUP-216ef9f06078edcbc5434196a46ce819282d3c6d44bedd951d20d74744cc88e3,,unverified_recording_hash_fallback
AUD-97faea4847bc7d257a0d487c90569b30497317ce548fb7c9591cb56a3785d1e9,Glass Breaking,train,GROUP-65e153bea74e007a8ab2c866aff3257500d9bc6ee55f8561c77e23c28e9cf45c,,unverified_recording_hash_fallback
AUD-98941e39d9de5c407e05f6f4131bdad4496a1673da15f810cdd46c75f9ca89ba,Glass Breaking,test,GROUP-832a07f56ec4d7b878bf0945337c87c67f2f60bc712a52796ce425451a0b2cad,,unverified_recording_hash_fallback
AUD-98d45a9d5de0c0606524a58165569ff24b897f228a45cfaf00dad121d6e594ba,Glass Breaking,train,GROUP-8cc621d4e6853fe5ed8b1cd790d43a6e5f0b300a9d8ef32cbee412b448d12ea8,,unverified_recording_hash_fallback
AUD-9a40ac735b38b180c0a66de65b11cd2edd44b497e4a0ea4c1ac2c8e3fb8a204c,Glass Breaking,train,GROUP-8054842076ba855ae7e100a97beaea9074ec00d43b5a46d67e0cda5357871399,,unverified_recording_hash_fallback
AUD-9a9163c2a9d99caccf5d239adbcf187e990533b729045f90821f8404b0a958e5,Glass Breaking,test,GROUP-e61b67d3ba28ca003fe610c865cfa64d760347ce4dd9c1ad5cd0106f66452390,,unverified_recording_hash_fallback
AUD-9cc0d3f84f76eaf321f55e11389371bc0bf4445c79093b41344ca4317d00f62d,Glass Breaking,train,GROUP-b0d55634ab5533577786968920fa4572a402ba5bf7446da21af5de163669bd86,,unverified_recording_hash_fallback
AUD-9d12968aa21e2d9a4df3252f90e1a4be951182407fc435d17b9d5cc2907c508b,Glass Breaking,train,GROUP-7094438a4833335d2ab6a8357d7afc4823f2bfe7275cc02c2da2379ee33542b3,,unverified_recording_hash_fallback
AUD-9de29be774ab6653830e5052dc8917d372f49ba92dc4556e042709e7cf4d76e3,Glass Breaking,train,GROUP-7ca3ee212f3b2e1a236422e333db9dae192a13750994a4db9e5d88f5270e7ada,,unverified_recording_hash_fallback
AUD-9e9ff10648f2c33a8ba3fda5e60bb042123fc60bf1e3891ad632c7cec2fb089a,Glass Breaking,train,GROUP-797e20f562c0f176df45e77c7c27376e7f9c0923d4143863eec7a78674090669,,unverified_recording_hash_fallback
AUD-a0753f83279e99e2931d5f515975af76049aee54678e73c3847158b887acd11e,Glass Breaking,test,GROUP-88602386140625d5c3a04a0f11605e4d7e7663f3faba256c1acb1ba6f01fc6c0,,unverified_recording_hash_fallback
AUD-a316e7dc4f886ba9d922c34368d29474ba297c7769ab7eacaca9994cf007fb5b,Glass Breaking,train,GROUP-1adf9dbe8764eb47cb8ce3732520dbe5685e0f4f023af030ceabb527ea5d858a,,unverified_recording_hash_fallback
AUD-a381585bde6703aa171407ba7be1389ff34c3d4842d0efd99d14e805911994c1,Glass Breaking,train,GROUP-0bf0e6413cd8dfc5753b141a58f377b1d77764f5ac56d5d2c31619de78d7b88f,,unverified_recording_hash_fallback
AUD-a3fbb19b50d947f6cf4565d66681f3ef8a9a7c16fbe589abf737d2ccf0e3d58a,Glass Breaking,train,GROUP-4cc55eb642cba4d9521ec9ab13287c15bc65aacae249216b4bde486f5ddf69bc,,unverified_recording_hash_fallback
AUD-a491a7fb35aa21ee1544ac7d1966903664d88b36b1761429dbe0b608b31812f8,Glass Breaking,train,GROUP-c45874c995af3e89b9bee6470e8ab0ecc78f4246cc9a063585bbb8c616bbc3e2,,unverified_recording_hash_fallback
AUD-a78a1d1f280e56e4dfa027f6122446ae20e573a01f48f96e771ea37e1ddcf195,Glass Breaking,train,GROUP-6e283c1df78740693faad78a2e1408a9ad546d2f7e71c9eb184162206348f8a6,,unverified_recording_hash_fallback
AUD-a7b7095e4026d3d21f8e907027368aab2fbbaca1cb27c70187b33aed360cdcf8,Glass Breaking,train,GROUP-3cc47cfb0e64fc1a64b7c53e5ee8cf1b764f2ad04e70e6cfd0025d988f679d5a,,unverified_recording_hash_fallback
AUD-a814e14265b2d5e95ee01daaceb3fd879cb62e02c3e1e3dc4cac07ddeaf540b0,Glass Breaking,train,GROUP-762c8f24030a7f8010df9b88963c53d4dc7fb0a09462e97a32ef3e4b6842c9ad,,unverified_recording_hash_fallback
AUD-a838e410c2334a586c7700eae92fe6b5128e20c8498bc36a719e2a89d19613ca,Glass Breaking,test,GROUP-6d74ef4ad36a41d3be62c48a504274f9d1423a8539a41d9c8df3788e1a59ab43,,unverified_recording_hash_fallback
AUD-a89fd65bda286030be154e46f75dbef985e3ea332be6f3f1f7d5690787b76789,Glass Breaking,train,GROUP-c3257cfba71eb1a815c83b7795ca53d2bcb55f2ecb537bbb4aeec2050a0cfb16,,unverified_recording_hash_fallback
AUD-aaa3bb62fea67a52e6bbe8ce415fd336d245520ca010382d63dfb9f4e3aed909,Glass Breaking,test,GROUP-ca69b06980c2978e9f9d6487f6e7af309b40bda21d3a76f5a82bc6a23078d68d,,unverified_recording_hash_fallback
AUD-aaf4cd85767ae48cfaa9e5ffefb8c8c722ecc5ef72da1c57a3d176ef7d91967e,Glass Breaking,validation,GROUP-9680ee327a0ee587710ca0a5974aa9bd0870745234f626c2811432ef206f7222,,unverified_recording_hash_fallback
AUD-ab2e27e0650b95cef349caf46d328f4f4c82ce64eed1a093f53271991be60215,Glass Breaking,train,GROUP-a5fc8fb8819529f1c1bfc2ce09689449cc2043172fe29d5df19cc91ae85714ad,,unverified_recording_hash_fallback
AUD-ab921a7cd6f839c328731f03a2ef50d92e6ba2afe12709df2aead9a86de84278,Glass Breaking,test,GROUP-9d3e1f7d42751d25f092a6308b447bafffcf1e4f7134940150658e08c282f839,,unverified_recording_hash_fallback
AUD-ac7df56893b47c81fb92049001cc8085dfef425dce4d2dba6a0de15839fea0ed,Glass Breaking,test,GROUP-00ec60d3316fa472144764a1c260a972a61604b1ff92deb3f108c10af25a4188,,unverified_recording_hash_fallback
AUD-acd7c0f22ce894a55d4a026b1c9cfc98cddba695d13b8358a6caeb7353c7b01b,Glass Breaking,train,GROUP-98187daa989e484042805afec50b483c329a89dc9b676130efacac1d78c23991,,unverified_recording_hash_fallback
AUD-ad58fbd613869235246d7dbd17a63a7b1570bffe07775dae21d1d1491e1293c2,Glass Breaking,train,GROUP-d663d9e979a5d4022f0212d8d902a83f24a5c674e35d47ae388fddead94f7d48,,unverified_recording_hash_fallback
AUD-ae085b436b3fbe5173015e6c10db3876cb3eff700008d0581dcf54ce3e7ea29a,Glass Breaking,train,GROUP-44dc50186c876dddacba3d63059602467f15dcbdb8e535763dcb7ff857898363,,unverified_recording_hash_fallback
AUD-aea4c3abd20dda0a5d72dcac7ebbf48cfa8f8a9d7793c92ae8ce03ca0d09addb,Glass Breaking,train,GROUP-86b9a9dd3659882a5843571b8d4825563e347aaad2b1e80bfd064a2422ed5dae,,unverified_recording_hash_fallback
AUD-af4e58c8f4102bb769832081ffbb3621d9748d9f4c61aeb00949ba65fa1f152e,Glass Breaking,train,GROUP-c610177b3094363d03fffa812ee7568a4cc9777fbb5068cb175611aeef83a1c7,,unverified_recording_hash_fallback
AUD-af86995228d2a15fc3e486b39660ec1d5a0b805d5d8ae597bcda4ade68fed744,Glass Breaking,validation,GROUP-0eb6dbdca32c90d91ff51a1d6a0cca27d437cab8e6b887f6e369f93659dec86f,,unverified_recording_hash_fallback
AUD-af8de1c9ad4f5d8acb0c06f8ea0b588d0f67082fcc758c5793d385eaf8cd031a,Glass Breaking,train,GROUP-b45a7f92e78fb74539ba5f80c3bef9e0313784754bbbe51ae1b303b9d7caabe4,,unverified_recording_hash_fallback
AUD-b072491a14e370b7be4274c56fea9ba7d0fb3b4afe15d47ce3e1afa9a16529fa,Glass Breaking,train,GROUP-dcc84223408e270b570af25404ae4216481a3b14c2609603198ea0cdab331a17,,unverified_recording_hash_fallback
AUD-b18b274911191359b927316f29efdbaeb6f5fa7dd42d374b5991c3cdc2694017,Glass Breaking,train,GROUP-87f09fb49a35a2712db1b470f9df433e2f090696d79675da6966081a8676e9ab,,unverified_recording_hash_fallback
AUD-b270e26acd4c46b7ea9a1f2f918097c44958f5d30d51b8b4adc0c5fb7e8ebd86,Glass Breaking,train,GROUP-377f676900f8c9420350107e02a467767c710a9d5118ab66d4536511079c0a8d,,unverified_recording_hash_fallback
AUD-b2780979efd6dd8df7e1e3522c9c9027e27b2389fde254543a25a0cfad57f39c,Glass Breaking,train,GROUP-42e8fc5f5732243c60bf5402d31de555c8b9cf5fa9237df214bae376c852ce2b,,unverified_recording_hash_fallback
AUD-b2cd0ecb492efeb17d771dd7ad33bf2d797cc4c770a1d66b29b391608b3fa09a,Glass Breaking,validation,GROUP-5a08550dfb59c0040171fc3c731ae1164a16a958461ee92c8dffcd9474c77da8,,unverified_recording_hash_fallback
AUD-b32e54a64fc57ccd2bef99d16b0b39984c37dd5eff64894c417ccc3bb32b9872,Glass Breaking,train,GROUP-2e19e6267a3bc839ff0adb2c695bfec1a2265c76e0aba2607543c379aeaae6f0,,unverified_recording_hash_fallback
AUD-b3e5aa8f2fb03c0ea8dd304f6e71d734999c9dca77d8571d17ddc8440dacbfc4,Glass Breaking,train,GROUP-7232b66cb49633f6d73437dd0463ddc701e2050469767066de67f153205a67d7,,unverified_recording_hash_fallback
AUD-b40fc744e0e36d6598008778c7e36dc1e70c8a26525c00b116063510118cfd9b,Glass Breaking,test,GROUP-8e1655516406416aeb239e9a7b89cc7fb8482a02794401fc49f644233411c646,,unverified_recording_hash_fallback
AUD-b5af69b569ce12a5faa77379d2c8ef6a5539ef05b58d0746907f1c52cbca55e2,Glass Breaking,train,GROUP-0e6eda72c43294748f17d3874b28b30888b9b531c8119a20dec3f30e1fd82c9f,,unverified_recording_hash_fallback
AUD-b5d24eaf6d861f466e988b7e8df6736f705a05b3009943eef2207c393ca1f52a,Glass Breaking,validation,GROUP-8bc35cc1a8862eba2ac94d8df46c4c143a78dcdd4fb4c3a7cc146cca458ae198,,unverified_recording_hash_fallback
AUD-b68136fa50dd04f5d82bfd8ee05f4e5eb0ce25ba4ac8406ad5639dbcd7711250,Glass Breaking,train,GROUP-e9064e88f6018a7501d2e5b18958fc26ad249e56297e3b83e64b450939f3b91d,,unverified_recording_hash_fallback
AUD-b9962c0ad3f43bac180b53873e03fe278269f050de6e0d083d6ab7ec08e223a2,Glass Breaking,train,GROUP-008a351bcf83ceb8c2b982ae22c8169edbd6c5f0173adfb2d98ee549f1dcab7f,,unverified_recording_hash_fallback
AUD-bbd89677e608d014c1dd193712861f6a02ba9f06a4d10e395109a68e4a3706a2,Glass Breaking,train,GROUP-ced80aa51e2d3fe526d3ffd0c96150c2533f0741755dbd2922b832cacaf06c0a,,unverified_recording_hash_fallback
AUD-bd2ff14f0764b29e748f2cb81ab77ddbfb04649950703887f11201544b9f4d8b,Glass Breaking,test,GROUP-ec6a142697fc59c36758daa6cd8f3445e737983a54bfcbdb06ed2fd4d3616d6c,,unverified_recording_hash_fallback
AUD-bd84bfa3120078eb31e26c4602b2120546d532b45920e92f7a3626741c83311e,Glass Breaking,train,GROUP-90689c9b12ec45e3dfd67b0782b086212d3f7e027a96e9d8a86d1972957f9b85,,unverified_recording_hash_fallback
AUD-bdd69c97795e145de3c9cd7b567dfd7699bd178a974c8615237bcf0dd2678c62,Glass Breaking,train,GROUP-e4115fb5ae379b80984e5b45a097da74523eba1c171def2d4778c5da2789bc53,,unverified_recording_hash_fallback
AUD-be1ee81805425d5ea63102b4b64354e25120ee0a1579f0701f0bd4260e7d4c45,Glass Breaking,train,GROUP-3e99cc778b708dc8508fb94a5aff3402a7f37dbf6e53e3af79d232ac1a0e7367,,unverified_recording_hash_fallback
AUD-bea2f50ffc928d307c5b5f82789195a8592a9866155e34bfbc77d7542f0e4024,Glass Breaking,train,GROUP-c4a80a161cc7cb6d2b710823f5e20f9a91f5fdd271d0ca9f20769a6f47ae993f,,unverified_recording_hash_fallback
AUD-bf2b4fd4153cc92a76a8f1a148b375a58278cb0c5cf19e6564c9dd980c78c082,Glass Breaking,train,GROUP-53b9562d502881da54840183e05e70b8bb62393f00fc950f8adf52107d14bab2,,unverified_recording_hash_fallback
AUD-bf48236bce9cbf0ae3084e12ac4029a0ea172e3db2dc8a1e54b992018a3f3fc2,Glass Breaking,train,GROUP-7f0162c1b875eb4779d9ee20ff5396c8eb74a69668e3f3c1d8de2e2b93f57cf4,,unverified_recording_hash_fallback
AUD-c04fcb78db7eb3375cb76e45455a4591e3c242d57a8bacb25e10a8b148524bb6,Glass Breaking,train,GROUP-193a407193c8e107e4258bfb193adfb059fea09772e1f0b3d99b6fd8c826717d,,unverified_recording_hash_fallback
AUD-c0f0cc391bb1d31cbb5f4bc73960ab872b1a17ba17b417a2c256232d631d6f31,Glass Breaking,test,GROUP-7daa717bad21ff7a75dffe1460252cd5cea90a9fe7cd52275908be2830511956,,unverified_recording_hash_fallback
AUD-c217b619b9d408cd1370ac36cc32d818524e38dd9b6f6a9a7c5d6b8b7f2d5083,Glass Breaking,train,GROUP-a537a858da97cfc4db3e922cffb6708e3ed6da9e1cbb3069701308988a96fa13,,unverified_recording_hash_fallback
AUD-c33d7bc46e33fe2a0b561e577863af1b53482a2081810dbba3d8ccee8b06774c,Glass Breaking,train,GROUP-462f9a6acafc129ab306a5642a540edc4ad328a89fb90b2a053b54c66e6ba125,,unverified_recording_hash_fallback
AUD-c4480af66b71c9e3c84ef3fd5efef54d745e024fca1df4597485e0ec5c64d145,Glass Breaking,validation,GROUP-722912a44be201f06f4a02d281b28a791a9d6653cd8ad50d56c47500bac43102,,unverified_recording_hash_fallback
AUD-c65d39b29a72a9a2526b16c1742f744233f94cc69c56258c4d6ca9b01d15b4c0,Glass Breaking,train,GROUP-997fa0d9f093d9adb1626ecaa80e10aa2e8cf68f0e824da2548c3a54a24bd191,,unverified_recording_hash_fallback
AUD-c65d65307c8db8de1b357a93f5251d5b0e3e5e0166cfc30ba836aed320a596c5,Glass Breaking,test,GROUP-747ea7279d8aa3d786342f0120c84f9c491f9809f3c5db33270353f34372e1d0,,unverified_recording_hash_fallback
AUD-c85d2e7b558911913e1a24d96d50c730769699fc9fe6fa78d137e507597415f1,Glass Breaking,train,GROUP-fba2e501dee728ccde35bb5d0f93a18e27a41ed989cfed22e87f4e3a550f7081,,unverified_recording_hash_fallback
AUD-c8b4ef87f06f674110b3f6cd40af9c52ecb02eaaed9ab5b93afacfb7da8d4901,Glass Breaking,validation,GROUP-6719e959af4c86556979ffd667d7490954a72a2ae6f11a1ddba5fd4bde50c6c6,,unverified_recording_hash_fallback
AUD-c9ede1bd8c96e149b37b741949132b8908a5c2f3d060c7b3280ca38409b9cf14,Glass Breaking,validation,GROUP-feb4018ccd16312edcd755c2b034ba43af511ea695043e85c2dce75c7a11e2e9,,unverified_recording_hash_fallback
AUD-ca20b992055f9c3da9acd5d3fe0b295541a30e911a9b8f9c3efb1515df269db9,Glass Breaking,train,GROUP-d99f12ba2d3281989e2c1e64544d41d4b005f24ed760fe4ec87b67f27b736d83,,unverified_recording_hash_fallback
AUD-cae00d5c0ea2850335b0af24376739de8a187972c377ffa6ec337434d136ffc7,Glass Breaking,train,GROUP-f17041e06a8f2e2946eefe0c7db54699d75e58d154af09b6e207a6549b87d31c,,unverified_recording_hash_fallback
AUD-cd84defeb525705b7d294b0b49a1d2adca9c723b7c833f419cc0398d4393c853,Glass Breaking,train,GROUP-7fd9044d35136d12ea57bcafae1961ea86010f61b45064e8d538458d6e049689,,unverified_recording_hash_fallback
AUD-cec5cc23772f3b3fbd7e95ec69501ff61a01cbbf27323bd2b0faf2d748914aae,Glass Breaking,train,GROUP-3abb67033c4314c75aed75ad6cb849e9227d53e7cbb5d2d975d7e128477422a7,,unverified_recording_hash_fallback
AUD-d03babf05236bba9fe6071fe336cb1c164ead3efda83c6614a9797d5e253fdc5,Glass Breaking,validation,GROUP-b6723cb99e6a49c3844ba44f35fd0201341ef1cd547af02ec8bcf6d9b84eb9a7,,unverified_recording_hash_fallback
AUD-d0df8a5955667116553c495831ba3046791b76b9f48d0a7198030d85f454ee40,Glass Breaking,train,GROUP-50a1ce020c3119adc83a20e023f1596f3430ea91dd29ebdbd378dee08dd3190e,,unverified_recording_hash_fallback
AUD-d24515e65f1f047bb89c7a18219758f77ed55653412859e8f064e2abf3cd2d5a,Glass Breaking,validation,GROUP-4159c8cd01074ea89388b0086e8e2b205ef2e789b10167a41302e5716eda915a,,unverified_recording_hash_fallback
AUD-d349d8eb9072706eb7fd59262c30d0752247a2c5819a62121cfea471219fd721,Glass Breaking,train,GROUP-95fa263f8df15504177b7c44d4858b926d9be1aa3ff6fc41baca583556e2a982,,unverified_recording_hash_fallback
AUD-d3b2d79a86874e821bba8abd0b62bc9c7f262d07e59bb7511a691b0096109ad5,Glass Breaking,train,GROUP-d88646a8a305333acbd0eb72b04c27fdac2814a14b4d3904b0aec705c1073972,,unverified_recording_hash_fallback
AUD-d3f8d507a90039e3f78afcb4a2d2b99f1f6b241d1a72b56778a812eda59813c5,Glass Breaking,train,GROUP-3b417ab824dbf13f4cb3bb535bad4024db2f526599f1e9158688f7b19e4a1406,,unverified_recording_hash_fallback
AUD-d4050a07305abe92f5b345bd490bb3111684d12e8223eb980673917649921e6f,Glass Breaking,test,GROUP-a7ede9850ece98e34cb8b510d23983089f4a14f8bec46451d8bc9f342ee68252,,unverified_recording_hash_fallback
AUD-d4156b473e46823f4fd4d72b037790ee51df5d3867d16c30e8bd714452aa430f,Glass Breaking,test,GROUP-64ca8f1d81fb555f43e3e4be5c6d083d1c8ee94452fb5b39cea03bbf3ef62c5b,,unverified_recording_hash_fallback
AUD-d440c7802c7aec44a9910977ded71a6668eaf5c6f0f463fdb43478c33c5f9672,Glass Breaking,train,GROUP-52695da98b092773d1361833927646eb93b6d3869bc6dd881873776af462e07a,,unverified_recording_hash_fallback
AUD-d68a4d6a49f9fcfb9fc8a14dfe9bf5517d8dacb4a99a75a4bfa24be5e7715be7,Glass Breaking,train,GROUP-4b8e0cd5955ed0faf61f1f102d6fdf8fe843073cc7fc02eb1a5e167eb5fab393,,unverified_recording_hash_fallback
AUD-d75b63b2fb4e519b0e3e67352722e2593aff07f5639f03d37eb7b702cb67c40d,Glass Breaking,train,GROUP-e5888067bfbff3ca506521dcf5bc27798c029d7aa2443a7a314a56b08e88777b,,unverified_recording_hash_fallback
AUD-d7e38868083ea9c8907fe2d98d0c2cd0a7eaacab7b36a623192b77ba2b4d611a,Glass Breaking,train,GROUP-29701ed198313572186db63d1931d04e86d7dc6af3494f422442e1c49aa83940,,unverified_recording_hash_fallback
AUD-d8a1260f4ef68ca4ef5176e61e827cdacd5944241712a42148a8548216ecf6f5,Glass Breaking,train,GROUP-4ec8527171f4f23bf8a4f083ea6cb06cab3c724ce60b1e6a47c0936ff917d170,,unverified_recording_hash_fallback
AUD-d8b331a919076b92b7f11864057cd864bb6e9f409223b2b701f7aa23795a4ee8,Glass Breaking,train,GROUP-2383d8772759591178775abd1585b17a13710f00d7bd1f61e4a624a20b4fce43,,unverified_recording_hash_fallback
AUD-d919177d5e2b8e092b857ca35bad096bc758e9bcddb7acf39b68b431b976b3d2,Glass Breaking,train,GROUP-18de16e191934c0bd23cec664ca53781ff688641fb0c22182566e73be53e8c91,,unverified_recording_hash_fallback
AUD-da85b7fbe2ff05e284bd5ef64cc6a3a7b0b21d80585e3a2d9c30aa4b8d6b9d49,Glass Breaking,test,GROUP-8b37f4126bef14b5d3c4f7d5801a9942b73ac0a8c91e6eef463f8364d7b7a13b,,unverified_recording_hash_fallback
AUD-dcc887fd393001c554571289a93833be4ab2963d13e69698640a24e5b5ee9d26,Glass Breaking,train,GROUP-62fe20b9c23dcf20d81b2cbe9c2ee7d97da72069fb0764af964b5ae1911dd443,,unverified_recording_hash_fallback
AUD-dd3ca446b933a2a6952946ffe023a0c07aef85547705868b071e2e6fd91b6293,Glass Breaking,train,GROUP-18f010c4cccd86b67b0c727b7ee7afaeb5248e5018a4391fc14e082acb68c923,,unverified_recording_hash_fallback
AUD-dd4e33383ff8874e1fab1d07687704c2f07001685397526bab6a4d1a1c36b210,Glass Breaking,train,GROUP-d1c583771747822d1f69dec70333f58f1dd33188306bc03948250e676f4d7d79,,unverified_recording_hash_fallback
AUD-ddb08a723e5d0b56c018ac52a877a52c89ef2b4d486d99fb5dda312b0d1a8e1f,Glass Breaking,train,GROUP-41eaeee181f77b1cb1edbf731b0931e5f84d3143f06491401f98eee19936f8e6,,unverified_recording_hash_fallback
AUD-ddee3d729f19a431f6df9db7383d6bc0abd8c739cc35b00f49534ec45fb8eeb5,Glass Breaking,train,GROUP-8b5e56fac74ec13d391bab4c4279968faaa474389be77f94438f128e86029515,,unverified_recording_hash_fallback
AUD-e127b09511ff98816d0054b919a729ae6fd63909e802326b4db14536b5d68fd1,Glass Breaking,train,GROUP-3b08dc634c4c0f4a430b1865cbbeb6c0a4641c77469d001e7c876ef5ea903f55,,unverified_recording_hash_fallback
AUD-e2161029085976db557350e73116839b04d4064ac578403a7ea7086fe79201f2,Glass Breaking,train,GROUP-602d989c2e89c0edc95c59a1e629a4bce9514913fd44670b35ba0ff26b869cf9,,unverified_recording_hash_fallback
AUD-e2ba2c697dbbe7487be1b1fae7a0a83ba76a531ce82ac1a20f6b3682ae26e439,Glass Breaking,train,GROUP-67d10775cb1d91982f34c7d7a8e95bcf162a8e187900a82b44147ad54df1708e,,unverified_recording_hash_fallback
AUD-e5455eae21d38becdbd96431075ce8c71e1dffd3cbfbb5a117346bb224844d38,Glass Breaking,train,GROUP-ad3649760fea8fcf482f3f4307403471201d4ca9cc0c6334e39048a8492fd954,,unverified_recording_hash_fallback
AUD-e571983cc956920c0ae731da7ce282e85f6f4a369de17a90f74a74ac528457a7,Glass Breaking,train,GROUP-1f5af8ce0a696ecbf3a03fcd7388d72448b04c5ba8327d288cc41b5b34909d98,,unverified_recording_hash_fallback
AUD-e5bdd244e25cbdceda80e0a8851b932dbb8f3f326a159a8e3448ec0a09001924,Glass Breaking,train,GROUP-e60d8cf41dca4dc6b08c5b23896c6a6408bc871c39a149eb7ca139bdd7346dae,,unverified_recording_hash_fallback
AUD-e5c0460efd245aec0a0d2e6ae518dafa9b81a0aed3995e319239914c2eb52af8,Glass Breaking,train,GROUP-62a8e686913c30258a40a0a86e09a404f701af4a5331b0a100f57ad9532980e5,,unverified_recording_hash_fallback
AUD-e62a3825f608235241ff714d27e2a851d18ed2f4f80ad29a09396d0fa59a21ba,Glass Breaking,validation,GROUP-28167d8c7174954de04c61bea81ee75535b195132b59fbcd53de29ad69a68c27,,unverified_recording_hash_fallback
AUD-e68f4b426fad89e661d898de64adc60bb446823a10bbd5fde70f05cb00b7dc24,Glass Breaking,validation,GROUP-a0461c8577ff82d7237a5ae027897fd25713f23353dca9c8253698c61ac43f24,,unverified_recording_hash_fallback
AUD-e7f8133bded266a0256f7f13f8f363d16f11dd4d2a6fdb74735df9aef5be5371,Glass Breaking,train,GROUP-465cf1c8f355ce6245ccf78782ede3f9f3c71ca78e0bc9b336004b84fe4c5d98,,unverified_recording_hash_fallback
AUD-e921739e4dd4ddc1730cda8d2efad007ec02945c2fdccb43229ea0edff72b299,Glass Breaking,test,GROUP-0b1f679f96c5a09ee9f4d7b1a9cf3cee1530297e146dbe92f0156c1bccbff28b,,unverified_recording_hash_fallback
AUD-e95c6794266d9b7b4b99374228a47439995306eac07506ee0a4e3bafaf2a6cdf,Glass Breaking,test,GROUP-67d966d3da10ee2f3c0e24ec5c214b9142475d0062f0c1aa80f75afb1a3d1def,,unverified_recording_hash_fallback
AUD-e9bac9617a7c7c125f11f0ed19803e603889a6c9d06bb0d3eeea951bcb2dfcf2,Glass Breaking,train,GROUP-72c36706ad711789cdd207e290d202a82c8d7d453f1432a5c6dcfa0cb8506630,,unverified_recording_hash_fallback
AUD-ea1920467c3b9202ff0a42752224487770d96508079aea1a09800e49a5495515,Glass Breaking,validation,GROUP-eb053f9bf9bc0948c1ad1fea157f05035defbe0e9d2db3e1f7c59b64068be262,,unverified_recording_hash_fallback
AUD-ebb0a087a6446a30c0f4dc163c1a4ed1734500a3ac6abe605200115b113a09c2,Glass Breaking,validation,GROUP-05a43eed84406d98d1da8580b16bf1f127578fc2d7f5e6b24e575cd58355a961,,unverified_recording_hash_fallback
AUD-eccff3109b2f02bb7500f19eebca45c171c133f3132f4c52b3e11cbb27494bee,Glass Breaking,validation,GROUP-47ec521c971e4549008261365edbf4f66cfa7098c48ddb2475cd52f1de4d4b27,,unverified_recording_hash_fallback
AUD-ed2ba9e117bec499d65d1cb2eaf82f30f147eb2ffbbb298430c6c43408f54432,Glass Breaking,train,GROUP-11d10bbf21218e6075cf8ee9133d87f7f7f42ad5a717f8c5310b3c694835df43,,unverified_recording_hash_fallback
AUD-ee25ca180c0e15566188d2ee28ffcb68170187b6d5fb7ababc9e9716e6c8b74b,Glass Breaking,train,GROUP-b34351ae32b45c3f4b4c90395ecc6ec9679cc0d72c9ce35bc6c85e1dcfaa5068,,unverified_recording_hash_fallback
AUD-ee355c89b7ba3201f950076ca21bdfafdb0da2e27e6030792760d3e50c98bc7c,Glass Breaking,train,GROUP-99521130bc00c9e543752480ca1785cf3db88593ab99c297dcbe5b8d0d7d9406,,unverified_recording_hash_fallback
AUD-efb57c727380fadf4f2653cab01627f0120967fbe58df2ff70dcbe6ba3fc1252,Glass Breaking,train,GROUP-713151b5444bbe7ff468e6ab8e0f278536849ea6695b921b02f31db8ea0aff72,,unverified_recording_hash_fallback
AUD-efdf0fa93b23524e3982f8f8c7cea1dbecf224a76df83b77bff9bc7bff55b777,Glass Breaking,train,GROUP-50fca4c1f7d65bb07f43158c72cea67be15d5ef019962ea206e17e2c93ed7b1e,,unverified_recording_hash_fallback
AUD-efe4eadc0488f0babe9221460fcac0f0bbb5a22259257f7d3062b3d9ca869f2a,Glass Breaking,train,GROUP-3aa1624a26192cc048a7ed54c797bae24bdd18c010fda49c79723e63e94d0fbb,,unverified_recording_hash_fallback
AUD-f14ac48605462dffbe3f41a914e6085eaf1c03352df654b3e1c949fb66bc4ff3,Glass Breaking,validation,GROUP-75bf8faf5ab990221435baa09eda536337a5e6ace41d26468d2d6051c2ff79e0,,unverified_recording_hash_fallback
AUD-f1d030d26d90a22498d5ac6d472726002b334edb628d5fa835b1068a3e4fc508,Glass Breaking,train,GROUP-8e073f5b2c76fff41a2318802ecd43a0596d872f7ca9cea00a438cff103b21ff,,unverified_recording_hash_fallback
AUD-f2d9a55aa414d6676ce2e70fb17bed7ba64e8d797a60d38e5dd6b6d41050007f,Glass Breaking,train,GROUP-085d14cc4ce350ffe19c28746d2bc8e522966cc12fbbb2941d79eecac0a7f9e1,,unverified_recording_hash_fallback
AUD-f3d2ec8b453e1fa8f0b400987fe5705fd0942daaf56799c1a31f59ccc1c34e03,Glass Breaking,train,GROUP-c6e430a2e241920aed65384200047d64220f9f597dfd3ec42af0df371e02d5f2,,unverified_recording_hash_fallback
AUD-f3e43564158cbbc25da17528cd2bb23dee25626e8d928cb3dc87120d98e2c4e0,Glass Breaking,train,GROUP-a9ae2b77c3eb37dabfca6f73392ceada2a0470248caf074bc549ef755d1ab4bf,,unverified_recording_hash_fallback
AUD-f6cae825b8d04764f379da2f7af5e631f919616092e418e4af87d36125ca7b7b,Glass Breaking,train,GROUP-80ac26d2e08637986cc912559b00084256d6ee1862a26f842be5214c3e17e9b2,,unverified_recording_hash_fallback
AUD-f6e56846a2134f5914bf3cbd3258741b30d1a151347a9a86f36d25556a450658,Glass Breaking,train,GROUP-5f640ae4948000ef6eb7362c7b390f98179764e8a4a2a94ef99222fdaa29db5b,,unverified_recording_hash_fallback
AUD-f9805550393c0d712add44e03ffa7a4fe45afc63098e2245c4a87e480d8d9c5f,Glass Breaking,train,GROUP-cb3f25ce6d01220033a99edb5f784911bb5d3a88d803b44af8e4f7370b8451ec,,unverified_recording_hash_fallback
AUD-fa79e1ac3dd228a32e627989826cda6796e7f13a3f7afe586ed4a24b3f6e022f,Glass Breaking,train,GROUP-aca2dc7239da99fa40a8f2abd2559fbb6028b557c9ddb2a91fdae3f3511478d6,,unverified_recording_hash_fallback
AUD-faa10ce737c4b431a40656343936e5409be6bcab14527ade3b0cb087856797db,Glass Breaking,validation,GROUP-e6a750c269f55e7aa53c97ce8c93907359453f1595e5711c78970d8e4a772a05,,unverified_recording_hash_fallback
AUD-fbe2fd1ffc69370f230b69ef5e39cd5de8e47136f9cb3a81e0bbcc0caceed583,Glass Breaking,validation,GROUP-dbb05ef83113f62ee1f23bf1e114e14208477d467eebb1c213a43278eb31921d,,unverified_recording_hash_fallback
AUD-fc525e459dd23b8f84df5a0f918adfe7108dde24fe6a9e0f3a9f4afbe605ee63,Glass Breaking,train,GROUP-7f0087e95a32f1d559871afec68026a87e10c034549fca8bf01442daed423304,,unverified_recording_hash_fallback
AUD-fd89d59e9c3ddc69efc1808254d317e1a1de579025f7889ce35feedaa6c38288,Glass Breaking,test,GROUP-a1aee64678e5d9582e370910dca2359ee43322a6654c62b4a7e7593e49d086b6,,unverified_recording_hash_fallback
AUD-fdd03d9623c0cd79244756cf5b4e1bb248cfddaea1f8bb5e377737fff5975a4d,Glass Breaking,train,GROUP-1f6f208684a7073c35d2ab49c1db1a25d9d9432df057f5db33df811a9adf871c,,unverified_recording_hash_fallback
AUD-ffd89ce7f9760dbac10e9de4ae3657d2d73070fe5fb4093f8842177ff40b6501,Glass Breaking,train,GROUP-878cf8adcb6315de7f0d524917d13505e655154bb8e7ad6f92df26ccf2c5bee7,,unverified_recording_hash_fallback
AUD-006c51ab9ab96becd5f1a74979dfabbde3008b578a6ce9c60b2b8d2f1f9779a8,Gunshot,train,GROUP-278a8be58df22267905fee9428f541bfe159bc8d0188590e772992a1c6fc7cd2,,unverified_recording_hash_fallback
AUD-0131acd5a993062d85fad321c63c2f49fdbf13e0b3a352e1431b374fdedcee36,Gunshot,train,GROUP-01800ca93c81e8cd6c46d0ad6d0f6d96ec804fbd40611ffd17b720b0f2767357,,unverified_recording_hash_fallback
AUD-01564aae6c2b8acf9db75efad5c9a8caf9ec627829d265a9aeac9c9b8fbba274,Gunshot,train,GROUP-1b1f0a0650fe9188e426941c45ffd14fdfe5ed5491021473e36c42ab32d85f5b,,unverified_recording_hash_fallback
AUD-01cbbc3f80a1382d21eae9f710a51e3fc2c52ca326129e60bae6a560d03cee34,Gunshot,train,GROUP-8b037f8843c17cecce9bbbfe04218daec3255c5c33ee6261d88af82ff973ac7c,,unverified_recording_hash_fallback
AUD-01ee86c964aa74b1d344a01314c1f41b79f7f3fe6df0db6a88fb7ae7154912fd,Gunshot,train,GROUP-6e576b00728edce4deb043b81709a5f9e73b95bef39c3760c446b44af5853857,,unverified_recording_hash_fallback
AUD-025c46dbe09d70677802a413eef1e8dccb29ea1a233b2b5cbe5a1b1d04e47d08,Gunshot,train,GROUP-3f0fb86a5dd0529890140aefb5e419aaeec97bfa3f601d9cc99a5531293cee3e,,unverified_recording_hash_fallback
AUD-027221f415ccf1b09a818ba7b64bbe7bdfc11b1ff37e76e0f55de6413a47607d,Gunshot,train,GROUP-7f5b167db95154fa51d7d67615ce018feaee83a9461814d86b861313021fd93b,,unverified_recording_hash_fallback
AUD-02c9e08c460fcd3fad705ca8ef13d04ccf2493b4965f55c009393c659c32392a,Gunshot,test,GROUP-df76e86ac6d95ae8b0f0c54aee7e69228c78bbe83a77bcfc301dd777465450a2,,unverified_recording_hash_fallback
AUD-038316412602b680a9095db0d2d0d50ff0c93386d0dd5f7849e2e8da1970dc51,Gunshot,test,GROUP-0985b897464fb40a84855ae0bf97205205faede0f9de463fcf432d5702a4e858,,unverified_recording_hash_fallback
AUD-03c7a44998230008ae391c7e859fdb6f58489ca9a7f40d68fdb75809fa23f5ab,Gunshot,train,GROUP-4e56e9815f79a75e716d6bd5859b03c9c6087d21db880ef749358a8e67b617a6,,unverified_recording_hash_fallback
AUD-0462f4f860c4e1f43f3f926afc90ccff30fc8cc11fd8bc5c94391b3886ee53a4,Gunshot,train,GROUP-8e582dd6295a5eecd2c0da9be5d0ffaaad4f1576e2b01fc7b3b5b22ede06eeab,,unverified_recording_hash_fallback
AUD-0492aca93b3c413f1d913352c1ff83304cdfbdfeb72c75a73252ae9108bc70dd,Gunshot,train,GROUP-e17f333aa64e4fe19f869d4e5a50bb1de7b434f1d046c4775f71071c4eac7dfb,,unverified_recording_hash_fallback
AUD-0495f7f2012eaf837a4751f14ea1c7466c5d1e5ae167028b83e3b8dd2d016224,Gunshot,train,GROUP-c09130d0a22ceb91eb8ccf97c90a444e5e2f57a2d7051795ed3688660de2c087,,unverified_recording_hash_fallback
AUD-04bd8579269e4fc7f12e2949bd193d0237d3daeaec3419bd142ed3275b8d15e3,Gunshot,train,GROUP-75540859d4d0550a30f2b59c665e0a935a07904162477c0900042bc0dd3ff23c,,unverified_recording_hash_fallback
AUD-04ce60f14b195b11339baff7cadfefd0c9908d96c8fd8c6bd5f939b77db1a931,Gunshot,train,GROUP-fdb60979c51ccb46ae5bb30da480440be478df03f0918cbf5e1adb6dc1778651,,unverified_recording_hash_fallback
AUD-04d94b2c51b1eedf69c2a8e61bd4baeb3bdc14272c2ed1273d57ea3affcb2369,Gunshot,train,GROUP-84a35c77f8d391046db63deb57b156c7d76ce58e01c5996f680bfc53ec56918a,,unverified_recording_hash_fallback
AUD-0548de4d51aaebbf31cb4a6b09e5ca3b7e984e5e0d8ee6d13542b8759ff30317,Gunshot,train,GROUP-63229a02509d9c263b3aa0414afbeea4853ad3a3b21f0418af9a12ba7b6880f6,,unverified_recording_hash_fallback
AUD-055cdb15b40ebc2c10a7af3a7b7a5adc43475d5f51fdc2c2e00d5359ee3ed43a,Gunshot,train,GROUP-30037f80926c6a9bcbb7939fdc6c3f9d50f29d8acc5c7c34e8a0ed1ef136b5bd,,unverified_recording_hash_fallback
AUD-05d2eb82e489ae2a1c9117bd42674a566730914fcb4dad104008f312e393cc76,Gunshot,train,GROUP-f92b2b292e63667e5f27d428fca11dee8c5ea11cd5e8ef00ea88bc592e87c4c2,,unverified_recording_hash_fallback
AUD-0633280452a37a6a47de53b132b66f7031279134eacc628f41c7693d9a6d86ce,Gunshot,validation,GROUP-bd774bdb771203308ba71fb6cd658c2b98bb192d07651d3b7caa747e1f7f76b4,,unverified_recording_hash_fallback
AUD-063a7e5a1d0c8b185f10708875a4201011694f384fc151312c62173511e13359,Gunshot,train,GROUP-8c774a2fc5906df715285bbb016ab7581933d9d806df81aa0db18f2bb660c75c,,unverified_recording_hash_fallback
AUD-0641e3ab19e96a76a5844af3dab3b9399bfa85afb9dfb7f56a4014021e0c7d28,Gunshot,train,GROUP-62526fddd3e63bfae94cc44b5ef7d1e2cdd25ffd55801734f4c60c77e1c7391a,,unverified_recording_hash_fallback
AUD-06a51367aecf35ad1cf5105a72547d201a09d675991fece1a50b37ae621fd409,Gunshot,train,GROUP-ab0eebf412cdaf723a6e44985d3d0e973a53d25b5727aeba27fbfdb7e92dacf3,,unverified_recording_hash_fallback
AUD-06a7b93b5af975e4dc4336e9f17324f651d2b39ba8d8b767ac8ad3ca4566a847,Gunshot,test,GROUP-59880ff04d5bc4f85ec9dee661eb1f22e076c3ec12bfb9ea9b2024efac48100c,,unverified_recording_hash_fallback
AUD-08402f8277cbab1a81b4380314a3dfea8ac6c6112037848c76a7411c7c68721d,Gunshot,train,GROUP-35f6473d3aa812c4202ae66d8d1c18aa787f5de4d7f11834638f0e89dd2d6028,,unverified_recording_hash_fallback
AUD-08659d4fc2f1628948c27c996683e4d9a48cef1fccd87e826268c14cf59a41f9,Gunshot,train,GROUP-15814ff1259eab63ce9ade48f6cf470afbbcaf9a52474dfa57ae2d2a17cb6d0d,,unverified_recording_hash_fallback
AUD-08bb8de917048e5cc95fdd6bf81263020cd1490d6b1fd7e4af816d5e42d0bc72,Gunshot,train,GROUP-2602f561cd347279c907ecfc0d21e7527675ebc90137fe8b4793951ca08a11bf,,unverified_recording_hash_fallback
AUD-08d45ba23470ada8b0a84b3994b94691a94b9415ef6011cf4cc6e7f82f666cb8,Gunshot,train,GROUP-cf8810595f1b3e127f6113dfddf30cb87829460b0093c4310d5860c9aaedbae2,,unverified_recording_hash_fallback
AUD-08ebe797571fb663dd352d021a5895e9fff977a9d5b91fb4110d9a892d72bd2c,Gunshot,train,GROUP-75f18d4e0c712ca5ad4af794eb82b25944e4879ebf541ea4f43a24a417cb9fb0,,unverified_recording_hash_fallback
AUD-0934b938a7edc9323b87b0166e363192b77cde2dd1d94b6c9a3f4e3015fa297e,Gunshot,train,GROUP-6578b868594cfc78a546d32d49694544ee03914085acf3d76f07bf4a901aba05,,unverified_recording_hash_fallback
AUD-09f0852b5d7f602d628035e6b8ee37e1d9fc3ae5d3df7044acd4b6f83f5615f7,Gunshot,validation,GROUP-46af29044715522e9cfb96d37e2753674ab344a2f5408e83fbf8c82a6fcfeec1,,unverified_recording_hash_fallback
AUD-0a0c2a3583c1a25fce3afa90b5965348fe0e666db57870b1939afe5411107eba,Gunshot,train,GROUP-e3b59ea3047b8248910d63abc9721f2f04896df26cdbafaaac82d196d6d1e9ea,,unverified_recording_hash_fallback
AUD-0a3f314959482755e90718d9f133b4bdeff3f5a01c08c3f79cff1599c68e7e44,Gunshot,train,GROUP-a2f4beb9e0eef8d14a940a3e5e6faa713cb5671a938e7d60a4cae87740d6ccf5,,unverified_recording_hash_fallback
AUD-0a45a64a17c118f1f12ebb33f05a1864504ac003cc25f4d62f58e9e1545e4d09,Gunshot,test,GROUP-35ca0e1a8daeee396554eedb50bda9095cf7f2ce34464153bf508d4a76b2aa8d,,unverified_recording_hash_fallback
AUD-0b367119f374f84b147a48afca555621df31301e1802be4f5bba0ef1920262e8,Gunshot,train,GROUP-9487f0c55445bb1f1d33c8f86661e7767faa95256d6e8c16a91b4011512e0bf2,,unverified_recording_hash_fallback
AUD-0b5fe682f255abdafe810073b471ab3dd7544a37bc8c0c841dc86334d09f445e,Gunshot,train,GROUP-082902c1bbfadb1d521e71bf2fd00924cab5ff65b7eedefa6dc79998768d0772,,unverified_recording_hash_fallback
AUD-0b609e1a4e11781670c875da70291961208f944c5e0c3750c8fbdaf63b9fbfcb,Gunshot,test,GROUP-3566a8acb7a932e6f2762cf04507fe2572d2ae44bdf28db53e63f2677cbb7549,,unverified_recording_hash_fallback
AUD-0c5cf4a9db989dea17f6eaf8e1ef49c39da00bc5b4202eda36969569a4c0a935,Gunshot,train,GROUP-f3afec41dca583dc72c0027e4e17ace9b82618b7d212b8c21a1716935d841615,,unverified_recording_hash_fallback
AUD-0c60197a09d404e1579f12a9a888101e0e5b113de543b3d7908d9f824a2c6240,Gunshot,train,GROUP-e3d521e4cfb22045098183d814ab7f518e52c56660af9dd67ae9e87fd53127b4,,unverified_recording_hash_fallback
AUD-0c92d0a0c7c09b0b4ad02e6f21ddedae83e6e22e4e0965f7993be1ad0abd72c5,Gunshot,train,GROUP-b8da566eba46ea42e965c8b3861fd252a13c04061f8c1bb52974d46171fb5812,,unverified_recording_hash_fallback
AUD-0ca24b406e38245fbcc57414ea55af06efd3dd371c43dc8b969c39269ed304ba,Gunshot,train,GROUP-6f6bb85a724d9803653313a732c0f2446fa8434a98d8b3c434f98006f76a54f0,,unverified_recording_hash_fallback
AUD-0cfbe334c1fcc15e2751444bc7c8783eb58fb9bb4ed28ad616da6fccba9591c3,Gunshot,train,GROUP-45f493dc7cd772550a060d95ae24a29e8f3a80b2ec15636f71f8d9ab8251960f,,unverified_recording_hash_fallback
AUD-0d1efc2af110ed6e662605f90b3cec765aab971cc5e96da0ee6c9878bdc043ac,Gunshot,train,GROUP-ed41f5361be1f132cee86608914bce883f4deb518e3a4daad666afb4ee073ebe,,unverified_recording_hash_fallback
AUD-0d63a401efc0739301294bfe15d15debea9911c17f1765224494755ef2619d78,Gunshot,train,GROUP-2a93378c737d5db85f6da1323168413c2d74c6b9f6b5d63ff74c381efdfcdbef,,unverified_recording_hash_fallback
AUD-0e0d8e4913ab387ad4830b7a5a1cedca8e2b1c178a620f7ece24e5444001db1e,Gunshot,test,GROUP-f622a14393632137bb5855a1d0ec159eba908c9d3ad23ea65bcad614e73049de,,unverified_recording_hash_fallback
AUD-0e0e2f0f471cc5d84be962849208f74298632b3b8dd72620bbdada9c615b155f,Gunshot,train,GROUP-98266833682f1cab8183db53b6a715b81143f0f9b5a042f91ca66615a4b13b56,,unverified_recording_hash_fallback
AUD-0e0f9ed68668f3bb97e90b250a2fa20145541f4c7ec4ac2b506773cb0e9c8277,Gunshot,train,GROUP-46750cac14fe8d440a9b4496a648ab935ec4db4861742f540c40a60ebc81d3f3,,unverified_recording_hash_fallback
AUD-0e2935c020e0b1f3e958d3d35f832f2b33806407a2f648fe4ba87451fe36f38f,Gunshot,train,GROUP-7b75de151fefd007efeae098ca8e734a7b01bf76b1301f3c4f5752e7c668d16c,,unverified_recording_hash_fallback
AUD-0e51890739b3ba9765aca895783057a6816454917e181bf9781e9131ba58669a,Gunshot,validation,GROUP-289681df7ac1371e8781c02decb19cc35a95e8a3ec4cef041df5367e8bbc4590,,unverified_recording_hash_fallback
AUD-0eb030921e7cc130b62c1311f347171db306b3d57361647a926a1a02290ffa12,Gunshot,train,GROUP-28d16cb17cd62dc7c5b479b4040b5c40d5d0b6b6fa22279dcc31226c334ce2a1,,unverified_recording_hash_fallback
AUD-0f75b4a1baebee6aee569ebab405c2ffd46a0a9a049754252e6ac8dfac861ee5,Gunshot,train,GROUP-0602ad71087a37a30be3434750e3e8e74a51a3dd63d833696f970db341a933b1,,unverified_recording_hash_fallback
AUD-0fa011c612429c1284307e133b3aab96d4c16b93a41b545678fc563466301916,Gunshot,train,GROUP-ca1f588250b97269e5b938893748c25a654615477bc276152910bd73dfb96e5d,,unverified_recording_hash_fallback
AUD-0fd11d3f0f2a4c22d1497e1f20f0eb80be5e93b4f0ce5d7f2748a59294f3dbf0,Gunshot,validation,GROUP-3ec93d9fdfb46479c19fe6bcc1126dbbe2e5698284f2dfb0494c0293469e0a60,,unverified_recording_hash_fallback
AUD-102495e2dffe05851add7479b1844303ec65308ae2bb0369205fc0623a49219c,Gunshot,validation,GROUP-519dc88258b48ffc40dc3c1057e9aac7441b51e7d1a6a57e986e2272563952fb,,unverified_recording_hash_fallback
AUD-105351105f8aa272b9ceff07431358fd8f3569761f3ebf650f4df074225fd0c8,Gunshot,train,GROUP-4ce18c9b139e1dd797eaf42daa590b1908723672a047fc246b7a84754d764c1b,,unverified_recording_hash_fallback
AUD-10b373d1ced1a21c5d902734033e80b8d882cb50ec075a510be6710163569a0a,Gunshot,train,GROUP-81ce34b0028771f105226b5622cdc6d7f82e446cfe11b4f641b295b6626f05dc,,unverified_recording_hash_fallback
AUD-113d1c24f577311ec27e5bd1c1a696ac0f13eff6cc13c21e7b0021b9e020d6f8,Gunshot,train,GROUP-5f94e1807ac1793b54fad89a36279dff32d1ae3ed075d31119612c0b7d333f37,,unverified_recording_hash_fallback
AUD-1269ae347b8d5c6b4ae12e08810745843d8ce0773113e2e08ab2e24ffdc65ec2,Gunshot,test,GROUP-bfc00ae113e5ac8e23dc5c175e889335e3d75cec0359b724398cc5a3309e6a0b,,unverified_recording_hash_fallback
AUD-12a8a6590131194d068a392386b7a0ab61c7f03cf48dfcac9d6a888e40073285,Gunshot,train,GROUP-424a6b6cb497c2fe88d5ffe2db293bdffcd9e4535970ad662c304719bdc802e7,,unverified_recording_hash_fallback
AUD-12bda39aaca90824f5b562dc006693aafb7a0ba7e128b63c37c5e4fd9624aa62,Gunshot,test,GROUP-96f41147ee5fb98647c01bcb26e8cb1d5f1261b4460e877a6909b68ce4268bdb,,unverified_recording_hash_fallback
AUD-133fec2f73e28b638da7aed05dade1148dc632c8ed6e559d993195529b8c5bab,Gunshot,test,GROUP-0768846a91c92e707ac49b470716cffc8fa0d0648bc11e096d4ca82979cc4cdc,,unverified_recording_hash_fallback
AUD-1477391180716f236ba8cfac84131d2a0ea0298fb968ff52785b73bbe62b4379,Gunshot,train,GROUP-17d8fde9604734a9e796dbf514b603f4344e9c0502b0b12cc602c49809139cb8,,unverified_recording_hash_fallback
AUD-14db08ed7b515ff8994e504b212e70aa63a919f482c64dffb7777621cc31d934,Gunshot,validation,GROUP-b8547af318652eb2bb3fea7243ee859c92caff54e82300959be6a10384f8fea0,,unverified_recording_hash_fallback
AUD-14fe853f7b20efd50744946d5a650c517171faf5cccfa1e4a9db7a09755ab6e9,Gunshot,train,GROUP-df28f1f3c5674814ee36d0e5cc4db059e1e3b29220dd59bc1f37bcfbc078e150,,unverified_recording_hash_fallback
AUD-150f7c058dedfb33717986cee88e79615025cbd394029db975d11bc22bb244fc,Gunshot,train,GROUP-a008514707e0fbe8242ff2e8b7294eede2ed38dc88e68982302f6b5a00e081a8,,unverified_recording_hash_fallback
AUD-15a501e74a92a9a9327cec29232f4e416784c414b5d237fe5097121c214c8926,Gunshot,train,GROUP-686c55d7f2a791049f9c7dd7f2f38b004bb7e55a6d6c7df0a8ec829a0f9bc765,,unverified_recording_hash_fallback
AUD-15a8a4bccd2891b212d8ed7aa0ece1ffec7b462cc7900128f9abf6840ff8c3b0,Gunshot,train,GROUP-9b985d88dc7774a486ed0ed34a6a78c7576576f271befc1669e61f4c2c64521e,,unverified_recording_hash_fallback
AUD-15bccc8bd1767c16f22012dc839845293e76bbc29ee0938bf1d28a235e2adafb,Gunshot,train,GROUP-f6d0a6bea9c711e60b9cd78aadf96c914852249a2b4f56a0a4525c2d746d1b35,,unverified_recording_hash_fallback
AUD-15cec122305b3eb031172133a4be365bffebbd0881f2bcd62356cb1a6cdd047a,Gunshot,train,GROUP-d86bb094fb09923686fd5437d4fb247db9b390a14ffa50234032313d8d464b42,,unverified_recording_hash_fallback
AUD-165d653350f986ad5c9f2961e01699a87902b6333dec7a7b90fd79a39de2ac57,Gunshot,validation,GROUP-d9532dcc9299b33252ac48f5f19048cbf779b168615e75b1efc70a1f2a31c324,,unverified_recording_hash_fallback
AUD-16c70846e8c74f3d93d6a6ee5a806dce2797b781003937b83f3535a311779fe1,Gunshot,train,GROUP-53a00b73b06c1f9f688798de672a16873e935543ea0be110c6b1a1bea16508f9,,unverified_recording_hash_fallback
AUD-1708a3e56655ddbc1e79989875a56516c49f2b72086866db42261390bda7c42e,Gunshot,validation,GROUP-d9d131318f771b323a8a38af7a7ca4bdfdffc8c52b52d724a337ff48d54f8476,,unverified_recording_hash_fallback
AUD-179cf8e97dba8b540799e2b33b79aa0bfea572a317d3cb484f3e1e067e599270,Gunshot,train,GROUP-c98ab93c92ff702df9c553560c7ac154df4672e435696d7f1e8c7d3d73e42d54,,unverified_recording_hash_fallback
AUD-17fc084085e2a2d5d3ca332b30fcc0bdc6614d5ba4d6216c12e2b1daa2ef6f92,Gunshot,train,GROUP-fb7f1788b031b14fe9d388ae438d93b154afe62219247995fff4eb398c85d08d,,unverified_recording_hash_fallback
AUD-18086aa5d91275835c5be088e124ce5e5cf89e8512ac3b8684514db2efd4b4f0,Gunshot,train,GROUP-d30c47767a41e324f12f7f68eebdeb9e5486853b57762c4e446ecc81b465d33b,,unverified_recording_hash_fallback
AUD-1851c4b5855aa12f3b689c8f61ea40756a7fba6026a2490fcdd2f22a64fff66e,Gunshot,validation,GROUP-403c0e98832bfce6d483a637d66016c0e0debb49792c770a266175d13e41a7b7,,unverified_recording_hash_fallback
AUD-18bdfd26e94a2cd2934c1ab0ca9d0af61f1ef965d417f4f71aba2e1e5bc03b22,Gunshot,train,GROUP-8ec22a2b85cea48fc118dd67ff7bfad0a5009666bde372fd90956186c0312fc2,,unverified_recording_hash_fallback
AUD-18cb0deaa1877c14c5cdcc2237ad958bdb55226a11e1e4f8533953444f6a4431,Gunshot,test,GROUP-7118baf9e965c88c836ac5c3374663358be064db01da20d02ef4c675eddf53be,,unverified_recording_hash_fallback
AUD-1940821288f3f41e55e2ab15d133510fb4fd473bae74784673478c3ce011d80c,Gunshot,train,GROUP-3e8c765a8f4ddb6cfe5f85bd910ad1f1dc5a18c33cda8d095d1a75ce6ae839c2,,unverified_recording_hash_fallback
AUD-19826a9a8f1248ca24dd335cd8dec12f931b124fdeb37254b52ea17fb5f2a95e,Gunshot,validation,GROUP-fa921b7fb161ce1eba50c903bda877aedd310a963843f29c9945fd4b8f3289f6,,unverified_recording_hash_fallback
AUD-19d359fcf8402f084c5e1a3520f807a17f003958c01e3872343cf58d3cb22ffc,Gunshot,train,GROUP-db10cae4b6c2df0f314e409d1405f9cca372b3de0ff23c7816e2780e651a92c2,,unverified_recording_hash_fallback
AUD-1a163fce08eca1c59744285a8767b0bdfd8f68042bc90d29549a05c29b5ce273,Gunshot,train,GROUP-921d07ef2b9d1158024aae862c2b3e398e6d47fd60cfd6052400dc10eae42577,,unverified_recording_hash_fallback
AUD-1aa725ec6d998d4a852359d9fc6f60c579c45e0c8429a92b2d6d52f54cce144f,Gunshot,validation,GROUP-34ef169e136fff51f08db3d335c136b5a0e9533324c7eceaf6db8e6600ffd588,,unverified_recording_hash_fallback
AUD-1ac1d212a77fd3d91b9985e17a933527ae2f3bd74309e8f70e1c1235f05952ed,Gunshot,train,GROUP-09ffcec494c740affa33900433862e55904c44a3b79d0d1ba2d2710418442a8d,,unverified_recording_hash_fallback
AUD-1b171230a88e93f19672af019059ebee81d812df9a793eb6dafe91ea20e13d3d,Gunshot,train,GROUP-f53ad4ff901c9c4c3d1313c195a88c7b4347cb9479c99e2e10bd80ce3dd16912,,unverified_recording_hash_fallback
AUD-1b4de2a4a68c46675509db193fd61d4fc8577b44a2fbdb80cba112f4d24f2222,Gunshot,train,GROUP-aa32bd7d4c6dfa063b09f666dc58e04f8ff778c98a9f87b1f9c52467012a2919,,unverified_recording_hash_fallback
AUD-1b543e1f6e1c80ee008b82866b80f375636ff41757e881472d2959b4a99511cc,Gunshot,validation,GROUP-0e37941cfa19e9a7fa36ec68fea9b2738ba66a6822dec96624dd11507c214521,,unverified_recording_hash_fallback
AUD-1bb7a885db183af1f4932347b6c2022e97ad6bcf146a90298838126113e88c34,Gunshot,train,GROUP-cad382fa6c39145767a93440bd77c361e523928b67296d2caad4da937e27b928,,unverified_recording_hash_fallback
AUD-1c42776fc44508082b97da150b578ed4d1d6813767e29d2f21b957a0ebe187ad,Gunshot,train,GROUP-d50c2322137abdcaf2aa6d94aa848c9aef1f024e3614c55110024090da805b7f,,unverified_recording_hash_fallback
AUD-1c4ed5bf9499d6a387d5140a8f2817e23747d39d1d6013bfba98622159e176a8,Gunshot,test,GROUP-daf393f68cd50c559a479487859fbf05be32570f726820ec294544fceb30c5f7,,unverified_recording_hash_fallback
AUD-1c90f3085d7c2ae81f2bbfa146952686d37f3790d0593af431de00520ac5bbd9,Gunshot,train,GROUP-60fd219a84ca3eeb6ad087dbcdb1f6b5da1f909b559062016171cd01f7768d99,,unverified_recording_hash_fallback
AUD-1c9d6fbf923b86ce1a8f86d62e23d722745046b66993518614248f5dcc4d0293,Gunshot,train,GROUP-a9338eab047652b8f893dc9e68c5e0da52806f4056b7c3daec3d95d2618ed6a6,,unverified_recording_hash_fallback
AUD-1ca28d1f34bc5a3673beaa8486d836c4d7190be0dd40160a50c62113970db374,Gunshot,train,GROUP-32796d01f1c2e9fa401e813bb5ef6a30616b61070632129aad185561cd3d0c3f,,unverified_recording_hash_fallback
AUD-1cccc06ca024cd475353dfbfeaa342d4d8bf114aa69da55ba0c0789982bd48d0,Gunshot,train,GROUP-35c3d1bd8ceb11129d9ece9c87f1d3ec865582caf45f4b624de79b30bc9e834a,,unverified_recording_hash_fallback
AUD-1d2bc9a8ba43267702f56e18c8d06b65cd1fbc25840c7f6bccb2ab88c9784e2b,Gunshot,train,GROUP-038123381c5b51856486719952659652a029068ddd49134704ffc1b676a165ec,,unverified_recording_hash_fallback
AUD-1db824bec9fd067eaca5c7fcf374a57dfb5f82dd43911547bc4198b6a46eb99e,Gunshot,test,GROUP-45c2a32a9d0e65a0aa7ce979c0e545da725f940ad1218ce20be5a7209a4edd19,,unverified_recording_hash_fallback
AUD-1dbf96978e6b450d2210a3901b82c3d34cfaa9ab961bb495b595ac4ab541b76c,Gunshot,train,GROUP-a045088b9bbd8bd5fb5625a5587ee02aa1acf1f1b64949122d4adfca9b70fff6,,unverified_recording_hash_fallback
AUD-1e0a1cdb63e979baa6b2b0a1ade9169456e05a4bd657baad72dd70b74b5640c6,Gunshot,test,GROUP-2087315597c1aa14432206fb6a51711f5f9fb8edce289ac1d3fb8ed92ab303e2,,unverified_recording_hash_fallback
AUD-1e1a0ccace8871f4314e0664d234002adae276feee0b9efff0a7cc1785f3abcc,Gunshot,validation,GROUP-dcdfe05393eee1ac2d66b7cbd874a93e9dbb7dba0cb0075d39e60b72c1475094,,unverified_recording_hash_fallback
AUD-1eec9af9f62a6e55df0b0cdff1dc185d1d4107180796192f80d772c7dba0e935,Gunshot,train,GROUP-c03f8267baaee155531d5cd3e28333f139d52631fb725a4b6cc7b60d1158c9b7,,unverified_recording_hash_fallback
AUD-1efe22cc0881d06bb26e84e3f40575382db8d301470565078b17034e005db96b,Gunshot,validation,GROUP-f92baf474d56c85ed0bbae44dbe8ea22fad5428afb75742f1bd9129287b9e04a,,unverified_recording_hash_fallback
AUD-1f8fdd8bbe5f03f0586ab67f76fe27e05b508b82ac39e947c4bf659471c4ed82,Gunshot,train,GROUP-21323ccb82501f952ca4285b6c1cf6013c84d17edc81968bdb5e19a7b10bd94b,,unverified_recording_hash_fallback
AUD-1fdfab860aee8da18d054e00c961b4d0692e63c4c2c2f57328a71c461c3ceb67,Gunshot,validation,GROUP-9bd8d14ea9233a60b51673ed79d836444b4857688f6454afb02aa37ce0e275f8,,unverified_recording_hash_fallback
AUD-201681edbca975799a542fd6fa9d393486588d4ef3670bfb99db81981dce7b18,Gunshot,train,GROUP-9fc140a8a7e172805f9b7adcc299631edf6c058c696c61be864bd31d2b407657,,unverified_recording_hash_fallback
AUD-2020c4871f2f153099c735f6b9eb95c0adf1cdb331d894c1b274197fcfd53796,Gunshot,train,GROUP-ef91dd465c4ff4bf1b7319146110d49e13a2daaa942e081c80b787bed1abcab2,,unverified_recording_hash_fallback
AUD-20e1cf3dc04d11e4cebd444872add1588f24023eaeee7c5894791ff03483deae,Gunshot,train,GROUP-26530a0096089141946a8677cf45e59a70ea3575671efc39a8de176a14315234,,unverified_recording_hash_fallback
AUD-212fb90aee15d8e04ae00a2de09c39bf20e213186e47ab74c468cb445a5e6142,Gunshot,train,GROUP-dce518833902ff465515b8f051cde98f2396531f7929ee2791ec2c2a6052bcba,,unverified_recording_hash_fallback
AUD-2137963cd5823f1273fc623fcd2c1e4ae81c5c0781dbfa66f4c77d0fae00687f,Gunshot,train,GROUP-96f1dfa154d027a0ae9fdc6630c4d409dcad400ccd05ac46c07f0b1158d39e6a,,unverified_recording_hash_fallback
AUD-21398ed3fa594b14a987fd084ed126eea811b78fc37779b9dfdab473943f6aa5,Gunshot,validation,GROUP-ab300732ad50088234c89899f6580865b933edf8c3440d9a4d7dd6e5c378eba7,,unverified_recording_hash_fallback
AUD-21955c2b0f53a3f04f908dccc5732dd929ceb5dae27a4c68edb3566203bb0f26,Gunshot,train,GROUP-17e2f4fa5a8380d3721eff7b79a63a39af91e0be759a7cd581039da4534ce055,,unverified_recording_hash_fallback
AUD-221d6a76b1b25e1d2ca6effc2b84322a6f5a6c1b338b0ec63f541633345f3ab6,Gunshot,validation,GROUP-afab955b0a27803e37190508177afa74408bb5f446962d56d56a4ae1d39e0256,,unverified_recording_hash_fallback
AUD-2224426b1983cef65b0c2a5dd3e4c244f043bd73f3e8ce9af8901b36b0ce4c08,Gunshot,train,GROUP-87d2903043af3d67109ef335e86c9665bca61a0c833aab35080540aecad37d50,,unverified_recording_hash_fallback
AUD-2232863f79d9e33ca5aea48de95ee69b24832752a8cf8b487e60b9f6489b47cd,Gunshot,train,GROUP-60a1abe527e67a09052ee2f81b5f6051b146cce3c6d623da12ee107ce7ecadd2,,unverified_recording_hash_fallback
AUD-22adfc4771e7695e4feff83c4996301358449f10cc2fe6c91a9a7177b3bef405,Gunshot,train,GROUP-eafb83c32f429d40113f9a02b9238768d78e064c9f7d043f3af51b6f0794453a,,unverified_recording_hash_fallback
AUD-22d0de8e0a35c7b7d5d4f0620cca5b7fd7257b7cb84261549d019e3b1fb3f66f,Gunshot,train,GROUP-f9dda6d0e2d187858c28a7251427402afd385e66f3d274930f8b1ff2aedcf37f,,unverified_recording_hash_fallback
AUD-2321bddf5d46b6d3caa809149c87cceb6ac2a9cf07c8fc850d37dcfa892a1107,Gunshot,train,GROUP-a18b5ba525ef690b5d41b3336429c95fc500b841981db08d3a61fb84c719da43,,unverified_recording_hash_fallback
AUD-23bf7a64e893e1bfe129aafc4e2d899d12aaac060bbdb32553b00259ddc316d8,Gunshot,train,GROUP-efbaef95f508bdd05b79907254917b439a7e7190a5727b1f09301395acab1056,,unverified_recording_hash_fallback
AUD-23e260a32950ce857b639792e701d6c521da129ddd3a9397863e1d445c1981fc,Gunshot,validation,GROUP-f9424f406a2560e1ef7fc963057352378bdedf3edd0a7324b51ffe49562a0aa1,,unverified_recording_hash_fallback
AUD-240023ffa2f95de029704e1cdb0f88dc26cbffb09aa71b64a3153b4fff27438d,Gunshot,train,GROUP-26a01f160b36e4e36965c596ff97cd2fcb3bb92ec9a8b3682873838222601fe8,,unverified_recording_hash_fallback
AUD-24181523404498e55007688effda9d7463755a7c926f3bcda2e89607ccc5c8b7,Gunshot,test,GROUP-f8fc6d972e3575133bbc646b45aff06bc7ad54984799d2158100e622a717a9f1,,unverified_recording_hash_fallback
AUD-24426219faceaf589de3e3ff2d52b72baffe620daab442442f14ea8dd8664f62,Gunshot,test,GROUP-76fc53fadb3b20743295b4afa470e97965ce2815a28a38e58c2a532780cc1b0f,,unverified_recording_hash_fallback
AUD-24d7b3493beef9383c8869d3ed923935dab289af8867794e24f69a54b8359a7f,Gunshot,train,GROUP-c6413767b2c6bb3614529d9bb4cf8318cb6cecb010646fe116f30b2be9468864,,unverified_recording_hash_fallback
AUD-2529356e9b4ea147d46df4b2f2feb4f8e23ac1bf2c4e88ff00b0f571b43240cd,Gunshot,train,GROUP-eaebe40d8e9cdaaf69bf31890590d7d1101363dcd052fa4d6979fcaaaac21980,,unverified_recording_hash_fallback
AUD-25e472f58f59e7bedffed2c20ced97243b840b8f10bcc9e12352317d9b4455aa,Gunshot,train,GROUP-45678c6c1f34b819619c1745063f76d8f69f32745198415ffa64ef1b042fdc84,,unverified_recording_hash_fallback
AUD-2601c2f2986d1f07d88c9840aa1e53c12948d0165d50a7083301d2af2a8adc60,Gunshot,train,GROUP-221b8afcee4636ad6493b01f507d46befa7a577483e90ed553b5891e39a52c81,,unverified_recording_hash_fallback
AUD-264de1dc3b9b4b6d1c9d0bd44adbfab9cb9015f16ed5b88e0d4fd20d9068b15a,Gunshot,validation,GROUP-9c84a3b2dff5b4ac42520baa9d3f6e1dcbdc60f7b0fcfa95594486616c92d95c,,unverified_recording_hash_fallback
AUD-26862ee2334f8590564ea4bdede5d4e3568c4ca3bcb47483869ffe989e42acfb,Gunshot,train,GROUP-ea792da250d38b56be88d37617984027ad56d9336563df86762aa1ead686c0cd,,unverified_recording_hash_fallback
AUD-2713a4b0cadc1843e3fd5dc06575ad369a404e237e8cf224eabdfd65bd0e7589,Gunshot,test,GROUP-b11a588736a64fff64a3cec6da54bcc4bb16416179ec9a20b4348672d488438f,,unverified_recording_hash_fallback
AUD-27646cbf3b4a6aa8e9ff268e4952ffd0deb1f5bc53c3c7ff62ddebbb5d61c388,Gunshot,train,GROUP-2c9e5209c3cfb2262f5a4551fba242a6f135cc04f1cb1abd77d9e4c88e222f8b,,unverified_recording_hash_fallback
AUD-27682f34da048151f1a929a7c39a2bf85b7eeeec5dd459863afda24b1b52a33f,Gunshot,validation,GROUP-0799467f9986e3db9cffbab5d4f4bf54bafc0b69f880560c5a57a49cf6e77a54,,unverified_recording_hash_fallback
AUD-286632420e295b36bcb2dc81bed1e2165c82c747bc0c2aaeace7cc019530d3d3,Gunshot,train,GROUP-a04855de972bba2ffae5c1ee869de096a1d6e5380f2ef0732bdaf64076a80959,,unverified_recording_hash_fallback
AUD-286cc20f8a593b5e12179f6cc0df849d6c559f89ceceab96bd2480fc2eab2532,Gunshot,train,GROUP-8edcb6610e29fc558383f1bf83610d0f6cba2106ba7bf86a3811367625785d59,,unverified_recording_hash_fallback
AUD-2a220627df51e2e364fa1931a50e74ae6dfed926523afc98db95acd70785825a,Gunshot,train,GROUP-35b9f6393cdfa327e3ca99717848dbc93096b32bec207f12ac4dd025e2d72df4,,unverified_recording_hash_fallback
AUD-2a54a1f5f2bbaadb404088f6312f18d886c5b52d819cee500708ca627217e386,Gunshot,train,GROUP-15197aa57251ca9aeadf836ab7db1b921599c2a29b56dfe638908638e2435d23,,unverified_recording_hash_fallback
AUD-2b2bb80a1423644c5a9c55e20a0c689ada105d5c192f7d488de4ccf1f91a3571,Gunshot,train,GROUP-563398f2e3e90cc0317beab4e9822b059f461d2dfad1e911f75a6b7aa578d944,,unverified_recording_hash_fallback
AUD-2b820a26b347a98f79bb5ac6a8b03010ba3b1c1bf8f8d184e9062fddab21ffd2,Gunshot,train,GROUP-87b7a99c7949479b82a526bdde37f9fd648c654fa09ea058459b325a856c991a,,unverified_recording_hash_fallback
AUD-2b8d41b0cbacd650038b643e75910023b96c340b0f525df21dc2504857fe95eb,Gunshot,train,GROUP-aa136813a37e15a3d5833f98cba40fd8bc2d6fd8e7b16483f468b3ce30431c2f,,unverified_recording_hash_fallback
AUD-2bbed9d5e3eac17236aa8da1edbe99c8408c2d20bbaf8043f5c8caa10812e9d1,Gunshot,train,GROUP-63076cab6ee660dcaa19ca5bef5eb7b786ba4039ecbc8f9c0bc3516b79977471,,unverified_recording_hash_fallback
AUD-2ca902ca95eb7acd61a835d5816b0d87bd90344b209257edb9620ebbb0f472bc,Gunshot,train,GROUP-4945d82550b0bd0b640e062c3050456e7cf4f66f7921a9fe996aacd91d0bf89c,,unverified_recording_hash_fallback
AUD-2d3d99001afe7891230e7609960454c57b759586c3be7702e29fb60a3d6710ff,Gunshot,train,GROUP-225b6c8fdbb70b66423dbf1ca48d2b14490abff4e5fc65aa6233d1b013ad3d42,,unverified_recording_hash_fallback
AUD-2db5288db279165c9b9b01b878451ab21e1c80bf968a6d618e8d7262a46be101,Gunshot,train,GROUP-98e4b13fc286386166f1b8a8644e2dfd4c8dab0368e77b2ce6b8961d5093aef1,,unverified_recording_hash_fallback
AUD-2dbdf1733a128ee19b21d16ed45526ff4f20e164517fbef9c5575be21908b9fb,Gunshot,validation,GROUP-6efff28b7936169a7badc5dfad83c595fd92d370fbfcc0bb81c6219b58bcfe51,,unverified_recording_hash_fallback
AUD-2ebbe0529ecdd3e233f02126cc3b825ff8727903e3010067ca7940e9664c6d8b,Gunshot,test,GROUP-9875bff23e48ebeadeeef1f4a540eab0ac03e16c60af8668cb22492322c1db01,,unverified_recording_hash_fallback
AUD-2f48439d2465bf26da06bf1061c2cbe3d661e82f628bff0573aaf5d25b92f5ff,Gunshot,test,GROUP-58c4ccc9b3133f5465e12a4033774533583ffeaf55c6b0f35a09a99bc150b13e,,unverified_recording_hash_fallback
AUD-2f938a5bbbdf1b4a67ce6b66109e775947142e4d8825bbe54e5ba3c9d6d5a88b,Gunshot,train,GROUP-852867d7cb45443c893c89188c01bdb3b1fba3ce508d98d55ea8f2bd3b66dd2b,,unverified_recording_hash_fallback
AUD-2fbe642709d5ab0b1ff32dbe0df85ece985f5324a6a7a7431cb165cf0728a87e,Gunshot,train,GROUP-9b95d31df16fee3fa932efb09cfcf3f9aaee451409b8ea441e81f75bb1e527d9,,unverified_recording_hash_fallback
AUD-30995229161a6bd82f9bc175a554b15e03835f27064ef8f71e47cf6d24a75dd6,Gunshot,train,GROUP-4dda38b1fc60edba00b2ff6a3b06ca5dbb8e38b0dc9353cc67485be6f002833a,,unverified_recording_hash_fallback
AUD-3222a1b838d00f1ef3e3d85e95fb155ee4163748317a0e2fa3ed01ab924b9513,Gunshot,test,GROUP-1c39e8cf8e899c4828bb1070dbd22e825401342657d536791462b70dca082686,,unverified_recording_hash_fallback
AUD-32534b735ca2b3a556d4002a49944db3a8573072b8e713a9a207f21e19358ea8,Gunshot,train,GROUP-e953920434215affd5ddd300c402037043b113bb0cc66430f718b8487cae9d36,,unverified_recording_hash_fallback
AUD-3311518954432f1ceaa7b3dd490dcde5e05c83885eb6ff44fe9116537bbc004c,Gunshot,validation,GROUP-4f0aaece32ccb073f14a5cb3aa3fcbcc7447d39d3452693c0df62790cf314733,,unverified_recording_hash_fallback
AUD-331d8d3b0fa833456819bb4f3574c955b1c24028e9629644a2535df3c7389565,Gunshot,train,GROUP-8ae5121be3d3bc9601cf1c8d610ef71c25ba4ae1c8f46935ee1c7f982c24a4ca,,unverified_recording_hash_fallback
AUD-33aba588b549e301f2623429d50f76a9b9c3a46850d9311b9bba7d391f20f3f9,Gunshot,train,GROUP-4d7b4b7ced892b144d75b4456fefb4805ba8ecc74af37af4c7b69a30e6f1396a,,unverified_recording_hash_fallback
AUD-33de16cfc08a90a8f7b92b9faf47d99dafbd668f7d503f2792a9be2287e27f7e,Gunshot,test,GROUP-da94c3c39f156fbcf46d5f6eaa054a188306ee77bffbdb5d2ee127c93d7230c1,,unverified_recording_hash_fallback
AUD-33edb74b72ee883cedc02f650f24156e3b01b58aac7d903c258bcbc3ebdb2c70,Gunshot,train,GROUP-ac4013e0918b5630ec8dd21a72f7cdcd447a4217a2250f123101ded852ca99b5,,unverified_recording_hash_fallback
AUD-347f23424a211580020465cee6be5d3393f5b5e3d5c4b1ddb2e60cf1de58192a,Gunshot,train,GROUP-4b5ed8bc09f82096df58490d1a72cae6a91f42738e81d2429ef72dc388ff478f,,unverified_recording_hash_fallback
AUD-34bcf2dd14f7469a9f166cfb89d924a1f04ed21ff993188ce8cdd42d18742d86,Gunshot,train,GROUP-4a0e9325cdc24ef6201691f8e7ca5020335507eea4224d8e8cf7eefa3e5b35d8,,unverified_recording_hash_fallback
AUD-359d799105926965dc818ce52c0a5e6bf28b435afbec83c131fe9e3d919d4f05,Gunshot,train,GROUP-730570f2db17cffa39d86c852762938134dc2ff7d1d71750416dad1197b2531a,,unverified_recording_hash_fallback
AUD-35a32cae08a630c9affb74e1a21fca322158edf30007b609d5668b9d33c781b6,Gunshot,validation,GROUP-49e3a1de237dcd72eaa51999652a13b44f931dd25f9a464adff4290c3159fda0,,unverified_recording_hash_fallback
AUD-3647cea4c3810b9cec350688127bd4ff77db510d592b4e81a8669274f948e32a,Gunshot,train,GROUP-a7217e9a26f5b42a61a115db863a7b46078fda66509e677761018c5038178e0a,,unverified_recording_hash_fallback
AUD-3674315cbd1e089ec60965a2ae1cc68d60cee33f6ee103ec333bb885b53cbd00,Gunshot,train,GROUP-b241b36155e52c63fc51a7699e7f9d7aefd604a1c699c57deacff2c749392528,,unverified_recording_hash_fallback
AUD-367ca997e6aef1b78b4643872f555c5fc282d68f24f1ff31c6cac60dd78e7112,Gunshot,train,GROUP-791b23e82210da2b00ad26b6d716bae9d632824b320b2620429416b481e6186d,,unverified_recording_hash_fallback
AUD-3788f5bb4b0340e5bb933d6d74867476b34a9dac7c3297aa4ab683fade163d82,Gunshot,train,GROUP-38764028048dd8f11f56b4db63a21b33ce598db33e7640bc72e7fb4f38cf9f3a,,unverified_recording_hash_fallback
AUD-3790a1efc891429ee81af7542d0f80c746d91634997174c0662a23dd8388033d,Gunshot,train,GROUP-65385c6b6917c92cafe24a9ffb1177d217f575c56261bc6b047da1e7f098a2ff,,unverified_recording_hash_fallback
AUD-37a5883008e8fdfd88d836526b4f9e533318d5711ca155fca534ddfa69381c3b,Gunshot,train,GROUP-070ff9a677558f2b292d6dc9240e5fb3aebe224dd4234da46e434db6a1efb283,,unverified_recording_hash_fallback
AUD-389fb1ecf7e092f887cad0912f0c316070839bb2e75b4a3889c4343d249a0d62,Gunshot,train,GROUP-fbd19fc9afc4c7027fe67f7e61d69d17a49a2d0aba089939ecdd2272948e7bb0,,unverified_recording_hash_fallback
AUD-38a0f8bab06f5062ffae84bfca3325daabb229007f36b903f12cd733db31713e,Gunshot,train,GROUP-9b85b6966652613a81371d885bbc1d368f8aab3e2013c38279b684e6fcc9d49f,,unverified_recording_hash_fallback
AUD-38aac47f07d0805cfb0c3e4f28935530f74a595b286b09240e89ca99360827d3,Gunshot,validation,GROUP-83b8a0f63d052c920ede20c7cb1c75da2edd8c992c831b8a7cb2a372273ba9eb,,unverified_recording_hash_fallback
AUD-3917ca2ea8de5eb0a2754c839c9fc466c19380c580d7c078947b01de98b9f34c,Gunshot,train,GROUP-575eccc234692a7569eff2b34360f0379ab9ea7595f2f9a76181415976b2564c,,unverified_recording_hash_fallback
AUD-39213190cba0cda51f37dc90e354cd8a158a522ca8e2990731ee9a4fc83cef1d,Gunshot,train,GROUP-16c723f72481051437c0ad9fa9c9ca8ec86e8857d31fab26afdac0d6d7f17136,,unverified_recording_hash_fallback
AUD-3b35e7bc0fef3df95fa32d55885c977d176bb99328ad62a9261248f59b84536f,Gunshot,validation,GROUP-aa7c665741fca8ec9bc174b0f9a0bff9911b9460d28b6ca832aa1aeace5a0ffd,,unverified_recording_hash_fallback
AUD-3b7edd03b9c3c3a3e7bc81168acc5cb8e33cffd0cc2dd9ed9ebe98ba112401c6,Gunshot,test,GROUP-8da8f88229e0adf5507297633ccce499b94a86484197662fae6107d70179a780,,unverified_recording_hash_fallback
AUD-3c088c103ca65d4ab840e401e5b40108ddbc8117ff2120bb857b75eccc4f5db9,Gunshot,test,GROUP-71e726586f3225d3a49b8cb28b63adb55b8c571baaeeba9dfe282105f86d0130,,unverified_recording_hash_fallback
AUD-3d0a81a81cd0bbdfb0d5d6895e64352f32c18c345f47e597b77262574618b1c6,Gunshot,train,GROUP-3c896c2734bbd7fd6b3adc3a5dcf59e3cc69e8ad975f11990e217071fee27c71,,unverified_recording_hash_fallback
AUD-3d7a330590b2f6d1f582470da19d9b1b5a1f0c66a34984ff5a7c7d4639967235,Gunshot,train,GROUP-c8fee1abcc7bfb8a1a51b64eb7e76354d392e6d7b3ecd165a60aac7838051a12,,unverified_recording_hash_fallback
AUD-3dda1ac77f22fcda55beab24eb8d56e153504b79b6d7b92a430809ecb44a522c,Gunshot,validation,GROUP-950cce6b186f647c66c7d697dca7367ac5072183e2a9f87bdd2854ae787bbdcb,,unverified_recording_hash_fallback
AUD-3e3d9432a66bfb677c634dc7326745c1b26b992e24ce11ca356c6a9502edbe53,Gunshot,train,GROUP-23d5fba862d9b58c1aa645d17d8ab5cb10e9137dba46f558df9c772e06c16347,,unverified_recording_hash_fallback
AUD-3e4dec6c6383bdc2249f1a9c6253f37fe98809e0d12d8a34f2e7820b14f4a98c,Gunshot,train,GROUP-4fceb3bf3db30725d84fb74a3f68ac7428230d9558cf59d20e644d3b4f0ade3c,,unverified_recording_hash_fallback
AUD-3f55609c039f5a105556535cad733bab841c7490b4a8cdbab4bde83d9fdf946e,Gunshot,test,GROUP-9debc55bcd7dc5b5ca5f40ff1ab4330ded631140d90a71b05c903510646592fe,,unverified_recording_hash_fallback
AUD-3f62600822d45b01bc33cbd9a9c480646ddc191bde6d0fc2beaf84184762a89a,Gunshot,train,GROUP-5def76a9976181b0c72b1a09a66127a54a705b65dbf1ef9b421faab79d553701,,unverified_recording_hash_fallback
AUD-3f9563b1b7be9900081c9f670ce590021c5d2c71653aa43dfde352f43a6210a5,Gunshot,train,GROUP-d9ac38eb736cca087c7ef28051c91d6ca337847661deb8fcfe3ca156d2bcb963,,unverified_recording_hash_fallback
AUD-40f36347e35d4602c3fa655bd73a5c1463a150f8598279cc4d8e9772667dbae4,Gunshot,train,GROUP-7360853188d34e4b0fd7e97bac006b3d6ed24a80858459f5e3c31edc78e9c752,,unverified_recording_hash_fallback
AUD-4229ef65dca1a72835e815a271d1db8cd5944b173c6f1c652beef5f2f839d1d4,Gunshot,train,GROUP-06d9459de3828c3419bfc21dab06076d50f2168a998f85bb2139279d576820f8,,unverified_recording_hash_fallback
AUD-427dc5ec750fbee908004bf7ad66f676243fb76f9cdfdd3fcf5b7ce4ce664c41,Gunshot,train,GROUP-11f426f9f45f4aaabd0eb0085153b4c54c99272db72fe8e2f14f50f8cf0e5375,,unverified_recording_hash_fallback
AUD-4310f16ca42d95d4fedaa1924fa87d1c6201a5731b54f0a8181bef42d81e41e6,Gunshot,train,GROUP-db2822ba34f2bfce5aab36c1203842e877817492e82903d5b945885db528ac8e,,unverified_recording_hash_fallback
AUD-4337f682620f9bdeb1ec63f0dd86875d201fbf8ebc53bdedd8196108aad99084,Gunshot,validation,GROUP-153124a8f54eba7257a0da72a0a5d4ec87e482f702bc0cdf8a8101a0054a465c,,unverified_recording_hash_fallback
AUD-43907738a18e4ccc79d6617559cbbbab698b56f2786a3be288b05223f7cd2645,Gunshot,validation,GROUP-22716dab6a2990845297ae6526c1d52a6b001503fc91e2025cd7f6386fc5d33d,,unverified_recording_hash_fallback
AUD-443b09374e0aae50245f6f6a65458b36edbd3680010421ac2946bcda7698a869,Gunshot,train,GROUP-5455168317bef308a2278a28f5d6f94276b2146e4022ecad257b84972f3e688c,,unverified_recording_hash_fallback
AUD-4486ff9494af259ea458b7d12dfd566157388b58d5800327c3494c13547ee534,Gunshot,test,GROUP-4c1f063c35a015e4810538d0ac22dfd93c4635c2207a9db1469036a015412f9d,,unverified_recording_hash_fallback
AUD-448d4819c34307ef1e2b74addb4b83cd5d71a70abba5098388421701708ae76c,Gunshot,test,GROUP-bdc43c44261ae835e3364fdfc6d1f9c4512c964797859f49f812a7b58c870dc1,,unverified_recording_hash_fallback
AUD-44eb64fc5634741b7be68afda9169a90738b6bc246c6129b3c5b2de6dad12d4f,Gunshot,train,GROUP-ba75e9b0f04d296849679c50c0c172857ddcd32e376ca431996a9146beef2c5d,,unverified_recording_hash_fallback
AUD-45791fc5915b0557043032b2ec8af6a7b2ea8572aba61c68594e92e65a91dce8,Gunshot,train,GROUP-37a98dab71ab8db46609ad306e324a713219c6a570613b704d25f0f69ea08403,,unverified_recording_hash_fallback
AUD-45e9edb7f007f273fe74a96dfa89fd77bda9c46d15de30cda2652226eacae3b9,Gunshot,test,GROUP-5e764bd5eceac8744d60b24457f1e8c558f6820de106724d5c41fbcbe68dee2c,,unverified_recording_hash_fallback
AUD-45f93eeedb4af946718d543e7d7d162a76174d17aae328ba566527f9fae76669,Gunshot,train,GROUP-058c90121b1aad6be944adea4a434de601b7ce949a17725aa779e0f3153cf70a,,unverified_recording_hash_fallback
AUD-4683586208550e5ea57acdd121dbeca11725bfdc7c18ee372b1ab2351fdc7bcc,Gunshot,validation,GROUP-223bf5df713997281cf4ad03bdb278be0812f70d0a54897a46c200fe7dd10008,,unverified_recording_hash_fallback
AUD-4688d949f62ac25ab72df880e5a998509ae24d2e8b26eaea217fbb89e83f9ab6,Gunshot,validation,GROUP-c2bcc2d077924632f4731dc947cc717e48c11de776d8976340151794fc7245b3,,unverified_recording_hash_fallback
AUD-46d8f0e6f51e97c0c5682751c577e0c2fe8fea20f1f6f7c06606c6e45e0f7fcc,Gunshot,train,GROUP-1dd790dfc7487b0cfbec0daed74ff266a679bf5677c06a5350c0d346753619c8,,unverified_recording_hash_fallback
AUD-4714f7b1cbe6900ce3ac1bdd961da7df4da4339e94c67af0c054add7ff8e4386,Gunshot,train,GROUP-e3701315510d49b43a05aac501ab0466632809be5d64b04bd4fb24729a0ef1bf,,unverified_recording_hash_fallback
AUD-4746de27c90367885757b4ae1d39b96a86077cdf8f6f44497159b826dce9ecb9,Gunshot,validation,GROUP-f7f8ce573eb4400bc606d4c0c686cb1282a749c6e5b5ad4da9a08582f7f955d9,,unverified_recording_hash_fallback
AUD-47dd05163cbfb4e4b7ed7fdce6d7af45b7ac03452e98619f1c1492adca2a96f9,Gunshot,train,GROUP-d7873c365b3b9c39afd4284b98342e3e333d33121fa9e94a4303ce7521c7d701,,unverified_recording_hash_fallback
AUD-485a5bbce0616b8abb7b95adc1add91828b3365b672ef0c46408c7029bf22cb7,Gunshot,test,GROUP-7e4c2138f4a65ea9bd2d99239be3fc4eb9bd84d808728e5ce4e903761e7d12a6,,unverified_recording_hash_fallback
AUD-48867e2708ef963407d5d29708c8078baeb481bd1faf86cab920440201ff7223,Gunshot,train,GROUP-4aa42eb89fd33cc824738edc584849a51033d5492855a84e6f599809838899f5,,unverified_recording_hash_fallback
AUD-4a4860498a781f3dc1b331e359108356e079574641d7499a6f0c4a717979fad9,Gunshot,train,GROUP-d029a0e89ba0a80b51448ab41a6a10869c4711f5b40309f7fc44515b6c55d452,,unverified_recording_hash_fallback
AUD-4a6d2e0d269e77fb52b96371c5490af32eceaf50e290d8e1c956762bccf759ec,Gunshot,train,GROUP-e3bd52de95b2ffc96c4152282a06720389d5443d8e049d0cf3a4527d93e0d0a3,,unverified_recording_hash_fallback
AUD-4a8a67617b0c62dd82cdfe193abdfb07529f8fa0d030aaf089f5df5dcf14abbc,Gunshot,test,GROUP-fd336b999c9193e0f87c8bdedebd123a4ef3c730d88d8e05cc26b4af517cf248,,unverified_recording_hash_fallback
AUD-4ab2454b454c84bfbc45a530a717f284c7514083aa7d554864bb0d2f0124d375,Gunshot,train,GROUP-753d8ff14e3a831dab6bc5a5dcbc38b7b9c34fd005cf7aa8873c1856991408fa,,unverified_recording_hash_fallback
AUD-4b071fdd6d614f5bda5ac57691ff99a22908926dcc773fc93a29992930e10362,Gunshot,train,GROUP-6371a87dabb9d2351b15b2584d7fa273ac9a66ae53f395acce0bd4a968d18d4e,,unverified_recording_hash_fallback
AUD-4c4661a6db1c07a28c2781a868b9311fcff153515f9e812116124db55b4b0da2,Gunshot,train,GROUP-a8e780cf8a1e54563fceb0f5c42d3fd16f1f2e1b9f83bf5d28b3b9d836313224,,unverified_recording_hash_fallback
AUD-4c4ec096b3f99580335e53515d08082a995d40c6559c3c8e0f21de4d76cd6c6b,Gunshot,train,GROUP-8642d87edf4376bf4c14ce825940bc6a3cffbd408271ec412f3c0aa3b963db70,,unverified_recording_hash_fallback
AUD-4c587c4a5d61d31cce26c9bae71c6d79ff5a6d59327b8f258edf04fa77f6bf78,Gunshot,test,GROUP-02cc2c4da51dc45cc4ced28b7d02995ff020e34854a698e8a8aec48052824085,,unverified_recording_hash_fallback
AUD-4c9d4f042d9c8638e524c9cdf69301a1fcf976c1ab53ffb2b719c85a8513625c,Gunshot,train,GROUP-05e5a09629c9720d1726693ed49454987f40497e9a3e1c1dc8fa21fef0715aea,,unverified_recording_hash_fallback
AUD-4cb101f78f28ab383c0aa2bdd69f6511d3bf22e019b0f2c0e3a7b9846eafc72a,Gunshot,train,GROUP-dc6426fb2038c9ab54293c454e32a98d3c9d82a9e46641cc4cd2e72dd7c78b55,,unverified_recording_hash_fallback
AUD-4cd4879e904e2ccca1668190da7570524bd9a4a543f6f395f0e53cfd6d9a198a,Gunshot,train,GROUP-8b7d60db637040889252597e83a9e6c02ecd4821afa243bd719bdf3209e5c6a2,,unverified_recording_hash_fallback
AUD-4d0b650734008efc763f8c89d7d29549ab77ba293ddcf3a96619bd640af63e68,Gunshot,validation,GROUP-2a670337a86ac13f61a228653801a83df44bdddca7035cbfdbd5603f497cbd13,,unverified_recording_hash_fallback
AUD-4d8fce39297f7451178f046d4291b90e92fd29258c94b5daa0d36d4a6e760b28,Gunshot,train,GROUP-76ac81c08aefd7efdb05856ef90987445adb5c35116e978d976926ea91917ed6,,unverified_recording_hash_fallback
AUD-4dc46bf73104e328c2d66b9065e246ef6ce8f9e9120cda22cc1c9665ae47d2da,Gunshot,test,GROUP-d5ef2305ec57bceb1af878e6f06756cf2f31a90ad092ae2edcae5d907d0d5d4a,,unverified_recording_hash_fallback
AUD-4dc5bf02fbee32b6950c65d0678ae2fe0ecc8276ee9176331393826042436871,Gunshot,train,GROUP-fa8548211756510c323a7ab97387340ba98f7196de82af6e3df508aa7f0ce5ee,,unverified_recording_hash_fallback
AUD-4dcf5eb6694e82db86b511bb4eeab955feeb5a71171a057c29847c6f1d6173e6,Gunshot,train,GROUP-6583b9cbdd8c9fa339916eca8e1be51d9ee0488550de41499441cbbae2b46403,,unverified_recording_hash_fallback
AUD-4e038346566fc38d0936cbd620bebb97d52b98b7013c613507389769d990c264,Gunshot,train,GROUP-9f9b2c75c19ad09771fd653030a592a9d8adf647a3ccc8ce52a8f3958a79c015,,unverified_recording_hash_fallback
AUD-4e2b2b64a33f51e0de58b2b1428188c603b0b24d24f578868aebaf91123a791d,Gunshot,train,GROUP-a559d052d2aac2a5fa344a2cc7af363005add9798d8e9e6ebc4bb2acf74bc41f,,unverified_recording_hash_fallback
AUD-4e8eaff354f52818bf437c068927e7bc565fe1252b4121f1d41f4b0a8ae4288f,Gunshot,train,GROUP-6e944d9e8829c79e42b9489842a44256aa143509920109b4c8d1bbf4d4dc1f68,,unverified_recording_hash_fallback
AUD-4eb91428cb5914963ac6374e9fa7e21973b86bc892c3051c3003b57d8b2b555e,Gunshot,train,GROUP-01792dfdf6811f3c307762de141ba6acf485d4b1ff1aebe022a48050875a9eff,,unverified_recording_hash_fallback
AUD-4f0ba84ec696609b28dc8a635a5e4ff7b66c4096fbf01aec17a750c0468fa810,Gunshot,validation,GROUP-28ccd55907fdfd4f42ffe2c710c480d934474601a9531899f6c9f2808db43640,,unverified_recording_hash_fallback
AUD-4f4aa51353b8d173f183ee1e540bbdfaa2e69d2e4a966d84b03e9b568f440a60,Gunshot,train,GROUP-a9dc7f8bbcd501e143082b1efb5ea2fd5d085d28f39b8a943111f0bbbddd5491,,unverified_recording_hash_fallback
AUD-4f4dcfed8fca82e561035c791ae98384ccb2d874ce68dbba9e91f25592b7d71e,Gunshot,train,GROUP-98747f7831c16defcbfd63e5c3106ba392cc8b67283b69edc8e8eef6fb3423d6,,unverified_recording_hash_fallback
AUD-4f8f32e65588d86f02038c782f3a2d35b279437d80a9bc8ad5dc1d8608a498af,Gunshot,train,GROUP-fb432736671850726d8b3f189ef9c9742470976f4403b82627b3553852ff4fe1,,unverified_recording_hash_fallback
AUD-5004f6b6b7408a35d7c2eda28fd19d836c6dbc1a503ad4bb88edfd4095ef8366,Gunshot,test,GROUP-152bc7c859a098ba2bc683d50a3b314835a16176c997d71e426c209e6e208a99,,unverified_recording_hash_fallback
AUD-50441b2b0d0a3a3033fb3c407bd0340a60154933276d9008e638fb6b047993f6,Gunshot,train,GROUP-97cff66682eec080a133636dc3cef50696027659afccd8d119d926a02ab4c840,,unverified_recording_hash_fallback
AUD-5099515563f30eeddef680047484c2115e082ca852b7f33a86806f840d72f529,Gunshot,validation,GROUP-9e4d992b04937d57d1291cd4c12bb59026a635e33298b1a31d080ba65486703b,,unverified_recording_hash_fallback
AUD-509fc6d1dea244f92b7b26667995021c214be03dd45edb66ccd329aa8331f2c8,Gunshot,validation,GROUP-cb4a63f099143696f9e79bac542528e88ef00c2dcc8f8d5a5e9a17c8c8033171,,unverified_recording_hash_fallback
AUD-50b398c31db7ce18b0e4873f5f1d2aea1021c5c843bcf4784c613cd578ba7b5a,Gunshot,train,GROUP-b815d9e6de0f266daa69e056f89f2965f0f600d8d08b4a8fba5240bf4019e717,,unverified_recording_hash_fallback
AUD-50bd8b3e6cfe4c5f05f3ee15c465f380047db7a2aa9295098c6c9076e51da89c,Gunshot,train,GROUP-165538a7b4a49fce450d0e454be3f21e3ca3dc8f4da5528f8500406a430ce19e,,unverified_recording_hash_fallback
AUD-510a249c86d4fa714696500d940a74b532d0baf4332c6c2caedaa7402651f1ce,Gunshot,test,GROUP-03e35c14d2949596c5c04994287574358de8e409e34069f9062065a995a45686,,unverified_recording_hash_fallback
AUD-514e67bad67dfc4b7826a90256857e959f6c56bddd2a05841583ebdf0963a845,Gunshot,train,GROUP-f2916ff46c807a5b6b235d44dde1913f32bc008e64eb1d7dcebff6512f1c008a,,unverified_recording_hash_fallback
AUD-519eed42217fac2570ec383cd6a61e12ef5ef2923d81a605994aa56749b4eaf5,Gunshot,test,GROUP-e298f288fda5b5616066e06406a5261a29d8e1a93cb62f391eef3480519a01e3,,unverified_recording_hash_fallback
AUD-51a9e55580d05934bd0b4c5d8a653536dc910dffd63c3a45b2ff022b0a3fefc9,Gunshot,train,GROUP-680a0e6aa6d78945a8ac4f71455eabbf8605bd497668a792686cc206081873b3,,unverified_recording_hash_fallback
AUD-51b5983a893e960f94f46ced8042e556396dc997cd3980f9150a3093cdbc3956,Gunshot,test,GROUP-0c58afca11318aa64c987da96ad698441d0ac5f9395876c7af4b790d7d159654,,unverified_recording_hash_fallback
AUD-51de8b79df4687fe0f767224f9807677b71a00b19a1289080230ac69c334af3b,Gunshot,train,GROUP-cab627138e6dc2c837bcd4ee8d9443658258efc55701b497e766b3367ea12188,,unverified_recording_hash_fallback
AUD-5214ff92b08e9ed32653530b919a2251d7cbefdb1664875305f7f9be953d4111,Gunshot,test,GROUP-d5d15e0914a3a1afa92fa2d332710ecdc0b49f0b3a3459416cbd1264901ada68,,unverified_recording_hash_fallback
AUD-5253f0ea2342b3fd4be9de5404385231985288a04cd73a45e5418ad69680fe3b,Gunshot,validation,GROUP-00ff6ded1a48c6f3863a1a0c44a17be8d0fce7270406880979b96616c3af2919,,unverified_recording_hash_fallback
AUD-5278aa13d740c400c11b76ffbd9c8d7e418f893be2ae26ca8de2fa1dbb95ecbe,Gunshot,train,GROUP-8bf6b13030f1e3c9c7d22aa597ff687b0894dffad580a9c28fb8841c8aec34a3,,unverified_recording_hash_fallback
AUD-52e2c8657b63d4ad79c1b100b2ff87b448f1afc8b6f198ce4f5d68bb23812052,Gunshot,train,GROUP-5cecc637332e8992fc67446f6dee420d9564119d1bd9330674943a0440991e5f,,unverified_recording_hash_fallback
AUD-52e65365e5add6d16ed031535a576cab8102bfa45984b7c1d5a88ededf04a144,Gunshot,train,GROUP-2696aa9f23ae249d58d5ef56f1256d2cd00b72304aa74d7cd4dfbb8521f34d96,,unverified_recording_hash_fallback
AUD-52f4cd08e11fe00a333869d1b150073682bef7160dd6626890c73d20acbb6142,Gunshot,test,GROUP-4aac03c8b57ab77f024ddbbb9d604f90fc8cd5e169b4b61802a5deec89ad4770,,unverified_recording_hash_fallback
AUD-530dfe8eaf66934c07adb09969c61226ad0a583ce4e301435ee70df8ece60769,Gunshot,train,GROUP-38272694118f83b702cc94ff4ad8c7f1f66ddbc971d6524c7d0a7cebe92ef6d5,,unverified_recording_hash_fallback
AUD-5310b59cc4d6bc4e029fac2866c79b7aa640bf77a6f9262acb0b862f5bdddb2f,Gunshot,train,GROUP-3d90cecaf3e76576af007a996702e1bbb373577b5fb7149bb1657e2e1b277a55,,unverified_recording_hash_fallback
AUD-53731f21edae9412528d75834527b744a1efa9e5b5199c995ca0b7b3faaa3c3e,Gunshot,train,GROUP-5c9b16c6d4b1c9d504af7e77f2c1304a3473082bab49517140c264996694877e,,unverified_recording_hash_fallback
AUD-5377aaf6f70482cfde15cfa4a00eccfa5ad7d57b83b22a95e5517c76eab14ac4,Gunshot,train,GROUP-4e0e6538d905eeaac82c8fff25712b9337dede8fe6b144b94045c39913d01c1a,,unverified_recording_hash_fallback
AUD-539758a616575ec2685954bfd6a6b9af963dd689d8c37c3dc2431852a0cfb248,Gunshot,validation,GROUP-c375448f843e07cac5ef2a91672be7e6f061fb422480044dd6fc6f36011fde53,,unverified_recording_hash_fallback
AUD-53e542cf7ec522d1e9c5ccd690635c170ee86b8284ab26400c7e933671dedf53,Gunshot,test,GROUP-3376165682a120a0e91390337e912801fcb447b9660eb0d42d802f2055127517,,unverified_recording_hash_fallback
AUD-53feabff39a90c2f8ef5f409baa2fbc469f527058786fa09dc3f4870ae873f31,Gunshot,train,GROUP-f1ecf9f85b0522039fc0138cfe52aac101630ad4d759213121b73807059f9cf0,,unverified_recording_hash_fallback
AUD-5411bf36e5ebb238d5a22df2434603b4473e3078756dd8650220d32523f67364,Gunshot,train,GROUP-369df4ad1192741dc43a23b30fe7680587dabc4d4a01566896c798a7030a6bb1,,unverified_recording_hash_fallback
AUD-545b7432ab8dc3d666a94b5234dc215861c23ab69973f724d5da08d3c77d30b6,Gunshot,train,GROUP-7e1a6d6525537890bc1929e9f268a9823ae846254f0bc116d5edf24d0586f1a6,,unverified_recording_hash_fallback
AUD-54651f871fe6709a6ce8869d1d053798e6c8e1d7c48905574e9cf3eb3c6b97f0,Gunshot,train,GROUP-25212282609d7ffd43a3b6028da0eb941daa30a8455782e272b05c79acb1864f,,unverified_recording_hash_fallback
AUD-54a5ef36b470319311034c701068463cc56e82208f871e4319166be6542e9560,Gunshot,train,GROUP-51a46a5bbb2fd23d9977b9ef77dd319474aa255e9dea2c5f0d871ee8c16b821b,,unverified_recording_hash_fallback
AUD-54e299d58b53a4e3ef9719c235877ef726eef10460c75fc61983efb7b84fe014,Gunshot,train,GROUP-e9248c38920da29511c7e909670bbb3149a6cfd55729bcd2aa08d292b0976398,,unverified_recording_hash_fallback
AUD-551baef3fa1a7015a340ad9d50e69ff074ca2ab2b12bec1f2afb7ccc477fe229,Gunshot,train,GROUP-598c716d20bc2414d21f5beb310e83c9bfb11cccf48e8032d4d2dc009e70448f,,unverified_recording_hash_fallback
AUD-552ce810067e131cff2b5d66ee87ba50f8872acc1afe2501b9f55dac7c8ef3c4,Gunshot,test,GROUP-8523bfc0e4e95aae46bae4ed19f136487c4386ab3f9d1e40a698399b37ee0a20,,unverified_recording_hash_fallback
AUD-5590ddc44f28f6bce082d3d259268fa9d46d57f81a4a9650fe72d8ccdb2705b8,Gunshot,train,GROUP-da8711a554a520147493ee7e43dae859c66f89e0a3b2f7c289fc0e3e258771e3,,unverified_recording_hash_fallback
AUD-55b4bfbcfbe1b4512541bae9c8f578974e088eaddc72bae399f4080e84b9a613,Gunshot,validation,GROUP-162a822db05c49c095672c8bf94576f9910762d6fd2c2eead5f29c457fa2c2d6,,unverified_recording_hash_fallback
AUD-5624e0ed196bcc607ef9e0e2166d890b1a4b01d8b11ed67f868f1936fcd32e8f,Gunshot,train,GROUP-d14b7c03affca485ae4e3d99004e55b7060ee24e92b68ca9d4b65dd9fad85f24,,unverified_recording_hash_fallback
AUD-564b8e4565820c7339726df27b6b090be2e4b48ad29f52cd89b03b1330610947,Gunshot,train,GROUP-fb558d6492ce5c1d7b9acca895353efcea665878b6151800c94b2169b399c087,,unverified_recording_hash_fallback
AUD-56f7a4760edf01bc9e2bd4c9a9439c191f550bc523e09cf2c4bc28ee52c551c5,Gunshot,train,GROUP-ab0e0e7f359467d2ef2e95c4753b071aca851e0ac76796c6f103284743aa214c,,unverified_recording_hash_fallback
AUD-577594f114b4307753cc4898b76d611898f0afce54f29a4795bdb67e1b1fa66d,Gunshot,train,GROUP-db5b7c701d63569f82376fe9eab7afdbd38d3d50dd0ef4361144340751636f16,,unverified_recording_hash_fallback
AUD-57b2033a45377ccb5286f59514aa4e4e1d182e87e4362b69626f4ead1248916a,Gunshot,test,GROUP-d9da30cf643fbcce1ac00f5964eb0ec22072df67412aed6925facca48d791c94,,unverified_recording_hash_fallback
AUD-57c815e61dbc41f17760830a64b45f9e41935b8fd8e031ca35bde41df4e25ed7,Gunshot,test,GROUP-c69f6547eb71e4064bf144edaf6b11d3b1e180443cb4c17d1b1e022563acc892,,unverified_recording_hash_fallback
AUD-5899b48a3da4e28c2e4a8a06a26162a989d4e930ee6503947fc2375a88c3bfa4,Gunshot,test,GROUP-879db4db3a4c65ed891e5c1461e17249c69272b8479a738843f889c056d9842e,,unverified_recording_hash_fallback
AUD-58fa53787df69f0d1ce77d583e7fa7221298e8a8d122bd66c954d273c374a8cd,Gunshot,train,GROUP-99b46ee5dba5b1e0e2176454719b5dd28f81e3a6aac60b6c30efbaa871749a33,,unverified_recording_hash_fallback
AUD-590c4f41c10bff49f7945546af97fc813890bf68f2d84dfb223270a3f02439e5,Gunshot,test,GROUP-8f6da1953e13fb0637c36178dd0cd8915aa00de9406ffec7021e3d602cfad830,,unverified_recording_hash_fallback
AUD-592adeb0918bb5a9e310c81f1dc14382e301774ac4534c4bebeeb5c0c952f2bb,Gunshot,train,GROUP-e28514833ea210e0b94c6634771fb2a2043f1a523507a7fdbfe677e84e61b049,,unverified_recording_hash_fallback
AUD-5967bf365d63702a1efd76a40358bac33c28421affea04b2ad447e89e821d124,Gunshot,test,GROUP-b4725830dca1f1f7650472b14f08d52a94be3469188ab85e0c3df645b05dbf8f,,unverified_recording_hash_fallback
AUD-597a8c9f0c4ef7eeda1f1792bc63a2915f996d42517b9b7f463825d10d3a5ffb,Gunshot,train,GROUP-815938bad1ed7bcbeae1ccba7a442ab850f47aa69d44bb9ecdff2a9fde49f9b9,,unverified_recording_hash_fallback
AUD-5a6873f7bbddc9c312956fdd0c8e75fc017ac035be2265c537a5491ad283d950,Gunshot,train,GROUP-7c269b515de95d0a98a5a0a9747d1faa404f43f5f0ab83628637e834f40dd8e4,,unverified_recording_hash_fallback
AUD-5b0bcebe24db0a75e7862a8b765ddb171b13b39f461ff1b97b254c20f18e4d79,Gunshot,test,GROUP-15aad6290b812b66040f2cd3c3954b8f68b0047bbe182009e7e72379c8000206,,unverified_recording_hash_fallback
AUD-5b478fe47267e9008d24ca0aae4f2e60b8034d3e65ba54468e2dde18df10b2ba,Gunshot,test,GROUP-abb25acec2d9338f0830eb432b9ed9134ade3cd5670ffce3de28ee56b4566401,,unverified_recording_hash_fallback
AUD-5b796217b17103b172f6a9c579c270b6c196e8fac4944bb0e0999fe0bb5e4565,Gunshot,train,GROUP-ca986b065fdd0ac83afe470ce41afbf20cc8c62bf238d9bff49aa09a345e1680,,unverified_recording_hash_fallback
AUD-5b87c1724419e1c68d9144b47883542834098697fff89190472aa176b57af800,Gunshot,validation,GROUP-8ad356f34607f575dcb0cf5e56080660346b873a26db2e2018d53c6c223d7132,,unverified_recording_hash_fallback
AUD-5b87e04d70145dbeaf90773ff1c5bfae7fe0b836010950f03ead86ca65d23a66,Gunshot,train,GROUP-149591295e6fc38bfc90c43f1e8188337110e0eb4a1252ccddfa167bf96b389d,,unverified_recording_hash_fallback
AUD-5bcfef29876fb25ae5e58fcdfc9ab4d42e9725a8d300aba88f75170900727886,Gunshot,validation,GROUP-c542263e915a4fd7c78c9fa4fc0980114f10bfa0ac3556c3cd65a4f6379c56be,,unverified_recording_hash_fallback
AUD-5ca5f6a53e64bdc7ba70d25631acd55a2c5268ac890531998ab285e77fb7d361,Gunshot,train,GROUP-c065db9b2c69b5b098a07a67f9e35ace4fdbf390c2eaa5bcb7da8e3a7b326e94,,unverified_recording_hash_fallback
AUD-5ce073f7e506a3ba92b88adf60d771a11d69e9a2966f85d2f2780cd3e8af663e,Gunshot,train,GROUP-fba34e3bcdb49a00c2ed2b449a22ee381aeae3ba06b8bd8deb4cfa6706bdee19,,unverified_recording_hash_fallback
AUD-5d54eba7deea2c68efd125b20c72125e08cc3a8e036d6faf2d24255a80919038,Gunshot,test,GROUP-80cd4143839f82843ca6b1bf2fddd63b134d059a7a29fbd49b00ba6b4bee543b,,unverified_recording_hash_fallback
AUD-5d8a3ac9e6dea414375223f14e4183f55cb02785c0e0276e72afd35bcdc19ff3,Gunshot,validation,GROUP-0b98e6795c9225d899cda210dadb2e5de9a451afe0e21cbe341c4fbde6437b45,,unverified_recording_hash_fallback
AUD-5dc36449beecdd5bbde4b2f962d6cccc5290f7a7c41958ac04e0f61c8d217b06,Gunshot,train,GROUP-9f7f7b2c87f97ac6f5ae8b0d378d0475625ffa8edb5f9614081823f3a3be571f,,unverified_recording_hash_fallback
AUD-5de066bb45ec5d7c68ec612b148910561be3c1ef1a972e35b43ae28fd3725f0c,Gunshot,validation,GROUP-7f888faacb2d06350d9a2f6b9e2c24b42f21cc6b9a3a7edd92a26465fac53410,,unverified_recording_hash_fallback
AUD-5e5c93d10e976d39ff13b1c4cc43fb88158835143b21fa99e087fcd84639660b,Gunshot,train,GROUP-e1d5abcbe1d4ed7fbe4e1c07a5f8f06084472c89ab9e8f23e6cbd02974607cb0,,unverified_recording_hash_fallback
AUD-5f130d89dfd4fadc03e3c33b0cecd15adab354a44d27807e43ae86fe5fe1f362,Gunshot,train,GROUP-f6bab38a8ce331036d3affb7f3b8c70f95dbf0e2ad7452107e2c4a362b5269c0,,unverified_recording_hash_fallback
AUD-5f8bc8bdc683cd7e9a91b6e95f2e8c2dff1f00a13e4bc7b800d2857de859b41f,Gunshot,train,GROUP-395af147bb97c1e33bee013e64a3d3cd4d97da930c20f4a7ddd2ae81d826f0cd,,unverified_recording_hash_fallback
AUD-5fc9ddad0338cb64193505f76a9e1e28200ff38773984b8f1e31eb6a010ed80c,Gunshot,test,GROUP-e8a5e3e14f412f0472503c3287cb5ede0fcbc3b1ab701d85d0388a2d3c5a71af,,unverified_recording_hash_fallback
AUD-60585702dcdec91864f8efa10efec2cf6bebea549745a39ae61f8a8b4eba8d82,Gunshot,train,GROUP-dc8e36256dae5403e87362f6377c821d7bc77c36ffd583cffbc89e2d67aaea4a,,unverified_recording_hash_fallback
AUD-60acf7c128b923bdc10749e10efb392ed855ae0e27cd6f65ec45fdf9ea737dec,Gunshot,train,GROUP-2a2377413f5d64c7ff506ca8b4496447b7aff7642214039ac04a904461b44616,,unverified_recording_hash_fallback
AUD-60b2dcf617c2ea094bdd923794b8212471c4c6eb8b879b8ca1b4cd9d00c6b34b,Gunshot,train,GROUP-9497e6ff60d6d3a54286bad83610d9f76c0f20c40e67f42bf767c443dd9ae3d1,,unverified_recording_hash_fallback
AUD-60b92f98b98113b017701326dab4e48be29fdfb0a7e9924c248b04f1cf5057a7,Gunshot,test,GROUP-c024cdd97216f66746c95cc4fb83216905cc059881be6fe404662933461d3156,,unverified_recording_hash_fallback
AUD-61102205b3f83a400498b02ad51b2b6a01294521027f2fad97ac78926c6f1db8,Gunshot,validation,GROUP-e900c7fd55c2be1e44cc3cea51c8355bae53e8d83d6e9d145a98e794469cac8d,,unverified_recording_hash_fallback
AUD-61f6b77be2332a68389041f5c75dfe4aa77c9ecd8c349473ab3dd5087d8f6752,Gunshot,validation,GROUP-5c4aa947ae0e338aec345fb6c8893b6d90aa87cee914c71b399741aa9f954c2e,,unverified_recording_hash_fallback
AUD-62a8de17fdc878bc00b0100646571e4fee4942ba01f4a8cf9dc2bb73d0f69f66,Gunshot,train,GROUP-2de06fd39a9a300de9800a10348791a245b71ac58e0153bf159c6e2ef61e1a83,,unverified_recording_hash_fallback
AUD-62c39deb80bfb0f5da74bd91fa1d5b49faa207efca7120293c0ea5783ccf2843,Gunshot,test,GROUP-a95576d0da8053c5041850df7937070e235d3e05086aa7f08d7d8ed454d34559,,unverified_recording_hash_fallback
AUD-62e19a958d4185961bc601d9f5089ae7274d18eb74f394fc8069a627cb9e0e5c,Gunshot,validation,GROUP-e5c6e9bef396f82809d0883fbd0b51a7c8b703b856c8cb92fcba259739b113fb,,unverified_recording_hash_fallback
AUD-62f381e7e1446a9f3dd9f189c18f9676ac52bd5abf3ce22d41a5f0aa74b49145,Gunshot,train,GROUP-7afdf76a338a1e3e3f921d3eb2f074ea16ec28212ae7f5e8448b9285177a4b33,,unverified_recording_hash_fallback
AUD-632f54a8995fb62a087f34437b5609557b2561063e0363908b38c65575805e58,Gunshot,train,GROUP-84542cfc108fb48c45634ac60669befd179051f45dcb60275756f63151703c50,,unverified_recording_hash_fallback
AUD-633f1c33d27afddb757317e8d3c73257e330c5ece9054e61dd2de821d39f7609,Gunshot,train,GROUP-96e4e4231be73433cd168f408209896bc2c9ceda59034271c71357791efce99f,,unverified_recording_hash_fallback
AUD-6344a49947bb8b374a81aaa3c6bf6f5d3be905ad40325e99dff50a9023774365,Gunshot,train,GROUP-1b5a405ff3df3733268b7531d6853eca2c1d36bcb06cb59556c1277b479196ad,,unverified_recording_hash_fallback
AUD-63569e743ad12093d9221daf8dedfc03330db49f665b1269f64bbcba79926511,Gunshot,test,GROUP-fa6b62d87959457f81aed072e55c53eebac8b568ca1268fddbfae4ff35b78fc7,,unverified_recording_hash_fallback
AUD-6372f6169b1ddc120dec5199f2575cf2bd9238a93dc5dda46e7e9d2364178e70,Gunshot,validation,GROUP-9cb2dabfc84739ad73f32fdd5140bad3af6ddb85c4be4108f42175e8245fbb8d,,unverified_recording_hash_fallback
AUD-6397d46901076c5b4ac27bc6e02b62660c803c808613b7df815deaedfe4789fc,Gunshot,train,GROUP-fbd581a3e0f68096cb19a74e2697cd48ec970c2684b60fdf47f935d1fce3bb67,,unverified_recording_hash_fallback
AUD-63a6bc67e337dcfbb23361a265eaf514f835575694d2b8d56e05549e4cfc2c93,Gunshot,test,GROUP-81abcb5f41b6c7d6e4d7f73a7d23c46b06f1e58398e89e05b3ec7723f2ff06f9,,unverified_recording_hash_fallback
AUD-641bf5039b5c06f1c44c35b9213220dea126f1ab7aa884d2677fba685cd21683,Gunshot,train,GROUP-994dc7f58e5c29cb1c6bd7afd267be19aacade5b89995dad639e4d8119474122,,unverified_recording_hash_fallback
AUD-644ec5c92faf47ffe39603e009e734f22545a84ba470e85df26c1bacdd03dbbf,Gunshot,train,GROUP-a0d5021c41e42161b81923f14e6e1a48baaeaf8ff9952ffcfdfb48d9d28b50b1,,unverified_recording_hash_fallback
AUD-64abf68737e55883ee596add0aff0fb9e96cd097ac46798aa1e92b75c83acddf,Gunshot,train,GROUP-683f20974bb75196d9b0c33d9956c3f2ebb2d3f3dc3e73568e099f46b0de2ac2,,unverified_recording_hash_fallback
AUD-64b60e0a5ca96dd1a4c97cb06de86cb28cea199685cc74047ca4c419227ce55c,Gunshot,train,GROUP-33b2389db2710dcf79f726d90772446499969b29ed205fed2f278d77f2fa4c21,,unverified_recording_hash_fallback
AUD-64b7f97bba3fecf1bf2ea8463e2f993955f741499fad191b76e0ffc9114c5bc6,Gunshot,train,GROUP-b22fa9475ec8628060f786adb3831ec7be7d5867caa9074fcf01ceaee50bb38f,,unverified_recording_hash_fallback
AUD-66919de8d74432fbf8c0d1523970cefcc451bc30e1c86e157fde4ad084dd4999,Gunshot,train,GROUP-52a0d6087afd817acec1f0f5186f332cc36092269a1221e803f31d3af6e96c15,,unverified_recording_hash_fallback
AUD-66c86efa6df4d151a3d991380ca8d86b6c54d7614e3ba378c97e950366032cac,Gunshot,validation,GROUP-612f4eb0b118f5914097da66ad97c6ec9296abdf59864ecbef0e102121a23d48,,unverified_recording_hash_fallback
AUD-66cc456e5614764fe473d39c983e89e504f9cadd421822852167e32eb3a395d7,Gunshot,train,GROUP-2f4c5bc2a6e1bfb7b638aa35942addfa8d08cb84048b381cb27059aa4d63bf21,,unverified_recording_hash_fallback
AUD-6700f3efbb3801ff0e2457da775f0f5812536080369065c314a5d04bbeeeaaab,Gunshot,test,GROUP-a857d560c16a78a6547c04e38aa322ef048c5ddc335236c4dea94e330836e4e3,,unverified_recording_hash_fallback
AUD-67c7603ebcc6e169115a84b718ef4a6acfb8711db24760686f73d146e6c5674c,Gunshot,train,GROUP-f5d71f49b3520d849e3650415ec29ae6863f0f526a2627082870bae3f4028f06,,unverified_recording_hash_fallback
AUD-67d83460545633dad0b330c4c1d15eb67fc333cd8e9aebe27beb483266bd4d50,Gunshot,validation,GROUP-82fb78c233007bd5b162904aed738a30a7bab62e7feeb92d0e9e55f0634f7c78,,unverified_recording_hash_fallback
AUD-6856e65221dbdf2d2180eb45ba517eb7224c10f2e29e7aa117b62029c8d38198,Gunshot,validation,GROUP-8bd8cc6d91683e184a40455a755d91358797b7d4fd1bc9f12443c15dc46836dc,,unverified_recording_hash_fallback
AUD-69087c7d8ac07bbd29f2a79614db7b9d1e43d1c6892595f2208f968ebcf9fbef,Gunshot,train,GROUP-e99dba5295cd5affe1210b936976a6ecf725ed25cef8ece18a1606fbb2cfd70f,,unverified_recording_hash_fallback
AUD-6912328a1517335b8cc60c7037342bf0d00a813cd8d7140436d0945fdc24261b,Gunshot,train,GROUP-634f0dccc2c3fa60f10ba1eecba4514e4f6782be63a88ba463896b2638cda283,,unverified_recording_hash_fallback
AUD-691e06ec2f75e3401479c9b62fa3bd0ee351d392372f3d4a5ca994a67c59e822,Gunshot,test,GROUP-91a2cebbfeb725bd098f4a08066d2b46e3bdfd5c571fd0531a8f0d249d9a649d,,unverified_recording_hash_fallback
AUD-69711a96655f5cf5bc5b5821a9085ee6ee9780fcffacf8b904c4b2e9ea47a574,Gunshot,train,GROUP-b89b02dd7457bdce2c124256e639a28f70f9da03f1042ff11daac47be7c20d46,,unverified_recording_hash_fallback
AUD-699e0aea865031a6decb66cc991a0c4b0d0d2ff4d863bd3e00d011ce9f9347fb,Gunshot,train,GROUP-509d33490ae5e2bfa30d190feb1465b80610aadf60af00f313e1a3f35739cd10,,unverified_recording_hash_fallback
AUD-6a05c75d729a3f62c372151f66a0ca525ab36a7ca1adc5f933465f13689b101a,Gunshot,train,GROUP-b337daf9c5390d115efde38c8f13a653b89fb5d26ee637ae15a21c982f630a0f,,unverified_recording_hash_fallback
AUD-6a089de0f987127b58fdee7a2e18ee7ef1d446cbae981d064edff0577cbb5f76,Gunshot,train,GROUP-924e262be08658532f8bfaa5eecc4f2f89055332f6a6e2c62ad7b20c208e555d,,unverified_recording_hash_fallback
AUD-6aaae734af5432fd43af40010413c80b8c6c53815427652627c8841ed2bf3704,Gunshot,train,GROUP-492379efa670c662b8e28827edd8aee4f60883e52142e60d8404c8c0350e2875,,unverified_recording_hash_fallback
AUD-6ab4d5cb986f3418f63f373df28c3a339b321147c3b2d389263723695f613ee7,Gunshot,train,GROUP-3b5b6486f7f8825be65ce9831b1e747a6f72e5e2af3fbdc8b388e272930e91a3,,unverified_recording_hash_fallback
AUD-6ac51e131cbe6082499f5f18fadee62e6e5bae05c470e34e32f8b1729fd71816,Gunshot,test,GROUP-48090e698b0a1c9591a65ce3550f77e5d57ad43aae4ae77f18747a673e538c5c,,unverified_recording_hash_fallback
AUD-6b45c29eda95600a27fbd345d1b2bf2539b67dea9a8a4ace66f0b617c3974f4e,Gunshot,train,GROUP-f09f12804bc425394fb43a0eef192b9ff7067a170c210f2b44d487016c4ce38f,,unverified_recording_hash_fallback
AUD-6bcbb9796083e8b299a4dcbc2d8f0f2737d2bae3b6ac59749abedfa923c588f3,Gunshot,train,GROUP-236f9b49e7a6a412493dab1c864925508ce11fd7b188e61284552b83c08d770c,,unverified_recording_hash_fallback
AUD-6bfae547ca5c5b3b34c51cecd3f830cbc057e68a67089b3a41cd261a6ee6ea22,Gunshot,train,GROUP-f4041c8611bce8cd87167e37f19b12a7b19eff2188327cbcf191991cfdb99d34,,unverified_recording_hash_fallback
AUD-6c37a548a0e04a4302f38f635b6c057e2da9aa452ca9e31a63b9e1f4d31067f5,Gunshot,validation,GROUP-74b5112bbf159e3e73e3e4bb89c0b0f56d2e8b7436904f3a7a466c0a13a9ade6,,unverified_recording_hash_fallback
AUD-6c40d72604ddb987ccb0fbf51f7155900a91088c490da6c648a25ca852c2e101,Gunshot,train,GROUP-c4168b005278cb8b3265b7e22518c704c29a9e203d3a7cf1571e3c96198074fc,,unverified_recording_hash_fallback
AUD-6c428dcbf84344b01d208e5f25a63747f4523fddd814f2449e13ed42d42f5cdf,Gunshot,train,GROUP-431dfd7caac157fd81c21e94c390b1782a1c90cc29171ad5df669175bbc77c8e,,unverified_recording_hash_fallback
AUD-6c5bfdbffdfff6ee57569f730dfd149ae34e6b2ed5c07f0ffa360c7d25948b4c,Gunshot,train,GROUP-3eec6d8269a56a9c57b8d12699e0756dfaa8a03cde51b3964efe12f34bc3601e,,unverified_recording_hash_fallback
AUD-6c98f5693e30baddc8b4a86c9e32cbb6b87c4b35cf18cadf9ca4d84eb975cc3a,Gunshot,train,GROUP-b5b224ad2e798193a07703f71104106c7e28074ebffe0dce8c9854a21ca54430,,unverified_recording_hash_fallback
AUD-6cec42ce23432a20418b9850766aee956cb821d9553994395dc3f29260451eb3,Gunshot,train,GROUP-ea4bd85e4944fe76ce69cf89c0410ffb407654ea077d983611473b51559e2d98,,unverified_recording_hash_fallback
AUD-6cf7d506d2d97b64637fef3ce85e82611267ef0ce3ce5a53851d50e8b41109a0,Gunshot,train,GROUP-40c4a4aa69f038b07609ff88b0efeb6c471ae92eee0961b84a470b71165105ce,,unverified_recording_hash_fallback
AUD-6d69cfe7d3cb713c8359964bb810c58f7f1229eb6feab1ef811b119e4c801aac,Gunshot,train,GROUP-561874a2aa2ef3fa6578c3b0d10aaf6ea469944603f3b828cdb5757ac714d779,,unverified_recording_hash_fallback
AUD-6d878bdd8e6bbb8c60c7fbe005f74d5f25f2045f183b04aa4535fe3ba47df121,Gunshot,train,GROUP-304e44b7c596514d54fd4444e8e1fdd3f67b75d2b454ff5cf836cfb16e9bde9f,,unverified_recording_hash_fallback
AUD-6e1db59d36e2795b410cafd3fe54a34f279b3c910481345bc6dac474f5c01a7b,Gunshot,train,GROUP-726544d8c20cf83b051e6333b539ccd5f33cf11fabb68c412953803d53436c99,,unverified_recording_hash_fallback
AUD-6e96a5dc112d9399693412a902b92e40f47762c2667ea3b5f260050978f907ee,Gunshot,train,GROUP-494ee1a6c6c719d43c3370febd57509167da0ac0c99d6c7bde042c37d1c73b6f,,unverified_recording_hash_fallback
AUD-6ede32509235207a51f391b0ca792c7148cf654f972b72276481cd168f48d021,Gunshot,validation,GROUP-31d6f726a1a5f501aa9f9adde766677c9ad99d775141cf63c82990e797b2bb83,,unverified_recording_hash_fallback
AUD-6fd53388dafb04a1d4f4b0e06d8da4475efb008c702ae167296dbe800533434c,Gunshot,test,GROUP-cf93eea2b45c5773cbcf44f5bc0f15f070542fdc4d877c7879c036e25731629b,,unverified_recording_hash_fallback
AUD-6fe1fcb45cb2a7ecc52ec801a1d4899d411e9ed18ddc1f58607f5adca46b06ef,Gunshot,train,GROUP-55ac90faae5088d25b16cc19dfff871ee24ebebbad1384e88485fa86273b9609,,unverified_recording_hash_fallback
AUD-703b82cfb743e7cf10efa9f3d828f69f7b100311fe284bda20bb79d6331e182f,Gunshot,validation,GROUP-a06d0a1c827104d75abeba71d8e8a9e9e885ab32849aa20bdc900e642e9bef0d,,unverified_recording_hash_fallback
AUD-710b87dad374e1b390ee5b8f9bfffd5cc696fe090a351699a5ec9e255c769aa1,Gunshot,train,GROUP-ebe1bac27bb2c7a72d89f44d5dc5c270f768038f6f5a2ae0573dbf1ebd962557,,unverified_recording_hash_fallback
AUD-711ba17b6f2197c07b1faac30a7747b4c7b5ae33a4ef494642df818ef2103ee1,Gunshot,train,GROUP-a25846ca462e9bd24b0abd569606efb548305378e110cff47bf33f7c9838e29e,,unverified_recording_hash_fallback
AUD-71547155a4c70e5553cd8bfe9ddc49a89a0ca886f0a4e9915d3dec0fbb677ffe,Gunshot,train,GROUP-ccaa2c634a8a6feb5e4cc3ada3309ced3bd3d6303e5563d1921fc16495c964d2,,unverified_recording_hash_fallback
AUD-719ce84de1e12988745ba22d1707ab797fdec2c9ad0a6737dfeeffc2b5eda8de,Gunshot,test,GROUP-37a4c4d64f680dc583bed41f2781ced23e9bbf15cf5714d009407c73f48c80a9,,unverified_recording_hash_fallback
AUD-71c2e88df5258c1cf0631322c0d2db56ead1f3cb6d91356a072f7b137dab415b,Gunshot,train,GROUP-c306bd1c470c11052595a82c7955538d2baf9a4ef1bab9b9b877e930a703d902,,unverified_recording_hash_fallback
AUD-71fcb233837cd1b2c0c78a865716bfacdbba12e90f49d2250d6b83c42a287d0e,Gunshot,train,GROUP-acc993556c66a1cee4b87d1025b1bdafcd1f1ef38b77c18b625d36b9c8de15cd,,unverified_recording_hash_fallback
AUD-7268d6816cc38d9187f525f531fb59bf69d12449e35cd1010d1fe12b88163b79,Gunshot,train,GROUP-9a56ebc5be05a74707f96ba4bcc48829103855fad1ac55cf0e870a51cf5e92b7,,unverified_recording_hash_fallback
AUD-72c19a39334e8f67c7c3961c7f9f8495ea5c0d7d59c1a62074007bb8ca8ef011,Gunshot,train,GROUP-f138feb3c17676a96b8182bddee5503be7ba1fc19e1080164c1273ca67ac10a6,,unverified_recording_hash_fallback
AUD-72cb0b2012798cce365a7e442694dccba898ab5ce8f5f203b8f990843b61f1db,Gunshot,train,GROUP-56fd4ae03fe733f981aa260b6925c41de0f69cebe362ee9b9411148313807da5,,unverified_recording_hash_fallback
AUD-7356fbcffc8f1d645e714ae4e11bea4342ec3b708e0caf0342af8dfdb26803d3,Gunshot,train,GROUP-96e84663e23284f5e477d9f8b3d09e33789f8dd7d04ee1137400d1ea2e08c928,,unverified_recording_hash_fallback
AUD-737d5db6e840991c9e9213186e64a1edecea8ec0900c9f9b0ed58e1e4b573823,Gunshot,train,GROUP-630853e4122fa79eedaf089e6b4a322fa928d35b4925f9c332e9e142fa21f2b7,,unverified_recording_hash_fallback
AUD-738272224ebd996a942bf341bd8d11aa17d17e7f58ae7828f975483083149910,Gunshot,train,GROUP-b83b74419593c46c9652113c7228402493ae33fa2ef44ab12fc3f489551fa7d2,,unverified_recording_hash_fallback
AUD-7389a2b0c853e3819dbb74d29289f61d68026b40fac1c80d56568c0fb3d39516,Gunshot,train,GROUP-b6e4113d1b3e2d7c36d07b3e7d848b7f6a81783b373884e6f9f3808bac525ed0,,unverified_recording_hash_fallback
AUD-73ae5bc4ea36d3e5b23fe573b23a07b98e50700f9e0e46e1e8b9005c3600b238,Gunshot,train,GROUP-fc61b4851d39e23e1b5c85b6c368c3cb4c6078221a0a58b23c45e22d9acd7eb7,,unverified_recording_hash_fallback
AUD-748066c5bdb2a12d3e9a388432bd408fb697a8b7877ace7f14be3b52f9e46d74,Gunshot,validation,GROUP-8a2ef88cdf0893aab39068ee375ddb9eac65cfdcf82f595061d595ff9e0779bb,,unverified_recording_hash_fallback
AUD-749b3a17da73e1b680536e9639b3a9f3dc6ba2b226376e27cb1db632dd8d9065,Gunshot,train,GROUP-c0516a94bd54827cc2648f4f36be29ef2cbabae339f17f953003ab486dcc430f,,unverified_recording_hash_fallback
AUD-749c4676d289b83f65d2d7fcf82828c0e17ba71de9a48441de2e3938ebc2778b,Gunshot,train,GROUP-309c6c680fab118e5b16159ab28b2bd882cea9fd65057a49775c48ab0bc5528f,,unverified_recording_hash_fallback
AUD-75f3a066d20763c990a496a9b518583264a082879f9585667c3db09cf6c51f75,Gunshot,train,GROUP-63d26bf1981443011ad4579a1742c215e6a9806a247027a95d69eb3c8c6cbe28,,unverified_recording_hash_fallback
AUD-7600136f89323c1e3229c81a67e55e32ce0a00e710253835a05934c78c113915,Gunshot,train,GROUP-fff9b7855bd3e91c94204286768f907fa2085b110b9cd8b991e72f1e95bf3ca3,,unverified_recording_hash_fallback
AUD-76154987dcac776ac4241a9d8283e691387ec42de9b281cc0f4bcb4125bb7bb1,Gunshot,train,GROUP-40da6af681699ccd659df3713359d3f520f5e627409954154bf52a41e0733d03,,unverified_recording_hash_fallback
AUD-762c503c81c4fc79bed48e98d7ef85ee711f624f0a2e0a7168a4fd944a0779ed,Gunshot,validation,GROUP-bca79df5d01bf2cc327a346f9652d5bee62a9dd51f4c89981abd285e3ca3bc85,,unverified_recording_hash_fallback
AUD-77034d4cf055268f5b4e1fa7629ade0d75572e8adfbbf24734ba26d81c0cbaab,Gunshot,train,GROUP-9963b145db365990cfb6a8ab1b03ce28760b628906f84db5f21850db6b46906a,,unverified_recording_hash_fallback
AUD-77b20a7ada7b3f0382a3bd1482bfcf73f9be842b673bdd17f7e716146b5e8acd,Gunshot,train,GROUP-b765948f968ca92b17ee0bfd8acdd021ab56b5a6ebad21d7eca043366963c927,,unverified_recording_hash_fallback
AUD-77d3201a612b676b48eb39078ae42976e2f3359d0d5f0423579c6d7e0a91287c,Gunshot,test,GROUP-514b1dce6fe1ed3a94362727a516850496d1ac026bf00b304fefc685d0ebbfee,,unverified_recording_hash_fallback
AUD-781def255030563e5e8ae6d58136e15f247e010d36f4b7d56dd11df691a7de2d,Gunshot,test,GROUP-6bb25c8f323887f9a1613169b219d022103f026d99fd997110c6af0b97616de8,,unverified_recording_hash_fallback
AUD-7a31a31392c9e636edec8831d9124bdf396b92aa08f33341dea9f93a45fce86e,Gunshot,train,GROUP-094ad7ac9671959d908637fa1b895dddebeb8305f3e43719df94e76986f26524,,unverified_recording_hash_fallback
AUD-7a98fa793291d07d8cbcb96fbe8821479192404453cf381e7c09c201c476b68e,Gunshot,test,GROUP-1a3a4e70b3495143b4de6841d2d5add721ce244fbd7689608d8c52020a66fd67,,unverified_recording_hash_fallback
AUD-7a9cecc7756a4821b9a06d4e194138d0626253eb09b0b3efb9d1f70177a3d70d,Gunshot,validation,GROUP-5713231f163f7466b4ed1d4604ec11fd83e0fddd38ee4cb910ed830acbff26f9,,unverified_recording_hash_fallback
AUD-7bc2f7349119efc4314b6f7674515e584d4696a02ed3f148d4ddee6b9583365f,Gunshot,train,GROUP-698ab8471af4c5a5b58a67d1d7b16750df2427028e5cf004c1cba5222c03bf89,,unverified_recording_hash_fallback
AUD-7bca2570e2267642a81c428eb83ba44b96e49691040e7828487469ab005942b8,Gunshot,train,GROUP-6f8d91cfa57b55e8164dd625954a1c71ccd42be4575fac13d34847f0c4c2359f,,unverified_recording_hash_fallback
AUD-7c1ea2ef2363ba1dd1bcb617d22e8dcc575d1c2c898b1acfe60484d06825c1bd,Gunshot,test,GROUP-4c4394989c12c991d6d5fc4cb7e252c99ecfd144507d40921fffcdbd2e734577,,unverified_recording_hash_fallback
AUD-7ca8da1d5406811d44b39170dcf1c64ca46339fc70ca27dae0737e47e619e917,Gunshot,train,GROUP-8dc632f1fcfdc1aa04500e19a4423e6dedeed4a6d8d4e071a87201579fb9eca8,,unverified_recording_hash_fallback
AUD-7cb942a15db959c300af3672f6e04115eeac12cd25309a05838486924fd6a368,Gunshot,validation,GROUP-9ca7fb20324d72650ab2f385796983452ad27bd1c745c472e5f51ad03d3cb440,,unverified_recording_hash_fallback
AUD-7d3fb3d9ede89b1e3e2400f0c6643a3419cf3e0f2ba037485a7930abe71a212b,Gunshot,train,GROUP-a02513d4e207a744301d2decbf53f012e323ea9ee3c1302a4cbe17ae1468e2b3,,unverified_recording_hash_fallback
AUD-7d44e78e7db86362e7aad28596b2913a575ef1fd917d55626f1f89aa7127c163,Gunshot,train,GROUP-d1f4a0d6e1648f5670be9537988d06dff5a7908864e4ba3be574508449797091,,unverified_recording_hash_fallback
AUD-7d6c720ceb43894f186d87f98cebbe0ac697fef32911d275b4d5be876bfdb755,Gunshot,train,GROUP-73448b93cb166f1ba90f59f92d29b10e357ad0d945eed1b537b70526c63e8a22,,unverified_recording_hash_fallback
AUD-7d79b4b888ddd4c79325e84820f03edcda1c79adcc11fd277cfa4bc79b734bce,Gunshot,train,GROUP-f5823fce66581ae1102bb1df23630bc05ca3fdbc93d0a9a06a5c0bba2374ffe6,,unverified_recording_hash_fallback
AUD-7d9c283536d6bf6f011790b5a7d927487fc2f92d21a4c9e054dacf830e508c14,Gunshot,test,GROUP-b1e02b6fb4bf6ca0641bbea2c6237e95e9617c0da799dab37675ccc08794e65e,,unverified_recording_hash_fallback
AUD-7db4861482e1f1bc15f4760141d77d5e7f6213443c6d7d54e6f067d326a85c16,Gunshot,train,GROUP-904b624cb30821b6d4f503a1f87453f6f14bcb72009d3ab68091071755fc9be5,,unverified_recording_hash_fallback
AUD-7dc12d39f6127b888e864f44a9eef99c0756f8962bfd74c6157cbb679a760112,Gunshot,train,GROUP-4f0a71a026fd4746ac9bb2fb58b3a21ecf5a94e9eda68304aa08dac1110f1abb,,unverified_recording_hash_fallback
AUD-7ea6cfab885c8f8d092087e3213a97afe427fd49484c91656517c0c9da02d41c,Gunshot,validation,GROUP-a0d6dfab9b3570881c28abee205802265016ec4a21628386eb487e670da56063,,unverified_recording_hash_fallback
AUD-7ea8af4801956436c66d7e77fbac608275e6ec36fa7a98c1ac94de8e33224ac7,Gunshot,train,GROUP-a73dbcbcb7ff7c9ea03077cbdd9d7e08fb0fbe8ec67f2911b108d0f2da9f379c,,unverified_recording_hash_fallback
AUD-7f149206bbd0a248428fd99da70a6673026e42db76ba248241c0146afb106c74,Gunshot,train,GROUP-2c8113c3daf36cdfea4763a7fdc7e2c5bb55a30b3e9bc42f3dfd13c8c9d23c2f,,unverified_recording_hash_fallback
AUD-7f407b6c32cd06c8c29c6d0b95973a0cd95f3eed68b2589b7e41830a7fb7a2f7,Gunshot,train,GROUP-5cf95c965ffcb86ab1826ecf2dd417f6c8b6105d15d680284ab8b7971de38522,,unverified_recording_hash_fallback
AUD-7f4d4248da6091fc8f580b209215b779af57b0f5ad72c7182e5b4ed3690d2a69,Gunshot,train,GROUP-b59ca7c0d46ffd1fe8a2acdc92a213387590cbfcbe084009a4dfef9e49a83b21,,unverified_recording_hash_fallback
AUD-802a6dcbbb0cf1d7f4bd35145ae233632d77c121e2487d70f00e5e7226a66bc5,Gunshot,train,GROUP-715199c9cba6c8e8bc7421feb09c978d848da87357695f7cbcd2b94f5e223da8,,unverified_recording_hash_fallback
AUD-810e075c79f32b1328c6f1f07f3d36e70fe9fca3a441e8392150165f5fb39a29,Gunshot,test,GROUP-545797859ece9b1876cee337823ff79aeac8e86fefc01bf8252c5453583d6326,,unverified_recording_hash_fallback
AUD-821d942d348efc48cb2f3063d4a2b10856bfc3eb0239c2933397704e7856f337,Gunshot,train,GROUP-2350b4b361692e002fcf228fc3962379075abc1fc2ce6492ab9ba8e4b079872a,,unverified_recording_hash_fallback
AUD-82e319d324885a33ef2024805659f27cebe52a194b368924ff5c8b0bf6ade0e7,Gunshot,train,GROUP-93733f82a4a362a1532cad67757133018e3e7b41c2fd299076d385ca1a2e150f,,unverified_recording_hash_fallback
AUD-8336e132ea51814fc176592bbdc878ff0538e7ad5f84cf4f79445cfc8286d4c6,Gunshot,train,GROUP-29626b61065189a937f33969e8b1f5ec69e99bda88009135252b06afc13d1df9,,unverified_recording_hash_fallback
AUD-834c65fc2771be27c0a2bc1303b66c7da4ab8bb385440c3b12afb95e2698eaa5,Gunshot,train,GROUP-9c88e0c4ab425d4516453c1d63562bff4da6e719c38f8d4d6d015c61df11faac,,unverified_recording_hash_fallback
AUD-83dac6a8343c9411b15f2d171f8f2fae35504256e1abf3e54362cd3b8e579ea3,Gunshot,train,GROUP-f220f8188c429dc3475bf021b1e96cb4a81dccda44838161e6616065548a246b,,unverified_recording_hash_fallback
AUD-83f5f94b225c6b49ca584883eb71a0cbb3ee33d1a5ffff13bb46f45a088fb893,Gunshot,train,GROUP-0bf104718edb7990096843a4c7e3d77405627df2e578238a00e885e37410e713,,unverified_recording_hash_fallback
AUD-841c60012720c0d478896fb0fcb5376bf8d352306201dd9817935066b7675d31,Gunshot,train,GROUP-2c5fb395b6fa6f484c2c561bceb45ab55ccf93148f71c94e7d126dbc06e9ebfe,,unverified_recording_hash_fallback
AUD-84248eeeb2fce473d1e3e686dd79ba545b0c303926ac36fe4ac4916af2638318,Gunshot,train,GROUP-61aa19205173c63c74e4490d74ef5a639ec0135cada3875f870d19eb6f2b1a0d,,unverified_recording_hash_fallback
AUD-844f94d4e8bbc4e70b36c9628b29a1ba52af1286186f413f44bb8fd3e82007c9,Gunshot,train,GROUP-83af3f07573dac1fc57c585755e70057fbcfe448e5b9fc648e720e8bc244d3f1,,unverified_recording_hash_fallback
AUD-849543f4c71381404e183a76eb06cd45ec4e3c2e439c0803e73a693d2210636e,Gunshot,train,GROUP-da2874df2ec143d0b9ba164cc6a81217275342f87a2e9a69664c6fade122b388,,unverified_recording_hash_fallback
AUD-84ea739d6c216b9861414866193ab74e32e8219a0a2264ed04956c03318c0fa9,Gunshot,train,GROUP-d4dd8624c65038a9cc97d9eb51ebd49904bbdda1aa7db461a1ab1cf6e00f3687,,unverified_recording_hash_fallback
AUD-8506d75d7f7aa72c1189b00780bc336511bc9c63e2de7262fc55e507a91d39b4,Gunshot,validation,GROUP-cb3fdce24e3cd1f36d3efb9586d4e1c9d634bb761f49c795a7ae72ed7cf5e6e6,,unverified_recording_hash_fallback
AUD-851eda8c92c0113d59d60710a4770c88fe741d18ec4201459acee9b21a3d3ac1,Gunshot,train,GROUP-559724e55e4ea405ec1684af8eda05df9ae1e8078bb58f671c6e8ec6766d5efe,,unverified_recording_hash_fallback
AUD-854b761024c11bf6967cec8dc2ed1c70b030e02055ff902f97dce14ada6e73db,Gunshot,train,GROUP-378480e479cb6c943488318bd19dcc3bef870f3de1948aa69e61ffd28b6db8c3,,unverified_recording_hash_fallback
AUD-85863f9b9da1c3970b87d2cb3fd06c3f91db276590adf54ee607899edfbee8e6,Gunshot,validation,GROUP-a8e3adafbbe9ca40e4a0d0ede4f88f6b34df005171bdce6017e0d455274d3595,,unverified_recording_hash_fallback
AUD-86553bfd2caa9b7e809c673691b61571bed4418d7e71d816604e511b75a79f00,Gunshot,test,GROUP-cb91eddb823973c37dea3ece574f52eed5493b9afd354d185d32610972c990d2,,unverified_recording_hash_fallback
AUD-867c56592d2f01c88a9641ddbec2a5ed537cf593781e6382462c705c19f44af9,Gunshot,train,GROUP-fa58a308d2edec7fef06d12846d436fa3f3e22497bb60872c21311b0ac876428,,unverified_recording_hash_fallback
AUD-872875d7a8f6e7a89334cad1707d0f3113112da709847b90e178e2d31b366c6e,Gunshot,train,GROUP-7fe013f1d25400e930b137841a774587d8df86bf8d2696ef734ae79bdd14145a,,unverified_recording_hash_fallback
AUD-8782474f2248d957fdfd8d876226fee1d7ba7bc30b3dd2b9f91208abb7a0fb2b,Gunshot,train,GROUP-8f2a11db9497c0c106d743f9a92a7211df1857ab25ecc4c611a918e00a67a671,,unverified_recording_hash_fallback
AUD-87905d0c3ef1f834809785870dfce8457e9870128ebec9755f8e78b541efb24f,Gunshot,validation,GROUP-9266d118afa0bc8b65dc76d43588951fa1ad9165ca667f684aaff7199efe195b,,unverified_recording_hash_fallback
AUD-879a0e4699844c652b9382f32fe20066ba60ca0a8bcd0859e9e970a5dc85af28,Gunshot,train,GROUP-5939085f3618d79114262f9026bd26fd66a7c1b2367b412264a6a10320e14922,,unverified_recording_hash_fallback
AUD-87da41da3cad4559b8582d7d2a0955d7f545702fa9ac9620623d31fa9c742e71,Gunshot,train,GROUP-c25c7e1e6ee582cb992cf6d92fd4f6effdd850824716cc355ca73c0d918fe4a2,,unverified_recording_hash_fallback
AUD-88816edd0d4298a79282bd3b612d1dd4557d8c61d840e4f9d9f21b5162158a94,Gunshot,train,GROUP-05dfb4a35753d0cbb62c332c6ddcfa36649fce50972bafb2e861fdc582bbf493,,unverified_recording_hash_fallback
AUD-88a37fad28f11034ed5cfd82f57965b96a67feae002976ba587908fc06c1c192,Gunshot,train,GROUP-577a9f9e2874f96eabaee304f2bea0d7e476150a8a12b25ec485bfcff1157415,,unverified_recording_hash_fallback
AUD-890b5032e4d913464db9ae0ffa54abe1439c4593584063ad5c0f9c67722a6db1,Gunshot,train,GROUP-cfd16d93fd032fefff0bc957b80f685b09d7909158363533683f5ba8acc01fd1,,unverified_recording_hash_fallback
AUD-89464be767cd35fa148679411a722fb05d119a65d9c5c2253000ad3508345c63,Gunshot,train,GROUP-f78a2988a2459d4a923375eb680ba5e641289ef1c277e2e88efdd1ed05c3c134,,unverified_recording_hash_fallback
AUD-89db52d64e48f37ad8efa2f5c9f7dfbd64d7361075705ab206aa0dc7128f3d6e,Gunshot,validation,GROUP-cd73a01cb524ee8c585c5f3d7fee73b145256e1836997b12ac36ed838b4cea0e,,unverified_recording_hash_fallback
AUD-8a579f24a4d4c50517e1f55dc5d92addb661797f30e4cdfb05bbcecd773e01a4,Gunshot,train,GROUP-20ff5066e469476eb285ea74c0dc9d196544c90ed1954364926e9cac6637bd5b,,unverified_recording_hash_fallback
AUD-8ad1cc1ff3ff1fb22143b3dbe02c1466bfce0122805f814c286263e27fbf6401,Gunshot,validation,GROUP-631105bd849bde5b95ae62175cb482fb0def164d68e03f2dfe551903f88f9400,,unverified_recording_hash_fallback
AUD-8bc3c3407b239924b413b7c418037465c34cd2cec1747d6c0af95f69e4d57e6e,Gunshot,train,GROUP-f37fc70f672d2ed2e2bec13f0c1c03fdfd3f9cd8ded5eced72919c2579f15b06,,unverified_recording_hash_fallback
AUD-8c041d798e41c121b2d50b644d430aa4089917d930995584ea35ce2faa07f363,Gunshot,train,GROUP-bda8643f0d8efc1dd7249b9718b2d1b8607f23936abde630edf9fb1414f4313a,,unverified_recording_hash_fallback
AUD-8c4b153433e28d17371108aacc219efd786472ec7c8dcb5c6ede8a3207299c95,Gunshot,validation,GROUP-7cd169898f4be8ec196886a6432518390882072b61aec469cee6e025e3aaa326,,unverified_recording_hash_fallback
AUD-8d52af2eb457c8f976100bd259700d519529c7ff305385f3bffcf9ee9f9b5a6a,Gunshot,validation,GROUP-bde5efd213cc930fa240759526dd9a128b2eca01b6040cdd4dc928828925eb5c,,unverified_recording_hash_fallback
AUD-8e23a8aee82681c30ddcfc1e5df31f73f9db4947d31a8ea2d5b2504d6ba07a2f,Gunshot,train,GROUP-ba8f4795ee01a3aab17a87adbacb80016803bf3b60f60f73bb137cf1f5ac6efa,,unverified_recording_hash_fallback
AUD-8e26170f4e614ef96e04ccaddce61cb177ebb45002ce1c17f8fb17c3162770a2,Gunshot,train,GROUP-090c25613b51af8419e071e4ac40bd092372b7900723b6c20c9d3564e4461493,,unverified_recording_hash_fallback
AUD-8efa759231ab0bbcc5478d3457ca537486fd36a9ccddaabf0898474f5cdd4fe4,Gunshot,test,GROUP-139bf9dc2f3f50b75f908929cf99f05405d00202f7e2bc4a8d96d4f49a84f304,,unverified_recording_hash_fallback
AUD-8f0081323dd08e00014df7e9269f8b4cfe89c7a85ee3c4f6d1e8defe743e58d9,Gunshot,train,GROUP-ba40dd52742099379c9f9f4665b94d701369b92f127bf0446e707d3bd4779d3f,,unverified_recording_hash_fallback
AUD-8f4eb5c9be3e3954d931b8a3421791cd0dcef330c5152af37b8bde3772050723,Gunshot,train,GROUP-e93ff0d1482fe6f097a16d1f0b8cd88c3ba353cd441faaaf60d23becaba55e0e,,unverified_recording_hash_fallback
AUD-8f596822d62a7cc1135300d9c8fdbefb1de302ee44a4cf145bd09d694794389b,Gunshot,test,GROUP-0c0c23273499e5318017b49814143ce24ac8e6876fc4703482c7b511b63b41ac,,unverified_recording_hash_fallback
AUD-8f898048b6ace116ed30222f9cca685e722bfc0b5f23c6a2826cfea39291b12a,Gunshot,train,GROUP-0e3927dca9380c8aabdbd83692213072d0bc6b7cf9594fbba3895a45b89c8453,,unverified_recording_hash_fallback
AUD-8f91e7d43587641c9a2d9bfe6e8f222ad94d0873c1570a2e1703bba144741e85,Gunshot,validation,GROUP-c0b85abe977331c81f432dc98e90d2fdfd9c373db0652ce684e0e0f99b783003,,unverified_recording_hash_fallback
AUD-90eb3178057c940e95ff819b07c56973f1fd43b6a07a207d359a3f60859ab278,Gunshot,train,GROUP-75f98c38bb96490e1c5d520aad134fba8d132e7a932d3bf3308235fe2b0112ef,,unverified_recording_hash_fallback
AUD-919eb8bc66682ed452f463c938147fec8533791d03cf955ffc517bbd7bba03f1,Gunshot,train,GROUP-c6e062d13aff58d23b4d554b3a141ca24da9602c57243bf048295a7e3b9f0aa1,,unverified_recording_hash_fallback
AUD-91d752a6947da01d90b144adbd6a2e650956d4a51a5f5a962b2db6fc93ba3f6b,Gunshot,train,GROUP-61626755954042c732a5691790d59bb730a68abe44861cc8efc189265c7c872e,,unverified_recording_hash_fallback
AUD-9201f57432e9a65ce77251300a6656becb9c21afc455fe14cfa9fe153a1e286c,Gunshot,train,GROUP-eba3176ad46af8df4d9631ea7d17760222b4cd0fbe72ecca4bb7e5f7ad3d019f,,unverified_recording_hash_fallback
AUD-92b2e79ff5b880dcb0a2ae4ea7cda983f1f7334b4aa2378e7772e809c9cefe26,Gunshot,train,GROUP-dcd1e202303d2eb85a537d4ecb78e1207283547cec67d8f687cf771037f52216,,unverified_recording_hash_fallback
AUD-92b803ec97d6b525e7c9e8c440534a55fadc32d8be054692e778750eb9822409,Gunshot,validation,GROUP-a897d8c7679f6edb7fffb437b630cff442779792b53f7b62bde7ab9bf9df7b9c,,unverified_recording_hash_fallback
AUD-937bf23a625afa7965e33042e7f50b5bc59e8a3d5751bc2108c584d412939fb3,Gunshot,train,GROUP-2e8adbb886e0e8a6521e197f33a881d092bc56924784067684da02814810bb3c,,unverified_recording_hash_fallback
AUD-938e266192613a2b2a47e848ed8a37ab5d3ca6ac16dae09d8cad3aca07b62b62,Gunshot,train,GROUP-16292a4e7463be9f50c198ce2a566c1398673c85977c99ab4cfc529f447725ee,,unverified_recording_hash_fallback
AUD-93e5e26632ddbea7b66d4f399ebb9db622c74121f531a794fdd37a292202b2f8,Gunshot,train,GROUP-05b9d739be6f0da293bac3be837c7fc3dcd325eb350abb01df1340b0b54968ae,,unverified_recording_hash_fallback
AUD-9424c5d762baa43f7c020439b401ff3380125155e5656e232522e475328d5e61,Gunshot,train,GROUP-a94572d8d44e51950eb6104b2d7ffd3d24da4acd4ee1ef471882a0c61ed439be,,unverified_recording_hash_fallback
AUD-943ec9a3187bededd3559602e23315a3fe1fda6b955163b432227640fa4c10af,Gunshot,train,GROUP-e8c32e390a2204730e7da418d467861e2b0bea3ea0ef62f48b674b007cec8eec,,unverified_recording_hash_fallback
AUD-944ace7c4811ee8f51fa32ecbd777732baa61974b1d841c0162f25f83d62a678,Gunshot,validation,GROUP-cd60dfba6f114e608f8ac907c39a934a5b4b2d6f143232ece3293d9d123a1f32,,unverified_recording_hash_fallback
AUD-94577834fcb2cf55d1e85038288a8ce5e13f5c3891a3be9b2bcbe53a7abfed2d,Gunshot,test,GROUP-a9b64a87fd2d917a54fef12882a46c03bb5572727ab1ecc2a41de346fd6733ba,,unverified_recording_hash_fallback
AUD-945e3cc84ec0ef08fd702b1556cecd201cd4fbcca636b15311c9e5dd2f812e48,Gunshot,train,GROUP-39cf1ead4e4cdddfed8e92e5ad398c07064aaebd71331a7706336d1e018e7481,,unverified_recording_hash_fallback
AUD-9497054c4092c8101dd748558527031aa3e49ad5c9be9c782f2e5a5b75f2c326,Gunshot,train,GROUP-e6e069015aa7d34782b2f8dc463caf212969e4cecb84f27bc50601478b446882,,unverified_recording_hash_fallback
AUD-95040f84f4ac2f57e1ba8100e5ca440ad29eb0d246d422313451c5e9167823ce,Gunshot,train,GROUP-48d7e6f3bfc3dab936f12c510f22ce05a613b51beec22020f12dd866b91b2b35,,unverified_recording_hash_fallback
AUD-95192c372aa4e40f1332f607af9d3aa9fce10fda24915aed913329f7992560df,Gunshot,test,GROUP-376fc7de871fb3fec05d70e6d9788b1869ee0e0c033e6cdf1df76633d5b365d0,,unverified_recording_hash_fallback
AUD-95532a8219ac58c3e854ec0f1278cbc1f54e7a2adf4a0378ed4699a9d88da5ec,Gunshot,test,GROUP-67acbebe34e4ec0e8e726e43dacf853891d211ae0d2695cfb8c7860a1b734951,,unverified_recording_hash_fallback
AUD-9623a38615747958b6ac5de345c06a053bfbadee54f907e3feef10e3de5669d7,Gunshot,train,GROUP-b5d0ffa92a408f8598c6e4adc321a75a2d7b8275fd81ca422543d81dee935891,,unverified_recording_hash_fallback
AUD-9643cd6a099e5d6dc660e9ad6b5bec06689958506af09d008dfe6ba8ca5c518b,Gunshot,test,GROUP-0cc1dca01c04d51e69519543e176007af804bc5e6b179dfc39a20bd576674e2b,,unverified_recording_hash_fallback
AUD-964fa4efb3b3ee8465205e6685ed4da90d3af00873f5add8f8fab719e9f161e7,Gunshot,train,GROUP-a4071d77f83f35b1d30ed26c4f1decb1d0431e12ab3d07e786ca30104031a857,,unverified_recording_hash_fallback
AUD-969ac6c1796afb6d9f0600965860d57033ae7105a9898645e605d5ccab4d5509,Gunshot,test,GROUP-1976da949daccf8c2857477b87ae1354740066527bb4e08f74cdd718c3125103,,unverified_recording_hash_fallback
AUD-96cf362c80c91f5ac66a1f766af830f5c8a214bb6ed76ad957ce5bc427fdb383,Gunshot,train,GROUP-9ed6ffbe804f235135e795a1a99c31f7dd538e7295a2571989acfba0e976a5b2,,unverified_recording_hash_fallback
AUD-979664783f25028db589d86f453e5625b04f9d2071bbc6001b6034aa01b73a13,Gunshot,validation,GROUP-d12f28d1cf01d9c75fb75b038f6dde3a3f45db2cf02b8457091b4d24abdcb8a0,,unverified_recording_hash_fallback
AUD-97a187c1a01460719dacd8f95eaadb74ab98061408f3c827b7db98e34b51ea66,Gunshot,test,GROUP-fc1b75fd2277051519f5789897df9d708a18b0900b3f6566ceb046b2d8512a38,,unverified_recording_hash_fallback
AUD-983c198d7611f434d3d8e473b3d487efd7d9bd6b19879812b651243d8d765618,Gunshot,test,GROUP-6b7ab5c7f87a6f5570fac2e286c92e55cff137b01d0d5f8b4d637ac5c9ed400c,,unverified_recording_hash_fallback
AUD-986470462624eca9e512d9234755ad271d5d64b8f658a0a4027e22073aa2bd78,Gunshot,validation,GROUP-bc0b11532ba6fe158f0fe7df7f36c60b25a60d80dba62ecfe5ccd62195ee5744,,unverified_recording_hash_fallback
AUD-986742d9162903a091390c2574a1cfd617c8275f33a1878c2e51187530d96e55,Gunshot,train,GROUP-d63d59d796db9394dde7e6f8d9fd381fcb98d92784d298c7458510f6d0c5ba7f,,unverified_recording_hash_fallback
AUD-9916db6b4d778d648148c606bc8e3149848be71beffc51cf0fee8138c58efae0,Gunshot,validation,GROUP-6d37d21572f928dd4382193bb7a96944190205700caefea25e833dae644b87ce,,unverified_recording_hash_fallback
AUD-99a3a55e947599980cb207760bc0dd1229bcdd8c42e87727993863a622ea51df,Gunshot,train,GROUP-4ba9954dd4ac511b6f4ac914301fb19c8433c5c79dd4846736b20bcd01db9b5a,,unverified_recording_hash_fallback
AUD-99c0513a825f84a45472c798979c627fa83d9767bbefeee9b9761532ae905030,Gunshot,train,GROUP-ad28f5dd5efc74432cf369f89ea743bd844fca0c435fec5fa5de0b38ef7374ac,,unverified_recording_hash_fallback
AUD-9a68281b70e89da7bd0a28079ca80d31a0fcfa9cec3062c546006f848726c066,Gunshot,train,GROUP-79784079a1fe7282bc83cd9ab190c8b5f6622eaa488857b64f6768db5f941873,,unverified_recording_hash_fallback
AUD-9b48a620c8f165725b246dffd4fea730af7d97973530f3abab35cd4aa3421264,Gunshot,validation,GROUP-bbbad2c6a5e0fb478221a280a08d1cef927ec05c6f696ef917fbd871ad834343,,unverified_recording_hash_fallback
AUD-9bd761fd8fb61c7e3f915c9338e77e61135b39fa0609a278ba9de863343f7db0,Gunshot,train,GROUP-dbd1629e64c80a5b2c5d0a6a0cbf9751ecf811aef24b37c13491974ee735f392,,unverified_recording_hash_fallback
AUD-9c144f9965d6a12a056c32a51d9939ef1db3b26aa0e2aa746bc491c0018af36a,Gunshot,test,GROUP-5505120628c3fe0af38cf8805404ebb985f05cc8f472ef4a19cae1024b11f918,,unverified_recording_hash_fallback
AUD-9cd685622b27b33073f7fa2531bf9ccac14fb8651b9f15192ed956266e4b85ce,Gunshot,validation,GROUP-ceadb130b0a7bc139e423f8cee59c0ea25bbbde0707d45473d8e9622531f7049,,unverified_recording_hash_fallback
AUD-9d68432906f96d42525d06b3f26133512b94e94098c7c801f1632cccc6865f07,Gunshot,train,GROUP-6985a4ac3b64ae3f615546dec3fcd6faf963cee715d1f82d6cf2ec319a157274,,unverified_recording_hash_fallback
AUD-9dc8e746dbe70d1ba23bb3498dd7f0fd6ea4e1ef3ee9d95b6b03ac8e16ac0404,Gunshot,train,GROUP-80d77140a58c865a953d0ca4e60c6f73b0a5cf1e490c9f8ec051cce1649d5fb4,,unverified_recording_hash_fallback
AUD-9dde0ea4621bd581d3118b0211aed68129d265a686ed0ed3c169def983c50e45,Gunshot,validation,GROUP-d914ce7087a61919e8a4123dfe884dfdcc832f64d012671bcb4f89d4fec9e38c,,unverified_recording_hash_fallback
AUD-9e140ecdfe8da8de224343f48ba8aa1e65aaeb7e89c1edd1667ab8e0adf2263a,Gunshot,train,GROUP-acff7a0a5cfe37aa858f69f8247c63cd72d9e58d7889839c0006e6fc27d5751d,,unverified_recording_hash_fallback
AUD-9e148e7621fd0818f5a83522a62f623bdb4666214319ded3a8535b2ef994b3de,Gunshot,train,GROUP-503c3ad8dc76e3306766bdc15dd9a0f24a8a73e82c2ba009861a212f71007265,,unverified_recording_hash_fallback
AUD-9e482b0cb33f71da756c85d6b36f8ff2ca36a379f84924ea81b807bf4e62ff2e,Gunshot,validation,GROUP-0c9bbc50cd87493ca94b15e68922652e9e58f680a1084ebd423534dcd70e1540,,unverified_recording_hash_fallback
AUD-9e4e4405cabe776a9a42d244fe3cad19dd90202a881072042dcd345da8fce8d4,Gunshot,train,GROUP-e63229f80ad10cd22e82bea76072d8e3a4d10be6e375cd16f3954850285205c4,,unverified_recording_hash_fallback
AUD-9e7a54a90813d60a95022bcf5e07067e3271c2fa61909293bce61e862e12fc65,Gunshot,validation,GROUP-c763b87c89f2aae31f5ed3593cfa5a9505ddf3c247c330d001c2911d0b3aa645,,unverified_recording_hash_fallback
AUD-9f19946ac9a9173c723a2445d3254530ebdba1b0beaad50ba39f78550fefc06a,Gunshot,train,GROUP-a9610bff4074a5fdb9003694567d3173c6edd3335a7026bb1781dc8fe8086be3,,unverified_recording_hash_fallback
AUD-9f46578515ef16cdd82e7eb5e9415a70bb78829cf844b51971110331af85b6fa,Gunshot,train,GROUP-f42a751b5a63166512a85c62271954d6028dadd77c49dd42462ff4dd39d51330,,unverified_recording_hash_fallback
AUD-a05def3a7f5449970651506b06a589bc00f35a8edb68cde3a120d7bf6014a5ba,Gunshot,train,GROUP-01e051008cf28d81b707e36d4f4c3030f35da736daaa468ba8eb1862efa32635,,unverified_recording_hash_fallback
AUD-a2be11cef2f9441d13a4467691c3b602f98ec96c0c7323a284121bbb832a2321,Gunshot,train,GROUP-f1601de2140ff3aa4763b09ad0dc8ad8235fc78338022881ecc58c4a7c69e288,,unverified_recording_hash_fallback
AUD-a3302593528b09948808aa333bafa15f45e762d3516e618cfc47e0c65436ca99,Gunshot,train,GROUP-8c21f15cee2952754d452784715b5d0363578fbae4ad8314de4500701f1af00a,,unverified_recording_hash_fallback
AUD-a3adc66643ebe5c515bf0d680a7d557ed0e5499c213bc190c19fefa1f39d1ebb,Gunshot,train,GROUP-31dc95bc2fafacf615112e56ebe000e6f79acce7548fe9a3f15c338852650853,,unverified_recording_hash_fallback
AUD-a3e33a7e6c728cc9c3c59e33b23233ad913a35dac681329b8e3518809401f2cf,Gunshot,train,GROUP-13efcb4aea403951d55be89bfb78de8ac75d568f101a785a06e6aaebda1a94e5,,unverified_recording_hash_fallback
AUD-a3e96a5c4481c56e78d1c952e81171e2c3c3fb96e001f1fc7dcd24f85bbcf300,Gunshot,train,GROUP-31c867c58022f6c42a3a19c1a6527b13bed4fb53ee3fcbcbc96fd08168aeeb84,,unverified_recording_hash_fallback
AUD-a4467769601f120f79a398876352769cc8927d28fabee8f5bf0bdfd9f2713693,Gunshot,train,GROUP-ed4159148d64cc0da9bcb7ef7028efa5de706f7184007d16260eef5513bbd662,,unverified_recording_hash_fallback
AUD-a474a0b14cb3b214953388263e8be0cc48187290ad9b34acc04eb5cb129e7370,Gunshot,validation,GROUP-9a66846a1bc021f544bae34cbd4cf6c4c29c9ef6dee0de84f982c0c4d291bc15,,unverified_recording_hash_fallback
AUD-a48a2491307613c85976739933cb9db689037df9bf6135919add16b042d71d4b,Gunshot,test,GROUP-17230e462841c68128ee960231c67aaae188b152ccab4cfa6bca55c59157fe51,,unverified_recording_hash_fallback
AUD-a62bae9cba204f1eb3e1b2d5ecd3a0bed92d40efd36a424843f2656e4fb70d39,Gunshot,test,GROUP-57b7b8ad89cc72107d9c4cc4302696c5e9e8354538b7a848824db8b75be5ce1b,,unverified_recording_hash_fallback
AUD-a6a7af7019c1d9f80172956b91189659a06fbe6ff17daa9991bb9262c7d075a7,Gunshot,train,GROUP-076c609782483ef29dd6579375555f52ccc26b343584b34073f79fdc9d5ec564,,unverified_recording_hash_fallback
AUD-a6bfd23ede31f266fae5eb6ddf07a6d657d9f0ff63f30f67f45535b4d8b8865e,Gunshot,validation,GROUP-6b7239cbd29177ede86a646c65ce8f3784caced744409d08c0b23f86c5538478,,unverified_recording_hash_fallback
AUD-a6eec047df13234c77eee7cbc3034e2d7bb91d1e6cbdf1b55e624a4b84b2cbc9,Gunshot,test,GROUP-66bef218edeee9d89c8245bdac756607204af6d0c02ab0927dc78c37e396bb83,,unverified_recording_hash_fallback
AUD-a6fb1e91bd48cf0eed8c0327183a984ef6072a9c02ada5f8484d5a081a5fdfcf,Gunshot,test,GROUP-e31da5300c87cf72ab89c1da151a68aafb84d3eb6f39149fef6953173dee7958,,unverified_recording_hash_fallback
AUD-a725d001026cc451b11064eb7e100ede2e2c99460ba161d3fb76009cc0e8027f,Gunshot,train,GROUP-9fa410c58299b27af15d3240dc844f2888d5f2e3a38df5350c38bffe57d60c41,,unverified_recording_hash_fallback
AUD-a735bbc8dc542f376217df90f584069b9f719577fe942314688371353ca7618e,Gunshot,train,GROUP-c6460df1c84c1f5d30d7a15c3284e64707fc6e110861a5d2d9c13afb381d92fc,,unverified_recording_hash_fallback
AUD-a780771aff86f707d5f5859af4d71d7da8b07148659573137361f77f93126189,Gunshot,train,GROUP-74562d49c239140601c6e6b8b8f4ac6ecf2ce20073249c5a23a95086dc58f9d2,,unverified_recording_hash_fallback
AUD-a79b245662e1106ee2034ddc62a9c7a7098dcdb05607f46828629dd5dedb0cd5,Gunshot,test,GROUP-bded3eb396a742672e6826e809dfa467781a66ac683403a36e4b2ddff4c0559f,,unverified_recording_hash_fallback
AUD-a7dc526503fa9e0b179408d0e1a039ae66988123642d097a3913e5e2e35ae94e,Gunshot,validation,GROUP-cd4a29c0cccd169ec3d5059af6e766389e497855067f430d0e0d2498037d326e,,unverified_recording_hash_fallback
AUD-a8290ce3f2f35c03947520e70b380949cc0785391b06ab64549ea03dc8c1def6,Gunshot,train,GROUP-c3b27fb1b6c9e63cb0ba25ac2376d5baf54ab115b474d1bcc26ab9db689c8de0,,unverified_recording_hash_fallback
AUD-a864c66380514c8f1d06ccf99b4d83451d27005364a428ceb074e61b2d9aaf00,Gunshot,train,GROUP-4c4b4d504c7be6989ad89d978a05ef88fbd8f8b6643e13237eb44dad176ce806,,unverified_recording_hash_fallback
AUD-a89527144af84a27834fc56b9d74af0d1dc35f12441d14ff3df201ed2207dfcf,Gunshot,train,GROUP-bb174a80d4189c65ac9783391eb9bd4038e8a7712e57e7b51a1f524527a0c8b6,,unverified_recording_hash_fallback
AUD-a90f435559df1d412d0e4d25cef9389f047b9318888fb1c29866f98335eff526,Gunshot,train,GROUP-9e0512295788faca30f4a3664ecee0a377462c95f71cbbea1cc9d7d5c06b703d,,unverified_recording_hash_fallback
AUD-a9d715a9182da771cc470815efbda67d929a325e5a375bc8507a5bf5df67f591,Gunshot,train,GROUP-9a57b74e4c64396f3d6cbc4cac906a510b133943a0ed1ef6fbc1312a2bfbeaf4,,unverified_recording_hash_fallback
AUD-a9df624a1884d0b858b1c3db8846953d288b70efebaa3ccea29727a1c217738d,Gunshot,train,GROUP-9253df76b8ad3fcea74b8ec48f6d315ea73a4c4f0c721e97ee58805065fb1a37,,unverified_recording_hash_fallback
AUD-a9e4355371bd860be2c78fe60b7cf42e5534c08aceef18289ea52c30f28f849f,Gunshot,train,GROUP-4c018481d73a91a7c95d244966d2cfb17c201512a995a97441447ff3e393a43a,,unverified_recording_hash_fallback
AUD-aa981bd93e3d867bb706884c531536eba98476340421822c35991744cb357e4e,Gunshot,train,GROUP-1bae30adb21c9e53997f43f4d13bb3295e03ce8a2d8f8a315e7c2bcdafc605fd,,unverified_recording_hash_fallback
AUD-aa9d75d11949ae301024ed83e8cdb4ffe661618c038dd0aee315ecdd0e825b96,Gunshot,train,GROUP-098c53444f893c45fe6de9bc09d82aff0c5aac32c4250fdf07c1804266a1e498,,unverified_recording_hash_fallback
AUD-aaa538c5d3454de31b7de5951030ad9c95b0fe52ccb61f7163f282dca0650689,Gunshot,test,GROUP-67f15784b0e60327a3931faea8dadf14dae4cd52e4d464ef72f0371bddb6be39,,unverified_recording_hash_fallback
AUD-ab861a77170bd4fb12414135b7f44cd29bb5f9f7977831e01c6b6459e3d8fae6,Gunshot,train,GROUP-b485b4e4790702a0bbb70f6bea733df81ea867483e13f66e0a2b766096f8b234,,unverified_recording_hash_fallback
AUD-abbfb0385e5996e0e61b4fbe69920873fe062a5fdd039e5896a6bdd4a132ac62,Gunshot,train,GROUP-9fb2666df5c0c6c6badd94fce19d37369da47b5ba8de52eada8f2d96d74bbb11,,unverified_recording_hash_fallback
AUD-abdf9817b2a3ffd22f03bd3ccd5fdf939d4b370855a6332d4b76222eb3620c5c,Gunshot,train,GROUP-fc1c7d77c7af31132bc4ee4d5e41683f88ede363552efabaa8adc5e231c7d546,,unverified_recording_hash_fallback
AUD-abf85eec606ce778a8b4871ecfe814321f0daca65cdb7bc9737a389383783fd7,Gunshot,test,GROUP-0c838d0def1451e7c549189015f2ef4870b19a28b3d8556125a8b38841b99a2c,,unverified_recording_hash_fallback
AUD-ac1ad2b4ffcac12ef3d2f5aeb0af4c125d1a62f06c43bceffb5de5080552fc7d,Gunshot,train,GROUP-9a2883676a6c5bf7ae31ae815db43e01ad842137236281fd7f7274cfa1088b91,,unverified_recording_hash_fallback
AUD-ac8a65bd53864e270933f1bb389b1e6d1f69a93da99f25d4738423fb0d15272b,Gunshot,train,GROUP-3b3bfb101546337831263a97e2707fe45e144fe0c83af4734716fa20148398aa,,unverified_recording_hash_fallback
AUD-acc58432d07fbd41c2360170790d4ea3aea6e324a6be965e1582b74c487c040a,Gunshot,validation,GROUP-a693cdcd107f977b1bd065ae1a6b988ba47913ffdadaae67909601a10d2341dd,,unverified_recording_hash_fallback
AUD-acddbcc17d8feed8c220882bfb1debcd2e3ec674ac09bdc0ae0e89c3683fdde7,Gunshot,train,GROUP-aeb2dc50d40d2975a979927872fa3569c62c85d19ddf1cc159317d62424158ea,,unverified_recording_hash_fallback
AUD-ad2b365ea02bfd10c32b21ef7ea91830e3dcca2044c564592adb8011d3e4b688,Gunshot,train,GROUP-941abd92e017e3d3d06a62e358a89253472594b1f67e53a16e0fb386c267142d,,unverified_recording_hash_fallback
AUD-ad6be6dd0ba7abc8075a62288922716dfc5b28ca85dffa2f64d1669cd4b1dd86,Gunshot,train,GROUP-6c3ebff12f4efed988d70d22134aa66ac8a9e516612b59ddab4920c469ee32d8,,unverified_recording_hash_fallback
AUD-ade2962c24237e29757076b9ea19b9b38a058a5c47ba5e30fe8c363a84345739,Gunshot,train,GROUP-f7f86e7046ba832e6c33805a91a859ba2e647ee5ba3f85b904090f237deabe37,,unverified_recording_hash_fallback
AUD-ae2b11670b4078f751e7d98f048514f7043745a8406b8ea8b6c16832a001c993,Gunshot,validation,GROUP-92f05df63117c69dd5c36909127535e7d2087783f0c3cf7a0f917e18b15929db,,unverified_recording_hash_fallback
AUD-ae50b8eebb4945a144f9772491d9f3379318fd4590db50e3686fdfed184cc2a9,Gunshot,train,GROUP-c2b760554c02fffa97893ea0b4fff00632c81a95e4747df90a4240a5f4275e40,,unverified_recording_hash_fallback
AUD-ae5a29cf2a791cbc3b6fbec95303786a74a4c7f08c729ca8f2b9564d72fb171d,Gunshot,train,GROUP-7373e83f4c3323d4d9b1e37bd287de1406030926b64614e947d54960473bced3,,unverified_recording_hash_fallback
AUD-af01bee5a9eca5c3be8627312a5548a2d9862b31da7367a9cd949678fa3eeb2c,Gunshot,train,GROUP-ea0b9ef4b9f34acb311ddf43d690c05305e35fcf9a713f719d15e67678e34dd8,,unverified_recording_hash_fallback
AUD-af6d9cd5755730c9c635920deb1410f749b02af8954126f811ce229758d055ea,Gunshot,train,GROUP-277134fd8cc94882ac0b977650bad554d1cb638cb60b1f3c77aefceb99aeeb75,,unverified_recording_hash_fallback
AUD-af80eca2216c225b54919c65da8d279b445db3b7e6c5704de1895204913288b6,Gunshot,train,GROUP-ad3958245f49870820f7f1612eed60f58abdde35aa51b745e54b48daa1e1d56f,,unverified_recording_hash_fallback
AUD-af909a50e0846a7009f01f0a982139c805ee2020997bddb62bcce7d2679bf14e,Gunshot,validation,GROUP-de3fa4cf4d7c4c2a4d3dda48a56a8c23a3e3addc8c94a225cfa3be58c2581212,,unverified_recording_hash_fallback
AUD-b04902e1ae6a9b07e1bb37d148c31f39e3f13b566331c6ea690b0b761058fae0,Gunshot,train,GROUP-aa17d701ecce7f7a15e002ecee5f98c45b632cc96cc53f58516f5749f2665f0d,,unverified_recording_hash_fallback
AUD-b07465a44d37f3f4569f20b4899444a267262e59a534854d0088383ca338137d,Gunshot,train,GROUP-102881aa97a84b5e9d10aae68e0e86fc6977bd9f5085f779b73d66b3ae490036,,unverified_recording_hash_fallback
AUD-b17f848575940e28866ac80c563fa2a4c1da844260779a95391caa61ab4c7436,Gunshot,validation,GROUP-b7e0ce198db672b9097131a176b338b0ed00088e57072e699e708077bb44f687,,unverified_recording_hash_fallback
AUD-b1c605a5fbfab2304ae564c81f5be0c8b07e408614e85500e4752c41ba112259,Gunshot,train,GROUP-2c4d8ac13c05f6554b16fae3b6a5c23cf2294297fd86a3f30998287b3610915c,,unverified_recording_hash_fallback
AUD-b1d381344dfccc4318929aa4261b5e93509599ba2d245413dfa137b5aaa36fb3,Gunshot,validation,GROUP-a69b6ff9efb762d340675161a1950296c56643d648fcab41b0ba4edfe65d3e88,,unverified_recording_hash_fallback
AUD-b201d1310c75c1beac5b76fdea7ca2d5dedb0601ce1d2b48e21d12b8a4d621fc,Gunshot,train,GROUP-20c019a405bc0f3f78158238c2995f3483bf2b90ad7002a97f88f5d5e3fcee84,,unverified_recording_hash_fallback
AUD-b38ff500acb804eb789b1e216ab457b7f47637649de6fa1edfd1223c584fa7b7,Gunshot,train,GROUP-93cbdd6317920fb38d4951dad7fa515e1e61cc3e5ee0b358f61e89fb2d5dcbfc,,unverified_recording_hash_fallback
AUD-b3b117199770b2a8e2833113e07a7b647f2a768ff294d91f9d980090ef201d52,Gunshot,test,GROUP-672bd2e4e9049a6fc9e65b8f9bbbd07cc8570380704034cbaf77e666053dd1f2,,unverified_recording_hash_fallback
AUD-b3bde5e9d59a559b2699be75f79be57407430beb3494c32c1e93bc79038b22d1,Gunshot,train,GROUP-96357cf8d20c8bb5ceac28ca08cf2ad1be8b3c659dd6245837c0714183e1943d,,unverified_recording_hash_fallback
AUD-b3eef8a1f30af4d7473f3a889e83a2c92e2746f95c6bad8c64b9eef903b844df,Gunshot,train,GROUP-d3ef58dfd2afab42f463fc08f7b18fbf6d6547a429ff1a784b6959d9f8b30678,,unverified_recording_hash_fallback
AUD-b4134b250870af1bd4fff2f0ae8b608e0c5e130d6607633d50625f456dc5174f,Gunshot,test,GROUP-577b7f14be5977b70a70acbf9bceae02fb029abcb28419983653d53a504a497a,,unverified_recording_hash_fallback
AUD-b44496600f36bcfa764375f7f04bb6a31cb00ccd8b8beec815d583d12829d623,Gunshot,validation,GROUP-d71687c113f5bc62ada3e0fe858a3ecce486901bc5531aed777922471ee89e23,,unverified_recording_hash_fallback
AUD-b447337fe19f2ea92a277d37a3294d8660f8fe9a523b06cd75b2ab178f8588b0,Gunshot,train,GROUP-c81d27b57525e92b66f15419b7b4dd21f4620c598ba8bba2ccce230c3317a54b,,unverified_recording_hash_fallback
AUD-b4614661d076fbf325cf953f96233538f003a2eb5bbeedd93a000264dfc33f8b,Gunshot,train,GROUP-3d6be0db9a49f9d94208fbed3736fb8b8c6714aa617e8ca842f57cdb65ff88bd,,unverified_recording_hash_fallback
AUD-b4f654378690740fa8bcc32068289277bdd29716b9ea2c5611736108e767fa39,Gunshot,train,GROUP-987a8139fd6586e96fe5fa55aa127a0b72591b4a83b2b38143ed21b5e35a09de,,unverified_recording_hash_fallback
AUD-b4fa5ef651ffcf505c737bc59da42c654d23ce8fcc07180cc3892977e8602edb,Gunshot,train,GROUP-746293c45d121a05410e9ba369b8e833088759d63185752bf00104afaeb6509a,,unverified_recording_hash_fallback
AUD-b556166728f24ff37ada91c33f64b919d5b63d1c570a2cfba8d50cf0d9593a5d,Gunshot,train,GROUP-529d6c11c2a7f57bd14400b6bdaab778c7413ba5786c1b164e50b9ed7783e881,,unverified_recording_hash_fallback
AUD-b5a1b304e6b8bc5ee655b48e498bfe606419abc74fff34b41105cb61cacc83b0,Gunshot,train,GROUP-163bc62a3633438c4596510730136698022f3b5faa6e06a68172de05d4771b2a,,unverified_recording_hash_fallback
AUD-b60376cf1c51b4494dc429a4e5ac937b96610bef39e88b50e337b62e613975c4,Gunshot,test,GROUP-289680bb5e96199d404354991caa72cf5abb94c1e6da371ecc7397aaad2d972f,,unverified_recording_hash_fallback
AUD-b61c1a917e5fb1c9bc019e917caa7b3cf74b5396bcc37c6f44060879603ced8f,Gunshot,train,GROUP-48c46884d5ae451908586b3d8a49a1e70441f363f9d405e2a91de70bee4de766,,unverified_recording_hash_fallback
AUD-b728b4e6d7dffe4328f8caee5c62caef5454fcf6f0e2ed4d6a39527f28bb8a15,Gunshot,train,GROUP-9a9773c0e77fe653c6d84bfba6a096f4b697d1659f0ea9dd76824098f27524a3,,unverified_recording_hash_fallback
AUD-b730dcbf784e99467b04e5d84c97ba837c5fdaede18cc32600ec9e63e08b0017,Gunshot,train,GROUP-399434276795f17e9c93cd0dee73f22244635b63807cb257791f7be5d2be0698,,unverified_recording_hash_fallback
AUD-b750377aaf815c22886e927f00e8bba3bb43d849a319bf3b0a93d9ee63b79b1b,Gunshot,validation,GROUP-0a5ad8e3ed95b1d02c2937424aa5275b33d4682a864f8a5d85f0e517543d5a55,,unverified_recording_hash_fallback
AUD-b7983ba85d57eac4c68c9bddcb753f89c7979184accc9687e4313a4d883abf21,Gunshot,train,GROUP-57292174ff65e5b49cd26fb0a9cbd8b9802d4ec49dd779a9f6baac6c0a89c049,,unverified_recording_hash_fallback
AUD-b7d8c4ef56cfb56b1620d410eb861ea39d9bb2ee4c86c485d049def33030f749,Gunshot,validation,GROUP-9f8a79207311ac74b174be6ba4b4fe71a0153a2000aae4a5e8e070a521e56fa5,,unverified_recording_hash_fallback
AUD-b80f5126f7dd92b0d64a96b9923a17efc0c2aa4e77669c4bc0050a25d555ec65,Gunshot,test,GROUP-6e1b4120d38dc9478da688b99933130906d6b8f800e78cd972a0b2e35b808557,,unverified_recording_hash_fallback
AUD-b845176b275edc77f5dc2c1237e28007e1c0a58801cc9d16f41c0b32a47a701e,Gunshot,test,GROUP-d23e17066adfd44d9bab350fe1f7b922107880e6da72cb7f74e33f7245efac9c,,unverified_recording_hash_fallback
AUD-b853052f50c7533d6f09a4fbd2855cf04ecca501b5d217782aca344ab5215610,Gunshot,train,GROUP-0d067d7ceb0c9fa47b2a7bd6e1c9cfffa9bcde4f21ad48bddc4a78c01d8df4a6,,unverified_recording_hash_fallback
AUD-b884e1a83fbf020a849d010ff0451628f18c40c813d67ed5af66c286ee32e4c0,Gunshot,train,GROUP-bc032cf796696578103cd9a58c8539ed7d2dc794d0a8320274294eeb1a49c86d,,unverified_recording_hash_fallback
AUD-b8a47ae47380753e7b5fefe97ca2a436d28a61fdee49f1fe9604f71dd2ecf794,Gunshot,train,GROUP-d535b8d84d5990fe9d3aa71e88440c44a495d23001aafa6331d2eea957906519,,unverified_recording_hash_fallback
AUD-b8a50bf3952efabc5d329b4346b0aced4283838ba92e4a70bbe45a4a0c6a6065,Gunshot,train,GROUP-a32c11d9ebad180ce9f8fc796ebf2ce3c7ab90c6af02927720e2845caaba699b,,unverified_recording_hash_fallback
AUD-b93a9966802c3eb769ab6a4ff45b4fa02c5f0c233f9fa3d11c51d7799158609a,Gunshot,train,GROUP-91d172a20a3949e171764e6442a6706dcee5b223d91a010b9d704a413c3a639f,,unverified_recording_hash_fallback
AUD-b9459ee2dfe7a50081ac3e8044b3153a5639defee469bd92ca09dd7bd266cc1d,Gunshot,train,GROUP-2282c8201ab1859a59843a3518c9d865258ae3f316995a77ecf6b19718524ded,,unverified_recording_hash_fallback
AUD-b97dcc71cc02efaa67c2623dd2b8a222e51342a6805921e7bc55875d365f8b83,Gunshot,train,GROUP-933aaf8db96eb7baeabf1e64d2cc40c6a77e1d210bd58c2532438790466e348d,,unverified_recording_hash_fallback
AUD-b9ecc1a25d15ff7391d0809f52089dee908adfc990635750d5fc4e2f44f6fcfe,Gunshot,train,GROUP-cc16dd2a892d551767dc4197cf7625c07f3c29437e3a3e22ae70129dc2dd2707,,unverified_recording_hash_fallback
AUD-b9fc42d7a941261b7c9a670a5984e8f3fe0babd27dab5f1554ac3bd2e38e0d32,Gunshot,train,GROUP-3567f1a973ba5b14353fd86864757d6499ea80590cfc28509f567f682fde90b5,,unverified_recording_hash_fallback
AUD-ba542a822a037e7ab9fd1ce0d082446b4b7c5ef37074ad77b32a277a363f69df,Gunshot,train,GROUP-ac6505bcb9b852bdb8e13ce604b948f84017dbb51efe8b7da1735f6a4531c4c7,,unverified_recording_hash_fallback
AUD-baa0f45963b4bded3f513202aca740ba618b2d386dc3f0957b971f84bc5a36a2,Gunshot,train,GROUP-1239b6ff029c8146c594a84c10ff8ea2dee6f8fad12d2306d83d672d3fe7c471,,unverified_recording_hash_fallback
AUD-bb7e707ac52b42713bbc44bce174f374e41b82030c8907600b6e5b91f3c117f6,Gunshot,train,GROUP-1c6aaedb2106f918cc3c1c3fc07b172b5d7b864c9302789315bb818a8691f821,,unverified_recording_hash_fallback
AUD-bb9f5fae5c05400a88a9ea1b789733adc9fa5dab826ecef212fc356128be3215,Gunshot,validation,GROUP-1f43c610d88fce7570b56cbacdcf35eb3ab703ebd6c9785dc4a8b75b39dd31f0,,unverified_recording_hash_fallback
AUD-bbadb29a26e899c7770760a2d81f9514146c17f9f42f903abbaee96bf220cc41,Gunshot,test,GROUP-46516dd2e5718a2c4016d6e28a74e5e4cf2d44d449bd398446a5f1b63891b87a,,unverified_recording_hash_fallback
AUD-bc24dfe6f3acb595bf3d07c34607bcda7c0ccd023ae0b2f50458b7962a243e70,Gunshot,train,GROUP-24b06e8c542dd8c4880d3b4f59d994377dfb01757b75442573e15815865c1915,,unverified_recording_hash_fallback
AUD-bc5dad30bb59feb6ac3a0ae8d3be0502fc06ba2a994db1dcc179e6a7fbf7e7b6,Gunshot,test,GROUP-b10cad158745391678ce6d2c90c8a32fe3907b6760711b11399dc0e86692179a,,unverified_recording_hash_fallback
AUD-bcbdecbc9b70774cbbbad01fbf523f37adc35794b9b69e0bdedcb586826bdb2a,Gunshot,train,GROUP-db1df53aae91f8b653def6110a763ec4740f6448e85902ecc2e8dccdf99d5ce7,,unverified_recording_hash_fallback
AUD-bd04905e8f6419487198c6ebee79bc0667a037e7656f6bc33fe764bcfa838564,Gunshot,train,GROUP-1a7af8b5e839b6b10d3bff86d7dba5660448a3c4a725161728284d79563b0a67,,unverified_recording_hash_fallback
AUD-bd157cb5e7d97ca3a4a5af7f44f3507a60c89ffeeb770bbb2a1f6a6e5f80cb37,Gunshot,train,GROUP-753bb62efdc547fb6b4d2684a1913d1653500c1ce27d862930dccb72ee2e3463,,unverified_recording_hash_fallback
AUD-be1f11d28d10443c3a90c56f290cdc7b85fcc65287b20396e566a8d5c5cbfd9d,Gunshot,train,GROUP-bbc604654eb0cec303cefa47c0241d995a3f4d2751af8b2404fcfe65493a4c27,,unverified_recording_hash_fallback
AUD-be49813df29df06755bb21c60b510b9732def0c4d7306c9f3c9487fb1ae684ff,Gunshot,train,GROUP-0b7696dcf457d64c3d7e0ef7424b3bdf05e00dd276e940d68b18b17c5cde4af7,,unverified_recording_hash_fallback
AUD-be653e8f53ec4bff5631427afd0851b5923bdede182687e0b073710ad30f232a,Gunshot,train,GROUP-15bd21bf4e3c2dce2e51ff860ccd5ebbb5fd3eb4eb2ad768d4f7dc924e08787c,,unverified_recording_hash_fallback
AUD-be69fc0ae0edd8b1a5717eb9668799e52f5145bda3d5465dab934a3925d89522,Gunshot,train,GROUP-7a6be511e8df90e65447d748dbdf6def7bc0edf2e8915ea797c7cb39b35aa46e,,unverified_recording_hash_fallback
AUD-be9fbcda26c378de1add16e6c0996c375a1d44914a6a2eb2815bdf8d61b30e69,Gunshot,train,GROUP-64fe602cf3f0e0ecdd46cd446a7ee2dd8913909845be8ddfb3bf414819083276,,unverified_recording_hash_fallback
AUD-befd2ec669706340a0680cb8a89654e9e30c6011a0ca67c649011bf6def681c9,Gunshot,train,GROUP-9fbf66506db2c0b1b07461f60d36989d010d07c2bb3affe6db6361e12f673603,,unverified_recording_hash_fallback
AUD-bff7e321df4fca2c4dec012f8dc1e93926adbfe5a9e507f052ab2280d2324b63,Gunshot,train,GROUP-6f5abd7224a7eaf16a97cef6c63ad23d2ee41cc8a5e29831f4b2bddd34d4e079,,unverified_recording_hash_fallback
AUD-c04db052f0baa95fcc0faf9a38f21543a7b9b761f998d635fc17506c608009a7,Gunshot,test,GROUP-e21689534e57bf5d7f61d39c41724c57aebaa07c42c14e50491eb5dfc4d8e70f,,unverified_recording_hash_fallback
AUD-c0b155e4cfc05a7e8d1975f85ee1a3c5b60fba14ce7a098e9e474fcece1c20d4,Gunshot,test,GROUP-ccede666ec87666acf9472fb5c0c82520a657802663f287794806289b1e87932,,unverified_recording_hash_fallback
AUD-c129e3e401dfa5bdf21aa49315c1c54a0d51a816b0aca5ae78b8c0cdec62aece,Gunshot,test,GROUP-eca93eb6ba5cd016ec8f07c1afb17ac0fc13315ea08d8982eba31e5be11ae3d9,,unverified_recording_hash_fallback
AUD-c133a779f0d52e25b141d1acda499f1c50a04ed8bf8e956c282ec93f21ca1375,Gunshot,train,GROUP-c86dad595f4bfb3c21fcbbb3be627c5d59765abd18eec2fb2274b8835e0d3a4e,,unverified_recording_hash_fallback
AUD-c1428fb7da2206c6b1f398c5c91d13848a71f1c1abaf7c754cd2c4319f237af0,Gunshot,train,GROUP-a6ee5b6556da6a5769294439065eed47391d02bcceacfe6f9a713f83d56ee7cf,,unverified_recording_hash_fallback
AUD-c14ab295067514c8aeee2df996e1b5fad27c314ab1b100143f10c311c8600acb,Gunshot,validation,GROUP-418ffa6d03d4276243b58fe9a43e5b6ec0828f337bf0e10fbccc6142caec2da4,,unverified_recording_hash_fallback
AUD-c185df86884a3347ca949aa92fa473bd19424aad9d5a87644282f944285b32d8,Gunshot,validation,GROUP-4639a268da2a2588f51c8cdc1b2831e3b44a193298451c2b23aae318a8048f09,,unverified_recording_hash_fallback
AUD-c1c078bb15b3db0999ebf1fe6485f4d531776290507e8dc9342536b13f03ab8f,Gunshot,validation,GROUP-e35283507d542b096c5640e69cb0de3201ce146b84113d99a0a5957c0205b450,,unverified_recording_hash_fallback
AUD-c2185b1639be959e8908952176cbcfed01d34585ae913b7e43348224c7bae94b,Gunshot,validation,GROUP-d6cb5c46834d66adb272b2ab58b120c16134dda9c694a32db3439b924ebe033f,,unverified_recording_hash_fallback
AUD-c2c823aa862a217527f7c8fc199c1cb0a6323b6b5893e894437d0b8dedea94d9,Gunshot,train,GROUP-92de89343f9a4fc63fb47fc34de04aeafede96b226f8229c9e175a578b2d8756,,unverified_recording_hash_fallback
AUD-c2df7e228a359c489ad85aee69c010c03cdeb34fec3500d31034220ad51200ed,Gunshot,train,GROUP-25e83cd4fd56b1da22b795446a290a84cf0b88c18a04c69da7e49d17b98d0672,,unverified_recording_hash_fallback
AUD-c2e6b65bca10f7812929c0c35fa1c9650a8c70afbb261c137d22f46f2fe75458,Gunshot,train,GROUP-40516c5b40f33c32fc8b363ec7fc2e5944a7ab10aff75738c4ce3857c0393562,,unverified_recording_hash_fallback
AUD-c357a00ce4674406bc15aa403181df8948b4a3112101d36ac7fcbe103bb665dd,Gunshot,train,GROUP-2b9f548e09cea7c8760753c47218393c45ac772baec50c1ea7d65030aa304322,,unverified_recording_hash_fallback
AUD-c37b4d07a985b83cfe7d30453e793c04f9fb0a4633cb794dbeda7bcf164eb283,Gunshot,train,GROUP-3a92fbf7ce6d6a195e38652d50b05e1274a4b1557001fd591aac0fbee7ed83e8,,unverified_recording_hash_fallback
AUD-c3814ddbc0443aa9a9590160553ffb3dde773bfcadd7ab143ded892f6bef50ca,Gunshot,validation,GROUP-5fef37673a0dff195a96c4d6c0ac08283a42fa5d7c836ee2ace482db5d7c1a31,,unverified_recording_hash_fallback
AUD-c3d5e323ed87daadc85355bf6438adf72047c1fce9b11bc9b19f1177176e068d,Gunshot,test,GROUP-62a8fb80f37698a9e539193fd15bf97c0b6a408eb1b21020a2a7d5c9504e1b0f,,unverified_recording_hash_fallback
AUD-c3de27826624c0a027cefc3137391c9f876e8b67a0b590da03e57154b57c697b,Gunshot,train,GROUP-647670959416d3006defbe1142ea1af1dc86c8eff8ce99463cc3ab7d7d4d9ede,,unverified_recording_hash_fallback
AUD-c3e7777b97d9f15717e8faea8825d482c19378ddf21be68490146e33f3cf1128,Gunshot,train,GROUP-0bc636fe2c2769d04eb1c73780d07a20923a10bdae8ef012277d9e5882c697e9,,unverified_recording_hash_fallback
AUD-c4ebcd8524ad68458a150db8e200fa7ceaf75e7744b25f27bf4288b9b9820660,Gunshot,train,GROUP-82c0c9d160d102b666b80881ea49c36c8fb5e23a5b6aacb63e3f586d39e2dae8,,unverified_recording_hash_fallback
AUD-c58bad43d8549413d14f76559d5de9ee83db566ac54544c778aac96b7e2268b2,Gunshot,test,GROUP-330e55a1cfc1bb8f6ded729de9fc022cc8780a7fa0d92d3309e2642c39582bb7,,unverified_recording_hash_fallback
AUD-c5974ad82a452b5e176f32124ee4fd5c89b8f12a914c9cb6caf12305b5035024,Gunshot,train,GROUP-d08c08f25bef0590ac1ec5336d7bf13af5f2127afd08449ec29c905c64e55cc7,,unverified_recording_hash_fallback
AUD-c68698c8000ac592b1bbd0d0b6195157ff8b072848a5eb02b41f436588ca27d7,Gunshot,validation,GROUP-a9c1ebf189576b077dad0bb8ac0a2dd7d857d1b956fd14e41c7fff4ff0f7a5e4,,unverified_recording_hash_fallback
AUD-c6b8f067c1c4eb81e0cedbfa590dc0fa723803a6fc1f955cd607b6fde61ca10c,Gunshot,validation,GROUP-4f0d5fecf643464637b17f8772a898cc98b9bd2f6a7fb54102cf80b9b49ec402,,unverified_recording_hash_fallback
AUD-c6c6cbf4b65ad4b4f682fee4b4d598a37ae90207b1f2c434384d08eb98132715,Gunshot,train,GROUP-7f9c9adef1fe7383b8fcc836f20e15d3872e9a9db2eace038b2b1ce911601372,,unverified_recording_hash_fallback
AUD-c73a90d77194a2fed4e95e48dfd18ed9de8ba99d2c0992f8ee292e17592f74d7,Gunshot,validation,GROUP-c419d48dbe4d091ab832f12a4f41fed858e7984987c3023f5b1f4bb5d5b58199,,unverified_recording_hash_fallback
AUD-c73d3cda9532ce50ef48f389c0dd3603dabb29d3167c36e66b0abb7508f4d95f,Gunshot,train,GROUP-46c9404c0794ca7a333bdc8f2cb413cae89de351223bfcd8e7fc4cdfe5274a87,,unverified_recording_hash_fallback
AUD-c74dcefc2d3b8ccdf65d3a6c5fbbe853e637740ae8d8a83eda0d83c5edfdea7d,Gunshot,train,GROUP-7774b1939b7b232e6c453c1d192475f55f6d257dc5ada9e2f56d2c0acf31c269,,unverified_recording_hash_fallback
AUD-c77c941230d84fd1ae631895f8a93f8c3b5c61314639f61c4234761b4d863bae,Gunshot,train,GROUP-049dfd4b8e20d85b8074fcf29a342673faeb15f98523c6e965432d010062a66e,,unverified_recording_hash_fallback
AUD-c7fde3ebd752870dba889c5c7ea31c28d4a330f508422f16e0df779f41e77f3d,Gunshot,train,GROUP-8139f5ecad313368d103d072ae979c93c1c93a8ec10c72da0b0539ab51fadc8f,,unverified_recording_hash_fallback
AUD-c815da050938efd59860fff2b7e2d39ffcf80d1341e2f36eaaa0e172f4739bc1,Gunshot,train,GROUP-7d1be320e112a61793bad4c3f8a0bd04feb8858e93bdfe36ceae88c96b9d7c86,,unverified_recording_hash_fallback
AUD-c8379f437b52b1e8c40edb11f072550b3448e7fed3192c914dfce8e8ad3e3780,Gunshot,train,GROUP-5e1204e753ea44b4ae967c5970023c4c8e011af55d653f646499587354396ad7,,unverified_recording_hash_fallback
AUD-c84baaef7b87d171b27e2a6778d4a70781543abd6b698ae79cb91f30cb7ff114,Gunshot,test,GROUP-96cf8fc633bd5407fb7b6a769fa783d47e5ea7c9935daed6d76b766b18b1a40c,,unverified_recording_hash_fallback
AUD-c89722ff5925481a1410329b9b4ebc0e9bfbec1327f15a7ab7c2e7d4940e29dd,Gunshot,train,GROUP-d8178e574ead6c7e3c6de9ec1f0befc4adb890a50762afa3ecf2f52846841f2b,,unverified_recording_hash_fallback
AUD-c8bd867ec3ce04fc78a61f4870ebc63bbf5cb30be1f088c7b09c67abc400018b,Gunshot,train,GROUP-39cc4709a630af75aac82924d9e200dd5fa6e9592d6cff386b1490bd617d6151,,unverified_recording_hash_fallback
AUD-c8bf4dc65afcf65fc577cffa8f7f90446d4ac2b11d24835dacdf100077e51d08,Gunshot,train,GROUP-9696e87b19125d69260eea78dfb41cdf769839ea845536fbaaddfb354432f620,,unverified_recording_hash_fallback
AUD-c8e6caa7175052537216ddaf4026dc906d0b0ae35da416cc97646c765d458951,Gunshot,train,GROUP-d8de5f2b8367bde3f6fecabf7c7c4e7629668ed735004aab3405c2d86b03671e,,unverified_recording_hash_fallback
AUD-c935d0fe5bfb1922f764b76c94e16dd417e5647aee4b9cf41e68d5b55cf93832,Gunshot,train,GROUP-bb60886e3f96009d0a198932d5c425b4a4a558d0d696cb8c22bbb64d93c9e0c1,,unverified_recording_hash_fallback
AUD-ca1627d2df49f18ed2093f02199453e861964693eeb616e5257806dd2667b27d,Gunshot,train,GROUP-bb0c99287a10d5bf94040951552121e5126fc3bf173be97f33e9d8255914e876,,unverified_recording_hash_fallback
AUD-ca3ebfb9ff039211b88b79142bfe938aa19b8468e7108705777e2d1664b3150e,Gunshot,test,GROUP-1d7cc676f6426ace8d504b7296850869bf56e6bbd6c692063ed10d2cd59a444f,,unverified_recording_hash_fallback
AUD-ca66dc70ca5471ff0c577b65e3d21f58d1ec2d0ea919bf36d65352204100a75a,Gunshot,train,GROUP-e0b3b376454ffa2a9549a9fd308cadb87e0df9c2f2fd72c489ab00b2d24e49b0,,unverified_recording_hash_fallback
AUD-ca72ec441b88e05d1a697f298740e93b13d819b10c3550bd543b25daa6ef44ab,Gunshot,train,GROUP-8c53150eb3cea44aa409d734111ae9872fd69fd6199fe9fa7b2ea8bd50e50e88,,unverified_recording_hash_fallback
AUD-ca7e09c03dcaf5d25bf305cba614e8837de88938ea9fbc49b653f42ecfd36501,Gunshot,train,GROUP-1700ca3c2128daca94bd3a8a3e0c444913d2224278c8ceb14248d7c62fcce637,,unverified_recording_hash_fallback
AUD-cac94952561d10f1715dcd7ec2c3d50c2f170281f6043c151f7e888c60080bf3,Gunshot,validation,GROUP-9437b18043561b539f4c367b4ade882ffa6d2f552a52931079a9d21de9180245,,unverified_recording_hash_fallback
AUD-cb13d8aa95c4b709fc5ba8614f5d0fc67f08bcbabf7fc02176bbdac3a1a007e6,Gunshot,train,GROUP-703c4e5c19f8ccb127e1bee760d9bb76252077eb79b075b89bef5ea8410af4a9,,unverified_recording_hash_fallback
AUD-cb86903131845a27961a6e579c08c7d53f5f8d5b333b42cc54198aa80063b254,Gunshot,train,GROUP-83f0a9bc3fb0c9ad2a7dc765d54176103a5718d95a9de99a0071d7c2851051b6,,unverified_recording_hash_fallback
AUD-cc2d36dbf1e39ee6d428c9f412a47293a1316a968a1c6f3b980182d4ed3176fe,Gunshot,train,GROUP-c12710fbf42e4b98b4ce7e24fecf39372b1a55ef1a8d03e41a685050f6bc4cc2,,unverified_recording_hash_fallback
AUD-cc348ee217e722784b2a6b664043d5a91cbed220b310342c8db748e859d9b376,Gunshot,test,GROUP-76b09f2e9b3d2153bc42087189b4036113144380d5ae7acd2860a7a226a1d839,,unverified_recording_hash_fallback
AUD-cc3b73ee69507145be77e897d4280509c67e577b2a294faa6232c417ca3e3c2c,Gunshot,train,GROUP-b6128c6e0791acbea2f205211d3fd4468511d10ac8f0bef88a1fc266d379ffac,,unverified_recording_hash_fallback
AUD-cc6f077ebe8c084e48a082fb6e6ab7c8c9bfedc5984b32151f0fff22ef3e407e,Gunshot,test,GROUP-0d7d923f4970dd8c0d7b754c4110b6723cb3617f36d06215b6e8f4f46067fdd6,,unverified_recording_hash_fallback
AUD-ccc4c0fad57019c291b9aa7e05b45ac726514d820c62ad8428f4fcaf2f21ca7a,Gunshot,train,GROUP-8a4127d5c2e901df064e4db23f48b027acb0aaf710976894cef289d02540289b,,unverified_recording_hash_fallback
AUD-ccf6d0d16ca7df105d9481e9998b3c856954ba2f284615ab677c337c57db638a,Gunshot,train,GROUP-3b58a7043cc9577206b3143b83aeeeba5f6395d5275fceedb2efd688c6a78d93,,unverified_recording_hash_fallback
AUD-cd33830ca668e71c4a40472664108a8dc86e7bb56baf76fd4a0aa3c4df6ea4a8,Gunshot,validation,GROUP-1255727fecf663a9dfa41393600d8bbe00fcfc73e071a01924c34ece13e44d02,,unverified_recording_hash_fallback
AUD-cd4dc2752cf364c1d747f42687fd15676b8ce5d0ae403861a1820b5e4ff2377d,Gunshot,train,GROUP-4d717a7255d75e3c189290202c2add7324ffbe0eea7695b0c5d3e0a86126e376,,unverified_recording_hash_fallback
AUD-cd5134d2d2025beebce42e152f94e1868dd80b6367fe188b75755ef992f2c2b8,Gunshot,train,GROUP-5ab4608c8e3b6b02c4826cd600aa09c63022c4d1d38937d9b9485530b54f983a,,unverified_recording_hash_fallback
AUD-cd6baaf777a75a1d02548b96fb7a707f2f828c20d5f5aa18f6a02bd355d55d03,Gunshot,train,GROUP-61ec2daf981d06a1b64da4ef31d1f4858db47d4aea0a4d42a75677d4397d2e5b,,unverified_recording_hash_fallback
AUD-cd8a89f24d66be1078130cd2cc4786fd526940f62bb016063411e999978f6fce,Gunshot,test,GROUP-3a8ffa0ac39c1be63e1ed307bdf262a40c819cb5e9db314e0c81a326081c2708,,unverified_recording_hash_fallback
AUD-cdd818e7957b76691ed612b4ee6399bd82b6e4492bb01623db0af5ea108ad065,Gunshot,train,GROUP-0ed37510360a4bc7048e28c199ea3d078add8a90755bad932b981dc79fdd227b,,unverified_recording_hash_fallback
AUD-ce154411a8adf442eff2c4e238121b0c104bcac50ab40cb1268dbef381f997bd,Gunshot,train,GROUP-459e5b7193af93adbad59ca78ba779d20374d0eea9e7381b213b84a63d4009a0,,unverified_recording_hash_fallback
AUD-ce4c108b321b10123fd5df57ac476db0f773d61553fbb3b268b243b81b3e3deb,Gunshot,train,GROUP-179bb7edece538a67be674c2cdb641ae01d9ecfa869d133c2d3bd53334601782,,unverified_recording_hash_fallback
AUD-cf1db9f7f7c949d3b3e370daaf971a5555b2ff94de595c5fc3079ae04ef81ea0,Gunshot,train,GROUP-2ff93b107c10a1c432ba76a4f68204f9deea2dd659ca431e11142dcec7bec064,,unverified_recording_hash_fallback
AUD-cf22e17ee8c11f506a870f594fb8579273150554cda0f1e40b009ee5e3e55a5d,Gunshot,train,GROUP-3d02c702e32a7de46a11b2ad593e871656469d0451975e121ac87a8b58fdd5d7,,unverified_recording_hash_fallback
AUD-cf25d986b576cded30260710c7e3f9a071d7767871489fb3545804dad9ef42a2,Gunshot,train,GROUP-de9a608b9a47af13e4adc1ce7c77dca9b5f4eb51cc1ed2725fdb1820e8847ea0,,unverified_recording_hash_fallback
AUD-d068f1960278d96da7a97682d95a1b65c3fb3f95a5ec6fe73fa13d705dcb5d28,Gunshot,validation,GROUP-818f01a47cd0f85b6a1320f53a4fe9c1f32205f92f285ab2b6f94c24b4701cd2,,unverified_recording_hash_fallback
AUD-d0a67238e2e9ec0425213671d84b54451ba81c7bbc6f0fe9c99884ae7d2506fa,Gunshot,train,GROUP-4535b59951957ce86101e61ef9cc27d13ca888c32379f14aac4251f16ea2412d,,unverified_recording_hash_fallback
AUD-d10fd96125d3458ab4e8394b5b6d833fd12a516085862cf8f449e3c414c9fa08,Gunshot,train,GROUP-2d80d202b415eef1f44fc43faae08ee2bcc7d39435c64ee27baec9945f98df28,,unverified_recording_hash_fallback
AUD-d115d67b4e6caf66ec3f0285e8535e9769851be5ef9cceedc782eb2191f4610a,Gunshot,validation,GROUP-270ec578aa4f30380e5493ef1bd2b7ad52f7bc4817a666ab077b29bc1c1cca35,,unverified_recording_hash_fallback
AUD-d1509147831ebf19bfd1688282dc277e6d60363cb76a167a56984e9cc5550aef,Gunshot,train,GROUP-442cf2b1e748a049707bbed9fd3b451b7e4de219cc2c08e592cdb885c0657973,,unverified_recording_hash_fallback
AUD-d2f84e3775031c85a1cddc7bd6edadef1de656cd96a621be5ebb8cd3834f23f1,Gunshot,train,GROUP-07214f3a73fafc408679e82a2fdb3b9df953e72afa3a86ed5fdf18f79f7db4ae,,unverified_recording_hash_fallback
AUD-d33d3aa395fba097fd3652cd39e5c36adc19a1883498c5746fdc640f0782ad8f,Gunshot,train,GROUP-ccb53f3cd2cbb7c42c825d1e9ffd9a89bab11f62f85778c2f6c8163693c00e61,,unverified_recording_hash_fallback
AUD-d406729edc76da6ec2801acd171ddec744dcf62c9cf00fe42637d7903976c392,Gunshot,train,GROUP-541e945e8856da558aebf273422a381c7d75cd4576a69b228c8977321e0efac9,,unverified_recording_hash_fallback
AUD-d42ab97ca7d8f21fbd86af32f279585f92e6e7560752119abf45919512c9d2c6,Gunshot,train,GROUP-2f1eb8f5b10a3b9bc46c283fc95d9634b6a37cce7d087e94a5fe526a048d5d5a,,unverified_recording_hash_fallback
AUD-d4839f7ab7cfe8b525ea4966a6475c09037a2c5ae821b01ff850233097017641,Gunshot,train,GROUP-380d54461264bf3c44421127ce9904a4dd57f6352eda8bd4a5f618400e334503,,unverified_recording_hash_fallback
AUD-d5044e427b2026f47a672f64ea48ebc5448e51d244fcff77f2f43f601376d926,Gunshot,train,GROUP-19be6ddcca8347533a121975eb9b535e039fb97463f38580f743553d86ef6a9c,,unverified_recording_hash_fallback
AUD-d545162d5b74fa1d26b9ac1eb48d63291f24de7af35c0d0468eaa053c07ee005,Gunshot,train,GROUP-4dd946a701d0d9730b696ac1951f1457491769b7371f2360ce5779d49f4dbf75,,unverified_recording_hash_fallback
AUD-d576c7c348eee4d3dabe31cb4acaec714c25975989427a711828851b03bd3213,Gunshot,test,GROUP-5455bce7d40bb5e5d1276401f9bd72ebba6dad16e0a4f57379f6d60c30fc0d95,,unverified_recording_hash_fallback
AUD-d5b038bfd63c5c2b5db0fab77435217349e16947c1870111b13e0d63cf49dc7e,Gunshot,train,GROUP-557d16bcf4674127e00ff408461e8b7e3f7ad74b2082d06e601f9ffae153d4c8,,unverified_recording_hash_fallback
AUD-d5fcae0e784e3277ac7c78ca6d2b357f344d2727b1ac47feaa99b03c67d03a86,Gunshot,train,GROUP-e7a4ede31cb0c2e01fd569bdde2f66948b156d8803a9ed62203a8a9473e245a6,,unverified_recording_hash_fallback
AUD-d667baa9a51e973f5104b7dd1a3b1efe9f7fc847d56578c0fbb329022e6d18eb,Gunshot,train,GROUP-42a00cc77885c60bda45a18465a817e91e88ffbbf7e7fccedf6cbd9e6c8aa952,,unverified_recording_hash_fallback
AUD-d6ecc96d4504aef33132b7152c4e08d75f64fec39b942b5d556f8970f830cf7d,Gunshot,train,GROUP-2f49d32937068b401794c6ce71cefeb12c37af45507239552a39bc9749113699,,unverified_recording_hash_fallback
AUD-d791c9cc7a4bc31b52b2f7c4c124584ca1954074afe90e7165e3e547c74fb16f,Gunshot,validation,GROUP-ef72ffbd07f80f3e0c07e7d17621c47e77af436e0b9d9b10e9722707fa50c72c,,unverified_recording_hash_fallback
AUD-d7fefe3b339768df010a3d73fdf3c98d99209fcbc5ece8891a56847d7ba0728a,Gunshot,train,GROUP-5c617c64c25a346f220fc70017497a7f6eed96458c7a69568434f8a8f699fd8e,,unverified_recording_hash_fallback
AUD-d80951d1437be2d6db93ce48de4d73361af049012cd409223f0ad4583b1e51bb,Gunshot,train,GROUP-58f93958f3e96e2a292b6086c900f6f05304e44a1bf182857fff66c40cf4e3ab,,unverified_recording_hash_fallback
AUD-d84c96856b056efebb307129f0f6faa10f2282356615eb5c71ad9b5d89a0cfda,Gunshot,validation,GROUP-101699faf96c1eaf22b0a2bdce9893899fd140dcc99e6a3d12d3c308da846813,,unverified_recording_hash_fallback
AUD-d8832ab7f410a9e00e234d9f50e610658f42c3ceb3ae0575a16e8f23b0b530fc,Gunshot,train,GROUP-709e00d9645542978304022acfd55258e830b28045671b13e8352aad0f1d9155,,unverified_recording_hash_fallback
AUD-d894f9165bc3c2558a9112aa420caa3190cde465f73524dd85db2caff13c837b,Gunshot,validation,GROUP-b46a13ae3b48fdbd0a7adfd3373937661fc3d74c0c8321030a3fe713b3c4dde7,,unverified_recording_hash_fallback
AUD-d8b2c729456700c0b081daa8be45df079898afed7924382160e811c0b6f4a223,Gunshot,train,GROUP-c99e8755862f72d33b5be5d3538f6fb2b321294a675db2f345d8035e0d2529a9,,unverified_recording_hash_fallback
AUD-d8dea85ad5382eaf1453a063764648aaf8ab099cbfb900e4ddc85cb3f11e4139,Gunshot,train,GROUP-746af2233c82765441592abd6275466466292747b3be2bce7d7c9601006d2fe3,,unverified_recording_hash_fallback
AUD-d8edb528ad50ad1d5aa5a2bd1551778509338919d0c520d87444aa83816fd5cc,Gunshot,train,GROUP-8dc8934c746f1582fbefaa19e4620b9274cfab3eec0354ba634152a0d5ac5484,,unverified_recording_hash_fallback
AUD-d92e40e895d4813b10c3d6001aabd2a2071a8525829c03c9aca6d8ba3ccef985,Gunshot,train,GROUP-539a3eef3eb4ec614a65711c76ba5bf4c3a2164867ef8df64ba4d81ed750ff4d,,unverified_recording_hash_fallback
AUD-d955356512af339f8d3a4589d6a2d1a755b33b68bdce0ca3c0e7997ccf90b294,Gunshot,test,GROUP-45306bd41c028dac8e568b53642af12b0b24622173ca484b06b40fa09c5e756c,,unverified_recording_hash_fallback
AUD-d9641f7235ca9adedfbd0700e5d0bd8e239251c8819e86846ccd535f5f5b4b63,Gunshot,train,GROUP-f8aec75cb8770d3ba5843fa0d63796940a6affb68b2e1a5ac8abf3e782dc8e24,,unverified_recording_hash_fallback
AUD-da76072416b9985546155fbe2139c43d5a7fb89a2910392c9ab7979b9e4f6f7e,Gunshot,test,GROUP-a2a5881e69f7bcf831e12af19c48a4e05c0e4c252bf216715252df20aca023b1,,unverified_recording_hash_fallback
AUD-da963954eb63c11092bfcf5c819022ea760eb026d19958125956d7a4e0fdf657,Gunshot,test,GROUP-dc591ffb8bb910b43058c6a90738e7bb7dc2ab10da9539096f21ac71d938f38b,,unverified_recording_hash_fallback
AUD-da9f704b52ffd51985d60c851d5d2eed70126bcdfa82ccead3e0dfef0cebf69f,Gunshot,train,GROUP-4b16a1e68a41bd58539673f5cad44ae489a2d9f11b97285ed76cf73849e47459,,unverified_recording_hash_fallback
AUD-db150c56cfb165011a37ba81c06b216b0b931016264c5dc533e25b8fdec924d8,Gunshot,train,GROUP-d0d965ecbd061f0380d35f55150cc0afb905b9f2da580277fefaef1d60a7e017,,unverified_recording_hash_fallback
AUD-dc52b62c747b845bdbc0e0017570a45b36e7d23b2794afe37cfb230b302d2fde,Gunshot,train,GROUP-2832ba1d8db0f494c049c9f05019f8871bbd5f3bf1b17e77e3d9b8b7fa5f4c4c,,unverified_recording_hash_fallback
AUD-dca80cc3183693738b44b40c8601c7074e76a0cffa41dfef88582182936ce532,Gunshot,test,GROUP-fc327b4d99dedd142bad9fdb60172271fe0500f6747047b24e70729bec85bc9f,,unverified_recording_hash_fallback
AUD-dd40e5f6c7b68c89d331882a9c9e40906183f19b7d4fba4316229fa11c837c02,Gunshot,train,GROUP-f7c6fb44ebecb849515609647974b2132dc904efc246043ab5605138c5228463,,unverified_recording_hash_fallback
AUD-dd668692ba4b98a73f6b3d8cff389336fada4e01f8388c40f1bb0224ff86c6c6,Gunshot,validation,GROUP-43b3871b3989fcae92efe90b0bfded5cbfc4a155d255c2ae845a2b1b9f2726f9,,unverified_recording_hash_fallback
AUD-ddc4fcd98bee96d5afdbc699a06de25182619fb93fe70b6d0b053499767438ec,Gunshot,train,GROUP-383269a404a97056ff960f7f9f6022d8dde3661c7d7ec5cce4f480f7816be0bc,,unverified_recording_hash_fallback
AUD-dde462ac84860f550fbb82a99eecaf78e2ab00102280d5b9c585bd702186b845,Gunshot,train,GROUP-db66793cc5dc682bacde589f2041f2ae08395b0b6c9cba46d5a77d95dad564d6,,unverified_recording_hash_fallback
AUD-de1fcb8538794cc5801dfceab6ab0b31ba486bc0cea179630ddedd234757aa54,Gunshot,train,GROUP-22db73dea9580d1758732384bf31d3e04515b567872330c3bdf1eae7302bb555,,unverified_recording_hash_fallback
AUD-df822924030db10befd46900b318148567a4defede17a8869b520721edd481e1,Gunshot,train,GROUP-6e3fb238234d29beec4edd9748e850ade08635b8eaee3c404ff6250f13d6708c,,unverified_recording_hash_fallback
AUD-dfcea5e5a423f3f115337411b6439ca7a5cdb29f5f6a2fcfae20d271e83c8cc6,Gunshot,validation,GROUP-e203f7f1fa79f75b7cc3e1e1685ec77434dd3026e2a569a900ca4583bb46338d,,unverified_recording_hash_fallback
AUD-e0958b3399b8b8ca91e8ea4b2c86aa2a5aaa88a91ae07ea25da0b269a6cea22a,Gunshot,train,GROUP-9c9fc068f7ea7e28994e55d1d9ad617244bc04940d416250b82a2fec94c3ea39,,unverified_recording_hash_fallback
AUD-e0c8f97ce5cdc44c244a72218cdbdef15e3626192fdf93c37306644ac985c29c,Gunshot,train,GROUP-846d54df321f5a0bd3ec73fc3e784a5b428fec5614f201c0e31043e70d0f5f69,,unverified_recording_hash_fallback
AUD-e1394f95ebb6d5eac49dff818155a41a7ef9cbb375fc0d72beff96dfd2ab816c,Gunshot,validation,GROUP-7e31495e1e5f10133572c2374865d40897ca7e1da0a78810a7be337c31af3d1f,,unverified_recording_hash_fallback
AUD-e1677b3d94778d51179d45210bfa5da73b8c1a9b9fb10a5f3a4e6ede89553d7d,Gunshot,test,GROUP-c7aae6c9be7bf5df6e4e43f1d7be89dd9e422af626bd2b41dc5a733cc12cd2a5,,unverified_recording_hash_fallback
AUD-e1c28ad8a43e5399f3b4b96c9150bf4d1ab52fc564882eb3103ba29e304cf4b1,Gunshot,train,GROUP-8dff48f745cba763adf62d47fe2ab7385abfe620fb693075dfe49f58cf4cb610,,unverified_recording_hash_fallback
AUD-e1cdabc723229718e0d4b84f2ab6288d13ff1b46cbac29e17ddc407b39b8833e,Gunshot,validation,GROUP-068269bab1a4e9689707a47ede4ca18ade8c48af6fd2e8f10f23ceba0e2d6d41,,unverified_recording_hash_fallback
AUD-e1f756b087d1ed2a0c96e05960f0bbc326add3fd2a5eb68eb94f85f36b9d48d1,Gunshot,train,GROUP-8bbc224f58b161eb73c8179aafbeb4747d65159c81573e41b9cfc55810c7e5ff,,unverified_recording_hash_fallback
AUD-e23d8e0cc814ef81e0e8133957fc57fb83c68a136029119b7641c325303a9462,Gunshot,train,GROUP-55162f5f52768450cedcf8ab459d99a8917bfb52432d569b5b1b74662ca227af,,unverified_recording_hash_fallback
AUD-e241ba55b764a8ff37b2b481146dded247c5453320aaf230df83b10ee7aa5e04,Gunshot,train,GROUP-fea415e2954c10108441329a65ac7f790bdf88394728fe6afa290e5097869862,,unverified_recording_hash_fallback
AUD-e24d1968ce2e5bffb06ac074b7256921f37cbc5ebd17c1d3c226b6bd1f8b0b91,Gunshot,train,GROUP-9c612e2edd5c4245b6144a0b55451faa9d582b71468765579894e7a0ca6c7e91,,unverified_recording_hash_fallback
AUD-e2a7fa4c2415d9eb79395d5090ffe08ee9b7be0ecc6eba32766697ade3b30639,Gunshot,train,GROUP-8dc4daa21e7ac54d5276b219c0966675b583698dba2133cc1e9c9119359e9d60,,unverified_recording_hash_fallback
AUD-e2b77b89028efc018b96fe2d957d20082fc80be1fde1535cb3aa071752fe94d0,Gunshot,test,GROUP-b3ed8a947f5e9a4b72f4d95565837fe7b4e33593ac4275f6c78c2bdab7b58dff,,unverified_recording_hash_fallback
AUD-e2eafd9862d5cb5b59059ebbe7b66d53fe818898b1fa327bf283f4343df7593d,Gunshot,validation,GROUP-db6b54bb7966189dd3354e661b6ea7677ba212f2cfb0845483de23c8bccd0c1f,,unverified_recording_hash_fallback
AUD-e32b851a605488d4dd1f5bcadbf46b1ba495cfdcc20b10e219f14c6470b4ce69,Gunshot,train,GROUP-d6426c7f82eaaed02b106b41288763038606fc9e50ce515f6d910f1411639044,,unverified_recording_hash_fallback
AUD-e369f218105c572532a56d1633341374f755c9cc93bbe6624d7c0a700e8c79a4,Gunshot,train,GROUP-e5877c54016283331f5288e71e709c3c7bb11dd1e177e0e451ae7277cdbf3d26,,unverified_recording_hash_fallback
AUD-e38a063c12c3fd68aeacf4a07b141316a5073d28d8f350e66d28e95618212545,Gunshot,test,GROUP-366d46acbb976f6c2c4d4ab31428bd8a7daf70c737e1da52151f48cc989490b6,,unverified_recording_hash_fallback
AUD-e3fd53845f3de09c914446207afe4cb9e42080515da79595dd7f0972fc26523f,Gunshot,train,GROUP-9861f2c4e992e5f6c826c920a189e71e74683970c716bd666f3717d785fdf521,,unverified_recording_hash_fallback
AUD-e43132dff379c34a1014cce2db71c17976f5afbcdaee2c11056e93aa86c072e4,Gunshot,train,GROUP-e1cd112e6675870899f3e0b0ac44f13a0430a3661863746e4fe39662a1c07a44,,unverified_recording_hash_fallback
AUD-e4716b4024964dc29ccdc19ccd0cb6d2d157f49f855c834f8d104ac76ecc819e,Gunshot,train,GROUP-66d23aab230cd1f0f072fc57b06e3099134f479d7900983b51d96ec40466a27f,,unverified_recording_hash_fallback
AUD-e48866b8120de60358b3bab7557514f33a2eef6e52535d1dea831717579dcbff,Gunshot,train,GROUP-d0515bb162ec7186794ccd0d66937ce4952e9aad25ddc4abf0ddbf5b7a8dd533,,unverified_recording_hash_fallback
AUD-e4a86fa9674ccd910a9a0a2ff28d8f0c46147db99cd91eb47f8774ece57438c4,Gunshot,train,GROUP-d767013c209e64b3aefb30f0bfbbe038eef60c2e1f101670ad8fd523da8eeff5,,unverified_recording_hash_fallback
AUD-e4cb2435b681c1e93a299dbafaa9b93ebdfed842ead998d017cda5cb4719002a,Gunshot,train,GROUP-edc6fb0ea4e3c6fcb4edfbcc259c9075b087d792fe83497d53422b54efe3f4c8,,unverified_recording_hash_fallback
AUD-e4dc6ee269e5be10670ff06f2139125bc96e723f1c666a1c70480b4936a7fbe2,Gunshot,test,GROUP-96228e6cf2933c871b188105887d3f471b7efbb5efdd7895c882e76d4c8d1d8c,,unverified_recording_hash_fallback
AUD-e56633087f7cd7eb24ebc8f36ee7f0846628882a65f9e5791619092eb29ba553,Gunshot,train,GROUP-2e9776995dd7d06888ad08c642fbed5f1894f9136277751a48ff6e337a1e6a71,,unverified_recording_hash_fallback
AUD-e5c78bdc817d3a56654e9736b155d2426208be2ecf9fe0ac2b1e883e86031374,Gunshot,validation,GROUP-2d7ddd6cc3d17de2d449bcd39a84c3bb1a95ac9fd269b629bbf1b25b9574878b,,unverified_recording_hash_fallback
AUD-e5cdd692a46a6b22a54a2cc7d3e6fa558b47f16e07d2f02ba7831c736dca7d1a,Gunshot,train,GROUP-54d17eb775262e9691a2f5f55a319ff2b918e17be0595d48bba017c5dd5d1a70,,unverified_recording_hash_fallback
AUD-e61385b8f1a11e17b31f14e7ac8ffb8fd47652b953a105eb8f5b6e59c22744f3,Gunshot,validation,GROUP-a246021180b77b3e02f4ad19ecbaedc6c2a20d66229dab008571f7e846da2b49,,unverified_recording_hash_fallback
AUD-e632bb29651b335e3f7c29a1a0195582f754f53a3e39e01341902229aef255b6,Gunshot,train,GROUP-713b5ca23b3d3cff102c5461fa4064b55ec9c7cb757f86587a2f7a1426e954d7,,unverified_recording_hash_fallback
AUD-e6471cfee92be7ad8c71a8a57a77481cd30f84c820ce74bc24a83bd070fae36e,Gunshot,train,GROUP-b61c72175b61fe40e4dc59cc8685503f2f045e8d7459f7ac05b5dc675517772e,,unverified_recording_hash_fallback
AUD-e6a2aa88fed909bba955ea14c02b5461e5d8dd12814c810ca7b136be92f38b05,Gunshot,train,GROUP-817e49052027cd257883f740bc38b3fc09aab583e3762aff725fd3e246f0ac0f,,unverified_recording_hash_fallback
AUD-e6c189d9ed521198d0a246e308fe89d18b3323c7a99faa893d10fc468d4865bb,Gunshot,validation,GROUP-026b486745e5fdaf80c8a5cd4cb7b3fcb111a010e72c519db6c2a5ffe998d688,,unverified_recording_hash_fallback
AUD-e7fff7e129a10d31e6dce90494188ea62f7bdb7800f30bd6db245d19d5b819bc,Gunshot,validation,GROUP-744f24655cacab26ebb3e85dfed9939dd56bc5ceed576665d6d94bdfecd04c16,,unverified_recording_hash_fallback
AUD-e806beec1c438feac772ccafe8c0d84e13cc9145ec74afaa473c1ddfef520288,Gunshot,train,GROUP-08ccb1e680755ec2c1eeafddd849e7d42eed367da429f17e1cd0e875c245dde5,,unverified_recording_hash_fallback
AUD-e81d9a3f806561a40443d189c1b1b1a3796f37f20f9e4010fcee7fac8e9dead3,Gunshot,train,GROUP-5aa6734816a4825771b37a19fd4dad93ec104a6a7a9cd5dc8303ceadf464229d,,unverified_recording_hash_fallback
AUD-e8b02887a32901700061c93a412413ba73f9a7dd0b36e6f41bb03a6d2bb2a3f7,Gunshot,train,GROUP-ead5b39ab1ffa5bb237f359ca12bb2b95ea0532ec41dfbb34e701e3469ee809f,,unverified_recording_hash_fallback
AUD-e922772b8cae3540937bcd7e9a0c7e4f356bc2d57ad01121f9baf1d9b91d0587,Gunshot,train,GROUP-80a22f02a998d27cfb5d48e3b3d854063c6114bccb6e0f03a858157289477a4d,,unverified_recording_hash_fallback
AUD-e9947a9500e2abc46e651d39a3f3349618c43548bb1bb03ab9a925c801c0b624,Gunshot,test,GROUP-84d592cdb6d5c2f4af1da19b12156e0b380a9d59eba270e3106a2cb9899ac494,,unverified_recording_hash_fallback
AUD-e99e23b7bdadeeb2727375b32fe776aa4727ab2dea982e10fc4c555f23f8e362,Gunshot,test,GROUP-66b5990d2ac220f5d9cf5821ee72beb375ea3a4b327b970afb486c655eeb11b9,,unverified_recording_hash_fallback
AUD-e9a46b87600deecc37ba5ed6d82449594459d6716fcd72d9f04647c12a8523fb,Gunshot,train,GROUP-9fc2b16e1476eb7aa4c12df38fa13f7c5e0b8d0194b34d4cbe4a7b6d6e3b6863,,unverified_recording_hash_fallback
AUD-e9e30c89dd688bfc7fb4e7988ee790007f4906871216821746e346600e31cdd1,Gunshot,train,GROUP-a41926f104471f8a5e684db1e0fe3d4b47c5a059573732127995ac7d1a8b0ab2,,unverified_recording_hash_fallback
AUD-e9f2409d06bffd748dbb6a72c5d8ef1619a58f40f31d6ab476389d870afc6c7a,Gunshot,train,GROUP-586fbe9ad888af814d8c050c9487adeb4f3c24ebb775c4793c418267cf0cfa5b,,unverified_recording_hash_fallback
AUD-ea70c81c0492fd9558edfd82261dc6ca4948ed060bf8ca919368660178aaf75e,Gunshot,train,GROUP-0d273afe4d07ba678b9e2089306494518008370a6283c868fb3a2307492bd057,,unverified_recording_hash_fallback
AUD-eaaac01f4eb4aad3cae31b4dc69fee27b7c96af920d6f6349b0ea8871520cdee,Gunshot,train,GROUP-9188ef4025dc61e20ab1b4e263109ce6f14080be98389574a2ffda84820582ac,,unverified_recording_hash_fallback
AUD-eab3f266f6a14f382e65637dd7863207edb085bed455ad2e414a5c08ace1548e,Gunshot,test,GROUP-d9b3806f153a4838864bca304b747e41c32ab8f0a080b91edca3553792a4a44c,,unverified_recording_hash_fallback
AUD-eb66c7b9784a8376bc472d10318fec6f8bece247feccaa9c0c2d6585354a378f,Gunshot,validation,GROUP-30310cdff166c0812b756ac540cfa34c9a39afdc8588642f91c37c0c3474eab5,,unverified_recording_hash_fallback
AUD-eb829705eb2959f2158101cc939a73749aa4f7159df4b79bb5e7fd00141b340d,Gunshot,test,GROUP-13723d31a157db49a24885ff487fcb3af4b2aef1fa7bee914ed2f781e9e8cf8c,,unverified_recording_hash_fallback
AUD-ebafb98a4280f1c8dcda70288fed31f1c7032a4c39bb16e9835732ac4edf32da,Gunshot,train,GROUP-80ddca0870c8ae2537d4564cb191b17105c7307b91d103b8fc33b3d48ea68882,,unverified_recording_hash_fallback
AUD-ebbffbe9bd4681748d277bbf6e482a95829906c194f64e67e20c6fd2709f9d1f,Gunshot,train,GROUP-cfc065de9f8afee5a3041305a2be3e9d23e3f2985a634ccad1c9113253a7366f,,unverified_recording_hash_fallback
AUD-ec182aa34d0a39ab28b1725a19edf18cc553ab6e56d6c578893984070616c626,Gunshot,test,GROUP-107859530e18b3605c966dc79dd3c180e3bdd79de70590997092b847abcc7485,,unverified_recording_hash_fallback
AUD-ed13f0e3992b6930f2e4a744513381e48057fa9faab5b7d1103fe1cdff35b6e1,Gunshot,train,GROUP-0a39257aa99a7fe2d17b8bc5b8ca680905f906cc06c850c80c50356bf3cd0648,,unverified_recording_hash_fallback
AUD-ed48e1630aaad0d25f3ffa6bddf27c472a244cf3ef4bc1408142a8c8433800f5,Gunshot,train,GROUP-fcba006939b1d11a3438ef12b96db40755acdcfc73f4b33618d9036867ae8bf6,,unverified_recording_hash_fallback
AUD-ed7ebcd82df3fc69ab74f879c637e160fafc7cae880f0b974cdf5c89253413e3,Gunshot,train,GROUP-7404f6efed2866c680045b79d0b2b10842c6ae0a92e9e2832cab32ad37928a3c,,unverified_recording_hash_fallback
AUD-ed93fc06bef6ade65e57206e2fb2206cd14bd7a53500bde5f3b1b3b3ddb31b85,Gunshot,train,GROUP-ff98d13f5f4049d9533ec715e70ff171772f31b797dd366bb3328fecc47ac794,,unverified_recording_hash_fallback
AUD-ee118bfe8560d7c691d2b574ce3e37c94ca0f8f2f017c3f019c1d3b8915d6ca2,Gunshot,train,GROUP-9566c5b00780dca2671cab8365ee84a2296743231bae38bea7a2c8c3555f6574,,unverified_recording_hash_fallback
AUD-ee1d98a08aef01d1290af6809d726957777b1019dc354d78163a2c4d409b6f35,Gunshot,train,GROUP-22bfe076c62ecf730d4ae7534fa13c750335a524a38e68608d9337f327a5cd97,,unverified_recording_hash_fallback
AUD-eeb16109b687f6080ab652033912fc9f80eda38ff6654ed0f0c063f4297c9630,Gunshot,train,GROUP-e620085893760f7f487de9e24ab8bb03398823d6f863751dee0388d1d82221b1,,unverified_recording_hash_fallback
AUD-ef09927d6e785196d4e343fad6c5bcd1519fbf8241ab88cb1995048da520da58,Gunshot,train,GROUP-759d09f535391d4cee9db412ba0e7622686e777c052aae9a34d121205918c3f3,,unverified_recording_hash_fallback
AUD-ef210d6ea7f34be9abf3ae4c81550b29563d52f264269532a60b2fe03a53eee2,Gunshot,train,GROUP-075ce6fadf66c95f90a00cbfc1fa81b779e82ec4a437681e1d66b71d0aa62674,,unverified_recording_hash_fallback
AUD-ef2bbc0a8752162e6bb38868c3cffa2744df1cebb6d0b036ef62b0a7e0e2d0cf,Gunshot,train,GROUP-c419306a2ea7df2a4ed5b6d0e6a961d33bd88b0f1701acc7823e00102a3a8ded,,unverified_recording_hash_fallback
AUD-efdd6b824c96ec7b8fa403173d17f37154d57bb77554f6e42bafafd0c7d8242a,Gunshot,test,GROUP-bcca34e0dd12eeabda86317f9cdb148b3a616d3cda853b22d340fa8886692dc5,,unverified_recording_hash_fallback
AUD-f01e76e422aac346d4b900bccb2c71a40222415eeed3dc8a7a9163aeb2ff6720,Gunshot,train,GROUP-2d077cd3fe60244d1f7d6c273085f395ed4e6c7fb0573ccd0fc2f5feb7e2a4d5,,unverified_recording_hash_fallback
AUD-f03c8f1520ce4f1d1e5250ae4709f4bf960b2fca917d80ea620376f4df674102,Gunshot,train,GROUP-79edc9def3e111fa0ebbe8e94db80cb83299e775257f82383425359e05f03f15,,unverified_recording_hash_fallback
AUD-f09d8586921526085f0fe66e72d0561b482facc89021dce7fc1663186ee5579c,Gunshot,validation,GROUP-41d86875fa06d3bc1d4338ed7d8965ebd3089f202863062d3c1f3d361f4e44b2,,unverified_recording_hash_fallback
AUD-f0da28be0828c7203519df9875fb180b609944e0b10a0b5d16d75addcff39845,Gunshot,train,GROUP-1bc990331c820263ae815082b8d3ccb85cea1b144a401f0777eba6770b3a83c8,,unverified_recording_hash_fallback
AUD-f117b2a8ecb828851d1107e9b0040739c9a64783ce8dec0eb417f7a477f431dd,Gunshot,train,GROUP-e8e8a08bcebd9d5cdbbc2b300ad735ed4bbbe907736b19133f509d2861f1316d,,unverified_recording_hash_fallback
AUD-f14c2645c9956c074b59268430013a0371df61d805def08b969983f681c7408b,Gunshot,train,GROUP-e595bd727f6c4ec8c12187fe72a67c9f2d10b5dc8c255fd15668532ade9dac2a,,unverified_recording_hash_fallback
AUD-f14ef06285146aee36435fa320e7e1dd2383c3d2b6477430d708ef1a2db07e2c,Gunshot,train,GROUP-199428f97fee3ef11b6260e69ddf5371386e46359c95aac1a679f13bebc428a9,,unverified_recording_hash_fallback
AUD-f195d542b2dab5f36d2545d26e08465dc525d0934fa69e073dedcb3080ad1320,Gunshot,train,GROUP-8279ec1cf599f95a4e4da5547445b27c31bd1f361cd6870a113095f1ab50f97e,,unverified_recording_hash_fallback
AUD-f26da783ed9f5d1c26b5360c79f1d37471ad8d3e0a4e9c20a8f5919a53168145,Gunshot,train,GROUP-974420e81f7e8e91e6bd5a3144af346a71e821a46a36a627d3451b17760bf3a3,,unverified_recording_hash_fallback
AUD-f2836fef8b5d168b14de25b3db4830e6a95bcdcc71ca08cab8cbcd0298e55a77,Gunshot,test,GROUP-7154024b8d3b846dbfa83dac6e9dae6ebf951b3509854291cb58f0f4905b40b4,,unverified_recording_hash_fallback
AUD-f34f0e64c96d515272c48fdf7cb5f511b14d6c124362e2cd4bcd82e4ae293130,Gunshot,train,GROUP-1da150bfa5360ffef358837962f97d0e42fa90d1059e7be41a079f94b392e176,,unverified_recording_hash_fallback
AUD-f39d4d6d55972bb6b4073fa701d48657569c9e0b6f953917c05f7db5a386a80a,Gunshot,test,GROUP-01c486e3658ee1fe50fefde8f11575106cd4c8f1b32deb97270dacf0e5195561,,unverified_recording_hash_fallback
AUD-f3aa7778bf607d69c9eb536377fac7d81c353dbb20680d9177a6d312d36f3c2b,Gunshot,train,GROUP-c04038e07a6e66c916878afd5bb91f394957d1fae7b16b726d6831e4e239605c,,unverified_recording_hash_fallback
AUD-f3c85862fb71fa9661bd5e5119cd87cc84a88a5008c82853671f609b0a8ed50d,Gunshot,train,GROUP-9cb665beff2aae365a1cf6e3f875a2c5b91793f9db2e4e8f8b7ffe899b4daa0e,,unverified_recording_hash_fallback
AUD-f3ea878ce43789b4d9393152c64d4f163cc14cbebec39673331fdfaf6fc780c6,Gunshot,validation,GROUP-4b048ce4b98ec537fe2832b20ab190c794a539d1632de7e79959eea6384ce766,,unverified_recording_hash_fallback
AUD-f40be8c6b061a1bdded866f045d889af3d7dd20557182791308ca9b956bb4ef1,Gunshot,train,GROUP-b8bab09ae4f3d3ee6c81a50d3594eb22a32aa96814b7dbd9574fc26ccdb19074,,unverified_recording_hash_fallback
AUD-f4a0c9222e4b59e15d22b65f3d02fbcd98da21da7299a14a0f5711f2b398151b,Gunshot,train,GROUP-9b691627e17ee3cd4e250b9ae0293349bd5c0febb8a869621213628d89ae372e,,unverified_recording_hash_fallback
AUD-f52fd101bdc6a6662c7e85bdd029b0a9cb154b534acaa6163df35bf5f19f7c6e,Gunshot,validation,GROUP-1301fb5e8ea7b34e08d1ec994773d3a931e1a41de18309da7a428f299b3d6ac1,,unverified_recording_hash_fallback
AUD-f632876e4f9cd9864619f898f501268f7621fcceef25c7468dfb1ae0debffda3,Gunshot,train,GROUP-354914d68ad185c87822f7b8a63e148739cfe7fbb7088f1afcc1c6f9544e5a92,,unverified_recording_hash_fallback
AUD-f66384750cb78b084a65996bc675df5137177341c1ba5541269b42578e995bd9,Gunshot,test,GROUP-421a7e3fcca21088e16007f7e8b8666b37532d1f3d7f3c51a155eaa626154231,,unverified_recording_hash_fallback
AUD-f6890a2ae1dea1b3e68e41a4b6183c6236b90d1bca139c4361833c2c21f46511,Gunshot,train,GROUP-9903f413276e0c1d1ede7f64b8b700817b198b8da913fbe5b4b43a2b27a26571,,unverified_recording_hash_fallback
AUD-f69f8c0d8c85fe3eca544cc5fb7d3fac092a15211b2247b90b238c4ef75e23df,Gunshot,train,GROUP-7f201931d1c24346e5ed4291ae91849e76eed9263f4ce132faebb197550bd884,,unverified_recording_hash_fallback
AUD-f714288479d8df4d2748038affe4c84b893aa53564b6b545afd3beafd71bfa91,Gunshot,train,GROUP-686c2eefc6c4e646c8dbc9715d6c87d80d0ae0b870192d5a64bc07281b83e41f,,unverified_recording_hash_fallback
AUD-f78841bec809ab3499c92b03db1cece4c9274b2b9c6e1e94fbd10e573c0b0c34,Gunshot,train,GROUP-2fcd56c330a5f0a297828c4ee7ce96f9ae8ff65b5356d1a7c2a64181f04afc96,,unverified_recording_hash_fallback
AUD-f79e0894b20436c2f146c298a16cb4214e5aaab2a0b6949214350b5d26dbcb65,Gunshot,train,GROUP-79ca94899bb4d7590eaa28874782f5a393c0f5ed0c19354bbf8246c752ecea49,,unverified_recording_hash_fallback
AUD-f83e58798fc12181f9ff3489f17d8f283f3d91c82b93688bc64965cdefb68570,Gunshot,train,GROUP-0a087d30870050ff24e12799f9cfecb43fd9a271de07b232b0b9893f0f44b51c,,unverified_recording_hash_fallback
AUD-f8c857f9934e64053fbefd5a2af4f817865bc13ba21820e2f7bec2d36147e022,Gunshot,validation,GROUP-b7101585c7ba9a3b1dbd006b9f0bb29ffd416516f24d4564e1b5e4ea93b8f511,,unverified_recording_hash_fallback
AUD-f8e4bffae3167521d7b0503587a1c8e134f04eeb78b5db528eff6b0bb3273b94,Gunshot,train,GROUP-12874428e0dc6b1791b09bba7b5b76d728181bb2cef145c62f263dca44ee5eb3,,unverified_recording_hash_fallback
AUD-f90d3e24fc26483805e4f01a4b65332c4ab548bd168a8b0ea2ac4ccfd60c6640,Gunshot,train,GROUP-9e863840f96f0e412e1924f1bc2ffa2475871bf1402951b8d3135bc2218209a0,,unverified_recording_hash_fallback
AUD-f97b0799014e84c16cbee20cc54d0a80c1e816c5665148c373f5e70b49e1e793,Gunshot,train,GROUP-f941212bf707f14b3e5553c0d525ac51da9d13d36c4c3a748107f8c537f55478,,unverified_recording_hash_fallback
AUD-f9834f96c25dcd612a4fd4139b9593c2004f2fba1135dbb30812a87dd80c0568,Gunshot,train,GROUP-afd31ecd60c6b0e24471f862589b4955512254e25d072ab2333b55a6ef72a61d,,unverified_recording_hash_fallback
AUD-fa3d520d0a8445fccae12c4cd9c25e9d6b3d550b74573018e665508a39d46424,Gunshot,test,GROUP-2806ffd5c06276a29482a6560026c3d5baf6d8cf2f7a6d773e1ba7645a98022e,,unverified_recording_hash_fallback
AUD-fa6b6c4e159c0a3cd47f4aaa429dc083c153a6a89dafcbbb8c9ea4341dd30dd6,Gunshot,train,GROUP-379a6e4967fef798b679ab7b9974a0700a5ba6cd638be62ae9031312411feed6,,unverified_recording_hash_fallback
AUD-fa90f414dd09082968396fb07d3a2a7b0699b60a0925df617338185da8c294cd,Gunshot,train,GROUP-131b2c6fa18aa22d2ac8a3ece8094812cd6a4b34a54db26144e7eb2f59e1ca8d,,unverified_recording_hash_fallback
AUD-fb9059b5434a14dc5bae5b91385acbe6480361896cf746f64b0bb8194475b4ba,Gunshot,test,GROUP-98e965b81d47f1106affd66dd46bbfba404ec9aa1e512eb652974e782806e5f9,,unverified_recording_hash_fallback
AUD-fbb8b0fa328bd474dcfc82bc8b8ea17742fab7a9971c5d4fb8018053dcad9b73,Gunshot,train,GROUP-6d00c272714c9ab20c73ad70026f02a9aeb180368f1268b65e7af8f15e3c8f43,,unverified_recording_hash_fallback
AUD-fbd71cc8723c0e8272f35ba9bb17b9588aceb7cdd651442aed617dc48081c288,Gunshot,train,GROUP-1fa3d4991bbfcbc01445d052118c51c73faf76da89f477e143dd912fbc7b856d,,unverified_recording_hash_fallback
AUD-fbdc1593e8a41b7220ec0df3e505f47e8934903388c90aa19f227d45bfeb6953,Gunshot,test,GROUP-3de3736ae935f466609ba40063dedfe725fc5a59762a1574df1317211571023c,,unverified_recording_hash_fallback
AUD-fc4ba888400557155a78e6408e218da0dbf31f4b4e57c2cd74d5bfc05a062df2,Gunshot,train,GROUP-e1054c09c5aa65bfa47069966325ba571d946908ee08c2f2cb6f404cc4068a1b,,unverified_recording_hash_fallback
AUD-fcc476469cd3c55873ce368a957a2f65afc3193cfb03b1a1743444a305d2f1f0,Gunshot,train,GROUP-7002d4421c8203a3505eedc030ac65dfaaaa52f7872d59386512788c14cd9250,,unverified_recording_hash_fallback
AUD-fd3c3330d241f50b87739a62383e723504293c954c9f6b41b015be40a52fa92b,Gunshot,validation,GROUP-fe4153b7b23169d2b9e7463ecb6c3f0908c738fc0eb316dbe1ea42a687115440,,unverified_recording_hash_fallback
AUD-fddd4353f879e117b00acd887b80de583ef5e091d84bf79d5efe47a971f94bbf,Gunshot,train,GROUP-1a62d3325685eb08ef49e5b1b5d7d9738b48ccd9740ad48df3e163c3f07d1d7d,,unverified_recording_hash_fallback
AUD-fddec0625c3b10e55d7ca6fb3db636709ab747bd07e77b51ed571a1869c0b53e,Gunshot,train,GROUP-c5fd787fadde9a88f566568963b4be4c050733283789abd07e03ae9411d9dd2e,,unverified_recording_hash_fallback
AUD-fddef6df801411931145d2d53b50840de5b944a4d61dfc506111676c0baa36ac,Gunshot,train,GROUP-9d91465d8991fb9d56b592e022b5784fa99a52b6e42659ece51d4040b866aa80,,unverified_recording_hash_fallback
AUD-fdf16959e450338146cb81a64739a531ac4edd15afff2e3e1717659a2b1796b9,Gunshot,test,GROUP-87159d25b9d62b623e2b64a5f2914d7ffaf37c080d2bd60e5ffd2e4b91e450f0,,unverified_recording_hash_fallback
AUD-fe399a1f8f0976fb4bd7a1a38ec6502ed5c8cba309b0e1b4eb9636efbcb75026,Gunshot,validation,GROUP-e2718989d39e6d28081a8a1c47e8311a04ad396b26010787f3f11b1f3d06f4fd,,unverified_recording_hash_fallback
AUD-fe843d078fb4e4d26f14e80141412bc64a2eea4bd37505c9f514d75d880dc87e,Gunshot,train,GROUP-42b0f2063814e44d3c35f02ad25bff0f85f71f29de1653c4c3d872f0df6b9b17,,unverified_recording_hash_fallback
AUD-fe909c1a6c7e18525789c0974a29040547d85caaf53446c65ce760a18f4e94af,Gunshot,train,GROUP-be56382c02f05fd3cd757f035fdc93bd1cddfa763994e3c0be52d74ba749551b,,unverified_recording_hash_fallback
AUD-ff157a9078ce5acb3640c38e859817977edd2a6cb92d98f9a7a71ffeb7ae2e38,Gunshot,train,GROUP-5797b58c49c7ae8d1ae9aeffa42acdc0bdae5ccc58593eecf9a4bc56a4e507a7,,unverified_recording_hash_fallback
AUD-ffbdd1c0bd4081cdd99cd6706fc63f791aac3dd1a3e7d7c1d1d0178630684e80,Gunshot,validation,GROUP-30f916d6823e0de80378021e3aebbdb6472394407b72cf898f817479670633cc,,unverified_recording_hash_fallback
AUD-0042b411da8aa01772c6ac89783271775249932029b7fa6b18669027410bbc4c,Machinery Fault,train,GROUP-6639706e94a451a345cdcca1830b374ee78b1320b60ef118dd1ddccceacaabd6,,unverified_recording_hash_fallback
AUD-00d7f380f8123f2f0f06ec81e8f4c0bb70910d04971768c78583862a5c1634ba,Machinery Fault,train,GROUP-13968ea9aa428c7cc9f2de0b518ac7c8edb3cf095bc7d0b2953bfd77421c8784,,unverified_recording_hash_fallback
AUD-01b700dc24d244baa00aa155d85fddd8d9975f88bd655a2d5d38b0de51ed91ea,Machinery Fault,validation,GROUP-386ba51597a97c7e99c840fdc01a65adb7be08690fa11c92f04b644ab773dfab,,unverified_recording_hash_fallback
AUD-034cca29244cc652011c112c7478865cdd008f0e7e0cb38147b857b35dfe5def,Machinery Fault,train,GROUP-448a37b43a366f31dfd815af197374038a08cea24df06ddf025b5772e8abdce9,,unverified_recording_hash_fallback
AUD-039482bd0714ef6a6806ac33ba6b910392f4cddf6c1ead1f1fe0185e29f6ee28,Machinery Fault,train,GROUP-3a31febe38fb54ed2a532d4697129c1e9d4edc5ace2906fff4c6ff9194171261,,unverified_recording_hash_fallback
AUD-05c68bad3c3fa6934f23b4d343998158310ab460e84e70e2f6c25d73d0792819,Machinery Fault,train,GROUP-e585ce702150271e1d89183ee0c89257bfdae0b0261d28a6656ff5f4678e1d4e,,unverified_recording_hash_fallback
AUD-06253edcee6ca3bf9c64b7336a30550379cab39ed856a7c74ab3bf4a8801da67,Machinery Fault,test,GROUP-bfc69f1c829b736be4a990983d20511e804fc8e76f81f92a5eb17e4adc229cbe,,unverified_recording_hash_fallback
AUD-0662f8b89eaa608120a27bc54d54708d6a3176c5929e74856813e51ceac07de2,Machinery Fault,train,GROUP-a4d08916dc7f004e2b7bd371d756a25740897c8df91e5e73c8348279c71708ae,,unverified_recording_hash_fallback
AUD-06cfc4a3dc9710c866c0c8e4fe349a5164aaa0922aa87ef6a304dd624ac32ec5,Machinery Fault,train,GROUP-c702cde5f9b4fd56b4eb84a916f062741546a1f3acd83dd1fc117ecd94b2abd4,,unverified_recording_hash_fallback
AUD-07ce1d5472bb4c54ff615e1c6641ed56775e0a1cb2853926f7868415226b682c,Machinery Fault,train,GROUP-774693c748c7944a88063d80c6cef5986cbba5547333847ce28eb619edeabbf1,,unverified_recording_hash_fallback
AUD-07fd398a830e0b5b121e7a3bf8f12a15fc981e2543b96c43efdc7fec117577cb,Machinery Fault,train,GROUP-9aba0a51557bf99961862482932540cbca53ce0cf127fdb7bd6317baab78604b,,unverified_recording_hash_fallback
AUD-095f6ae11332a4bca334e13f69ba65f52ab80a0e897c934f5fe836b41e831472,Machinery Fault,validation,GROUP-bd67fdc8167f9ddb0c17677cadd3b7e4d8bbee19997ba012fdd5d90d4510a76e,,unverified_recording_hash_fallback
AUD-0b2a9a04b97c01ac9bb93ab4372768552136ff19c4b7ca5c6cea123936b4d192,Machinery Fault,train,GROUP-f82e39df221c22acf12aa7041fdc9df73bbcc266753b5e6c9598fceeff503b46,,unverified_recording_hash_fallback
AUD-0b4de83ec93e391be5f3023c1625251edc7cf00c223ddea4665f88568dfa872e,Machinery Fault,train,GROUP-379691da960938987b241bc386bd8198aa0ad2828c1178f6cfa41dc97885d0a8,,unverified_recording_hash_fallback
AUD-0bbd1c2ebfa874c62e274ed34231c1aa20c74d0cfacb42b0bf5f9f917b2e748d,Machinery Fault,train,GROUP-06aa94d6d0ec1c817b2a0384546c91acfdf39bcef8e34280caec3f478e49a2cd,,unverified_recording_hash_fallback
AUD-0c03432f1f4edf004e731cafd7a00ef50c7308b45e1b1a47d3c669aadaa0fc72,Machinery Fault,validation,GROUP-401935c69a7577d92523e19c3682c444679e30faf1e84ab47d711fb82e47a077,,unverified_recording_hash_fallback
AUD-0c4787f675df98c52c0b888f3048e39b0c29caed6c3351a0fbdbd0479d6a238b,Machinery Fault,validation,GROUP-5eab8ed17cce6847ca91e8d52ef15ee7268c6ccba26ce16d7d53f269525a3001,,unverified_recording_hash_fallback
AUD-0ced3505fa204317b034e58a80aee8d4a107f65c91000bf16a02befd3b20e3bf,Machinery Fault,test,GROUP-922c07470e6ec717b63225969b533efba8b0a0e195572f4fa54f9dbcb96726c3,,unverified_recording_hash_fallback
AUD-0d8ec5879471f39f23560fd73f409d088d0c40549e38d9f90cbbb8589ee8ad5a,Machinery Fault,train,GROUP-209d912cad7214bd46c797f989e494b9d52a120d679a4c3a2538e01c8786f6cb,,unverified_recording_hash_fallback
AUD-107ce0134adb6efd5a33f7fa5e1681d3b4e81bee6343c3f9c3c68e0f2981b3b6,Machinery Fault,test,GROUP-e3534fcea0bf25ab94d5d1d759bc921db5247251a068d9418e43b27aa9388e69,,unverified_recording_hash_fallback
AUD-125c3b48ee4212808a7fdd88c9c5a201d6d0b2af64cc437f2214941984435f6a,Machinery Fault,train,GROUP-d2f22dff631e8ceb6172a3880a530eee1d1963ca811a1b8fbd38ca4903801541,,unverified_recording_hash_fallback
AUD-1325c28599f4afa0cdeebcb748021803cdef0e8a8834c226a13c9b5ea96ba675,Machinery Fault,train,GROUP-488320baee12056e393f51041790284139850a218f1538f0157d6849ad5a0cfe,,unverified_recording_hash_fallback
AUD-15ac371f1fa1ae6233dfec475270c06a0483168775899a5c3f332e4f325157b7,Machinery Fault,train,GROUP-9d5d682d560ad5d78d037a95a603c61b58f34b8ec6d5f2970bb2191e05d54855,,unverified_recording_hash_fallback
AUD-16083f11f30b9569c9b1b1d1b0663999832c794623023eabdb98a912a0381065,Machinery Fault,train,GROUP-9d69c82612d6e17848359d48bd30fd2a9a8596cce76963dd5a0b4f1868615beb,,unverified_recording_hash_fallback
AUD-16818b43cf9fbc49a82b5ae955e42ecfa6cf3525cdf76aebff288225bb612386,Machinery Fault,train,GROUP-39283108c11412ae7caa17f48c10470d60937811b980a585ce0db42d2e05b1e5,,unverified_recording_hash_fallback
AUD-1768a306700b9bbb0a692e18e101fc33c0415e6d47120808a542d2136da97529,Machinery Fault,train,GROUP-98c6c95452bcbe52138008242001fbbed4b108e4d89f7c958e799f43d0e4c731,,unverified_recording_hash_fallback
AUD-17c384f7dbab52a9b9de1998c996f557aecf99564afe11ab6f4187d8e1460b1d,Machinery Fault,train,GROUP-251d11cf1b60d627aee770ac306e4cfd4e921e3bb981c2b99d759b3dafc8b8b6,,unverified_recording_hash_fallback
AUD-184fde4748952e15d279e509ee60446210d9e1042a8663335f5b6bda1e1f4c1b,Machinery Fault,train,GROUP-a9b309fc0c6dcf8fd03b5bb37c13a83d24832c15327ab3bc57365cc6375ceae9,,unverified_recording_hash_fallback
AUD-186d54d75fadb2dc131ebc6135fd77ba483cafaa36fd582a2d5bb2dd10b3f951,Machinery Fault,train,GROUP-bd055a1f64a9bdd30f7d4c12749cabe77a97e44e707d02d595f96f2b6afe4838,,unverified_recording_hash_fallback
AUD-19c48cfa6501c7c52ec27e7cf19f86a86e97b5ee71f02a643f7981bd8b7214fe,Machinery Fault,train,GROUP-2fca0e31a2b3bf546194756b513d5e7a00f0737be4f33e587143034592a0023f,,unverified_recording_hash_fallback
AUD-1b6a7e61ae60611e1c17441e34ddd0883ec0063609e3780042d0a717be34e10a,Machinery Fault,validation,GROUP-d4eabc4754783583a022793dfe53cfe60ce94bafade4c7e39614407bbe4d25c2,,unverified_recording_hash_fallback
AUD-1c8532ad2ddca05bb11da428e0ee9b7e05e1fa0ad3e29a68f4c1eb55a3c82edf,Machinery Fault,test,GROUP-cbba53881838d29a667698ae5b14259202aa1bfd290fd843b72da471cdca00df,,unverified_recording_hash_fallback
AUD-1d1bd749efbd683dd9f9cdbd25a5d69d709023cd4b7c68a635b359ce1af41fed,Machinery Fault,train,GROUP-5a68ab41a72c7f44b2b42572e65dac14c9f34dc012610d669d6107b22f7d3954,,unverified_recording_hash_fallback
AUD-1d600c4ef72eac141177ce386eb864dba31ea0da046603311b0afa32833f4898,Machinery Fault,validation,GROUP-cde8d35f27cd13449de20106280f8d2096c8bba7a5771a2421f9333b137e3a76,,unverified_recording_hash_fallback
AUD-1dfad0bdc1b02a7f59950756bda676dea6c437f20368f1182f8dd9965fdf821d,Machinery Fault,train,GROUP-acd27c1ddad6c5e530a150a2aca0abef4274e8286259776d548cd14241d8cb5c,,unverified_recording_hash_fallback
AUD-1f7d6c5f80f22e06b34af6d90290a36b592cdafba9d8da9afe975cb31c53c88c,Machinery Fault,train,GROUP-cf891ca48021d149414c6234b2e5aa0e73f862c70256cf1a582b2276bbb9b233,,unverified_recording_hash_fallback
AUD-1fe253e87de299e9701f49672eea319659bf17df7a5816ec2d29034277b7cfcd,Machinery Fault,test,GROUP-24a64d5d04128e0266dc20291b81d7f37b2dbce38e0968f0180aa7fd63be1882,,unverified_recording_hash_fallback
AUD-20521065668345733451a63ee3b9a31a685dc7e715bf26d4fdca3ae7b19e53eb,Machinery Fault,train,GROUP-db9f382217c13c7b747e23af383cf15d482b3d2e5a53443a7ffc92aae987ca13,,unverified_recording_hash_fallback
AUD-211faef2799b7ba27924d556786a83936b1e80428c00ba2ec5f999b826fb2578,Machinery Fault,train,GROUP-3fd36ce6c087e32ec45e1b281b427d8b3d0c023f476953364381ce1b7f6f24cf,,unverified_recording_hash_fallback
AUD-219955e9407a765c13e4f3f62b641122116f59595ec0a52d4bb75d8e7cc51080,Machinery Fault,train,GROUP-6bd12ca6c672f35fddb4950d9246c4e0a0bee175720ef669c11d11532970c2e5,,unverified_recording_hash_fallback
AUD-230766eb4651ad0e5b4624b18cd73181c826797466ecb43769c2a93544b94b63,Machinery Fault,train,GROUP-7a18df8095b7aba87dfec1d082d87fad19a9cf4658545013e42ba9d40c77cf0c,,unverified_recording_hash_fallback
AUD-240a7fe66f5d5e0427fc9a3b9ffea5cdadfa416b3e72bfe68b1d23e5deb78e56,Machinery Fault,validation,GROUP-f6b47e9b5e40791cfc74b4afe36cd52dce19dc4bb3521900714117adaca2e08f,,unverified_recording_hash_fallback
AUD-24da77209bb38a1fca67131858decdda1205c7c0bdff71e4eda12fa1a45b8f10,Machinery Fault,train,GROUP-15656674e77cb5ee80935ae5e745abba89ae2df2fc36604846bec1f92fe3cd16,,unverified_recording_hash_fallback
AUD-259f55e080931fe9100a4d50d0c123a359d6a46818f8c3fd7cbe820af9cf0d36,Machinery Fault,train,GROUP-27436b7dd9feb0b61e241eda76b0772b5ed61ad0bd7939c76312d1405cae4098,,unverified_recording_hash_fallback
AUD-25ed4752e33a098802f60528a60830ff917b22151df40ca1f8d26fdd5778bf02,Machinery Fault,train,GROUP-38005f25b83d53ed8053d472555569ea572af0fb192b19b777cc0c64f7727d67,,unverified_recording_hash_fallback
AUD-26514a10e433eb899bfa995d0906bb5d4b40d9151be7463040279465a55e8fc4,Machinery Fault,train,GROUP-7ff63dab421b2db4a7212b7462852143b270b1b5a3bd5093d970936495811fc2,,unverified_recording_hash_fallback
AUD-287ff63e5829b3a9648e7580a2d1b50e79a3788006f27a1c9453a1d2d8426aed,Machinery Fault,train,GROUP-713f8f4b17009d78d03b452601eee698e968888f02d8cfe39a58c03f786513bf,,unverified_recording_hash_fallback
AUD-298861e4b387496cb3e729097a9be6eb710e3a265feccfdf4cfaf98006f68fb4,Machinery Fault,test,GROUP-76bdd477095451108152cc8a7154e421561a0a8598990175decfc27a1fb307c9,,unverified_recording_hash_fallback
AUD-2b09db000a529530f56230ff2d01ee5afc12130d0cad84c073eb434ff943713b,Machinery Fault,validation,GROUP-174ba98e5bc2fd8aeb331817c2b7a92d8e725eb8bb16264135e14fd4a7a33848,,unverified_recording_hash_fallback
AUD-2b2c0a6bdb1f724b42acc02dc0f137623ef7047cc9d5352006052b18a8754705,Machinery Fault,train,GROUP-75f5839db13c7f703c30239d4f8fdb2b0334ad64345b92542b60cf7c51392d10,,unverified_recording_hash_fallback
AUD-2b53a6e0b4a998f427e1ce22c9dfb959e3df3033c30cedf11303f2bd085aec1a,Machinery Fault,train,GROUP-f569b0689b212b96fca486a89fe1eeb837f0628f7e8e1ee2a8738e253e800350,,unverified_recording_hash_fallback
AUD-2ce9942d3ef73c58a6bf1ed1736cc13b4f61a863e8665419e94134671c8abd4d,Machinery Fault,train,GROUP-5cd556f475a0026fb1a8a0fc7c603c93a90c5336050f329f93bcd3877b66d8e9,,unverified_recording_hash_fallback
AUD-2d9f3b321beb7b6b5b1a945c810fd1b6a903a85148e4dcb695d2136f465ca465,Machinery Fault,train,GROUP-177ca72343c24b083dcbc905e30b441ec989399ef1e065e8c1b743dd84eba9a9,,unverified_recording_hash_fallback
AUD-2df7b03add7eb4f3d9c08f37654b3156da85cdb48df0f3d1c4496dbcefe9b629,Machinery Fault,train,GROUP-e72714a83775e11f7fb622e854119dc6649529042dcfee03b1e11e70c8393150,,unverified_recording_hash_fallback
AUD-2fd7830ee95df5c6c234b0c3e16eec692a08725d8ce0101fc5e8781d5e32129b,Machinery Fault,train,GROUP-cac7907b429d0935071e748dad9bf4de267ca56fbfadaba2a89f9c3deca17e25,,unverified_recording_hash_fallback
AUD-3027138bc7e7b130df00e094c50d1362477b8589e98755ced31616562ddc483b,Machinery Fault,test,GROUP-0aea4e00a979a8c0d34b3ea3784029f7e357b35ae10225a672d7d662065bb7df,,unverified_recording_hash_fallback
AUD-30cb932235219fb511c22d2a69d5cf7f2e157655273da310711e40ec22fdd2cf,Machinery Fault,train,GROUP-c388b9f63ee0ce3aa61703bee976a78480a33d6ed700cbe4e850fb526215d1cc,,unverified_recording_hash_fallback
AUD-319c5c997e864b690a3e1329d1cb5dd8fbc94a04ec8363fcd586ac37f044daf1,Machinery Fault,train,GROUP-fcba3d4b4f4e212d5dd9a90c9419711d11838eda46042934c1d2093e47d17973,,unverified_recording_hash_fallback
AUD-31d8328c7cd495645b5bb9bd2da989c74b108644121c87c05ecc3ab708690532,Machinery Fault,validation,GROUP-8f7e50a5d9ea0e697b2fc75b02db99b5cab24a7893311308420baad27ab31fca,,unverified_recording_hash_fallback
AUD-32f04c787a1f6a03efebb366cf75f22384be2a7832921b8a9bd669692c2ff1f8,Machinery Fault,train,GROUP-7a594ba1162f36d25515fd01768da45394b1c2d21cbad729b933a0095e061090,,unverified_recording_hash_fallback
AUD-33706331a87cd27dfc905326fcfe00bb9dbff4e78ed4444bb02167805fa07823,Machinery Fault,train,GROUP-03deaaac1aeb87c57c6ded70226fa8c70e992fb961ebfeb74556dd7c97e0acc9,,unverified_recording_hash_fallback
AUD-339081005c6782a92ec95805f4054320e7f347b79e1e8b51f7910f49615293d0,Machinery Fault,train,GROUP-cec7631facdbb0c7803a3fa321781ec53eff832002e5c84898b7518322921b3a,,unverified_recording_hash_fallback
AUD-3419d69408a06d94f7f9f511660004cb2f240d8710112801ad2ff0ed13e39ead,Machinery Fault,train,GROUP-7bd455ab825d31f1c21636b665393795e25fa0e0c1a8fee312858b79b0465403,,unverified_recording_hash_fallback
AUD-369ad67f8e5d5b25469ff09902423cbd3987e5b7ab3c42fa10f7f3d7f6a3f7d0,Machinery Fault,train,GROUP-d4d23a5d09568903e4f70ed07bd46083af85888f9744f6f27e20942718ca5156,,unverified_recording_hash_fallback
AUD-375733dc8f3f1e1d1e37077708c9a4fe1553178b1a56ca89ea373c64a1ad4568,Machinery Fault,train,GROUP-cf058bbe6656af88bb72935048296c09559d8dd98278275e8c68ee34140288a2,,unverified_recording_hash_fallback
AUD-37d75ee81ad29026cdd0b822504b9b259bc196b803e17ae995f99490ba71437b,Machinery Fault,train,GROUP-aa3e974ef79bacd469ec83a40c7f7f7d8f52e1b0ab7855f16192d9b40fb05213,,unverified_recording_hash_fallback
AUD-39c6a63dcdb6c32ef980a59c7cc11de47fd733d7076ebf904b180f09e17b9377,Machinery Fault,train,GROUP-8e4200126f8a7826a2a3587090bb9cf2cf99fa3844af965131da7cd1d73805ce,,unverified_recording_hash_fallback
AUD-3aa8d45f44efe0c8843775d6446c64c62a7f83041cbf76421bb114c93972698b,Machinery Fault,train,GROUP-f00767ec5c6418a86992143cf4ebbf852efeb27757a425c8ffbc31de26772e98,,unverified_recording_hash_fallback
AUD-3b48e65fd77312f3a2e8668459657fe6e4fc3f3872159fc7a7ff204a6a106537,Machinery Fault,test,GROUP-41a48bfee431cbd828d8360bf8cffa584d153eceb77e3f9725e5b4b79a40c996,,unverified_recording_hash_fallback
AUD-3b8254b76ff47a6bded4bb52439d2b355c195e1f60888249aa3147619046366e,Machinery Fault,train,GROUP-72659f4bb26ed795201bd9d7ca8a35ee1919fe32678f889cb5b5c57a34564b76,,unverified_recording_hash_fallback
AUD-3c451f59124d108b3f31f4ff570d779a566d7fd7962347f1d7b6141b06d9a43d,Machinery Fault,test,GROUP-582e341b4c4b01cacd3b9bd5d45280b8f0418fa15d03f29e02cc1c71435e747f,,unverified_recording_hash_fallback
AUD-3cb92242c6d4f595a6d001b96804015ad3a2b139840953890dcf7cc75dfa9aaf,Machinery Fault,train,GROUP-4bbb3defec7292e54654475102a6d7a23a3cd2b0e23c1d959459fa3ba65fee09,,unverified_recording_hash_fallback
AUD-3ce90ff6df9c83b2f6f4b897ce9dc3cd0b5c1b5011f866f1a020bb05d9ce0f70,Machinery Fault,train,GROUP-fa34dd549865a777a47c60d525c85b7aacd192e57e0593c2ce152546bfddf552,,unverified_recording_hash_fallback
AUD-3d3961eb3e5f0d5e252eb2fbeb55e58ba3a1222c10fe4a911878941e15d65bbd,Machinery Fault,train,GROUP-1b2e773a14025724854f59eaab9c8b6b96764714655dc7edc1d82679d9db1d2f,,unverified_recording_hash_fallback
AUD-3d582f597d7e7d385bf288de51dc7b8c1aa17ae7f12c25939962143ca237a7f9,Machinery Fault,train,GROUP-9771869124c992ccebd0d46bbbd7ac94d2229663be8ee10d9fdfdae6419af363,,unverified_recording_hash_fallback
AUD-3e8e544865e4c51361de35ba3edcd178ee1cbaf9bb620f4fd49ae817577bc1b8,Machinery Fault,test,GROUP-81787f2b993cd758789c94c915c9c88875c5d7c763db4be080ba9d60d16fb3dc,,unverified_recording_hash_fallback
AUD-3fdb2a8bac396b1aeda7876759107746dc91f4b2a9378264e450fda9a499aaf2,Machinery Fault,train,GROUP-e90638abf249c42da94627a6ef3e447f3abf3d76561658d0b078dff1de5b6512,,unverified_recording_hash_fallback
AUD-407a5049485986d684e0f56449db434add3846c73c6b862399354ed44b72d510,Machinery Fault,train,GROUP-09b64307d2efd9202617395b9e18941b995b846c6d9d8ed320bad1cc24ceae8d,,unverified_recording_hash_fallback
AUD-415a292973d7890fa0cd6f14840c9207d79187162b29b09712de5644be99637e,Machinery Fault,train,GROUP-c3d0b7089cf7de367e874cfa8d5f0640e010aea012d4aa3d4d5f6118be21a49e,,unverified_recording_hash_fallback
AUD-41f04d44b3e8f5abb0ad98f531349b2c0efd5546273827534f9637e00c67f63b,Machinery Fault,train,GROUP-05d71f7861093ec464953cebb6934a7055853d33239ad457eac12e7dd1298f90,,unverified_recording_hash_fallback
AUD-42e50a05aa5a4f263ea21a218dfeae2bacb59e8837c2519fd345c13389b707aa,Machinery Fault,train,GROUP-320e0f561761ea874149545f0a4c4d5bdd9d9c9dfa66fb988d61940fe789e503,,unverified_recording_hash_fallback
AUD-4362cb6b85608d7f4e2bba639c995936837af6fb8f4b6974d373a82c1a1deb1f,Machinery Fault,test,GROUP-b2c059690fb0f6bdb8163e89e237381b6357f92cbdd816b66dcdd01a31298f2b,,unverified_recording_hash_fallback
AUD-43af2358b83581157f07d5a977d5732ccc8d560b5896da6d2300eafc84c87feb,Machinery Fault,train,GROUP-ed16556c77a5c4cbab5d67edc926d431344edbaac3e3f151092bcfe55aec7eff,,unverified_recording_hash_fallback
AUD-440723da09a42ae00c849fa4ce9ae2ff8c344aa43bd6c3ecf9dcf7a87db620b5,Machinery Fault,validation,GROUP-30b3963d0fe8a6cb19b59bf964ace6f7d962c77e67da961ca932dee01fea1b87,,unverified_recording_hash_fallback
AUD-4416f307358f99e4609c7564234bf5a253ed6eb2cab36f74d1077288bb42558b,Machinery Fault,train,GROUP-dc5e4e1b68b855f9f7b807e2780e451f3d4bc2be29f6e3d41f5eebb84abb382b,,unverified_recording_hash_fallback
AUD-4494bc000a99684735933df933cc306cfc89b9996e13f8804e2efcfa43365b5b,Machinery Fault,validation,GROUP-7d52c2fd265bf2c98f67b8a2cb56138f981b0deac15bdf6c87c3cc010801968c,,unverified_recording_hash_fallback
AUD-44d60b4887054157cf92d466375c5574f89811c5f02852fd0904321bf174e8fa,Machinery Fault,train,GROUP-2ffe742cd2f8c643eeacd16532c6ff55be1f6d8b15f48c530cef1f07e1947e48,,unverified_recording_hash_fallback
AUD-4683f168d9a28348e31384b416117282663906d6c926abe57e676281f09e3ed6,Machinery Fault,train,GROUP-bd7e5637ce1a4c1f614b26e31b93e824200ae2968430c8172882c590ccd446cf,,unverified_recording_hash_fallback
AUD-475405416838023f975503555c4a492deb948320b5cfc9834211e99c0894a679,Machinery Fault,validation,GROUP-3096f2b2aaa7462102dc4ff4cd84f8219e79e1bbfa1d2ccd770c7b00e974be5d,,unverified_recording_hash_fallback
AUD-47f9afc6d258965204297ec7c65c8aeaf2a4defab9c8126bd301d43982afb443,Machinery Fault,train,GROUP-03f6d70b52b6e0d6889e73fd606fa82270eb5ce8ced621c009ceb64e0ccc9bbc,,unverified_recording_hash_fallback
AUD-490f75479f9bfef8b8f8207205085caaa3e1763df399bf81a8afe8603d164e7a,Machinery Fault,train,GROUP-747e30f206762b0a8de6c498c96209a5ba89c478e94a17407a60b4f0bebf8c13,,unverified_recording_hash_fallback
AUD-494ae63663be7f15a8f27d57e7c3fec6bf69fe7e99b70303f49166b0322e8a19,Machinery Fault,validation,GROUP-6ab6c7a193d19c1af7b1eac2a5f458df89e7016bb3358d0361dd208084e83285,,unverified_recording_hash_fallback
AUD-4cd6ca2d1eaa4f7c2cf942291c4da322334cd49a158d2a3138e9ad2f27ebcae6,Machinery Fault,train,GROUP-2a0247f1a393c7565d6d4ef9ccfe14da949f390959d6da44becc7af001c1e1fe,,unverified_recording_hash_fallback
AUD-4eedc49aad12939b44c1cde360c25677f6b3681855a67bf6ac63a8e33cb08e09,Machinery Fault,train,GROUP-e192cc4cd4a8c6dd900adf51e5fd8a484e6655db1b10f34febedc5bae68323df,,unverified_recording_hash_fallback
AUD-4f806e9663b150412ee86e5735153dbb9286ba0df6d3dd28dceb5523b1798ee9,Machinery Fault,train,GROUP-822b662e855020052560a6bd2dfa1e9f67ef8515e9a3ddede783888b694a4385,,unverified_recording_hash_fallback
AUD-5048f54266cf831fe6e351ffd74c6e1f1b35f6e22692aa26e369292c110ea2e0,Machinery Fault,train,GROUP-959cf24cacf5dcc731d9af74cdaef8759e2280dff76d5abc19da4d1104822359,,unverified_recording_hash_fallback
AUD-53285b50fbd077cd52ea0085153849b2e72a7c4034ac7bd75826a9d1f5706193,Machinery Fault,train,GROUP-29efd73ebd9f1758a8de62c35667b667fae147ea8890a9eeb10f8edc47cceef8,,unverified_recording_hash_fallback
AUD-536c0a8e3c2bcde0f6e014764e044518f23532700be7c299e4e1308253294b53,Machinery Fault,train,GROUP-b8c87bddf0ece9d7e9ebb15018e8363e05f7aa3806d446935124127da2bfbb8c,,unverified_recording_hash_fallback
AUD-54ac97836ea36f31d33c120246d2ea0a1e44dd765ab01c50dd349ae9343dbcab,Machinery Fault,train,GROUP-96891cef3c9fe7eafd767fe38d1f4e8e74597711c609ccee2d7d15fd646ce9c1,,unverified_recording_hash_fallback
AUD-55d7790e15d085cf90e8d50fc6f24bc1e656813418746b231bed47420fd60c9f,Machinery Fault,train,GROUP-c2f7d4aac2e62b0dbebb808431128858fd84cbf4793291f499fa499a36b4aed4,,unverified_recording_hash_fallback
AUD-56228ba8753916c89391a2da60a32afabe26b2b44d0c1b3b693c027e44ba8d66,Machinery Fault,train,GROUP-d0ac11c794bd90f784662af3d67cb5bcc14b3fe887e89468b89f583a68254e6d,,unverified_recording_hash_fallback
AUD-5680092386c8b07d70a81ab834bd7ecb052f599183547ec786b6d40ea1013e00,Machinery Fault,train,GROUP-51164c877fb9bd903ff2abe90e037870b4827a756b17f576869f8428496a6b16,,unverified_recording_hash_fallback
AUD-57aaebf11e73a21715aa972ecaf19079fe4c266d54fc9e2ec3c0d86a46bdea9a,Machinery Fault,test,GROUP-e27fa912ff0f5fcadc687684da5bdb69ee535dd591afc53809965ee7e2dad105,,unverified_recording_hash_fallback
AUD-59f83661e72ac8f497577ae3fc97f18e76b6bc080c0d2b212e0071811ec34498,Machinery Fault,train,GROUP-00cbcfebb3e4432da658da5a168cc45cfe6700e15899315e4651b1c723bfd60f,,unverified_recording_hash_fallback
AUD-5bdcc4b137932c135482c1d73af11ae90d0d7bb841c0c2f537cd27dada79f980,Machinery Fault,test,GROUP-c12ac314b6b55dc75af8be780259cb8039d6fc979fc3031a435354c97d725646,,unverified_recording_hash_fallback
AUD-5cd5d7bd91aa1b72a7af430ebf93093b0b156e1e7c6d45003c08dd66689e63aa,Machinery Fault,train,GROUP-5f16d83c5232017d699af5df6a645d7faba838fb1af325f0c0968869951defa5,,unverified_recording_hash_fallback
AUD-5dcfc8ed1278d05490387f59d15539cbc0b30063c236d69696eea6e7a0d8f3a0,Machinery Fault,train,GROUP-c5459c7c1cdfb841377a942c00938af29964ce0ba03d3a2691b3d7db1e8bf347,,unverified_recording_hash_fallback
AUD-5e72f82662b4ae23753c2923370067509a7573890a541f876de368f2b66b8bfd,Machinery Fault,train,GROUP-b3ee1defd26ef5e2fc233d37abee95aaf8136dc2d992946bc545b8cd1793bfdd,,unverified_recording_hash_fallback
AUD-5f895411ed9a532f71689493c9ed96cda32343f35190418f6bade9044a4d8531,Machinery Fault,train,GROUP-59449e7a5f88ceedae80e2fedd74f6b720e3b7890944d684d7c18f4d3e4a637c,,unverified_recording_hash_fallback
AUD-60920034449c5cd3ee14749481b373e8cc72382defc194f69a8027205e106c46,Machinery Fault,train,GROUP-be60bdd9cc815f36411b6b2a2ea693bf12961a8ad595d5d072e026e9b23380ea,,unverified_recording_hash_fallback
AUD-60da96c83174c4de48873022b468226998a8bf29e8b034fb0fdc6581fb6066ef,Machinery Fault,validation,GROUP-d1baef4ae8b567306dc2507f27a146aadc74115877a7791b3509e84156a7dfce,,unverified_recording_hash_fallback
AUD-6188492782c4eaf32e67ee63c01a13afd9ee5107d6a0fa8f943618e1bba82db3,Machinery Fault,test,GROUP-dd9c1ecfc4e886bfcd121e123572378f5c61f44c4be686f3a569480f4dda5218,,unverified_recording_hash_fallback
AUD-61ab9e385ff252a374140af1f00248138a3ebb598ccc000a796a8627e3966a62,Machinery Fault,train,GROUP-82627195a8885a5ec02b6bf2cdda91ffb62793eae3a60e24aea4441a84d62aac,,unverified_recording_hash_fallback
AUD-6264bcc7b20d6282775c28bc8bc36cea7110c99b10d4c8602a69ff571b46a95b,Machinery Fault,validation,GROUP-2fe8b85e58649b01f548d5ba169fe190eb8f107f3dabf2dd96022301ff8009ca,,unverified_recording_hash_fallback
AUD-62ec0147966f0d87c9d096d783308ad2b18ef500d4020e16e95819e07fa81431,Machinery Fault,validation,GROUP-ca050326b996ee6c9f65c77574729fa2af6b469b591f85c0cf97d97b718d0128,,unverified_recording_hash_fallback
AUD-62f32c73b411e6dc94d9d88d721f76996da2af26bca6922374da902c45663d76,Machinery Fault,validation,GROUP-ee5c5ebf2c0effc53dd9ffaca0a7e93a85dfa6c0129df30df26429d757bd231c,,unverified_recording_hash_fallback
AUD-6441780759fedd42fa5313b42c5997ec4f00760e2335ed7264f53f0cb5ccd2f0,Machinery Fault,train,GROUP-a5765c414df8d78cf027db51a6c95c275b3858bf214ecd78bb9a6d411dc106a5,,unverified_recording_hash_fallback
AUD-64ccc576e407b68bb8a79cf3d2231ddb4e0e82ca1a03a4ef4f578ab68cc7ec0c,Machinery Fault,test,GROUP-23ad46d6105d2f63773e19e5f057c7b5a5283031e2a1cfe3f3aa1bc04331d43e,,unverified_recording_hash_fallback
AUD-6647097661825f21ebfe512c5b7a889852968afe63cc260ad7ec9dadb44fca6c,Machinery Fault,test,GROUP-37dbdbb7021470b1c79b2c9795517457d6d30a40691202053e39173b844b2232,,unverified_recording_hash_fallback
AUD-683eac7d7c5679cdbe5f010521fba132045f501f01e6cb9042425e38637a1e2e,Machinery Fault,train,GROUP-a803956d6b890f2532a8828f31fa928de107248d7e5f74cdf771fa7d7edeb11c,,unverified_recording_hash_fallback
AUD-6adfdd41dc1bda1dd80bfdd48a4a5bf8ff3fd824e462ba79a1a14855e712fac2,Machinery Fault,train,GROUP-2f8f46839299b79ae4453d98441b4f2d6fffec157c392d65485bae2b78b3d153,,unverified_recording_hash_fallback
AUD-6cdc1daca5bd3555a46daa2e41ae99095ff553b4afd3375bacb4cb1b93c79f35,Machinery Fault,test,GROUP-7ae42679182d3ebbdd32f901decaa952ee7cb7744b9480b84d2563451bb58eee,,unverified_recording_hash_fallback
AUD-6e8555e1d49411626350fbfa40fb9f62bc4a8f9bbd9c422e0320a8b0389b92e0,Machinery Fault,validation,GROUP-050e2ff5c00bf071755f83356b5e5979b0b1875b3eba2e53e27572c49d7256ab,,unverified_recording_hash_fallback
AUD-6e9212bcab872efdc51fcf655c6867b33cb73de229c44750d376bf6e1d441f16,Machinery Fault,validation,GROUP-017db045008e4eae88fbbd7e461e3995a6ead4e86847fc5f01e87cf5d6d28564,,unverified_recording_hash_fallback
AUD-6eb3fb7fc263496976c8b89011c88376a155ff86074db23604bb6af01e2181fd,Machinery Fault,test,GROUP-86eaf36c9d67337e8d9308f9513bb3e62f8b353c5e0e8e20ea5d2dd602a423e9,,unverified_recording_hash_fallback
AUD-703b693cab75bf1eb3d79463c15cc01e0205d5e46c38c99d47d65d869c79ad6d,Machinery Fault,validation,GROUP-f5e83df97a4fabcc4fd29830348161f6d2897a3d187b2e96b15d21c66f2d128c,,unverified_recording_hash_fallback
AUD-7043155ed92e0b7d429654a5a39a91396455127cf3211a388a8b3462f0ea42fe,Machinery Fault,train,GROUP-83ac1dc381ef48923375e11ceca4cd19d29fc798037014b35860ecdf04ddf422,,unverified_recording_hash_fallback
AUD-713f03a474d773d69f9f3efff87ef66d68123d90caa8e36427eeb37e5cf12785,Machinery Fault,validation,GROUP-499a27aa470fb06e0e597d3d229a28050a6122cdd372292110e906a8d1aecf77,,unverified_recording_hash_fallback
AUD-717ddf5ec98408c9c8578fca3a97592a0b39731d7cae54de89662cae54b02a69,Machinery Fault,test,GROUP-b6d6f92001a23144d8fef29b85b729d7a1df374d0b8b5476663b415c796a7bf6,,unverified_recording_hash_fallback
AUD-71a4bf24de81b441b1a50ab6e2575f8fad9cc0823a1829d75e6a4ce6e0f96a50,Machinery Fault,train,GROUP-efb5f55df9d14f80697207e226f246e9f9b598ab9b3b2b1dd2eb990b3f13fe42,,unverified_recording_hash_fallback
AUD-71ba59722255ace56961a3d58e8b3929d2ef7b5db681108c59ba9400f190da1c,Machinery Fault,validation,GROUP-b6ebbda23e57292cd2205c9a4aed0a0e4cb4cf9f171fa083172edfe910a88836,,unverified_recording_hash_fallback
AUD-739e4b854e8990fcabd62c549140d2ec3191c8059387c208e10d4aa16635811b,Machinery Fault,train,GROUP-39728a33a4400db32aa55192993a0a9f86695739a23f3981aaccb911d71272d1,,unverified_recording_hash_fallback
AUD-7439813036e0e7e07b657828fc4409bfd3623b2e0ea6586b816216df0c13b66d,Machinery Fault,train,GROUP-ce4be4fbf9d07e61a22264cf9ec6239875fe6cf4d68256b3e9c0e00138fb3c08,,unverified_recording_hash_fallback
AUD-74d7e9e8a0b23376cb157c25ac435fec4c36a439a79fc1876a516478f16cfa2c,Machinery Fault,train,GROUP-0f19ecdf335d811f543dde0f4f2c84d9138ab60b5b119ba241d72ab075094215,,unverified_recording_hash_fallback
AUD-7521d05b650384761a06339523c08866ca527dfd268c5adb03ca7b25d13f812d,Machinery Fault,train,GROUP-7e47dc7108ff4d37b57da1a883b2a876203fcc6d764c089f2a1cc4dcbbe958ba,,unverified_recording_hash_fallback
AUD-7592b44f43b9c1310ee85d676d0cd6fa6c91ad54df33901c90392eadf1081a55,Machinery Fault,validation,GROUP-98ac7e77ab9e74cd05972ba805414d4bfcf86925bfcbad55ef94f5a5554651e0,,unverified_recording_hash_fallback
AUD-75ce57a2feae28f47b73287f847a4c1bf32ddb5b8f90d047060db3005b3c00b7,Machinery Fault,train,GROUP-e192abd4af160e736f26b82e0dd56acfdc58dbc7647335b53c2c67f95e1f2d46,,unverified_recording_hash_fallback
AUD-7826abae171ce8669e1a74b98c746dc71dab09f6a8dff591c8572adf5be53b5f,Machinery Fault,test,GROUP-83e17bf2b6dae59a77f6ee79c272f6ad0897c3808336f02610f5e600df1661b3,,unverified_recording_hash_fallback
AUD-787834ea3714167ade17e0eddb9f472305b86ad061375b2fb5fb7d7734e198db,Machinery Fault,train,GROUP-172f29af5715ca44dfffdc395aa702f5cb22c3e21f743d5297600c4d9f52c545,,unverified_recording_hash_fallback
AUD-79090bc4680defe7d37c969dd931e9676f33b7dd9a37b59dab4d9a19f692ea18,Machinery Fault,train,GROUP-478b4c8dc45d00cd3c8ae109730e338ee10de205bdfacfe2a894bffd603a6f6f,,unverified_recording_hash_fallback
AUD-79727bcb1bd5984e8915f53a76762d10f7eb408315946c08b6021a705c413cc9,Machinery Fault,test,GROUP-e277e30b8bd0044f21aa4c7f413382e8144ee2a40528bc878512cdd0cb4d7fb1,,unverified_recording_hash_fallback
AUD-79769ec2be824743bf7fda8118f41cbade34002c2e6959b57d749e04ac039ca0,Machinery Fault,train,GROUP-292dcb18e416f1333d4ba6a2c0fc2c6bfc99a04386dbb906bb97ae973ca442e9,,unverified_recording_hash_fallback
AUD-7ad7b107304a69974d1ddf3532dc818a55eaa05c05e0181931715f7807c16af0,Machinery Fault,train,GROUP-7e1053e397bf53c8065b9fec753a6957f945d189d1f4bc4650eb3829d91a5a9b,,unverified_recording_hash_fallback
AUD-7baca8804de394a94039a4528d08709e72d87e990c14d2d8f728970825734898,Machinery Fault,train,GROUP-1ac04f84405b155e81a319027801a3495c3ccd0daf50cff14a73ad10314596e0,,unverified_recording_hash_fallback
AUD-7c535367294335129a096824e7e63b19c19a9332a098caf2e3ff3390733315f4,Machinery Fault,test,GROUP-76960639df018ed2b5516fca77f4b1e379357bfb0fbec88ae6a1ad3239e247a9,,unverified_recording_hash_fallback
AUD-7cb82db39a0dc24238c1cb3ec08466994df7439f4e9272b134756b619d084339,Machinery Fault,train,GROUP-0f8cd43d19c9d7485bdf97879c919a5353be8981f475e8d11a7f806a3a952d86,,unverified_recording_hash_fallback
AUD-7cfc4f151ed8fd2fada14ff1874af2375019f105227e54860434bacd31578bdc,Machinery Fault,train,GROUP-f51a1889491234de4d436e65def55a59b2a8d06d0fbe62a654c0cfa5f6ca71cc,,unverified_recording_hash_fallback
AUD-7d194ef27bcecfb733fbcb8727881100b6967740eaaaeb84449a997716ed7d38,Machinery Fault,train,GROUP-2dac5a6ae34b10cdf059e23ae9b559b1d575d3e662063839da8b3dcf37dcbafb,,unverified_recording_hash_fallback
AUD-7d8c0b16bb46a2c871ba819f0bd29c31919b3c613bebcc24ad46f526bf7440e7,Machinery Fault,test,GROUP-2be635a24c65eceb2615f701f5858e3072c3ad0abacca6202ad6aef45559880f,,unverified_recording_hash_fallback
AUD-7d91fae837aac99439057e187b87d5cf3a43c2e76f115ef7081d2212a4431f7a,Machinery Fault,train,GROUP-0eaf61377b6f7d73e3ce53172542681be7194dd5609ce1fab2250f988976b487,,unverified_recording_hash_fallback
AUD-7e550612b47f05dd3e08fd903b71d0733158e4f56402952e1e7be37a1723d5b7,Machinery Fault,train,GROUP-3101bf5f3f9af7df83fb9249d469bde15a4cf976481b63ddf922eb0bcdb81706,,unverified_recording_hash_fallback
AUD-81c26a571f0d07e18969fbd540c7eec6c3d47260d0c0a66f022d7a00ead62adf,Machinery Fault,train,GROUP-87511060f1fa983859aae6998fdf1535f386a838bb2a08845cc35e6e687a787e,,unverified_recording_hash_fallback
AUD-81da1a2e0b00d8b3ab8de9e96541fef64d00af14709bd3e1815a58ff28470e65,Machinery Fault,train,GROUP-95e7eeaefdcd88caa4367e43bc36d59a6c286cfba7b9f7074a15baefc3784e77,,unverified_recording_hash_fallback
AUD-82e24778489436c8f8719217cbf470cd8ab432a538320a24d45c13e9cf49d704,Machinery Fault,test,GROUP-a368ca815ad544824f0602292d41e72a266f9c95ff38c03191daeb0bdd3ed2f6,,unverified_recording_hash_fallback
AUD-831bcc4361f337503b5dc228f4c4fc038328ea75f957119f2ac5c4069b2ab397,Machinery Fault,train,GROUP-bed3923d9453c9075012505b0d8a3b6bb07e00c22d473b9b78a82e703420fc13,,unverified_recording_hash_fallback
AUD-846ee074d0982c5b5fa35435f624fa5478e507e4eb28c14861e8472fe0f6d8e0,Machinery Fault,train,GROUP-014d89cec302ea2ed4926ac971bb7add6a13a1228cff6299f6f6d99ad7eea944,,unverified_recording_hash_fallback
AUD-84a84931cc3f9c15075908385a5efc672af94276700f1b91c7e48140b263c6d5,Machinery Fault,test,GROUP-9a4d248f2e614c1c67c9be45723825b696b7700a40eaebbcc838bf0e07c74006,,unverified_recording_hash_fallback
AUD-856faa1ed46f5d76e20c944856851ef18a9ac229330bf731294c5b115b99610c,Machinery Fault,validation,GROUP-b2bdcfba693dd001100479d63ba1f7d8122305611588bf979e64dd5ac629cda2,,unverified_recording_hash_fallback
AUD-859044c95792d8a8a97ccc8e1d93868e838ca2351f6a0577b771927fa7b500f6,Machinery Fault,train,GROUP-729fe3c7e937cb6b76358b973713497878b44c9235c55d968ec42f5f81538a79,,unverified_recording_hash_fallback
AUD-870d63e454c6d152024e4d3077f4970f4daa270162c1cadea2cd88e9e8da2023,Machinery Fault,train,GROUP-e26a18ed63b88fef1d03a0026de3086199fe014d4a85149761402975755dbab7,,unverified_recording_hash_fallback
AUD-87b6e09c9ac9796fe55bc50a87dce843baf7d2399e98bc9bc90a39d901eca8b9,Machinery Fault,validation,GROUP-249518a4aa9546055a9b4b70364cd23d6dad9409f35aaadfb8fee2d94ad2f6ea,,unverified_recording_hash_fallback
AUD-87c9ec33c7a1c676ba68c69d254b368e6645c7777b34eb14e49690a6236f84f1,Machinery Fault,test,GROUP-b06ceeab360ebb5165ea5f7a9e5ee76ed663dfc3fdabd307b1a62e0bce56ec3e,,unverified_recording_hash_fallback
AUD-8a119b7a7c8a7692bf6632d55d284ccda836590456773dd9b8772d90e0e7714f,Machinery Fault,validation,GROUP-26074ad1df5247f202f77f683a1c27fefa429fcbf4bedc6652fcd76a5821df6a,,unverified_recording_hash_fallback
AUD-8a588c7dbdf1a2cc44860c07da045453cac306425afdaf2ba54cf91c3fe30ca1,Machinery Fault,test,GROUP-c99b83d9a5080393b90d7797620904b6e01b6819dd968ebec61429a530eee6e8,,unverified_recording_hash_fallback
AUD-8ab382ff006bb36030515faace5a917561b6a37cdde62d842da18b28c91e9602,Machinery Fault,train,GROUP-f22af479b8c9031ae69455e0339acc1b208a8712fbe828988c2f941622c769ed,,unverified_recording_hash_fallback
AUD-8b495f60d84059c6119f09623b179d37341b2c1ff42bbd624acf505958510f9f,Machinery Fault,test,GROUP-55af6bfa994e6191e195e596df3cb08da3823f89c03599a4a7b72ba622b45699,,unverified_recording_hash_fallback
AUD-8be713e8204d18883747f1e50c10e36b928da16864ae42b175c562537ebe9f2a,Machinery Fault,train,GROUP-42a3d00f3a15a5cbadd1b6e019f7dc660c9eb3bafc93327cbbca2f916b78fa84,,unverified_recording_hash_fallback
AUD-8c1ae7a717f56b1f46b9c50bdece30867196c0ceb6c0e1d6bc6ab778661033f0,Machinery Fault,train,GROUP-7d23a79216208f1d5b9d38e306fac86ac81f8db7c6afb47b328217acd7de746e,,unverified_recording_hash_fallback
AUD-8d27240ab389348e48f32e9e77618152bc1cfbe6bd1229d4421db9175b455549,Machinery Fault,train,GROUP-7226c20e6ad5df733e8a4f54bed433453360a803dd5c0b6bd37af0b2ed68fb5b,,unverified_recording_hash_fallback
AUD-8d6c84f07bdc61528610d59aee26e11b3dad858d761173628762b24aa34159df,Machinery Fault,validation,GROUP-8d183779b0908ba25f40da14ce2a7902b21ab5a68eadee3f5c3fb55523c6ce5e,,unverified_recording_hash_fallback
AUD-90b1fc410bdcc233cdb69dec371654526972683f790745527cc32c603516bf6e,Machinery Fault,train,GROUP-88d8beba15fc46a40c4253569e4d1efdcdcfd22e286d9d7bf229553df10d8c49,,unverified_recording_hash_fallback
AUD-910004e8ecda435200def89255c5c62fe215e39059e3f95b82733eb1a527a055,Machinery Fault,train,GROUP-f73388da78aac49cb0a730b1c3765fb01e6bfb98c07c876e9bc27985abafd305,,unverified_recording_hash_fallback
AUD-922d0bbf0efef8a38f5cedd3d42742110a57676868a70d5636570c39df77b36c,Machinery Fault,train,GROUP-b516a846c39001e832f31e8b8adc9fa67487ca23d8fdb5ffbeb85bae4ae8110d,,unverified_recording_hash_fallback
AUD-9281566203000dadf432a6becf51626396263dcaa4e301526a14d4685f3530df,Machinery Fault,train,GROUP-cb9a9310b2055577b6b4a3f73c40d96f6d2e6a0e4d399be3035334932c0cbf95,,unverified_recording_hash_fallback
AUD-9443e4615f14cd59d0a8b472720b2c913e72b503fa388420df2077ff89c92704,Machinery Fault,train,GROUP-619d902117a3fb4bd1072839f60268a75235506503de3d2125d8c933140b1149,,unverified_recording_hash_fallback
AUD-94b2b631e8dd9e839017b0691b19db15c046d984d65694ce1d9f694c1bb7fa3d,Machinery Fault,test,GROUP-d47c2e47830c8825541a5ce596375519444c0af5fb8ca701c320b018b663a21e,,unverified_recording_hash_fallback
AUD-954ee7d67bb32c9478c871b10b4084ad1e104d8c920362a8aece43f38c6a1c4e,Machinery Fault,train,GROUP-7979f925c1f3e9dfcb71fa458f95b7249e4a69b9bead002e5c3417fe3bac7903,,unverified_recording_hash_fallback
AUD-955e97636eeca361d9e9bc86786498227bc1b185594211a6deb4a5246b300beb,Machinery Fault,train,GROUP-829bd26144108189dfefe630a33fab5996bbfdc31e91feb3f092918204115557,,unverified_recording_hash_fallback
AUD-95d904facd1fa47fa6b2bf50678e5d9a250699513a0fb2d78c01882584f1c211,Machinery Fault,train,GROUP-fac89e92055d094cb1303eafc13448514dfa399e291ce1675262998d42668c49,,unverified_recording_hash_fallback
AUD-979401e95c88135e88b757bb0da426fde622d4318d1b04e75e69c7785d5c2f41,Machinery Fault,train,GROUP-4709c6a3e46a7475460317d3d49ce6cbbc5729e56c35c0265e0eee8e4376766a,,unverified_recording_hash_fallback
AUD-983e220aced4e70dc669011eefdaf7a90601db84607f3d76a0613cd387ffddbb,Machinery Fault,validation,GROUP-55b33ef62aa85b37cc488e32ab4e390f0f14cbfd73aea1e6a7d137ff4eab292f,,unverified_recording_hash_fallback
AUD-98d190c9d5085ed1300743c3aff98a47c49a86f3135c7ab399e9ab88508e467b,Machinery Fault,train,GROUP-dd54c28c1012693d6a0ff46545b775004ca0e981de4c88dd1deb1df6f230d174,,unverified_recording_hash_fallback
AUD-9a13edc11ae066ccd2dd22cfbe735fca49994ea687564dc3a1c2eab8ef2723ec,Machinery Fault,train,GROUP-2fcf32289e8ae470aea8cfd00a3a010329ecf877626ec685df4cc3daf66fe178,,unverified_recording_hash_fallback
AUD-9a26867454068f5363f742e7ee1bac9c50b56afaeb345b604ecbbebacc57dcee,Machinery Fault,validation,GROUP-99660362e38d7d105878ffa51e1dc8aecc2fe3b639bfc67c6e54b968d59dd6c3,,unverified_recording_hash_fallback
AUD-9a4bf3f5d9538e9fb5bcf7a4a81b553198f735761fc35f64362ce301db8c7e4f,Machinery Fault,train,GROUP-174020e9230f94d47c80947e45d9f8f6bae08a28500ca44f2c3327f9ce75e291,,unverified_recording_hash_fallback
AUD-9c617c764568ff526e5a3cdb0c63db888335913c9db5bda89aaae19eee14f343,Machinery Fault,test,GROUP-0b33cd31f7faaac1b24717ede9919aa4f7fa1fe9884c23d262ac082febca2b9b,,unverified_recording_hash_fallback
AUD-9d6cada9fa3eb165804fe662d34156ecaccb0c0e2edc32adebeca0de0a713dcf,Machinery Fault,train,GROUP-a4e676232a4d4359b7333f90a5db103d28c5ce0a43a02454e7b5e558d485c0f8,,unverified_recording_hash_fallback
AUD-9f897727f0a91487389c0799bc0e01272f4c7dc0abeac36b0510128cad65e0c6,Machinery Fault,train,GROUP-6ac2529cdef5f07b72ea824be6e419de7feb2823165146b9d3cee86e7264dcbd,,unverified_recording_hash_fallback
AUD-9fb9625bc85d5e2c0174b0772ecbae55db073981a30a6b2ebf4468fb342038bd,Machinery Fault,validation,GROUP-fe43be42325fcf6c0518d70c3b38afbc66aefe3f6157fae7b7a2057be7123f0e,,unverified_recording_hash_fallback
AUD-9fe4a45f9ddeaafa3eb77c7197c4b61e70d733db93b03e77d461c1de46c38471,Machinery Fault,train,GROUP-c7d6921b4b48d14571f802f584cedfcf2377fcd41695eb8ee3954c917cd3a55a,,unverified_recording_hash_fallback
AUD-a16c1258ee94f6d462a7d23e7228d8a98d2723cd387f13fddcb32b62347b2727,Machinery Fault,train,GROUP-1f2547f438f72199f243176790d46978a73f1e08e4e477e6323d4ebf251a5690,,unverified_recording_hash_fallback
AUD-a1c51413f0e02056c5eed4a374ae0cbe1951f95f136b94d5f8fa7c2b3e772f7b,Machinery Fault,train,GROUP-aea93a1f9edf2705a7222c2db0a99ca3c45b9c7305d3117170ebfee157a27ef7,,unverified_recording_hash_fallback
AUD-a2af120039b96b6315cc71d96cc308a0da94594a867f8c26cb63ad1e9912f318,Machinery Fault,train,GROUP-7d053c53ff1003eb13dd5eb2e052ec28b10706eac42659bdd5db57567d9f6e82,,unverified_recording_hash_fallback
AUD-a3838f9f9a13e5883805f4d28a788ead6aee46c96927cc61aedf65247fbbef2c,Machinery Fault,train,GROUP-1d213f8f99e123848e72f43f961ca32eb83ef1efdc7a1f351c77c644597e1793,,unverified_recording_hash_fallback
AUD-a3998718f8f25b9139da18746d53c46dca0b9d4aa191dfaa84e479592ef87505,Machinery Fault,train,GROUP-ae339314a50e6d0c57e957d5c10eef9b29fe168db049b2528870f83075e23bc1,,unverified_recording_hash_fallback
AUD-a39dcc1d3393493963382a3b3ac16b42db86ff06e0fd43e4e172d86edfaac201,Machinery Fault,train,GROUP-613485df347cb8d0c10ea32003eff38bba450bce942c84acc96ee4f4c9fcada4,,unverified_recording_hash_fallback
AUD-a3dbf3c2471a3cbc719fb5956febc61de1dc3e71c3d42a136b73876844395294,Machinery Fault,train,GROUP-daa0f89e8cfb2d46679478bb7f7fd5c8a0ae08e0eb2a4433c5c39b42fbe00146,,unverified_recording_hash_fallback
AUD-a49635dfca628406bf670964ad114e932cdf77a418bdbf01c58a7361237ccfa0,Machinery Fault,train,GROUP-1c12b4cf090e46e5553ecbed14bdbefc35802308b75966ca6fcc571dfcfa226a,,unverified_recording_hash_fallback
AUD-a97c48b6b574889e7e2353df8e501e730ee01d73ea0f17862a13af3becfbd014,Machinery Fault,validation,GROUP-a9cf429836a8b9de5a62c641bf8f2a8f938decb1c6a228dba978b4e3f8123eff,,unverified_recording_hash_fallback
AUD-a9e6603d38659ce38de7901047559d6aaa4a4be6d10a9103b6fd9001e230abfe,Machinery Fault,test,GROUP-2a4e968592e3df04079582823083c5df8df12f31ba6de75bd51d16920a2d0da3,,unverified_recording_hash_fallback
AUD-aa84e7ff734e2a752ab8ac4a3248d6e1c04dc07c527fc7a1c529928393cd7c68,Machinery Fault,validation,GROUP-639f8da03d6afb57b28b8960c8fa2b46a603a9f5aa9d08c554efead56694935b,,unverified_recording_hash_fallback
AUD-abd7816a90f94a34818420526b90cdbbd685b19f5f2d83717b1c2c2405b93063,Machinery Fault,train,GROUP-3b305c35614ac9d457abf5099dedc7fa2d220cbe28ed96d492619ccfa0423a40,,unverified_recording_hash_fallback
AUD-ac44f897b9fd2772cbbdde1d5337bc8ef885bcead23fa06a393bf2bc929b9358,Machinery Fault,train,GROUP-ed0432b105ad38c52d66bd7c4d6ae56a9bc0bd166239b8ce7e697bdd8b5f5229,,unverified_recording_hash_fallback
AUD-ac65a9b7d6dd9e5b6606b16b509dd6e3301a792aef874f6a99c46dca89d3c14e,Machinery Fault,train,GROUP-deca35c86585f0312842828d28996d265f9189a52cee1072b7b0b6ca4607cb8b,,unverified_recording_hash_fallback
AUD-acc22e1d7fb2d1b0a57e842999386e12409242a338722e719d863239e723c1b7,Machinery Fault,train,GROUP-0e0109e24dde40623f482f1462f2c38ac400f4c476065656f60f0158f114e0fd,,unverified_recording_hash_fallback
AUD-ad78da8b8005d4539edfe43a75578a3574312ca3123ebe215d54567c5f0ec216,Machinery Fault,train,GROUP-44ad2ed2ade6da347a925a2039257cbee0e63fdf2d248c7221b8e32a7f789b2b,,unverified_recording_hash_fallback
AUD-ae085c456c65eb410d2b87191dd9e9d4bffe6cdd6a992b55ab15601f0be5dfc2,Machinery Fault,validation,GROUP-a8ac28a16dda65756f9d94e07159770003d8fb2360482e4d70f11a13175844f2,,unverified_recording_hash_fallback
AUD-ae301b36013128a96015561c9116da2480b241903a034ef30fa46471b69e9549,Machinery Fault,train,GROUP-1c752c12896445b3038a62a3c1d3f190c917f76a0424a8c01a6fc86cd583f426,,unverified_recording_hash_fallback
AUD-af87742d8385a025f063579050413a0fde06f05a68b50c35cd798b30cbd4a8c3,Machinery Fault,train,GROUP-e1c412208f8c4f6c47a2a4b7e496afc2f0446f98d3479f6da156e142e161a160,,unverified_recording_hash_fallback
AUD-afc7faaf246bef281ea11f71310fe8c6e147c001c5775e6eaef534e451c9ac95,Machinery Fault,test,GROUP-b27cc14ab1eafda03aee9ad190874203ede23649932b9329c61e61413b29f17d,,unverified_recording_hash_fallback
AUD-afde75f17039d87afcd0801b98830c1cdaeecf8dd2533c975c64701cdb452a74,Machinery Fault,train,GROUP-04a5180b91f1c20595d81f8b9c2935f2bdcb9a940b8d4364945f8c6a0c7754ad,,unverified_recording_hash_fallback
AUD-b14283b898ed121a9a2e7d2324537b378aecf5bb9c62d7294313eb9a6ba2adf2,Machinery Fault,train,GROUP-83ba469fc8c6b592a85a1079528770e1b94b838f4f1ecd38af3b7e95311d1e64,,unverified_recording_hash_fallback
AUD-b1e732e31d27c6a6065df514d029383c0d51d8c4f6d615752511e972a94d4758,Machinery Fault,train,GROUP-9b65d533f7ca643c90b87a1586d05922d66dabf39514b88979cfa2b77ed31dd4,,unverified_recording_hash_fallback
AUD-b213ab8723b116f347f4ce2079429fad9bbf3a42bac99a48020cc2cb9f45fd8f,Machinery Fault,train,GROUP-ced944a1b489445c8ce0e2612738e5a3a645fa46dcdf1ee17a0c86ad0e121bf6,,unverified_recording_hash_fallback
AUD-b39315a0cbf4b5040b35b27f72ca035cd0c349ea3056d6be72764d2e285af4cb,Machinery Fault,train,GROUP-e22362348d65ae7c918a291b839eaa05387834ba9491a6849f786cd204e79cdb,,unverified_recording_hash_fallback
AUD-b3c2e7fd9485e7419cf0e68a2a3b3a4c508f849a84a6739fb0037cbfca01675a,Machinery Fault,train,GROUP-228a6e2325d42d65282e8f8a7d5638b19c8d38366bc5a93fe06ed83232894d54,,unverified_recording_hash_fallback
AUD-b604857906f49c5c36a0b0ece838658a3cf74c92370e4b1a045d1ba86a3e4f77,Machinery Fault,test,GROUP-16df5439f0dc6c7ed9dd149eafac96ca7e5baf865f828f9e827239419969329b,,unverified_recording_hash_fallback
AUD-b622c0f0a0d6a2830e9bf47b97c7022868304c172ba6129a9f3c5652690508d6,Machinery Fault,validation,GROUP-9f9075cfb7a702c0c8d9531cdc391745a3362263454567c8037cddcb5b5bfd6c,,unverified_recording_hash_fallback
AUD-b7093e0c0f61dec10f955d9a1e3afbdf685d23a3af6481f2e08ca5bdf3cd779e,Machinery Fault,train,GROUP-c43156c8072c8a793a51c1d666d0b7392115c827c7e502d87b3a61508c325491,,unverified_recording_hash_fallback
AUD-b82c4a38819dc2c7dbba8965c1cd3135e25e5215133ab7cebd397227acb8a027,Machinery Fault,test,GROUP-745b6f783b3f73a6fd2ac0b9669ae4981e6a72b597280958db55160fa59176d8,,unverified_recording_hash_fallback
AUD-b9476603dca62812cc0a2214cbc6af92af7646aa9602d31550c9e62ab57abf54,Machinery Fault,train,GROUP-209316f987ab99df783564d76159882a2d7b0d2ba9fbf0bc4390c6f2510b4910,,unverified_recording_hash_fallback
AUD-b9e369356bb8bb7275fca48b521c3d8f66a7cfd2820292b838b96978f85c519a,Machinery Fault,train,GROUP-2d6d93c93367d6f8c6ddcb6587a1a0e6ac003ce53a946db1e1d3f22d568e3a5d,,unverified_recording_hash_fallback
AUD-bb768f5bc16fe5f727cca917226929d4619d23f4cbddd84a11e1f25935730d61,Machinery Fault,train,GROUP-2054905db647936d2e594b3cbfe204f9f9cc51ddece2c9fd5fc585daca32b998,,unverified_recording_hash_fallback
AUD-bb8875f4053e86f43570e927de16ee15a35d325475e5fc59e3698dc52cd92b40,Machinery Fault,train,GROUP-fbf25044470eaf825efa211a717b2198e061d03bc722d0d771079f2b02235075,,unverified_recording_hash_fallback
AUD-bbac34d40706f38fad14c47e3119a7b2d13f88ee51862d153d24b1672f4d8809,Machinery Fault,validation,GROUP-e99c46648d4158c77397971c50dd890d28d74c0c7489ecc95a8e848c13593042,,unverified_recording_hash_fallback
AUD-bbbbe85755c3651b8e4183fe89a397d249550a54a933555a1a68f7664ee76193,Machinery Fault,validation,GROUP-69f757a2747c9d763c33f3e8db70ac23560b7f856d8308e5c648752cdfe64309,,unverified_recording_hash_fallback
AUD-bbc121af28cc1af1311fbfa493d3931d210e54c28935c8ceb423dac870a8ef67,Machinery Fault,train,GROUP-1d8726c0e552ac145b74ebeaf464a13a1a54523a64f573d8f84334a38246c9bb,,unverified_recording_hash_fallback
AUD-bda7da398225a02d9877da0d2053e9ab30be89a4c3c1d0738603bdc9c2d9ada6,Machinery Fault,train,GROUP-37fba985b2de7700e1b8991bbc855aed1b7181d1edf800450ae42b9ad70c6fd8,,unverified_recording_hash_fallback
AUD-be550324b05a842ceec7b2b5f1f0185e0645a6fb6fd0490a02e1a84226f73447,Machinery Fault,validation,GROUP-28666fbaa79f1005e98c0c10a08389785e4e1f147a85c5683e42c0ca05bdf53c,,unverified_recording_hash_fallback
AUD-bed51d472abea7f4df2c5788c6bba6faa21310bc1f14357ec598d95833c28b11,Machinery Fault,train,GROUP-7ed61823e1f9e56c085ceda7f938b8608184a992d0baa40c63c5387bdfe9e960,,unverified_recording_hash_fallback
AUD-c11d94eb55cf86294bdeae9993bb1651cee45b753af7fda8668a34ebedc53fc2,Machinery Fault,train,GROUP-fa56d4c340177850cbe60af65e69fb780e92df2451d6456f89a9cb0add2cf0e0,,unverified_recording_hash_fallback
AUD-c1c43446c59122da05beb102aed90920c637df5e2e2e2d6e39aff8aae3bff595,Machinery Fault,validation,GROUP-97378e343be16e6dd43a0f003f3f17b5c657e28edf796cc5315e2c05eed6bbcd,,unverified_recording_hash_fallback
AUD-c1d62bbc4527417e9d407be3bc800ece4c0368a5e826638b4e2de8194c2c2377,Machinery Fault,validation,GROUP-e4001c99871356cea5f72f3cfcebde5b8cfc0461d6fc2c943016313ceaf7a874,,unverified_recording_hash_fallback
AUD-c228d5e484e1aef6a75393c070fe2e4245a106d31c2f734dad360c3f96c7b3e8,Machinery Fault,validation,GROUP-77cd447704ed0b92a134e097e4bf6c026e3e1c43db956e7f83156b3f919afe68,,unverified_recording_hash_fallback
AUD-c2c80a745e310467478dde0ef9685dba41c90acb2bd541a30f36b7629d6c91fc,Machinery Fault,train,GROUP-eaba1c04618182e79f512a31f7403df2766545343818b25a767a62201a524dae,,unverified_recording_hash_fallback
AUD-c348a4a5eec19105209c0cc606122142dbf40fdc96562ea3e6da9c1854dd1b2b,Machinery Fault,test,GROUP-94e195e70dd428e25a4250fa42fa338e331d76e061b7192a0fa8bb57f60866cb,,unverified_recording_hash_fallback
AUD-c3665cdbfd273ebfdae617de4a46f6f5a7d9ca58d481598f84bf6797f4d8cc7b,Machinery Fault,validation,GROUP-451b894f68a9277418d2231d8bdac06cc7fcae3d5b19d53f2b5d0275592cdeb6,,unverified_recording_hash_fallback
AUD-c3fc34095f29b03272683bd01e4833b8a143e77a72b08be6c1e971f1f74aa0a2,Machinery Fault,test,GROUP-6d0ba56bd4f9590c789fc94e3583e5cf7b276143a1348e949bc27a0f2257d32d,,unverified_recording_hash_fallback
AUD-c503dbebd3cadf684117139975a12987dbbfc9279d3f48dd3f59f0dcfaf2d69b,Machinery Fault,train,GROUP-d54403efefe72d27cde8c75922f469d13d684770ecaf1776c9f748d0344ad920,,unverified_recording_hash_fallback
AUD-c593be9127938a4a8416ecb13ca3d671c243f506c66d887eaa46ab1907319dc0,Machinery Fault,test,GROUP-e661ea19999183c15207a0d5c300ffb8d1baa5b9c5a00d8ee7df83fcc0bf2f7d,,unverified_recording_hash_fallback
AUD-c60786211886fd645c4fe08c19329d2cb48a4ea51b126b8fc6bfe3d93653ea25,Machinery Fault,train,GROUP-8ef778b572e54369b7fff91d530028f3db0821b5e3b8e6e761cbb784dd0f3b43,,unverified_recording_hash_fallback
AUD-c7ed0a7aad8eb7dc92dcf277f65a5fa3babd54695d22f7fecc4f155d14f5d9ad,Machinery Fault,train,GROUP-9d3bf0806c5d3c1ccf579c868dbf904a87ab062e4a14e1f18f323195185de09e,,unverified_recording_hash_fallback
AUD-c8bd6738c76b57543de51233cfa7c13ac46a92ce5467c6325cf375002935a648,Machinery Fault,train,GROUP-c4baa592fd6158ed8d658092fce1004220958aa8995583f3ce0fc402d0aa448c,,unverified_recording_hash_fallback
AUD-c9d58c12292237d2e19db3897a09440388896cc997d218718d052f0aa2e5e1d4,Machinery Fault,train,GROUP-3e6eac167c74b3783e5c7a9d00f9c3a4f2cef01b0a7e3aa45f02307c9a8479d2,,unverified_recording_hash_fallback
AUD-cac3762422cd7ec735f0bcd4df3979ed0c6b4ca8f7962c12ab0d0a3d620c91bb,Machinery Fault,train,GROUP-a5b92dc80d9ea562fb51bf59b8e33572a533a5cfe5063d93a85c1cf6b9dd73bf,,unverified_recording_hash_fallback
AUD-cafb1a3f457d94a5ef725083665924347e3b59a481dd540f48aff62ab2042a5b,Machinery Fault,train,GROUP-ec927ae1545cfcfd5460a0e4f2a505b199ca339bf4f6d33b9f2db28aeeb8b451,,unverified_recording_hash_fallback
AUD-cc671bc4903374546473f048046b305eff3534390b83aa25743af1215f547912,Machinery Fault,train,GROUP-2f6f62f881fd409bdedd98e5dfb8af45827ea27b0e610f291eee7b3ab5e4d1cf,,unverified_recording_hash_fallback
AUD-ce32532aa4114c44ee05078a1b1efbd87ff33993238fbf7b37704e984e9e273c,Machinery Fault,train,GROUP-d3f645619f8de4bcc68f994da7c70f6af061d09ca0814014c018f42566b521fc,,unverified_recording_hash_fallback
AUD-cfb262578520f77d15a655d7d337a3327e5155f14b34b263036d17f4ef6735a4,Machinery Fault,train,GROUP-f87d6cabfe0260fffb17bf0b62e0cf8ad3b7189e88d6aae9b7ad4d810f1fbcab,,unverified_recording_hash_fallback
AUD-d055f82eed0f19563ac149c2be07c7fec9ea8fe08019b87c4560b39fcebcd836,Machinery Fault,train,GROUP-470b848f03c35a2940de65c05871facbabd87ccab9f898f7c5d8d71df2087f2d,,unverified_recording_hash_fallback
AUD-d19d9f1e2aff0caedbc684a47ba2bd2aa660aaa72736f0c7be7f9c8080555d2d,Machinery Fault,train,GROUP-46c7f1c52b8ac55d350cc659d780070554e9433f3243e52fbf833e4ac12a840b,,unverified_recording_hash_fallback
AUD-d1cd583d098828c2fef1aaebe3930fae67c61b65d7b6d0b7790eed72561845be,Machinery Fault,train,GROUP-7d6c5e547f403aa23ae4ac0648a34376a00cbe49a00bf4b95cc41a3f40c78e04,,unverified_recording_hash_fallback
AUD-d22fbf5bf484fec74565cb58fd5e6ca214fb108773b3874100f2c7998f733102,Machinery Fault,train,GROUP-073098189260c7b42cfbf845460f8ad421e975a95df223ae5b10833df5b974de,,unverified_recording_hash_fallback
AUD-d46236ae2f6b0f4063833b7284469ab46a4f445c1b1b28fc7a4706e634296edb,Machinery Fault,train,GROUP-230a46f58d6da02550c5007e02b915bcd17de163ab9f6cceed6dd06aed3654f5,,unverified_recording_hash_fallback
AUD-d4d599918d1fd6d8b93db8595d83fd7048b744d5d4e960a2ba9dc4a96dc3dd1d,Machinery Fault,train,GROUP-2b2ac4de60ca8fa91e0fe9add1a0c3dbdfb5d29bd15d233e5f0fe5296b09ca28,,unverified_recording_hash_fallback
AUD-d5648500dca942995fc23ab9ef0a64e35bbc95a666e9d093393e97573748fb64,Machinery Fault,test,GROUP-cbafb0bac29b2c2ae6a43b022d01a32511184a3497ab9a364dce0c4ba1531b3e,,unverified_recording_hash_fallback
AUD-d62ac0e3098e99379aca06196772f5804bdc6665ef8b33e94b5e129000fb0178,Machinery Fault,train,GROUP-eaa766fd3d249820de8ec98f3dbe2a9a4a67ed05030a2f148947b5fd2871dde5,,unverified_recording_hash_fallback
AUD-d74e723e6e51db1c7ef0edd353c1174154b7966b8b6a13dd1441ff8f9f7ca942,Machinery Fault,train,GROUP-284f2d7beb885015bcff0cec0d55a12b75ebd3e3b778974bbce1cfdfa7611bbd,,unverified_recording_hash_fallback
AUD-d88cea3f5a9f3098ac940fbb34b452be041e49f39ea3d2cc734642ca11e6062e,Machinery Fault,validation,GROUP-cb55845d586112323dafea0490476f7f9cd9ed4e1ea7a0a12ed917e1e90b6172,,unverified_recording_hash_fallback
AUD-d91da348623882da92de0c71b2bd8c478865a0b758f4f46237f809b38a9fafb1,Machinery Fault,train,GROUP-1cfa317e1d7094feb78fc2539fd1409cbf520ed89ae85a17a77233471b917082,,unverified_recording_hash_fallback
AUD-db57cd435742b1be7b7667435d1e91bb807b170f498fc446ed0cd12ca64c6870,Machinery Fault,train,GROUP-391d38f96e117a57304c8f6c65d786d1ce8d4a26f124232b7fdf128e45527aa3,,unverified_recording_hash_fallback
AUD-dbc73adbfc2e3c2cce717ef4fde6837ef49b6ae7f09a63f7354dc20eb9066d81,Machinery Fault,train,GROUP-369db177a2c6f42d0f00f5baf47b532316a57a32974bb588da7246b731118e4c,,unverified_recording_hash_fallback
AUD-dd7e41422c3cee14e52db7483aa061e5871a5f1a65259bf7b0a0bad91c06cb56,Machinery Fault,train,GROUP-9c57c1ef4fc962a737fd55b61cfb110b0195448eab657a53bb77e6c898fca31b,,unverified_recording_hash_fallback
AUD-dded1b660fa620881c9e3f52b6c10bd14c0073ca29d6dafb5afe6451255b4d2c,Machinery Fault,train,GROUP-b5705fc370391388aed688c6a28f3450989c3e1148c4a4a65c887105416c3404,,unverified_recording_hash_fallback
AUD-de02a933c3da8ef0593bb27a9166ffedcb636f679d8d7b83e474d2de95eed6d7,Machinery Fault,validation,GROUP-6c19027a2691181d960ed255136121716bfd6ee7ffc763aa52a7411b6c164dd8,,unverified_recording_hash_fallback
AUD-de135a4595d4e1aa67cef82c7c3d1decc4b1d2f5ae93e5a0886c1c17047dceb6,Machinery Fault,test,GROUP-4797e5d7ac3425f864c4354a05c487e1c953355b1b71a65c6d2e6eb958e47e5f,,unverified_recording_hash_fallback
AUD-de599d50b265279268a4137cf5c0cf122df13aed39f3bbb5658e03cf36c5846a,Machinery Fault,train,GROUP-446b9bb35d7f466a95f447d780747ed90ff560cb634088fae53d238c9a8eb9a8,,unverified_recording_hash_fallback
AUD-df599738fe971e110ac163334d5274c6900ecd02b90b68e083f6c7938f44a6e5,Machinery Fault,train,GROUP-3027b54453c9f4a0123ad919c98567b39c3ec76a336c23923f94d96fa8d34c0d,,unverified_recording_hash_fallback
AUD-e15b8a09dee1184a7472c5c0fe6c92030611f73c868b5e3c59a21cbc98c723ba,Machinery Fault,train,GROUP-c39850e5b6b64e7500b2d4c6fd87eceec39121ead949d2cbff3f292dd450fbdc,,unverified_recording_hash_fallback
AUD-e27bb61385d23ff612813583a71097734c2145539e59dc286be1d394d9075c36,Machinery Fault,test,GROUP-27a5f0706a7b4a956eec044900b37e9b9404b431ff12e5c81c9b5857a07cd8f3,,unverified_recording_hash_fallback
AUD-e40c933ed51337a950f354f91c548197067afc3b7b83313456da880b9125c343,Machinery Fault,test,GROUP-6bcc3a12849c870f8acc64dc772a03fe79352843510fdd4ac32db916bb56498b,,unverified_recording_hash_fallback
AUD-e7541910983b0c85f1cf77bbb744b38b8403071b2726f2b3260a02fee42a5460,Machinery Fault,train,GROUP-f777ae78de67cc2aca04024654406dcf37d437bd1b0ed97abfb44b0715dd60cd,,unverified_recording_hash_fallback
AUD-e84ff52d93865080f9691775a0f8bb25c44d17c780193f0a05306f3371ae4436,Machinery Fault,train,GROUP-d5aebae2033063bed714587db8adbfb54ab43817a47af904855f5104271e204d,,unverified_recording_hash_fallback
AUD-e9caf67203486dbdd1ae8f2b83217dab713f3f60746afc3678ef7aeb0a0c5d48,Machinery Fault,test,GROUP-70a1a9a9bb62fe45d4ab04e2bf27bfa2af98639ffe1555f8b699e87fe99d6610,,unverified_recording_hash_fallback
AUD-eb73e7fb5d2800ab04b664a06a1a37777c484e8ab655ff7c9cdae57d1db0ce90,Machinery Fault,train,GROUP-ed09e350bcd7d74bafc32bfff8161c2405e9bd47c822a30b7b508f9b7e6523b8,,unverified_recording_hash_fallback
AUD-ec16d634972770497fef9ca88666556c2ae3f838d899dd460fe88e9d8f94eaa5,Machinery Fault,train,GROUP-fd236fdb7d897574dea094f338ae1121954ddc277b21a5fdd31f819a44afa468,,unverified_recording_hash_fallback
AUD-ec7d74febc67d0fa42c337f1d9593a08375c34c24c48713f01ab3c8724600526,Machinery Fault,test,GROUP-aaa5d7a2719bfe8de1b8e01b6e6a39e8d38e039516ede4cb38e77831a70b36bc,,unverified_recording_hash_fallback
AUD-ed1c62d69b6fd0eae2ca69603958b5c6fa6e7c04e7e2f1d5ebf7a0b8da833f30,Machinery Fault,train,GROUP-0cf8dd1f193cf1d92b7bce9aa710efd2e0f3ffb9357f14f3ddef340c46eb2da9,,unverified_recording_hash_fallback
AUD-ed747c76d7f904b907935ccc93a98e6ebf7fa1bbc1946f344d03e2973a395b73,Machinery Fault,train,GROUP-8931987250afe7118a950dc8d47740de8db3a608a6ad7d7cf5d3dfc3e51af44c,,unverified_recording_hash_fallback
AUD-eefb7812e98c0cbe0013fc2f61f204b5a3bacaac801980aa9b31eedc3e760bc7,Machinery Fault,train,GROUP-8109925ab010ea01e34f37dba8d1d83c31f17a47ecf6b00c899029d36e84fe18,,unverified_recording_hash_fallback
AUD-eff14e35510243347c2b70b94dd2a78b435803d3d07ea4ba9db5104d147da3bd,Machinery Fault,train,GROUP-efd4f5ceb68daebe7ea58cb8cb1fe1d63d96a67c95877b08db74aea738318eec,,unverified_recording_hash_fallback
AUD-f001e3e690d0e8ec30284a29f03606b2d87f623506f9caf8afed049fef0fe789,Machinery Fault,validation,GROUP-6437d36e1a789ec6950c24926ade2cd63c261b845b37a21db8b1c73fef8fdab6,,unverified_recording_hash_fallback
AUD-f04fc7366706e14d89acfed136850a4b8f82559b4467970bf34dea5e6ada8994,Machinery Fault,train,GROUP-1e6a11e9b30be22850f507c087060d791f0cf5f7bad3220e1545dc48e3069cbf,,unverified_recording_hash_fallback
AUD-f0d997bce3c3e37999460dd3aa732282332bd25438b47a6b00f8b1e5d1e810bc,Machinery Fault,train,GROUP-5c8bdfdcc52bea729a2ef40fcb7b30e03126e117a244ffe50e652078d6e8a561,,unverified_recording_hash_fallback
AUD-f16549fbf53fd1b639709f59085d59b15bc1e89e6ca47ab67eb5d9110f40cc70,Machinery Fault,test,GROUP-ae41476fc4812f48a28b42455d9f1769c4b10a5ac84f5dd5590371d07728ea56,,unverified_recording_hash_fallback
AUD-f2706530ed5a5fa6038f5e8fcc592b897358c657b4e72ef4dd17a8801fc9f723,Machinery Fault,validation,GROUP-a0782c74226a61487f25a742615514497dda69773d82c2502df1175bb88f4ee6,,unverified_recording_hash_fallback
AUD-f363baf0a300275bccb369b9b36d61bf886a8de4f021d4a01de37f48b79a5b45,Machinery Fault,train,GROUP-5614765aed024485b537a849c75a423a9ad0e618cecab22b0dc591da8e0768a4,,unverified_recording_hash_fallback
AUD-f4280c50185ae21c0e47901053c388bd4705c7293e48ee2f83a73ed3fa5b7f50,Machinery Fault,train,GROUP-b1a231930ce35883ea89ca63500fb3b1976175ddc5fce6a5dbd139d7a1117509,,unverified_recording_hash_fallback
AUD-f5fa6fd6333659d4cc32307a59762ccb6ca0607e0fe9090d8321d6349d091464,Machinery Fault,train,GROUP-4ec9fb6b3b4ea59085b46dd7c7662f74cf4809559d467a21c35dfb6bca41318e,,unverified_recording_hash_fallback
AUD-f65d65531c7d3faaf37878bfa18a24ed7bd584b56afa4bd57a36b65556597d6a,Machinery Fault,train,GROUP-1c1190b33bc2d6da529018e607adbfe92d0950ede2ee08c5f253e0e4b00768da,,unverified_recording_hash_fallback
AUD-f74ebe4add404df42a4f5c0130bc634a0859d172332384e74af308e816b8b691,Machinery Fault,train,GROUP-73193f34c6e9d39da915ca08d12c6d0240fbf959e82cc528a020833350f04806,,unverified_recording_hash_fallback
AUD-f78d0acdea05a7ad1472b4f46f5bf989ca274ebe1d63eb6ea1729371290f8f95,Machinery Fault,train,GROUP-901e3990ac308c3986c9b0d00ea08fd9b999322855971541b49e2d42762268f3,,unverified_recording_hash_fallback
AUD-f836d78185c73fbf0cd403b57cac7e0d4976b362676c1ae791a8922f50f91cb5,Machinery Fault,train,GROUP-17e5095bee81721297063d3f55acf05ab9cabbba70daa2df4800fb5d92c62eb2,,unverified_recording_hash_fallback
AUD-f8910c4d2822abfa0fd29dfde2a42030b01d64f1d4a7b69409ce602e4fcee265,Machinery Fault,train,GROUP-4c4510f26416a0745290725447f85b7fc4c585e2f5ec0c1e1b013838bcff595a,,unverified_recording_hash_fallback
AUD-fc09a269f6be2634dff6e9715d763f7e49b0a82816be5b165b3d6f78c632fdfc,Machinery Fault,train,GROUP-e9469bf968327523c53beae29679b9e85a6087d3884e74d05c9306b95d05edd4,,unverified_recording_hash_fallback
AUD-fdc7ccb0393b38871c10bcc4c77e9f7bb4b6e9c9965731e52866553fe6a0acb1,Machinery Fault,train,GROUP-5fdda41de101dbd55075134cff884382fc0cf30d493161c3f7dea8d5927fc53c,,unverified_recording_hash_fallback
AUD-fe07a2e4a10f0d2fa6fc981df55f24c8fdfc6e5b2dc0c116eeada666618d01b3,Machinery Fault,train,GROUP-2c35edaee1152db846a620ba708161bc22497d04b86cf6122657942400a24b42,,unverified_recording_hash_fallback
AUD-fe467a5ec4a1e92cc9038d3c0a9b484224cb01eb0ca8697a41c3846d6ff5795d,Machinery Fault,test,GROUP-75d1658e885ffe35068dcd75abb167a18c1126e3af49f2f170451213193d846d,,unverified_recording_hash_fallback
AUD-fe4b9211fde2fd46fda0447fcda0ec59f5af6faae7254ed457d0fcdc70cd75b8,Machinery Fault,train,GROUP-2ec6f75cc9893e44ccd62af6f493e5b3e037777ac91789c1fa7480595ac51eb1,,unverified_recording_hash_fallback
AUD-001b6552c3da1764016b53c312268ca3ff163ad7db6b9f25d434cbd0b38e4c48,Panic Scream,train,GROUP-12319c448385ea18f317a50dea58760a20f99522e8e04a46ff9b6e0a9b31b0cc,,unverified_recording_hash_fallback
AUD-01385bccf827c46581c918ed35a90f98ad06294e5adbe9590238c79c6e39b3e7,Panic Scream,train,GROUP-e26effdafcb7b70f5b07dd339a3f3769980f0faa6f0781021c8796d2b0dcf989,,unverified_recording_hash_fallback
AUD-01f38fd1c4b924945339e2bf0916ff84f481ff172514f0749dd5a486c4cc4e8c,Panic Scream,train,GROUP-a5d16628b01c9fc94fb2641282d576575861d7a29717b1909c0c79596cee52e6,,unverified_recording_hash_fallback
AUD-0205234108156c3243433d51837ecf767d55dcd052b5d6bb24891602c9833a4e,Panic Scream,train,GROUP-728edb145251c4bd466d56b20baf01b4035e06a039b3ea61351a9f191ce5ffb0,,unverified_recording_hash_fallback
AUD-0256c90e2b7c098046b41722ba803a7aa45708c070bb18a85435f63398655936,Panic Scream,validation,GROUP-09bd946e1c6a3c810230984e7badc0c88a4df77b79a60606aa62623bd7e4d4a8,,unverified_recording_hash_fallback
AUD-02b599a357540edfd823d0026ef7f46081a3346dcb4aff6de732dea8ffe00b69,Panic Scream,train,GROUP-cfb25c0e6bf6ffdf00f009051b0dfcd0a09d3b2ad50307db05b96ef7106045db,,unverified_recording_hash_fallback
AUD-047ea4394d0945d1ebaeb797546d901f766ef9425ba10049630d1a3608153a1b,Panic Scream,train,GROUP-7a077d464001e39a9bf48cb240845988e6684deb15c7bc826b80b29505d649a8,,unverified_recording_hash_fallback
AUD-05ef2e476de942a6c2b77ecb236552efb611e523c0f2bd243510926c02192621,Panic Scream,train,GROUP-b587ef1831f071d0229a68ea4f336ad75e1fd4b23a97b1bcfc9d2f8306de5c74,,unverified_recording_hash_fallback
AUD-0628d1384d331a089be5a45c0fa685442c9c9271f958747d54c2727dc60bd78e,Panic Scream,train,GROUP-e87ba6e262368da7a74047f03bec53ed67eab66dadff48faaf5ac8f530773595,,unverified_recording_hash_fallback
AUD-07f7c37df9c3330606f5cd180e0590b6ec7433fc533ca7edf82e67f006d21ab4,Panic Scream,test,GROUP-15c1a112b006c8d23c13c4e37c20313084e28e8a9a0af1fba61faa42c0708a83,,unverified_recording_hash_fallback
AUD-08e2841ab8372b4204552cad655fc70c3ab00f6adb0d27c128ce6a820102224d,Panic Scream,test,GROUP-9b3376284a5eeabfbe7b7aab98ad322300fdf02b9bf4feff4c4a9006c0156885,,unverified_recording_hash_fallback
AUD-0bf1a6669bda5b5bcb68eca962945986e2058eb8b009eb18e32f8a0c1b0882b2,Panic Scream,train,GROUP-f3750bbf1b182387917b3b318cfa1242012e9460fba61a152dd8b1d1f0c998ff,,unverified_recording_hash_fallback
AUD-0d949f1026ddabb07e79f1aa50704944ade0181b3d885beb5773110bb4c7db5e,Panic Scream,train,GROUP-40dbb7cad8be7aa338913f10ef33e8ba9ccb3434c8b25a1493763bd7ca5b5291,,unverified_recording_hash_fallback
AUD-0dca35f28e965bd45c20bd86bbda0d43a2270556d78e355e9b12bf81ef61cb91,Panic Scream,validation,GROUP-f1033d4fdbdea1a7beb80bf4439ab6f80d26ba2edb3766f4e6c5a6679d2650fc,,unverified_recording_hash_fallback
AUD-0e1fe2103f044a2c940f4480f850d8691ba9a2dbc6d608f12a5779c51cfeb6bf,Panic Scream,train,GROUP-7f9e3ec630872e581db07a4fbc56c37772a6ebe94ce34c5248db986cb6787c39,,unverified_recording_hash_fallback
AUD-13017b9778c1f6d2f3afa3b693219d8c3b92de7f572ed03dd8368c4cbb39aadf,Panic Scream,test,GROUP-107eab5dc36950c36e89fc1419b41ff41cf6a1d1a102d8d621272130a47cd623,,unverified_recording_hash_fallback
AUD-15e496de50c195819f16ea7324b504c59b416e7a0e81c07d665648ca40d80805,Panic Scream,test,GROUP-8b93045059bdb102bf2ce7833c2fb42a133fb4a6f19de958695989051d8a20a0,,unverified_recording_hash_fallback
AUD-16fc40fa70b646a069272ae03dded1beda3c571af5314211544a7725b50b44f7,Panic Scream,test,GROUP-90eec831439cfaa97fee147b98bb8e1e837fcf3cd1249b613fe01090922a503a,,unverified_recording_hash_fallback
AUD-17927bd4d4beeb78c6c202188d1c28b909d6946819c64693f8d6b6077fda2d25,Panic Scream,test,GROUP-9d580e1778b176cdaa0d29dac1ef7fc492e91255fda0cd1510587cecc2b1bebd,,unverified_recording_hash_fallback
AUD-17a6589ee660e85f5b689a8db4c10a01ec8976758fb2bbe8eb18c2ee84b2cb7a,Panic Scream,train,GROUP-707e66a145cdd9456a964f712f018e7344f6e45b9e080afe62cf11be0e82d47b,,unverified_recording_hash_fallback
AUD-1988a9f8102b8c3f6d00ffd1557c08417b31b8d9757ec25cfe9d99ab9bab7464,Panic Scream,train,GROUP-7f73302d94755e7b1c150528826742052dc6ef4993a46ef0fb41661cc9f0769a,,unverified_recording_hash_fallback
AUD-1b2ababec0c8031f45aa94d9c67afc2057b6190650ad761203c7611e37a15c6a,Panic Scream,train,GROUP-36c484a5c01ce94d58b4b026d5c236d09ac331bb65dbef298ca9a35110748eeb,,unverified_recording_hash_fallback
AUD-1e20355723770c9f30d3d672c08e18291d8490e958e38826a0f2fca45896be4a,Panic Scream,train,GROUP-e3fcac3fb8f1959c9a11c4cc85b8452083ed54b3835d2dcd4532b54351de9148,,unverified_recording_hash_fallback
AUD-1e68eefcb27e26ba6ba02f42deafbfdecb60374f03f1dabc3141b04e6cb5e60b,Panic Scream,train,GROUP-72addb6dad048c5d98d34279ad6451ddfba73d05f5d1a55353664b27d43ec938,,unverified_recording_hash_fallback
AUD-210808963013cbba675b5aba2116c8e599e60f3c366a45b1c7308e45e9ee81f8,Panic Scream,test,GROUP-1e571ccec3e80a2a54a10ef1a479338d1c4f58c25bd744ee7ec89f13871f447d,,unverified_recording_hash_fallback
AUD-242462aae1eeedad216979f25bc38b256705576b5b05156890834e305872abfd,Panic Scream,train,GROUP-e9424fa28d19fc56c24854356f200236615f086e7bfc499033f6a946549711c9,,unverified_recording_hash_fallback
AUD-243af1d3fc563af54575abffd0d2049fa46c4c1876fbea79ed1ee2c62d591c54,Panic Scream,train,GROUP-22e652902fc9f8896387f3bf4c16f63cae07dad7c34718730fc6b7eb004d39bd,,unverified_recording_hash_fallback
AUD-256484da148bbc3e2ea66f488cf183815ca602d69b35c510cad3c5b0dd1cfc31,Panic Scream,test,GROUP-9f01ab0e8ce59f40625b095098921e3749b5a925619396990fd29552e878da5f,,unverified_recording_hash_fallback
AUD-26499aeb896072bc449e35ece03e47c3477104a4db8d977b1e061d458bd56bab,Panic Scream,train,GROUP-0598672e918242b19d044790385031dcd530e252f240073b20cbd8c06412cec7,,unverified_recording_hash_fallback
AUD-276c4b22d69d0a8bf32c51ffa79e9966a2004bedb3c860606a2ab951efaa4058,Panic Scream,train,GROUP-b632e625a917526ca2d746dbd8436108c6f94807e8b89be269fab10a003db313,,unverified_recording_hash_fallback
AUD-282c35e660e86af094cc8cec831ad888c19d46a9e5f1a540d5a28da0e95ced4b,Panic Scream,test,GROUP-2b4038f3408ef5dc07de28e80dd0edaceda0ac6f768379a38007a3d221cc35e6,,unverified_recording_hash_fallback
AUD-295fc50a43a131db9797bf827f7251393ae7cb40ad5b42d8c5ec9bd0a2328518,Panic Scream,train,GROUP-49738b763dfa99ab091fefe260ca87fa9596525e15fbdf12e6cbacf28fff376d,,unverified_recording_hash_fallback
AUD-29f0523c466735949fe3fd8cd6ca3955d66c84ce4736c7d270f5186480ad4c4b,Panic Scream,train,GROUP-2fb5a4a08f3ba0399d6edd635fe99788c654acc6f17dbd2404e04b6dd834a290,,unverified_recording_hash_fallback
AUD-2acac2a25df05c58194476c32b3d1a7d3a694d8311c8e05dd200ac84b6e56765,Panic Scream,validation,GROUP-94b57a7cf65ab18ce2e2f267fc22fb0274c47788edbacdfc76dcb23eb93f8463,,unverified_recording_hash_fallback
AUD-2ad77ee7a5119de3ac1dce55decec0e522cc328ed0a31c9894ca4449360beee1,Panic Scream,validation,GROUP-f6ca73af95499032f3fcc0bbc953274cd7cbf30ad48b7bfb76ccf0d221ea42dc,,unverified_recording_hash_fallback
AUD-2c2e628b7e3fa57da0f784a61d1db1ffa76c54e7fc17343e18765f6d82e4bd46,Panic Scream,train,GROUP-56b7ce5e7d7fa3e0a354cb6e72a84a850d687d17c5fc3db1f39e80bc0ec62660,,unverified_recording_hash_fallback
AUD-2e56cdf85115baa52e68ca84a1456fd9b7d17e0e48f9c1d1ae603f1ef606375b,Panic Scream,validation,GROUP-15e0da05dbbcbb1b8ae95be307f7f883f76beda58584634a5d590da7e5b18373,,unverified_recording_hash_fallback
AUD-31509a2a1b39b488603f17f3ab92c3c1000e8cdf49733c7a337d7d482f84ae5f,Panic Scream,test,GROUP-79a51c28c97daa99c608ee40a570b6e683fbd8549db97d8367d0bafd4b3244c5,,unverified_recording_hash_fallback
AUD-31bf9802a1824c42b8f763988e88075b5a8d12fa5b9a8ef1d88c7cf048bdb92f,Panic Scream,train,GROUP-51426c41697723d611e8e41cff848b880b0c1bec71f5c43531d1c2e100a87642,,unverified_recording_hash_fallback
AUD-32bbc22f0efd83aab436bbce33125b1f21cfeb27d58c692322f1e8538cd18a8f,Panic Scream,train,GROUP-795bdf4af4e5b327b3e3a50f15ffd6923925456e35a26174eb9b434e0796f751,,unverified_recording_hash_fallback
AUD-350c0cb16f51a1fbb63f6a88eb5d0ff6754faa052d88631b026f98d58c4d1068,Panic Scream,validation,GROUP-b126716a3c3ad140b552dd3cdc54dfdab65d820f4c1569cfbc6639c9944e0568,,unverified_recording_hash_fallback
AUD-38b7684711d3ee46da0a587350f691e235241921a25786da7d6c363192477318,Panic Scream,train,GROUP-869203e10460bd869cf1e7a2a3f90a28b064aa499a1e49b80b099dc75de618dc,,unverified_recording_hash_fallback
AUD-3970b4a77d4cba6e45133a3fe2994ba92630003045c8cbf8c7d5cc4b9b57515c,Panic Scream,validation,GROUP-3bb814cb7ad19b65595683a60c6e69e75adce06210e3a291170a6c9aad282e48,,unverified_recording_hash_fallback
AUD-3ce8e9d5c9b8da4e1c94edd84ebe06eeeeb2920852aa52a304a858b7256d920d,Panic Scream,train,GROUP-7598a4d17f4240615fa194fb4620a78a753934b55a8a23e5f6df4f5cced082d9,,unverified_recording_hash_fallback
AUD-3f5e20697b45f098730ce22ae63b40599636d68ec7d5d682b4e9dfc2c69cae1f,Panic Scream,test,GROUP-f339a9291349fe7d6e3b62473b27e8c97a88fdbfd849b6fa1b05e2a301ce8e8a,,unverified_recording_hash_fallback
AUD-40a262934c02bdc7f5ea458244967c3f0a020e60894ccebe8d8e63c1cf6ea06c,Panic Scream,train,GROUP-3c3e86faaedbd2351a020e539086105fae28e3436572c0803b37cee185d86d39,,unverified_recording_hash_fallback
AUD-4191bb4cff71f5bd1aecfd682c6acfb17fefc218f9c4a19001f5119d23d4de35,Panic Scream,train,GROUP-fd7a134fc7d496418f637d82da62bb89ebb002a4a430ff0e8a55d1fbb7270db9,,unverified_recording_hash_fallback
AUD-4283ccfe225bbbd38ffe182d86a644c003fd6be90f1d0ac6cdedf9360ad04bd0,Panic Scream,validation,GROUP-435671df701d6664c38f548c659492eee773a8764a811c4d2179c7b854910f8f,,unverified_recording_hash_fallback
AUD-432ac9eacdd62cd5aa45c2196066c2e2e117b04baf8f9647e9f5b9f560b51708,Panic Scream,train,GROUP-13f28d788b211f5db8883697151d95a4fa7f021b0d275e06d394569969f32bb9,,unverified_recording_hash_fallback
AUD-45cae89c3a0177a383b1dbc8afd505a39e38e64da914ab50ef8e903c64c6ea53,Panic Scream,test,GROUP-3c67ae0eecb7e096aa4de1c0d8ebc4038a8f604273eb4347e38fedadd91751e4,,unverified_recording_hash_fallback
AUD-46ae86eca763edd076e727ffff20470f981f39148a2cb3cfa378d320f6625c8f,Panic Scream,validation,GROUP-100496aebc11f411f452f9a7f13f28b7ab45b10a05e2702de94450c04033c561,,unverified_recording_hash_fallback
AUD-47a9045cf83d2150d51f32a1fdf9bb65211b2cb3f5d2f83d3c4fafa43800ed73,Panic Scream,train,GROUP-836216e667a38124f4dbe1d25c5151ded8906a2230f12e5ae1ea4aebf408a660,,unverified_recording_hash_fallback
AUD-49c0a983cf49bfddaf1d2668720d932887b1231e8cb0a5621127a66022cba061,Panic Scream,train,GROUP-ba563bdaa4d28edf0121043c0a04fa8e896e2a738d0ec8f1de9d28d909ef31b6,,unverified_recording_hash_fallback
AUD-4a04e0df062f4457fcbca40f134a8c4c59aab38ef5033c2c4371ada3c772f64f,Panic Scream,train,GROUP-04573338d8fa9c398e5938e57c10f8b38692044ab0699e21bcaeafe963f2768e,,unverified_recording_hash_fallback
AUD-4a673879ff99b1f8efa7b2854fb4f700925f959b915eb3bce340f96615cc5843,Panic Scream,train,GROUP-868e3f4e44f3e61472e4dc9f836cdb63e431313f88e3d8a632142ccf3bd9ba22,,unverified_recording_hash_fallback
AUD-4afb3256af739712b9270664ccca56735a75832d1616aad3ad3b4266dc2ff8a3,Panic Scream,train,GROUP-485ba9667495e4e91194c99de7573fc556be3017ef6922288610d0a5c4a315ca,,unverified_recording_hash_fallback
AUD-4f73f4f762e2595bd1abddf8ebab3da61a05ef048df1bbc69b13c274205808f8,Panic Scream,train,GROUP-5caef31acafd26d7677b156d050439c2eb7edc09d080312ece7003e32a7c2660,,unverified_recording_hash_fallback
AUD-51f6e9449b9a92a90b082fda085c574252ca55420bec3f0743aa7c94989fcf90,Panic Scream,test,GROUP-c1061596a73f10a9809207e809d73b8517cc9d9db1c4af73a5917f3bbce4d092,,unverified_recording_hash_fallback
AUD-5595ee9330fc6c8715757e895116788e33edbb0a45701ffa1481e668dd2253a7,Panic Scream,validation,GROUP-b56167b76c156b813557dd94bb80ef42a59c5868a00ec157ccf7c2a2b913a161,,unverified_recording_hash_fallback
AUD-59b3803890f32a38fa48df439439187398510537e96441a228c406c5920ddfc6,Panic Scream,train,GROUP-7afca37dbbba3dedb511dbb833a17224c5bf24f303126a308a137f92355ccf74,,unverified_recording_hash_fallback
AUD-5aed9f533df38e99ff98553376e3f7d31721dae26b7ffa57afbb16476edf9bee,Panic Scream,train,GROUP-0ba00ebbb956c62b6c57a122dd4bc97c9755824a6c93d85377c98959816031bc,,unverified_recording_hash_fallback
AUD-5cecb9b975fbbc91d214e12e42f87b3e94e7e8f8d1ce90ce7ee6f4322a66d6c4,Panic Scream,train,GROUP-ea4804568be0c701dc9474db9fcd5784ffdafb436d97ffaf76e1dcd4a25c2467,,unverified_recording_hash_fallback
AUD-5f43f1d2994c50fdfa57b856f5e632d6ba99c81ecbff533f53eab62cab9090fa,Panic Scream,train,GROUP-38f9ff9187adba709df99fe72ad340c887179011097697e17bfe6855c87934e9,,unverified_recording_hash_fallback
AUD-5fc4fb15210db75116d6064b73ad5bfb0ed19fedb459f38fecf52f21451787d9,Panic Scream,train,GROUP-35ad06dd986d6fce57d3a543213b7a29a185b5156c92e4ed64cdc7d8b1fa8cde,,unverified_recording_hash_fallback
AUD-60c2e28e25bc9610cd48553a81297893df70b9ca8dc3bc9b19e2d0e0edf033fb,Panic Scream,train,GROUP-ee98ca9e2aa8d8ad84320d442b6c22c5c7c3c901d033c9cdb15d69a48538e5c6,,unverified_recording_hash_fallback
AUD-611b1a8913e9ded8bbab8344f0aeaece319094b12b28d8983f8a937fc6107a0c,Panic Scream,validation,GROUP-efea9639a750f365411ab6324983af0bf4cbcd8e48b4f2fa9b778f94edaa2740,,unverified_recording_hash_fallback
AUD-62a6501be2e736aae0fbd6b1a15d64216c8722081c5e55c4d44035dec1d1b922,Panic Scream,validation,GROUP-be792cc6dcc21755cb47e7c72dfd2c2ecc536cf0a6104e9c649d1f0deead5e7e,,unverified_recording_hash_fallback
AUD-62bd9d4f2ce2be68322f6adec832ee7c0fad9d92cfc60b2a93d08f3b10da4298,Panic Scream,train,GROUP-68bfacb65a08c70adbe8275dbc027a2b1b762ce45ccffa9e2f475aaf40216869,,unverified_recording_hash_fallback
AUD-649e20ac6c094963511cc6e43e19a33e2cb7fb4f55b96d1407d0f64329633e32,Panic Scream,train,GROUP-35ae262ea35f8707794468e787fb6780ee7098b37371eeeac4063d3d95102734,,unverified_recording_hash_fallback
AUD-6544b5045c0c4a278028d754990c7f774133df2a63ecb889fc8b35c44e48da19,Panic Scream,test,GROUP-5451596c60b5070e98a00389ed54dae14d51a21a3d739279e4aa196573c06173,,unverified_recording_hash_fallback
AUD-65df4f12dd79570be32d8f056e1599747ec699a0efa7f5ea989120e5bad36e3f,Panic Scream,train,GROUP-3af01670b4c20b0094e5044f74809693b12377e9b83d447613c1bb5919a7078e,,unverified_recording_hash_fallback
AUD-66a7b4c3d1989eeb1f7103dc347ddf17e8e12854ba2544e46d197eb0fce31db7,Panic Scream,validation,GROUP-00aa2c796b8541a9b1e8ce218c47a4ee1aef33caef3e67aa82ea01b293963b66,,unverified_recording_hash_fallback
AUD-67f72ab074306099a7627c538cbd183c220a1e9693dcb942ed9e3cc23c7baeea,Panic Scream,test,GROUP-dfb97911ad0426d2625166a36b13f965aae010c12b0b32524aeda17f0476f9b9,,unverified_recording_hash_fallback
AUD-693879fab0714cb50d3f8321c109280df87f3722211e07c21eeda07fe97a32be,Panic Scream,train,GROUP-44aaabc659bc6ca0e58a3b603c71e03bc500633d3b9dcf8e2a64f02fa01d9df8,,unverified_recording_hash_fallback
AUD-69e8f97e214d7e2805eb49e174a1b053c82d7f4328082b036a4b317f400e7753,Panic Scream,train,GROUP-80ac0df410383852f62951353a3740841c209ac96dee34ced8c6db49b90240e8,,unverified_recording_hash_fallback
AUD-6c53ccbe9ee5c8831a31beac678281cb260909cf66341765302c574a7b023dfa,Panic Scream,train,GROUP-bd4b85e336820ee7d4e34bf55c787869a3819b4ba7713b5dd4b51c9e3c9ade1e,,unverified_recording_hash_fallback
AUD-6dc103fe5614cd945cf44c7b68b9beb322d299860f3093468cb75438bd4d570a,Panic Scream,train,GROUP-f7b13f85ebed12a25d8271f0dd9f93cfdd014d7cb128dbce25beb4e2d4bcd9dc,,unverified_recording_hash_fallback
AUD-6ed3bf6b4dd8b025689d0765f3034531ff0667d81a0ed069986cab24ecfa1b68,Panic Scream,train,GROUP-f164d35ffbf4dc2c2a7938b5d2860f0de0b37e24ad415b1f51636cb3f5295bea,,unverified_recording_hash_fallback
AUD-6ef7c1d5255402363abdbd6d46dfc1ffe9bf3cbfe4498c44e431ff7caae35316,Panic Scream,validation,GROUP-e5ed5ce15eef26bd357210cf324fc66e40e801baa83fbedbade1619ecedf91db,,unverified_recording_hash_fallback
AUD-7266e36e620658b1a4f17a64e90bf9f7671caf16bb58aeb8ba6f519fb1c775bc,Panic Scream,train,GROUP-5e91ebd92c27bcb1da5eea054b03f4480106eaa206ab550ce9682812961ae04b,,unverified_recording_hash_fallback
AUD-73da1952c28c086c5e6a5e4730c07792d7d06ec93fc964d6d7a4398d65488c34,Panic Scream,train,GROUP-54dad48b0d62e5b14609a2d96e685087cf55a66be50c97063903646c96c3e68f,,unverified_recording_hash_fallback
AUD-74b07229d1c524fc9ead9f23b0e5fb8d709e6bcdb45d6e19bb4b623baeb4a666,Panic Scream,train,GROUP-660c2c24fca064732e7eb4b89cf406b46a0fe72ae8d5dd3215d0a4fb9dc286f9,,unverified_recording_hash_fallback
AUD-764cbd391cf6e547da616c87a871dda077411825085512f8de23bae6f4ad6762,Panic Scream,train,GROUP-deaf544f42cbbcbb0b20d9f1bc1aba9e06da42bb5bce75469b6b72b64d9da2dc,,unverified_recording_hash_fallback
AUD-77ecdd90f9bfa9d348da89ecf034e6fe63f2f3280bc4f9bb62a4fc8ec472d8f5,Panic Scream,train,GROUP-e39188929872a3bffedab3f58241b03385bfee8c2e8bcdf2150c875f83c9e399,,unverified_recording_hash_fallback
AUD-7905f4109654dea849ae39cc359ab706189ea58866df435752ca9e558381539f,Panic Scream,train,GROUP-ac5c64378fa88248b577a7b18abf048a901584ffc62dafb071a78cce64586512,,unverified_recording_hash_fallback
AUD-7bbd2530eb3299096f7b06e4e5493e099c5f28e6db45d3d88b9706a3edf2580e,Panic Scream,train,GROUP-e0cac5780cdc6206f1dd604c34a7387f86c21b96d270addc9c12b6bf4dbac0ae,,unverified_recording_hash_fallback
AUD-7d608f913fbdbee08e5b947b0e074fff1729c55ea0bbd45ed162afad3585d716,Panic Scream,test,GROUP-12189dd51a617ab388f55f6bda57a8efd4b60359a8fd79b3a280712e7274a6ca,,unverified_recording_hash_fallback
AUD-7e7795eca95fba029aa4fc523035658c8bb152ac1d6ef7c44e6519031b45c5b8,Panic Scream,test,GROUP-bfc8a341e93ce98ce69a5002394865743c7f3f476ea7cb91fd20208e8e8572de,,unverified_recording_hash_fallback
AUD-804af88bec29dd96560e5307b533d5fc15943a55fc1aa71264197a6cf5d7d1f7,Panic Scream,train,GROUP-f001fa5c40d91ad058fce663b262d4a0ba52a566fe307e56dbfa1669ea07765b,,unverified_recording_hash_fallback
AUD-80f0ae9195205dacd13d43bae697642f8bdbbf84975c1743052b97b5c2c80920,Panic Scream,train,GROUP-103e8902eea4bb034d3ea150ab6956b82d9bdf676cfc8cacd2da5bc41f4e5ad1,,unverified_recording_hash_fallback
AUD-846405809567e1193bb4d232832843d48d19bce0eaea2ff4befa5c6e3044e7c7,Panic Scream,train,GROUP-681b7228ae58d5a43d6d26001bbfdf8df2508685d8d6ec52075de5eb509acfce,,unverified_recording_hash_fallback
AUD-84b663192191b2df1d6705d4c510307f6cb3ab4bc92e411f05d9fd7d46899770,Panic Scream,train,GROUP-8bd6f4267c493997e5cd97d9ab53fe05f81eb37e7d2cb28b7a297a7a091da4a3,,unverified_recording_hash_fallback
AUD-84c8d8d146154949c1d826d388b805ec8247472d36303617a107674d62deaee9,Panic Scream,train,GROUP-a54bda878956458292c6447caf516e81dc88829e4dff574d1bd2cdbca0866e9d,,unverified_recording_hash_fallback
AUD-864fb0227477b4638023451d2835b82f3a21490b3a54ffc894c8ebb4ca457ed4,Panic Scream,train,GROUP-d1c5fa1c704f4f85014cf3ebbd37903ee252c79d47be64676925dd747992bb58,,unverified_recording_hash_fallback
AUD-87d64d6957f65923d9fd3b6016a1cf6e45ad70bdecb80145042dd13473537219,Panic Scream,train,GROUP-876bfd7070ae859e32f7015ebb1c72e6aa8e8aef3d8d04a8c5add8f174561f2d,,unverified_recording_hash_fallback
AUD-8977a23285fdb0543f08cc4c28b02a6d0fc059f016236f0829af8546c7bdd1cc,Panic Scream,test,GROUP-2bd448ba145414aa1e7de5d54bf34a55ecf65d92051c749f859f06b2503f2d53,,unverified_recording_hash_fallback
AUD-8a2feac5853edffabf7790b454f48707ababa80f7b1c00509543d1b1c14b62dd,Panic Scream,test,GROUP-9907f17fad1dff2288e9dd9e5bf22e7c83bc2d0000c3a431873d91627d092b13,,unverified_recording_hash_fallback
AUD-8abfa8c8dde27408ba5a8b60edf17999511f02a8778f63e2c6ea535b20a0b0b7,Panic Scream,train,GROUP-05f6b34b6d2c5e4ebf7e3bd1bc2718fbd98208933eb56ee115f52ae4533e7600,,unverified_recording_hash_fallback
AUD-8cd86788ac92ae3df73041e85f78949453c0f9baa243f1f6dabe000a5aeac495,Panic Scream,train,GROUP-068c4b17f485278339d4e69cd4cab70ffeb992cae965b82721e740a31ab4f650,,unverified_recording_hash_fallback
AUD-8d3a88c17fcceb1283f9f0b8169eccd6ea3850e9b50a832688b319bf173e11df,Panic Scream,train,GROUP-9a71bf2435ea2088805e2669dc6c38d66b9b237141f103a4c5bf609ba6877fe1,,unverified_recording_hash_fallback
AUD-8ec68ae38cd31bad5b1f22f8c9b18127526c4f6418c995cde5c14cccc501bd6b,Panic Scream,validation,GROUP-6b21b62470c6dbc224b60cb59d7432a5ea57a3218b49484b38ae86c19a15ada4,,unverified_recording_hash_fallback
AUD-8ff68f6d8939be9d829b7e7e54960260d98d57d15090a6c8b5b76bc94cb7e9c9,Panic Scream,test,GROUP-c04d2a7bd3366fb493ccfb41c61c4cdd90edb043e384923db6376a4bacbd3d2a,,unverified_recording_hash_fallback
AUD-91d5cdb312aa125875f882bd1bc17787ced660b65dddbdeced0cea363d5d971b,Panic Scream,train,GROUP-eac6ee37472716eef9275c9f595eb5eb1362cc4bd8f6eb3f5a970c453bf70311,,unverified_recording_hash_fallback
AUD-91ead4209391cf1736512546ba8edaac033b9170d55d4c887119ea324585b7e2,Panic Scream,train,GROUP-7d49f66646ec38a835f5ca5ef5378dc679aa51e188980d9623dc166c85fc261f,,unverified_recording_hash_fallback
AUD-922393402d6b2c8d48f5fb3fa2c8d627e0cfc3de1ee139351642ef2edc2f2494,Panic Scream,train,GROUP-349c8b7c42957a511154d4997b4ee2cdc2e91d4e3b41e2ae7f02a2cb8ea2bfff,,unverified_recording_hash_fallback
AUD-94cce4d80bf2426f3b58b9709b05bdb4abba584b9f519c3edcf177ba2c3e0238,Panic Scream,train,GROUP-e2afecd361eca2e7e87a9ee5f0eb7ed2e9ebace566884589365a172ea72e4e51,,unverified_recording_hash_fallback
AUD-95209a8ff00838f230af4f8481d7f4f0aa8e38d1262330c65b1fdaf86fcf98c4,Panic Scream,train,GROUP-60018ac95cc01cb411fc3249aecc9536667f7624a23cb6ec427d901bda062754,,unverified_recording_hash_fallback
AUD-96215ca0fee918666ea21aaf25e3cf77bb5930b2aeb67f874049906a64970c96,Panic Scream,train,GROUP-6bc5992b8d6d25245c6c2c5081abe4290527c8d031508a654896ab7c915682bc,,unverified_recording_hash_fallback
AUD-96ad7301021c3c7e6bcca9f2fc8caa9a1ae0a9e396f2dd9d7f5252ebb1b88df2,Panic Scream,test,GROUP-699da8fe888854e28fc76535772cc83d80b9c9f3eac4d772c99ea24b867c6be6,,unverified_recording_hash_fallback
AUD-97897c943184f3eecfd543f066eb1c78cfcd3db2dddbabaf9427c6eca8bfef52,Panic Scream,train,GROUP-91d0586eb2711248ed9d99df2cb8aceb148e09aeacab39c78fde3a4ab190766f,,unverified_recording_hash_fallback
AUD-99087883a2b87049976154663db23c86cd3338b0ce0fafb1a5a4f58cc7e27381,Panic Scream,train,GROUP-d7a52dcefe71880c5030241228a70649b4fa69aa078e818efe9b24b425b2c4c2,,unverified_recording_hash_fallback
AUD-997cb5034156c40cf6f3ddcfc1c08ccd81894e3d7bb66bf15a31b4c6859da6fc,Panic Scream,train,GROUP-8a887f27799605bc5e7de063a04858548b36aa47dd14d0b54253e8c4ad7f0d80,,unverified_recording_hash_fallback
AUD-9ab28bfc76361843bda34c383df932df0bc3e6c547888868ed0b27ba2da82421,Panic Scream,train,GROUP-497f1d24a84eeb8dd22f13e60a5d82725dca158d753dbe0ed8dfbd912525bc1b,,unverified_recording_hash_fallback
AUD-9ac850e776fc1fd550957e1104642d3254ea6d2aba681daffbbc5200241daca1,Panic Scream,train,GROUP-5664f0db2ce1b458fc7ef3c8bb010a310495235d4a79ca4b57bd78a832c1d2bd,,unverified_recording_hash_fallback
AUD-9c55a88307fee671094b0894c048c6f18d1bc9d6ace830733e28b8fa6e669124,Panic Scream,test,GROUP-bdb65ffb9fb96a64fc0b354f64a4b135b7d22d8efa15c9f672739830fc14e438,,unverified_recording_hash_fallback
AUD-9c97a3f8117747f97017425d118376bba253f560cc9af28268137214a0f8c018,Panic Scream,validation,GROUP-d3e7954f472f7399e4b3bd0b771c9500fa1c28d00fd98e71d9b8729efeb241d5,,unverified_recording_hash_fallback
AUD-9f41ba71f87dcf66e6e303fd3bc2b7c267183b42a0573087f2f889045874ff22,Panic Scream,train,GROUP-9c87a7f64943743fd4e87acedd2f8fab284dc4307cec67ddf70a7ef47f09bbb0,,unverified_recording_hash_fallback
AUD-9feed1331808987c8b9fa5b694a69771d4210fc7b2c1bf09745d3424aac213e1,Panic Scream,train,GROUP-80fbfe6c74caf53972a0b4ea994133f78d5e052f71a171e53218f9937d4d9f28,,unverified_recording_hash_fallback
AUD-a01aee49833c0af8e6a627093a7e358605077c1462a0cc1e2da6a6dbe46992b5,Panic Scream,train,GROUP-4c6edc79b12e98ea49871fcb0a968b50e24e7e040c79744f7be8e4edb9e4fe3e,,unverified_recording_hash_fallback
AUD-a0aaf867c747816738044ddf74c93b4d85b8ae3912a0729dad24ed09a80fd157,Panic Scream,train,GROUP-863a91d557ff8e2794b95c2ef08b6c6dcfe003ae1793c670692efde4be66a953,,unverified_recording_hash_fallback
AUD-a0c5b8b3defc5dadb6e4ccfdd49d33ffdbbe1ec1ba278c831102f38329f23b14,Panic Scream,train,GROUP-8b2486a92ff3e8cc949390dd5f7c08c9707ed57a96d5713c2fed467cf3e0b300,,unverified_recording_hash_fallback
AUD-a3de0a88016a5dd3385130e89cf5e02e3159894f6c79995c8b8188239ba5f8ca,Panic Scream,train,GROUP-fc8a235f13369e5f6dcf78d8208cf01d4a2a85685321655c88e8c41e9a2cd200,,unverified_recording_hash_fallback
AUD-a3e1526f5946eb18ed8096e0cde54a1600121ac7a80da821fca55dcdc52346af,Panic Scream,test,GROUP-745acfa87c434ca7a2f2e30fb84a18dba558ae56d07f0465d6fc484ed5a21949,,unverified_recording_hash_fallback
AUD-a3e1a625266dcd515df52a560254321809a311b4c14bb53fb9de678b3b9f53f3,Panic Scream,train,GROUP-22fc656eaf0be2f5089eba1e2d6192b8c8709a578073a4fc65c80e12f02604be,,unverified_recording_hash_fallback
AUD-a4bbc8ad738c46fdf0e8832b939c236d0699b5e1f00efd6f97e0cdeed5908b55,Panic Scream,train,GROUP-1d5d610e9ff1592b235e050e6515cbe3a0b63657670d1916a774226340aca53f,,unverified_recording_hash_fallback
AUD-a4dcce82332d6c1339ee7428304d2c667d49c9e2713ac4574688c7a877a738fd,Panic Scream,train,GROUP-9d09bccea1c50de68ac1b0f10571e3fd7cf30ec97488e98491bd544fa547ea6c,,unverified_recording_hash_fallback
AUD-a56037498578616577f3ab4b0af641c50b2d09a40de0e15627ff4e2c5713ed11,Panic Scream,train,GROUP-33fcdba8fb4aab6088c192556c6fad81851e7026421e4f8c7157c6ae5e93d61d,,unverified_recording_hash_fallback
AUD-a68c44aa7ae4c0f1ad7c4bdd891e80cfd00455dbe3531c3ec262034f49176f94,Panic Scream,train,GROUP-11ffd8f45ed943577c971f67e7270f482e99a61a42469ac2231f9a64c10e4c69,,unverified_recording_hash_fallback
AUD-a8c79aa1b9422c244d649a18fc285c6c50a08875916d36fb6472a1097ddaf9db,Panic Scream,train,GROUP-8d1267463a271ce84c637c96358c4f3c10cfa981859ed85335b62bae21e2a50a,,unverified_recording_hash_fallback
AUD-a90d9d1fcfa3b14c8f50317de7faedf35aeea3e4db9530f26aceba1bd861f261,Panic Scream,train,GROUP-87a32b04d0598ba1a0c9dfbf316490ab18f7fdbaaab2612018febce91fb43429,,unverified_recording_hash_fallback
AUD-a9bffdfc29b4aed7ee5c5d486bc12c0e22bae2fe73673c819287f2cebb492fe6,Panic Scream,validation,GROUP-36fe7d7d5595efdc101e48ba20feb9fc9836d1baf56a06dcd9d6a37fc57d202f,,unverified_recording_hash_fallback
AUD-aa322633ba3c3beefc9f178f5d3103f5b9c2199415afb038f561849eacfbd953,Panic Scream,validation,GROUP-7ef2e51ad3028e99490a80f05d2d8a9dbf7b40571fe1fab9ec1d817c7fada41a,,unverified_recording_hash_fallback
AUD-aa72bd0a3dc0a61667eb9667d4309a8883ee1c0131be1dd76edd37f9bcd97fda,Panic Scream,train,GROUP-634c23bee602125d1687c4e895c74eaac370df91b64fa09d825a2608516e12e6,,unverified_recording_hash_fallback
AUD-aa845352643ce93f6ece30673e3bd2fc4abe276ad651680484232bc8848b62fb,Panic Scream,train,GROUP-ef008ab5d77fc31cd98303d19105b0e2b27561c6504aa91f0cfa0dc0085b4ed9,,unverified_recording_hash_fallback
AUD-aa9fe3b14b784f19a08b3b2cf542e9e9979985e04774907252cdefedb07f0811,Panic Scream,train,GROUP-58d12c9c9ae93b1aa15b991b9ce38c3e603a19b58440752e72207ba0fc0e84ee,,unverified_recording_hash_fallback
AUD-ab6dc6317b0a0f55449e5deb9b6de2d4230ce8510ba6646d093ee08661d11426,Panic Scream,train,GROUP-d94a8fb3446afcb089a3fb4cb839bf40da6b9f30de8175e1688471b77b455093,,unverified_recording_hash_fallback
AUD-ad4be7d141bfd21d5e73278e1eb370dfcb54dfcb0b6940f52a712fa027035fd4,Panic Scream,train,GROUP-a290a35f69c4c89278a8c60e6af6539348d93ba9d562ed6d3b580d2bcdd898a7,,unverified_recording_hash_fallback
AUD-adcc3952f5146dac9b0f00977598e982c3e6270362269b637a410eca5c306496,Panic Scream,train,GROUP-b400393a3d0640c685dc4bd81dfd88af0ffe3a32906422b6339dc928352e7d96,,unverified_recording_hash_fallback
AUD-af4b8fd25cc906d571ed6f0f9cace0ffc1b6dae4e87eb943039528bef980c9d3,Panic Scream,train,GROUP-88ecb1ef5338682ad06b90e09822d96e7e962068f5fbacbb503d3bab8e75d352,,unverified_recording_hash_fallback
AUD-b1cab6a4369fc66383fba701eb90fecc0dffa9843b3b7b399bb6cba5d7610d51,Panic Scream,train,GROUP-fee9180c8048c7e6be87015c307aae00386e252935ec95f4df895e3a9afe5f04,,unverified_recording_hash_fallback
AUD-b24eb84a21d5a4f3ad99a8db77d17c40457f41290968522213151dae90ef3747,Panic Scream,train,GROUP-a35f0294631258f749e94a1c0aa9689df05ca44aef9e9ebe77044ec84592bc3f,,unverified_recording_hash_fallback
AUD-b263d734a6df35a335ec8dd35cfee8f02257fa08bb2c723a16fac49e4a62e568,Panic Scream,validation,GROUP-e6724bc53e950eb3f1fb08d5cdaa21d8897064d3f3bdf2cd0fd3113291df07b3,,unverified_recording_hash_fallback
AUD-b43e75dfe7376d035ff564778969132c22232a7357537388228ba28f41ce37fb,Panic Scream,train,GROUP-30d7469e7e86ba38c1ac99b7e797c1fa770fd0f56371aa787921bc672a832787,,unverified_recording_hash_fallback
AUD-b493656ee4f6a2c2b4385eb6ca269e6f204608638731debcf2a9cf41e6be4a91,Panic Scream,train,GROUP-92d4a4f1045c8b0844e904c7db49bc49d57cef22e1635f2fc263c0b8f1264650,,unverified_recording_hash_fallback
AUD-b9e505b9125a1b79074c47cabec30fc4aa8487bd07a6f51ce0d8a5310aa1dd9b,Panic Scream,train,GROUP-1cee2d495bad735284350226cc8341f3218410dbc199be9a51b0dbac6c0806be,,unverified_recording_hash_fallback
AUD-bafad13ecdb14e30974da60a3e244e206bf5c65bb15a3ecbfc836342e0c5fcfb,Panic Scream,train,GROUP-aa6ffcae4b43d68dc6aa79369bdf235312cb3bf2b5619ab83a7f5d1b519013b9,,unverified_recording_hash_fallback
AUD-bb2a40c2fbdaa131d3ff5b06dfea42a50879ac038cdaed9da02a97f8c527ee91,Panic Scream,test,GROUP-6986fb1cdcfda9391e81b11d94cdb7c1b8c7272f75ae6bc1f33ae4ba95aecc90,,unverified_recording_hash_fallback
AUD-bc0898c46be235732aada61942397572e4eb1fa34c21d1ad09f528432206b57f,Panic Scream,train,GROUP-7df6b53b2f249a6a6f77fd41f052bc70af46cbf95b6ffefff8ccdf844052b8c0,,unverified_recording_hash_fallback
AUD-c0ee1fb7c69740f0a57d2db17fba119f3af821aae428623ae81805143019fdf6,Panic Scream,train,GROUP-ad0f024c6e1b9ced04aa1bff0665f66e93a2d677d476fdc3feed56429ffaa85c,,unverified_recording_hash_fallback
AUD-c1c50b67f04cb1a3e4cc82a3179bfa49043f7ec01acc082a2c0a28ed514d8261,Panic Scream,train,GROUP-e6c0705898bbb93a8327e2e8082e3840bc99df1b8f3e2c8418fdb59923dcebfd,,unverified_recording_hash_fallback
AUD-c3a56bb540c4db6553e9c0dc9e43068c818c9422e64eadca9192712d2c6a9643,Panic Scream,validation,GROUP-b3edb3b55f0be128922fc3ae961e1f617cb535d14d785e948ed2f96c4eae28f3,,unverified_recording_hash_fallback
AUD-c4cf209a325285c4bf621209bfc94d752f18137e109b6a107beb5e26d1c1e369,Panic Scream,validation,GROUP-13096cbf9f5a92369eec0d02c6fa41d8bef1a3933a1581aa546b15204cda0236,,unverified_recording_hash_fallback
AUD-c50f5df58ee4496d121c0ae1b4f9bef9dc05ddbc5dd8715688f3617b2aadb3b6,Panic Scream,train,GROUP-b1e070af8f1146158b134f552509c46691b79442f08ef4164bb639b0ab94a361,,unverified_recording_hash_fallback
AUD-c6914f7786ef56198446fc633650e713cb07f6a9b8d9e4198dd3c61bda3aad6d,Panic Scream,test,GROUP-8f86acd46c620c099ff62c656da08ec9a4faeff28da97d1fe6322ae74ae8ebe7,,unverified_recording_hash_fallback
AUD-c8e3b3b1598a3bcca874fc69e87e55e55eef0d38a0a0fe14e40df2a95067a875,Panic Scream,train,GROUP-dc694229e88f23cf459d0f657688be0bcc28b88b1fca507f6dbe875177973cf0,,unverified_recording_hash_fallback
AUD-ccec904affec8bb0354675dcd5913e133f3012ea661319d9277e8af201be4093,Panic Scream,train,GROUP-3c71d75392acc0d92fa8af5cf4c98c4cfbb4e5be3af64df480a6752cb541de7c,,unverified_recording_hash_fallback
AUD-cd89ca0312cdb02d6ee5a7aea442a9f2786408d8dffe0efe377738f7a79839e7,Panic Scream,train,GROUP-dcc7ecabf12bdb7034829fa951e1c6f8c86adb5eec0cd2ac19cfc27b4cec373a,,unverified_recording_hash_fallback
AUD-cebad9bbceee2f372fb3f6ca99757bf3b910f8b591b9b89a49aba2495713bc5a,Panic Scream,train,GROUP-cb6240230de2946ac29e52e04c5f3b1f2be1d8137d5a7cd8230d41a82de3e6ed,,unverified_recording_hash_fallback
AUD-cf2d2118baa4bf3d2861d132a01b120c6a8139e1927de16ce3b17c76c806e98d,Panic Scream,train,GROUP-f69479ba74a8b328d8ec63f064c50369411d0c85d55a86561884d1bddec28767,,unverified_recording_hash_fallback
AUD-cfa6ae40462ce2444488d9f12794c30a9f91725493cc2037c31f86dfe1ee1033,Panic Scream,train,GROUP-24b7ce7c5094517b4739e8322898a6dc28f8cfb8b4aadad6212bb5dc759e483e,,unverified_recording_hash_fallback
AUD-d1298049a0bfdd379d280fdc50e39e058a6be5945fed1df25f93f5c94babed78,Panic Scream,validation,GROUP-cc2a523344086a001a676251b8e3ab473cc57eab686462d70272b594316b24ae,,unverified_recording_hash_fallback
AUD-d1c1e020d06a0f9104076a47342d7b9038667c97997089fba4891aaf7184c662,Panic Scream,train,GROUP-54b4fb00846444a9b4c8fc0dd026c17cb9714eb389a001f9ef48167fb60a6486,,unverified_recording_hash_fallback
AUD-d4706ff23282790a7853c394795007aeacef3425eb3038ce01122f15af131508,Panic Scream,train,GROUP-ffc215a16a0de18443084f697b5fbbc3d3f9a14890b6e432b913765e0a6ca758,,unverified_recording_hash_fallback
AUD-d6932abef0259dcf05f4abbe021cb31a88b46d96213206c9169253b155bd737a,Panic Scream,train,GROUP-d973895408de6db2f23c6e7820f2a6adbb8f2ef4870da653a3503fa02e3205ba,,unverified_recording_hash_fallback
AUD-d77e704af1879b3b7ea95ca634e8cfabb0d9ad9fc65e3cfb547b0db5fa182fe2,Panic Scream,train,GROUP-e649cd32281cda70c9f10702ce40c4c7759df6e83f4b6a8c5c02ec81f9122040,,unverified_recording_hash_fallback
AUD-d8afbc962aa6c454cbf569237c4eeec6ca04c1abccf64958bb2ddd3b101d9353,Panic Scream,train,GROUP-f457f9e235ec8e72914d37eccb4235e4100d7059d33c57e4d00de8fe61e6861f,,unverified_recording_hash_fallback
AUD-d942badfdbb0150e6e9c619b08179cb073c082932bb29864f269c97bb84ca49b,Panic Scream,validation,GROUP-91888ec0c042130f75d4c2fc12323550c113c5091f67138b05b306e9c3647ea6,,unverified_recording_hash_fallback
AUD-dd02cd03550b4c1ceb079c21abcc0feba3d7de08187c96edf19f69919edaa902,Panic Scream,test,GROUP-620a84b9b48d090317ff70b3280ebfa6bd1b1b0733887daccd3d951ce46b05d0,,unverified_recording_hash_fallback
AUD-dd36369cb828093ec6a800a0bbd3328b1c5f3bb76910aa44bec79afd9e66dbcd,Panic Scream,train,GROUP-219b88863514399b71ad411e8a6cb1ce9404acb1b869f0e91fc493ad09ecc958,,unverified_recording_hash_fallback
AUD-e03707811f1d3195a4e69b96d855ae653cc4425b1cbf2cdaa3605c7f77699dea,Panic Scream,train,GROUP-fa43c91cd7b1df46aa2ff183efef42249e2253421879d44afd5449fba4df3ca7,,unverified_recording_hash_fallback
AUD-e2a21fb7c54dbf445184347186d142c4f0765b6c2478405611b1785cbb1ce0c8,Panic Scream,train,GROUP-1e3cf9e3ce708a6670d48c318d6820a2ce388ae299bde1e3e649b21fac05af9a,,unverified_recording_hash_fallback
AUD-e2b8111e0eb2eb1a0d6adec918f8cfa09946440b0ca584ef8dc6e8895027455e,Panic Scream,validation,GROUP-05376b83e52277cfe9715844906304ebf7e5474b255106b59eaedf6deae94a63,,unverified_recording_hash_fallback
AUD-e38dc9014754de2f468e6028323688977fc097f606829b80aa7aaaa96f32e96e,Panic Scream,train,GROUP-8b409fecebbdc9a948d4d53c0fe23d4bfa7848140b94d55f9465b0cfc9b9c384,,unverified_recording_hash_fallback
AUD-e692b30e542e4c5370d4cb3c7441f78b355d1f68341e6c1249d962639ab2b08b,Panic Scream,train,GROUP-50c2dc5a45e653518be93bedd58d4f51057a3c7d1666b7cdfc083fd85460a188,,unverified_recording_hash_fallback
AUD-e77680fbc9375c8305fc99734c60c0beb666c9ae4394e28181579d951e76ac67,Panic Scream,validation,GROUP-ef3962259921e1c095f5282c98d2c124703fd0c6a648071bb82674bc96c6daac,,unverified_recording_hash_fallback
AUD-e9dd397cd1bbfa3d98f86c93227380dc7158b3e38555c3510f5c08949ae67027,Panic Scream,validation,GROUP-0a3d7d52739ccb00e6f166050c1cb64de495dd31b447a6ebf5c3fc4934fb8d77,,unverified_recording_hash_fallback
AUD-ea1e3439974adfbb32416bff3afc2b551b9ea5f45ab8a71ccc1dcabaf6a8683b,Panic Scream,train,GROUP-63ff1b76937e1e587d572038747e54ccb7de7c756e4f2b5f30e11a84b131fa1b,,unverified_recording_hash_fallback
AUD-ebc264b0cebaf1ccea30ee1330cf4ec9c3300417bf87e882ce60259cc75b33a6,Panic Scream,train,GROUP-8636f53996d2f6437114eab3f9fe1ff97aff0027baa17db303fc827b404db07c,,unverified_recording_hash_fallback
AUD-ebe037a9490011c4093ad813c95034f2e6a0892f4b324a221832be136e6c0a83,Panic Scream,validation,GROUP-439ee2115fddcc6e31b68ce30a7f0e2f4e0eb6c0c74acb1ee70fe1782101fe0d,,unverified_recording_hash_fallback
AUD-ec55e494a59ca96bd135903bbb9772dd51efb05e4e098032ba3bb7a5578a446c,Panic Scream,train,GROUP-b3c5e718447b3527d190462663447636349399708238bd48f1d7ce2363bf971d,,unverified_recording_hash_fallback
AUD-ed7dd94dabb3a8d28ad1c397db8217ef4021b4920e5793e2ad718548f50df321,Panic Scream,train,GROUP-178494677097e85c278aae88694a6c6d0617fc6944f98aae67c62cd1d25a90c8,,unverified_recording_hash_fallback
AUD-eea86a3ffb92964ab29afe82d51b11745d44d7221631aa23b35188d618e32b9d,Panic Scream,validation,GROUP-75e91c50fbb11e2c818b0cf64f6ff443667a00c59fc0bd3ae6eb9f092fd18e28,,unverified_recording_hash_fallback
AUD-eeedfb89f98acd0637aee4cf1b8f159032d3f86accbdecee63c52bbb61043ec5,Panic Scream,train,GROUP-7976773e34f52dec4d8982a15bcfb94e0c5b6c5bb12422c4cf228dba04e4a53e,,unverified_recording_hash_fallback
AUD-ef26c7b1cbf83ab4f82999bc607983d227d3c707d336ba9488bc0300d5e7f730,Panic Scream,train,GROUP-3deb0ee6f00cdb78dbf30437bd956d7469c8a77da7fb8981820d407d156d8212,,unverified_recording_hash_fallback
AUD-ef66c6adb1554887e1b2d29bfc9a8e15ce1c559dd418885b76724991f6c0ba24,Panic Scream,test,GROUP-19f4a67d9e127e8ee6cbf308a6a92eee84ae4dae71790b491a0b521ebcb813b1,,unverified_recording_hash_fallback
AUD-efb8eb62afd0fbe6f905d39bde0c33a3df27b9e9f5a6956698aa6ce6a167e2b4,Panic Scream,train,GROUP-20d7daf4559f81e38fc41f776b430ff8b32c54c5ace20e740d779e3a8bd50375,,unverified_recording_hash_fallback
AUD-f26315ebfce79d84b2cb5f6ac3f5debb12a52e46882f25182c5ceb2f6080c90b,Panic Scream,test,GROUP-e6f69eaedb4c4be290f2d21f6840b5860c7abca093d412b9222db03bb21d6185,,unverified_recording_hash_fallback
AUD-f47d876f1bd5ff22de3bc25ae76b15d3c51bb5fea37626300620110c9e8c6336,Panic Scream,train,GROUP-6b5449f1d1508ac246b7dd988d23664cf50c2b6c8a1c2e3bdcd0e2b1458588c4,,unverified_recording_hash_fallback
AUD-f503a4adc831cf04bf56aa590ca5e0f283df68f683e5c965c6cdd660fdc698e9,Panic Scream,train,GROUP-f037b33c1988d147022cf09b161c4a7023aa040d06cf632a041b22cf2c50bfdc,,unverified_recording_hash_fallback
AUD-f5bae67a2f9121e58f90141d5bf98dd610d2c64b5f9c95b59f02e1afb53e8f89,Panic Scream,train,GROUP-1cd26440eb875e603f2bf6b4459f937879c7b9a7da3cab5ed6bc1108debc13ef,,unverified_recording_hash_fallback
AUD-f75e56a3000a9a05d2bf0b06f62e4a19d39ef3d477535e514ddb820019eaf915,Panic Scream,train,GROUP-8aede6b52ae23f4cf88eff3c84b96ed42db26c2d7be92d65f12eb024f5eb8120,,unverified_recording_hash_fallback
AUD-f79af9420aa73aa6a157dff0763ae8381a91aae2c7688f53f60b8800cccae9e7,Panic Scream,validation,GROUP-4c4fcf522a56f8f3194d78a9af27df2d83fdae6dec80a8fc54d7bee80bc6e03d,,unverified_recording_hash_fallback
AUD-fa47c443aab07ff3be6b8213d60be4041b591df2d0aab2aca50532d09b1edf78,Panic Scream,test,GROUP-6d7c76253d6ec8a944f641adf6d710043f2a09c2d0d3eefb07c8e5328966db02,,unverified_recording_hash_fallback
AUD-fbb463166ebde1490bc7954704c0ecc9bc51c68ac5d97faaa7d3a2414da5239c,Panic Scream,train,GROUP-24622a071d569abd00e176e6fdd349f8c41296c25ee1c5bc662f5b39cb1d5da3,,unverified_recording_hash_fallback
AUD-fd9a0c122a09db8a67d38f0f44d0f770374eede9b12d11f697df318f27dd6921,Panic Scream,train,GROUP-956c844186c127956b8b02581cccb440b4e77f662204dc161c0ba2e24c5646e4,,unverified_recording_hash_fallback
AUD-0220a70b578bdf8b5d4b98eeefb4e5cee2b87ab9e52b1fc483967b3de0030655,Person Asking for Help,validation,GROUP-202cefbb0bcfc9eca91a193d0431c492899b1307ae73c21c1b0488f6ac78f989,,unverified_recording_hash_fallback
AUD-023a596363421b918db71ab9d27b4799f24245e875e6043a9434b035b8daa782,Person Asking for Help,train,GROUP-e889c536401f0397260166f27ffd14df41c541af4825930e11cf1c15324419f6,,unverified_recording_hash_fallback
AUD-031c4a8b2c49030d94eaa80729e453229469499c2e5918a489229587a6fa91f4,Person Asking for Help,train,GROUP-a0e486211d8166bd82559da7f1e216e7c2f4ef3b6ab3698648f6ccb06ae057bb,,unverified_recording_hash_fallback
AUD-03c1c886853ef918f5795b76dcf9d5c1d2f425fc0e3d69f907fe9e2240dcd97a,Person Asking for Help,train,GROUP-0971cb5d86a0689960641c6be109fd5210f5c0442b3d3023d6f10a81fd0b976c,,unverified_recording_hash_fallback
AUD-03ff3ebd54488063b546431e3e1650de726e8ebb593ed1b33dbd4ee1c4b585ec,Person Asking for Help,train,GROUP-f668608b9b8f7cb03d611d981c94da1460e8b42e0f359be74d26c106af5d59b7,,unverified_recording_hash_fallback
AUD-0491be9fcf7eb9fd20f320261c83744d54909897886b547ea4a5fe02966631f4,Person Asking for Help,train,GROUP-22b04214e8fd33a4f1b564f2a5f17b1c43bee384006b8b21d43f639dca03936e,,unverified_recording_hash_fallback
AUD-05fec8f7d7223b9e1ccef6aa6a29409b93910aec6e81b1c2613b90085f81aea1,Person Asking for Help,train,GROUP-034fea7645982e543c69b2ff8ec6f68c207716d794563602ce1c5dd81e4848e0,,unverified_recording_hash_fallback
AUD-064ed3b9c1aff8dd8d3033f98f66fe72edd10b1fecae6436b2fa5af1beb0d8e0,Person Asking for Help,train,GROUP-43199fbad190b2842ac27a295adaa2c2da831605f714928c96896dc08fb12049,,unverified_recording_hash_fallback
AUD-073b6fa4f809782609e6e12b545d7702ba62201a24c631cd65ff6491bad43f9a,Person Asking for Help,train,GROUP-81527b8b041fe3810fe999d2e869b5a17b467a49c62b0a7f026de0e946654bd7,,unverified_recording_hash_fallback
AUD-08ba90b0f92fac532f273d9601c92b8463cb27615cf552f74b714a8c795d22e4,Person Asking for Help,train,GROUP-caa4ca14a3f4ac321ee4fc360e26dc1fa6f37bc6f4100820a8ef80f866afe1a3,,unverified_recording_hash_fallback
AUD-0a526126790837ff5d331ed1c8dc1e2825c4db3a43878f8e241add303cb790aa,Person Asking for Help,train,GROUP-191a00c0d8cf444aa420a0571f6368bafaec52ff2b36cd4c684e8aba9c165a45,,unverified_recording_hash_fallback
AUD-0b8e73f9832b3e00a9c06f299e77085eedebae4f777178a900b9a11f6290fad7,Person Asking for Help,test,GROUP-0423ef56afcfb20fd425e67ed629251c2a7fab7fc34c86a9803f0b8b2a9f4363,,unverified_recording_hash_fallback
AUD-0bcc7142f1c4e01c58b8659e70079b682a9d5a5542868df1782baf2df0f718bd,Person Asking for Help,test,GROUP-337ee7fab1685eae700ba838646eab4319cf884b0881e9324496119a6e29d08f,,unverified_recording_hash_fallback
AUD-0cdd41136a0c709b87f47f68681184b8d6dc0ca7098b68983edbfd98c7ffe382,Person Asking for Help,train,GROUP-02a9d3bb2e53c22db0d9d36fb4354c6be45381ef3ef9a81804195da20f74de9e,,unverified_recording_hash_fallback
AUD-0e1addba4bec367eeab7a7af8d49310b1e1493b4c9ea8b218b697914a74a715f,Person Asking for Help,validation,GROUP-cd3c5d8287a07f3cc2b85e947d81d88ddc4178f4aed46a71426ac09586e316c2,,unverified_recording_hash_fallback
AUD-0e4e2e4ac48ea9eddf1dcd8c2884c93b026139c87e6ca057721e386994a0281b,Person Asking for Help,validation,GROUP-2bd591da8a1f60ae5ff04a0e3b195fe3dc1684eda39dabe35832cc1b4dc92bda,,unverified_recording_hash_fallback
AUD-0f8295a92477d975c8d5abb9e5f84c7d3ec8cfb002d386bddc72edbbe60efae9,Person Asking for Help,test,GROUP-f1b487dd9619d589b317d5ca1a9a18723651709226f57d8cae5478f6b030e983,,unverified_recording_hash_fallback
AUD-0fe9eb1d5d022c992ab39b85c2cf1915c12b2f96b4fe3652b52086eb4d33a155,Person Asking for Help,validation,GROUP-a692af6b6314d75cd2e77464d879ff0db1fe20f0de26df44ecd1746b939590df,,unverified_recording_hash_fallback
AUD-1004c79d35081ccd58fe79a03477a36683edbfaf551672a325adea6a81856845,Person Asking for Help,train,GROUP-feb63774ac51095e0c8bda9b77aa25ef6d6a785ff8a2b6f187394c0e0fdf3ede,,unverified_recording_hash_fallback
AUD-104c80a11f72bee6075a70d0a6a306c4f3292e4d678db3916f2b2bdb569e5ab5,Person Asking for Help,train,GROUP-fa29c46f744a6d9d08c4586b68c0e8b53d8f62d4bbec6159c4a226be865e317e,,unverified_recording_hash_fallback
AUD-10d9a8458b53720155d08276a984ac3da30d5685452c7cd9b6967e5a3e3026e1,Person Asking for Help,train,GROUP-dd54a2e9abcffa12850114aef4251f28bd9eef1ca951129228599bee1c54ae9a,,unverified_recording_hash_fallback
AUD-10dba4a20eb468508d5368d1434a6e351c270fc09b61753714febf3bc2649f30,Person Asking for Help,train,GROUP-808276384f3dd53e284cbe376b83c10334447a8d5a1350664410df9ae682689e,,unverified_recording_hash_fallback
AUD-11018321603139bbe6aca2dbf63d04a61bf25bceaa28a5a1121634c17ee29330,Person Asking for Help,train,GROUP-25ba8f2dcd271ebce9b317dfc5e351feb0c574d9545d4340c420eaac0cb90052,,unverified_recording_hash_fallback
AUD-14c506dc25e537d391aa53fe60a5819b4570f204a7ebe47c999e7fa4979a92a2,Person Asking for Help,train,GROUP-06598cf9a7752f0ad38e861c0b658bc5ac791957c7932d0e7e28cf1f8599452c,,unverified_recording_hash_fallback
AUD-14dacdb5e5eb0409c6632a8c693e3afa50283f27ddc4c105a0e353e6f844f159,Person Asking for Help,validation,GROUP-f5660acabaea44bfb136fb9eaac7482b9e026e8c4d1a5ff5c967a58065b979d1,,unverified_recording_hash_fallback
AUD-14f289ca0dc68407248b0e9681fd19209330c240f03fc1e65505dd2ef0b41417,Person Asking for Help,train,GROUP-47a2fdec24ea6bb56426fb80b51c08f328702c23f012888c99710f68196a7329,,unverified_recording_hash_fallback
AUD-151da16951af7d0878bacaa1abf432e0834531adf97d19fd96648d6c13a8d925,Person Asking for Help,train,GROUP-c8b0a30dddce3cbe6e7fb0337a301f03e25e6ef95af8b648522f2ad228aee4a4,,unverified_recording_hash_fallback
AUD-15bbc22024a8ab8743233e114538816d0ea47854f216a4dfd18050e08fd62d5e,Person Asking for Help,train,GROUP-0b6926b2a30af13365d76e8f7e65440e51b9ad603d0af6e3199e11b44faa84ad,,unverified_recording_hash_fallback
AUD-1802c0996b3a17debb374acc0d3819b66d54aac1fa63b861ea47d723a9980a70,Person Asking for Help,train,GROUP-55ea9aaa521821ca2cb4393e0e93e67e3a20a3065be0e58d4709aa0d53937259,,unverified_recording_hash_fallback
AUD-185abf6534012404c3d6a10bdf79f6076555236b19be9b168d56eedb50a1abb7,Person Asking for Help,validation,GROUP-bf39f747f3debf37954094909acf6d7c79f07d51f4af9e079bdf246e81a1eb96,,unverified_recording_hash_fallback
AUD-187761ae817f2f750f6ebde39c7edbca2a58393c2fc2082dff0c306be06dcbb0,Person Asking for Help,validation,GROUP-aea4de5c92e5ae6e150b72b3fdcac695d95b9ca1aaf402037e3a3582de46bfa0,,unverified_recording_hash_fallback
AUD-18da0eff8f5869004768756d37de60bb1a8c1a49d37c2a461f062ebc1f2f8caf,Person Asking for Help,train,GROUP-c69dc078b8f7edbecbfdc8073b1cbbec8c4a29f3c7dbbbab3b3e6b706f7e838f,,unverified_recording_hash_fallback
AUD-19a6b064b458cf578066eb7ae1abd827cc4089d33052cac76a417fd74040db91,Person Asking for Help,train,GROUP-752118bfd260eedd7b9def1532a61d8cb499fd7e8cfdbca4261b898c27d06666,,unverified_recording_hash_fallback
AUD-1a6e064446f822307ff9e08dad570d4b0f75b4d53a7e096eefee03f94a358695,Person Asking for Help,test,GROUP-ee736501ff391236e8c24f71f0fa515cacebbbb10ab68d0325f6518f554612a9,,unverified_recording_hash_fallback
AUD-1a982c3badf3371319c266cd8ca3ad9055552b88e4e7f6b5a055e64d6d0a15fc,Person Asking for Help,train,GROUP-eddb0c33f8c8725bcf305353731670cbc8476b7bae4da1795af9060268567fc9,,unverified_recording_hash_fallback
AUD-1af94188a4f4cec820ec7cc14dfe40eaa2dd5cb34d98442060a256652ae05070,Person Asking for Help,validation,GROUP-bab689975cc810d30934356a2d7929015ebc4bdfcf7586d7d273b06db3fa42ae,,unverified_recording_hash_fallback
AUD-1afc9acb3efb80a6d4c06f3bb9e301ec61c52719d822c82c942e773928fab4cd,Person Asking for Help,train,GROUP-f04b594abe15a86cd33410ea044d17e76fb683ad1696ccdc531d58e8604d0865,,unverified_recording_hash_fallback
AUD-1b282cb562cf2a8060b9a608a88cd82f381a06217d1e7bcaf1b89d889927d236,Person Asking for Help,train,GROUP-8e618676c22eaa9c29253335b5bd193ea885e451573a95bf43bc344f7dd6afae,,unverified_recording_hash_fallback
AUD-1bb2ed80211db0dc84ae1d1e64e33632f9c29f0f7edf8b40d835d75458a542f4,Person Asking for Help,test,GROUP-34b63fd64cc63d4cb74dacd30e2c442b2e4dc08e0bc27c99d806947054324656,,unverified_recording_hash_fallback
AUD-1c7ab7a6ba8bcd26ed02377cd749c63d921ff821fdbfa6ef5c5e3115a1925589,Person Asking for Help,validation,GROUP-c34c6b06aa914b4797782ddd8a1b03486eb6d1cba7c69110c2ed029c77479255,,unverified_recording_hash_fallback
AUD-1cabc965cd49b3020c484c820b4e83b33c6716e96ad487dab3ce32b816447199,Person Asking for Help,train,GROUP-194598c18400981707e13a5a7850eac45d63c20056afcc7b778a15794b6df38e,,unverified_recording_hash_fallback
AUD-1dbf3595fe3342dabd4ccbc2dcf22f735541cd0a7034fe36f4a1dcccfbe94acb,Person Asking for Help,train,GROUP-2f96a241e31673b1ff56e017fa56671c7feed18341ab61a2ca07ee14fc90690c,,unverified_recording_hash_fallback
AUD-1ed75b80c196734d60284397eb1af3882359a7d5376d097f186f8f9ef55e2685,Person Asking for Help,test,GROUP-6bef8f8ef870c2059c357579e6985755c3fc0b683af779ee76ad6ee40688ce8c,,unverified_recording_hash_fallback
AUD-1efe9772bfeee4b5f0fdfe3f0f32e2429b9062fbfb3d0406b00d50357e2c515f,Person Asking for Help,validation,GROUP-a26324ac064a6280db5a340f5511f02f9971c7399346e307b6aecb60ea1fb078,,unverified_recording_hash_fallback
AUD-20146652ba52909e04acb64bedcabea49922c8d5ae47151bd09bf1dbfa6d64a9,Person Asking for Help,train,GROUP-e93a4feccad3fd43739a09ecb895f58c72715ce8e2ddf6927095bb667181e737,,unverified_recording_hash_fallback
AUD-20a25f216233baa04570abfb5c7a8622cf4563eaf375712a586a581873db46c5,Person Asking for Help,validation,GROUP-40a013d934b620cca0093e5af4f2d9e8302985d676f970068c6c252e814afb93,,unverified_recording_hash_fallback
AUD-20af514986962611b9c663afad47fd2dabcb055a9c39aa5dfb9e7c1f3d44a0c4,Person Asking for Help,train,GROUP-2f3540b4f9c55766ceb3257c47f4e19b8e5f45bb6c14d43787ded31d2494843d,,unverified_recording_hash_fallback
AUD-22cf63f5a83e8904b41f4ddce952e09c848e8d474f4729513b3d514da58dd321,Person Asking for Help,train,GROUP-bbf06919e86f47fb8d47666b3b73d39b9e2052fc120a248934b804814f4c9049,,unverified_recording_hash_fallback
AUD-23470f57d09bf48446a58abe64f87c0e5297e5cf1b8444ff376db1d4c89549f5,Person Asking for Help,test,GROUP-6baf98f4a3193fd9f4939237860b4ce520a89c2e83d75eff3f4db7457e302b1e,,unverified_recording_hash_fallback
AUD-2537a97d71ea9a1f476d411fc8a7b65fa6335ebb6e96a5c7b3ce1853974166e9,Person Asking for Help,train,GROUP-1bdc9cc734ac6dd0a51d9c2ea7f760333147d1c3fb35f1e87ebb9d93e242e9e5,,unverified_recording_hash_fallback
AUD-2710e1548229915796e9a10093d56e57cc8bc933aa99d80c4fbf22a164a61549,Person Asking for Help,train,GROUP-0425e1a1350589792ff44e8e3047d16437444438121d586a7364b8ef915b8e6b,,unverified_recording_hash_fallback
AUD-277478b09728afef072d25ed858bc8a4ccb6f7e3e4c1396fa3864e9e3c68734d,Person Asking for Help,test,GROUP-4624ab7fecaa413fa9cfd937a1eeb61021610f3539d81c600c0abd6660935888,,unverified_recording_hash_fallback
AUD-27a1d4a2e9aee05ccebc73bce48f94867b9decf1c7659f6fe86fce2a816c4e6c,Person Asking for Help,train,GROUP-7f04f7f7ea8f6f3d2c670e29faff5ec193cd9470f2c9365327a63a2231e31e8c,,unverified_recording_hash_fallback
AUD-2918204d726ce55c69664339524c2a0cfdc37aa4c86d5535d4891ff0f9840b88,Person Asking for Help,train,GROUP-5986532eca74118828f7d486631d2dd12d3bdad8ba9ffaccbed8424a80de5ef9,,unverified_recording_hash_fallback
AUD-297b52729bd6dabae83c4e91cb1ae7594078db4ae00cee60a117780a1c07b62c,Person Asking for Help,train,GROUP-0b0a3407d1f8cba5bc5d5115c8321b3eada89a12fdbf2bdc42700347ab06d646,,unverified_recording_hash_fallback
AUD-2ac441d28dcd766d83e73e642e8119c8067e4d4ceecab502bd9ddb3e78c37b5e,Person Asking for Help,train,GROUP-b1fc0649ff5324caa3940b46e9561d135d6375aa52dbfd32bb8f457df9f6734d,,unverified_recording_hash_fallback
AUD-2bed94c1dce313e39cc6d1385e7dd9c50a820e127ca995d2739a642696fbff9f,Person Asking for Help,train,GROUP-153242c2a7fc5cc37086c6f8822fb36c7b80fc7cecc4d0b0627f5a4c5cc32a28,,unverified_recording_hash_fallback
AUD-2e4b4b932c48079f032dd12074659c3ff37358ff83fa3b594f8e3214aa475b34,Person Asking for Help,test,GROUP-050aab281ce304f35fedceb8660d093aaf51eabac5055ddc96b9662ec0318307,,unverified_recording_hash_fallback
AUD-317e9a6cb21722d3956616cb956446acd2bb4d480f2f45440581ff8a9624fb86,Person Asking for Help,test,GROUP-4a3b83c11acde80c38185452767887228e0ad8dbeeaea02af9074bf37ac47330,,unverified_recording_hash_fallback
AUD-3415599b0f8b8ab34ef0d3622e7ce7953fd566a63c8aa1893a6f2580019d2647,Person Asking for Help,validation,GROUP-4b553e1410edc7714bcf51ec3c16b3ba800c4df8676ebd5937d741b1a6ca40a0,,unverified_recording_hash_fallback
AUD-353794919f1f88cf1138e91688f27ee20793b204df770d401c1bc99e837a2f62,Person Asking for Help,train,GROUP-b91ebb54328f638128ee9911726abd2e26ae8cc806df436b92fda6c37291b4c4,,unverified_recording_hash_fallback
AUD-35a14a3603cd9fffd519e1e007cb36834561a4235c5dedaf7929eee2342ce6d4,Person Asking for Help,train,GROUP-81b53622d079187867a4199d8e509423dbd45b0184c465e21e106522592fbae8,,unverified_recording_hash_fallback
AUD-35b7a5561da18885be09336ebd7a34dc2f985bc82f9a41a637ac25df93679159,Person Asking for Help,train,GROUP-54ce1e3d2286cfb7bfcbdc588687a659ef5350cf44f6adbbea8c9ffeb973fb03,,unverified_recording_hash_fallback
AUD-36679903403ba15472cc753870a249313c674f75d03c9917b2fa705b2b1fb0f7,Person Asking for Help,train,GROUP-1a52f0a2f19020a69eb3154d4e92612c09b9337d68b16e102d44419a25b10dc4,,unverified_recording_hash_fallback
AUD-36f0120bd666765eef44b1ab2eede0df8e5381f39c6782b9f8ca871e136c1d9d,Person Asking for Help,train,GROUP-6fcc8d579e4f8eb7b50338778c813c4c7025fee437f567365900c892b7e811fd,,unverified_recording_hash_fallback
AUD-3a25f9c17ffc4d222ff0b44e4e47ecb7a042fa3c43b135a746ef91b068217a8e,Person Asking for Help,train,GROUP-4cc0bc2d26a7cd2c9f25d6770562968d4ae8db4679f8d6813c766a3e41cbf318,,unverified_recording_hash_fallback
AUD-3c6bf3a224f5b53be14f8b3e1c71df14aa49214d62bdbdc985392ad9c433c386,Person Asking for Help,train,GROUP-bf99aee722239116a733e9baa9ff21963d781f3e0f6b646c46c69d9a76123bb7,,unverified_recording_hash_fallback
AUD-3df3996d1375b79a2ea00e9294d4e73be4431a7b5279bbc76d1f7e55582e0ed1,Person Asking for Help,train,GROUP-68add70c380166176942a1cc6581c5d58f321928c1ec8b664c2c3c8ea9c41482,,unverified_recording_hash_fallback
AUD-3e308e418b41c90d9dafb6c839b893b973bd9d4bc60794957c30ad2e4754f842,Person Asking for Help,train,GROUP-081814fe88ac88a8c50e624e4455d1c122c37bba73dc549b84d528476c0fcd33,,unverified_recording_hash_fallback
AUD-3e3f5c18db6b46c53880be5bd8e9950c6c025c3dff35453a7bbfcc0acf63ef43,Person Asking for Help,test,GROUP-5fe2320b1f833dcfbda1ba04fc385909ca9e28780b18a169d4b24099ba6c6977,,unverified_recording_hash_fallback
AUD-3e8fd679e7950423b9629c5bd609e3dd134f0768329c19b57ac9a7501d503e21,Person Asking for Help,train,GROUP-f2336418e856bece5723ca6e6e48039e667b3774cf09b4778193399cec0f4dfb,,unverified_recording_hash_fallback
AUD-3e924e86d1d299fec071bbcdaa3092f21bfd9ed2c11ad2b4a38fea75b130ad06,Person Asking for Help,train,GROUP-f0d20ed092f05736645617544573a5e96c67cb95e17f507f3ab9e07f70e4d6b9,,unverified_recording_hash_fallback
AUD-3f0ca1dfcc7ca5f4ec2adb5a95eb11cd65fbd3bbf28402873dd8a8348c195333,Person Asking for Help,train,GROUP-600ccc3a5f54706a075f0887c90e3a343e3c64b4466b94c2b38b2ca9713f7ae4,,unverified_recording_hash_fallback
AUD-3f437a76fc38be5ea2cc90eb55283cccbba1273302b4d9b14a0968044c8e0720,Person Asking for Help,train,GROUP-6a34654fc65383765789dc67e938c22d2b27947074fee5f8a52e8de5391e3fe6,,unverified_recording_hash_fallback
AUD-3f792b0474dad676aca805f07186dd5b8a37d3d843e9912d4c602c269d9aec31,Person Asking for Help,train,GROUP-47f3936a403f4f74f5e29205e78a4faca34d2b08d91f3580e90fc0ee3862c598,,unverified_recording_hash_fallback
AUD-3fc51fdfd3ac004816141b130b16fac9af4999054f77d45cf8e43716ed926b62,Person Asking for Help,train,GROUP-98cca8254f3e2d1fa76d3f920330ea7c4f5deec587030fa950706bb4f68c1a13,,unverified_recording_hash_fallback
AUD-4104ebf7154e1d56b9e196a3b1be921992cef2447c3ecba3c4b85d64e82ff88c,Person Asking for Help,train,GROUP-28614881c6e10c6d5af0156a653a753f77a27e2cb99aee37e51af5b6d820602d,,unverified_recording_hash_fallback
AUD-4183e32559d43d8135f8e9d4866eafc4891a9092e8716b2c7097a2206a6489f5,Person Asking for Help,train,GROUP-abcbad092b0586f22dac4423a113a28d5e0955078b1da7768d4f1795adac9d54,,unverified_recording_hash_fallback
AUD-42b7243dcf18b0a17655b808fbe19fca0b7e98c238995463f59836939ce32559,Person Asking for Help,train,GROUP-10db27578233524addfb37a8438253bd478b3406f740c76d2f0aa43ed9737c6f,,unverified_recording_hash_fallback
AUD-4394325364e31d7ab13ce31d21903cd2b12f7c250676fc34ab6306f1dfb525ea,Person Asking for Help,train,GROUP-76f667b3494114bfab1755ccdd2482da3830d55549189001a518718ab7d8ad35,,unverified_recording_hash_fallback
AUD-4769ada4428a0da3bc21b70aded882ec87c38088baa48c0642f209fa19a8baea,Person Asking for Help,train,GROUP-39a707982eb8bb5970790aca2666af1814c3bced3e22b9e32c810f9dc6cf4123,,unverified_recording_hash_fallback
AUD-496ce52ce23f9279e36de17f5a2d656bcc515794c6c3b695c63d1dd6bf0f8c9e,Person Asking for Help,train,GROUP-9c4b3aa9091f41d038aae9b2f029c9faca003be448edbd83f83c5250ff935508,,unverified_recording_hash_fallback
AUD-498460497de2faa0b3fad45eeb35734869ec08120b8271a0c38c4b4f4d9cbd7b,Person Asking for Help,train,GROUP-ed437de46ff2bf366ef25596f6ce08fcce4218b3e407eaec750101291ea9b89f,,unverified_recording_hash_fallback
AUD-49d354018600ff21b6d293410b6779c8bfb1c3d2fa0210931b9fc83bc62a5212,Person Asking for Help,train,GROUP-857e52856e886f879af7ae49d264583ea3e00e79484ee0477dc2d77761da243a,,unverified_recording_hash_fallback
AUD-4ac132b1581440217757f7f1220cab9fe2df9369f047481a86d722feb3e892f4,Person Asking for Help,train,GROUP-5c13009f9e813b14f4dd98a2ab608a6a967c253c8e5a4ccf06c1429f39fffea9,,unverified_recording_hash_fallback
AUD-4ac3a45da25f2617a9c395e9de87496784abb67888a681c1bd71d91d8e411950,Person Asking for Help,train,GROUP-ced6864b54a980b9b2ad5daface9c840cfb34da67082e45d452776d3ccdcb9ec,,unverified_recording_hash_fallback
AUD-4b8bb53c54ce94b204b91e3bb91f1e92f3662c68df0ac9121f7e31b388fd6f60,Person Asking for Help,train,GROUP-1647e8bd26058515425a79416ec60c031e561a5a71f3694e45063a6fa3f100a7,,unverified_recording_hash_fallback
AUD-4cb0410bc382ae9bd25e7586d63a7819f9591fb26167ac47d9bed827f25ee63b,Person Asking for Help,train,GROUP-68f48a3ab6a44ebf39974b937d9bcdf4579ef93651edd1f8c0485f5f89db142b,,unverified_recording_hash_fallback
AUD-4cddfe9160e1df1d29bf9fdb67200e9e6357b5f9aa0452c5798c6dfeea6855ac,Person Asking for Help,train,GROUP-6d9fc1d913b47b56600f1bd99d8c3f62b243b703cce28e351eb9693396fbd59c,,unverified_recording_hash_fallback
AUD-4cf73df942b1d75ba59dd50afc7d9ab311c99e561f0c605e26f61975b821b640,Person Asking for Help,validation,GROUP-e84a73c5e359ef60573b3ccde72da55d599e527b00982c02ab146ebeef447dbd,,unverified_recording_hash_fallback
AUD-4eb89fd666100f44b19038834605fe2ce45bdbe5fd12cd6f50d82e3f17d72615,Person Asking for Help,train,GROUP-64b3fbdd93ed5cedc790b73942029e06f66100361893fe76860d316c6a9640d0,,unverified_recording_hash_fallback
AUD-4f38c1a5a4f5be41ebd501c72cb47c604f40d207ad2259c885a12eb3a9a1dd2e,Person Asking for Help,validation,GROUP-8319b60bf2aff6bd4ccb7319e0ae885524bf5b508d66b614b1349fdbd3e0a79f,,unverified_recording_hash_fallback
AUD-522c2e42efbe5b9619522acfa79cbf74101b42babec10728c225a443fe47965d,Person Asking for Help,train,GROUP-0724d14da700eef11a797e31c4006b527c07c86fc59a4d0c58661b4b699a763b,,unverified_recording_hash_fallback
AUD-529464b2077d737fca7c845973570adea2a0acb04ca531a95d2a03ac6828a486,Person Asking for Help,train,GROUP-86f5a7a8ad44602950b6ee6debf4d8073a17f794bb90a0fbd04df97b32a4d6d3,,unverified_recording_hash_fallback
AUD-5298d9e9bad510987ec0a05cce08912b9066390474adf823f3f8d08fb7cbd873,Person Asking for Help,train,GROUP-d7399d273e47efc86cda3bffd827757753143a34144031afef5624477d2f2246,,unverified_recording_hash_fallback
AUD-52a7fccfcb52d19858b7865b66c5fca78eabbfe45afc21cbf1ca57845ff76338,Person Asking for Help,train,GROUP-ccf4e38f262efe9b15f0f2242c2a1911c36b3aecf92d9b08e0b9bf2f2db12bbe,,unverified_recording_hash_fallback
AUD-535b4db8fd66ffc4d2cb8118e764561ceafae1d67547abfbcd3356d524d89eb3,Person Asking for Help,train,GROUP-12de9d4f9b491c484eb5797a8bf93e413485c788fac82ba18caaca56fb36ac91,,unverified_recording_hash_fallback
AUD-53858ccab6c799541c9dc73c23ca49f9bd9c4f47827340551847d587cca8623c,Person Asking for Help,train,GROUP-5b0b27364f6c5bd4f8a528f8239565f16977ed16d207342ab13311b29194281a,,unverified_recording_hash_fallback
AUD-540cc0aff4e15d375928b128a9c6b7eb2f3daea3b79fd590a36e0100a58eaa25,Person Asking for Help,train,GROUP-f8bbeb5e1797c2be32e62eb54c3036b67669e63b5954cd87e3086419c992ad50,,unverified_recording_hash_fallback
AUD-54939812b7d082171726b96cadb2b12a0e77a3e5a56e0f06c5270fee771fb8e2,Person Asking for Help,validation,GROUP-6936a13fda6f030a5b8b323ad2329318a4036d860223575b237310904c71ab24,,unverified_recording_hash_fallback
AUD-54d3a99dbb27075b6457a8083b7b0551f9233d8ab5f02334634e71bddbd4fa2b,Person Asking for Help,train,GROUP-1826c1b5e2037aab2333ed3598c8fafe38e8a1b7f66e8bdc2399e88de8ab8cae,,unverified_recording_hash_fallback
AUD-556e23da88615c20749edea73b7778ed80d57180b6f62954e624d8bf1157f646,Person Asking for Help,test,GROUP-e3d2997a0339f585e3d9a0862b50beca835d4e43e398ab2d8665175c8332d0db,,unverified_recording_hash_fallback
AUD-56058e3d5a61795a56104a55980398d99e242139824c987efe138de832609538,Person Asking for Help,train,GROUP-779aab051559c730cf79ef6f32f1e9e84d5ae3664dd8ca9534b3a55bf27d76b8,,unverified_recording_hash_fallback
AUD-56a297fb4f812fff904a29a4bea11355e926b5fcde34ffa65ad4db212afa2212,Person Asking for Help,validation,GROUP-f43c5aadba84d22696a260bfa56aff4fbc46f602dc7bba28dee62a885d2349ee,,unverified_recording_hash_fallback
AUD-57af71df08467c0dd1183268c530d1b3789e1c6f216eb0eda31391b5bcd6609c,Person Asking for Help,train,GROUP-18f7a8c21e60936e107c8a2d94e162bea32cd765d8ebfc3c826202262c18e72e,,unverified_recording_hash_fallback
AUD-59723e5f85343511811c6c8d821030e9ecb647361ff1817b32fe32e68916dcb3,Person Asking for Help,train,GROUP-1652b04190849cf297efd8082f1b808eda4621e8323311ac2a0fe9827802e523,,unverified_recording_hash_fallback
AUD-59b62f4eeb22fd932baab60f18e8eedf9a8ac95d70e80f848ffe71cef3f07c4c,Person Asking for Help,train,GROUP-b065db2a361a2a98e1fb16f743daa9e2c6a9bf23122cbe3b30292a2ab5c3a7fb,,unverified_recording_hash_fallback
AUD-5a9684f2d1bc6003304a117c546c431053482daa1fc3e17f12862c906e3d7cad,Person Asking for Help,train,GROUP-5807ae3d33f74ee0737a3467c526c2bd348d773a3c07692dbd1f132fe580d0ae,,unverified_recording_hash_fallback
AUD-5afc7e04bb4185ae14a2c96cbc478317d10a041918d7f2c1024b6513e4f061ab,Person Asking for Help,train,GROUP-1dcd6a1f962a8bf96f326d96443ee8ca12ddd3adbbec83aa4acbc7cb6d9750d4,,unverified_recording_hash_fallback
AUD-5bb7dc61b37cb33e4a1cd456b453f2dde5801139297d4aaab033dd60cd318ea7,Person Asking for Help,train,GROUP-4dc46f7740db22138fc186ff2ef94fab858a362b6312708083989df8e7e9e26e,,unverified_recording_hash_fallback
AUD-5d5a997813af38c42724ce7518401bacdb7ddc6f896a193c1566cc14a763a0b0,Person Asking for Help,train,GROUP-88ffbe03f50ea179016efa03425a3ee34a4a273d925e5585c6cf91d51abfcf29,,unverified_recording_hash_fallback
AUD-5e18b412fef8abfe97ee307046ea0b5e4b83e1248356394f7330d582c686715a,Person Asking for Help,test,GROUP-3bf6d1a6f636a1a4edbb944959164ea7a16623496860ca27ce2befb30f643351,,unverified_recording_hash_fallback
AUD-5fa9c37f09af5f8061853f0305ad1d789ba8edda787376b3a8196eafcb0b0d9b,Person Asking for Help,train,GROUP-4a71639d1a2d1995c4fd0f5e8ad3501cdc3cdf7644bd14446083d1508f356fd1,,unverified_recording_hash_fallback
AUD-604e973c5dd05a884b5048062037d6851070c48545808f0cc00973624a77e9db,Person Asking for Help,train,GROUP-ab1245032d94b9fc0b7d45750a3d176da51ec6530d491c6279e47cdef4af38c8,,unverified_recording_hash_fallback
AUD-6128e0dd65b6152d6865c81b12c59756555b37024adc2fafa2371b51fecc678b,Person Asking for Help,train,GROUP-0ecd3cec2452e06c5e6feceaf665586e29fa98910598e22b369cfccff9f1d5d1,,unverified_recording_hash_fallback
AUD-612f4523198ba1cc34cdcf4cbcfb0cf79445353b10bc8d7ca0198a3c9a480779,Person Asking for Help,train,GROUP-fa8c6e95203e6e3cf5652f5bfee38064adb41161d4917427618d071bf59fdb46,,unverified_recording_hash_fallback
AUD-6161a00a696758fc7f9aa1542df84c9062a20508947e980a66d123f9fc2da8b7,Person Asking for Help,validation,GROUP-6f173ee2b45a27284632bb0e1d1131791c97a3aa2b3139c373471264293ab2e2,,unverified_recording_hash_fallback
AUD-61a92c49cbee15381190330e60e1b3aa253c6e97b0b547e3b4e9213a98c5ae66,Person Asking for Help,test,GROUP-1d54949c36d786b01759c8ea6adc75e262db95cc4c23cc5656b28a8d91dfd7ef,,unverified_recording_hash_fallback
AUD-623b90de0e414edd0177293b7dcca23a288889ae1e7bd81cf4f4a38102b288fe,Person Asking for Help,train,GROUP-b824b0bc68e285b710482249f8fca9528150a450edee6d1269029b9345a8fa41,,unverified_recording_hash_fallback
AUD-62a7eb48a7c9e84230792943f3529107a30337b4e17d0ee502adc88665e0e69a,Person Asking for Help,train,GROUP-38488a0e779945ae6b09aae8cb0e299acb3e7724ecc16abd77e16c1d7ac54c30,,unverified_recording_hash_fallback
AUD-63bb2dbc321b7351d424046e1cef9b2b5d9c73c2d85e7fe005f6b21b7bfa65dd,Person Asking for Help,test,GROUP-17c18916e8ede953cd768f94e31a5718c1dfbf93844b060705ccf19e3ad34c83,,unverified_recording_hash_fallback
AUD-63cb8c84d64dad7d1c13607b89e9d9018704a6cf4ac667ce253dd95fe460b726,Person Asking for Help,train,GROUP-85510ee61c26ef608e32bb885395fdd8b8ea89dd02bdca08671df786cb4fe76a,,unverified_recording_hash_fallback
AUD-6497724482aa2f1e893e5a27e9ccfecb2092d6f0877652badc7ef92021497407,Person Asking for Help,test,GROUP-968f78184a4a32148b1f53d2940ec9e84325a87b05a896056477fe90182a3baf,,unverified_recording_hash_fallback
AUD-64a0990cfc37a913907211fa1dff916a3e2ee39d57e2273f267f01f47a8b05c7,Person Asking for Help,train,GROUP-f4aebe9c3ec9d5b51372fb766c97595f46f7565906e0372858037ab1df62d52c,,unverified_recording_hash_fallback
AUD-64ffc3384a610797d68d479bf101a5c7f30d899d6c27a0eeae6dc38c29320b63,Person Asking for Help,train,GROUP-07dd1d1af1363af9edda81e140bc8c807c66daa06b6ffe985df30a3902f8d132,,unverified_recording_hash_fallback
AUD-65543cd6942ea3475c0cf53a61a3332e1dd8547cacc5407d86d8a071a3fd6430,Person Asking for Help,test,GROUP-47950cf23f089029eb1ba0739096ec3e82640aa90602b1b118ee7c7f77f9f4e3,,unverified_recording_hash_fallback
AUD-6569a4635aceeace08f3c1b1c93f6dcb4ea24438c29292e081de11eefb8f3481,Person Asking for Help,train,GROUP-cfd788beb030c59b9e7729879dfd99e64dd990bbb64e13e54594afc151eeadb0,,unverified_recording_hash_fallback
AUD-663644152f43ed6e50cd6dd4c1346c7335a89d9d02c574e80695ea73cecfa2e8,Person Asking for Help,train,GROUP-9739dfafd314fb821f4febdb5a45b8cc621040cb91cc2694231af85916437018,,unverified_recording_hash_fallback
AUD-674a5d3327f341bfea8db1d3b5074f11f68054e53ba09d494f7eb008eb4c0e82,Person Asking for Help,test,GROUP-6d1eb60482b77e8262ea36982e0b9a066dbaba644451779099f8cb33f0e44bc1,,unverified_recording_hash_fallback
AUD-686c8715f743c920be5b945a54c626a64a263be2718f515ae79365af2d4bb11c,Person Asking for Help,train,GROUP-0fe802f7e5336f308f6f08e8a5ddef80d14a024148048bcf8b6b088b529bb53c,,unverified_recording_hash_fallback
AUD-68e3d4b1a53055ba430eb7ee36d62a0818ffa8bb71dcba3a9300b11c9dba19e6,Person Asking for Help,train,GROUP-390a94de5d00899edfdab6b449cbdf00d894e156239004825dd77311520e8520,,unverified_recording_hash_fallback
AUD-6a1f5448030fc8d764f2dba2f45afd63de856f67e25a57449cabf52b80fe37d6,Person Asking for Help,train,GROUP-219f44f28135ddfbe5f79efaef50be3750bbef25b1b75b391eda26855837664c,,unverified_recording_hash_fallback
AUD-6b6d86384792a22661f89d7ad53d49b458c10f03276866ee260e8e9a562b3657,Person Asking for Help,train,GROUP-ea0cf325b1f5500d3c3bf04b7d3f6b05d46873c5c854300ce3727f75c0bdabea,,unverified_recording_hash_fallback
AUD-6c4f684f33cf575aaab143c3993211959f1548206135c5e2ec0a57b59812584b,Person Asking for Help,validation,GROUP-8b79120b20818383df11590ae9eec2e9772945c0933ee8d350b683dc4054fe22,,unverified_recording_hash_fallback
AUD-6cb19efdae1bb3955c8e2f68dcdf5f216c4b7ac12aa1c71a4dd53ea7b80b345d,Person Asking for Help,train,GROUP-eb0d74b9d1c13a9337db7d1954f735165e971ae78edc7996134950c416898a50,,unverified_recording_hash_fallback
AUD-6cd93c6f87f04d5e3bed94537784bf9adec78e20b56e2e6f0dc21fcb8149bbda,Person Asking for Help,test,GROUP-0e485993d80a8ad55087e25dd60cd3a4662499d1809ab3d4fca755fb59f3228e,,unverified_recording_hash_fallback
AUD-6d62a6b169784b22aeb2bc97bc80f792428c3be524e5d4da9cb6132708ff1705,Person Asking for Help,test,GROUP-7e488c9863353b4d4b3271c7f67dbd667ac9e29e2b63870cc11a6a3bdef07493,,unverified_recording_hash_fallback
AUD-6dc9ddfb0da4e6dfe9667db7947ced29de178ed7de15a5dec2473f9184fd7162,Person Asking for Help,train,GROUP-50849a705ecf4d6a569e1905d44125761df9285ee958bdeab57dd6b86c3f3b30,,unverified_recording_hash_fallback
AUD-6e1bd8739a2c832983f6b86f1a6bd59523c2119c884bc73f9f4b4cc3c48c2407,Person Asking for Help,train,GROUP-35329f555d165a67b6c813d3257c7a0034506da758645fb406e357aa216ed7a0,,unverified_recording_hash_fallback
AUD-6e76d14045e876ea50d6ea1c36ab473829f6f7bf0036693027f779b739978613,Person Asking for Help,test,GROUP-de81406f660f98a8ad5f2a823e90261d2ef23094b411461b0b3c04b961511ddf,,unverified_recording_hash_fallback
AUD-6ecae6cbc9ebc74570eb3917ada6f0a55fa02d44bdf9880ab60a5d69b4c341d0,Person Asking for Help,test,GROUP-4508139795e369bcf3217d5c558ef29824b9307d7634029a80eff87c608ee578,,unverified_recording_hash_fallback
AUD-6f16296a19c1b13493a34c277aa687ebff1edc80ab9ba56ba045f57d86e85257,Person Asking for Help,train,GROUP-fa477ffe8ebfd36b8d0a058e6a6ba7e35cef7a5ed51e0d3271d51971bc313ae3,,unverified_recording_hash_fallback
AUD-6f90ec7d32286b315a2cce26b344b5b719d07097db53f62693bfdb15af9a4652,Person Asking for Help,train,GROUP-8d9f12afd76cd624ef26bbd8416168d06c5fa2714edec1c9a554136aa92b88dd,,unverified_recording_hash_fallback
AUD-6fcf513ddea073e071de8c7fd3e6ec93b1ba65126874c50d7fad0d384f08bc25,Person Asking for Help,train,GROUP-0cdae8ffb7dc2f864064949481ee66398a6f69ce260b81a169b65a6ddf884e1d,,unverified_recording_hash_fallback
AUD-6ff5a28288c3f8fc352479c5709ba832fb08af31a883a8180ec46e153a37461c,Person Asking for Help,validation,GROUP-545d4f4256cc978f16322f966ff4e6a8a78e23b40c9eb8c030bbcea58bc6be79,,unverified_recording_hash_fallback
AUD-70bfa649f1446048f09217bfa497d8b4fa456a8d5ae5fde9c7ad5a202bdbc977,Person Asking for Help,train,GROUP-3cc784a12c3b49cafee49072855273dc9ea430b5cf35ae94f4a0056df2d16e3a,,unverified_recording_hash_fallback
AUD-70c64dd4e7e47a6d9ccd31b8498189a7682509b5f60965368e08acd63721d339,Person Asking for Help,train,GROUP-1c207a831874de01dc3bbaa95ed6fcd18a56ee5ab3fc6dbb594eb69764b00747,,unverified_recording_hash_fallback
AUD-7189b262a6a4e39f00d736fa0e10614217235c060ce254b9013929576e179458,Person Asking for Help,train,GROUP-313ea9f209e632637204b419dce3c4aaf995777eb14b51944cb4e481b1205165,,unverified_recording_hash_fallback
AUD-723fa075e862141d14ad7357e8bb3bb8794c6a5725fa1b814471dc5076dcbca2,Person Asking for Help,train,GROUP-15f0bccc7fff7018f4951dd28dc77b35d942c9009e7bb722e48c34361538a4e6,,unverified_recording_hash_fallback
AUD-72a1aa3a63f112572110099c1abb7a4155dcd54487db19c8ea2be5195a2cfcd5,Person Asking for Help,train,GROUP-cd93f67700fbcad8388152fe5365fba615ef4d99554bcba15c7af52cff40aa7b,,unverified_recording_hash_fallback
AUD-73abc6cddb2791fba1a0b1b9d8abbd6e0a2d1eef652c04813cf9c52fd0dba079,Person Asking for Help,test,GROUP-7a291714ce987231aab899dc857aac807361b6ad14fddbabf26a6eea9a3898b2,,unverified_recording_hash_fallback
AUD-750aecdf8d960722710658a906fa6d9abae25313ea79c7951494a7e15fa76d2d,Person Asking for Help,train,GROUP-5d5cfdf31af796aefbf66ec5fead9c29fc2d732395acceda254473039958c7e0,,unverified_recording_hash_fallback
AUD-7527830bdd25b1f83e448ead1fe178e5934329c7d936a9f510cbf11195eb1b50,Person Asking for Help,train,GROUP-eef184f07feb476fc01d56acb4e35343b21e56899aaf0a6185ec30217a6d1d49,,unverified_recording_hash_fallback
AUD-7553da188df1844c923f38fcbd44daeddd9b1ff458329dc856d2778ddd2be83b,Person Asking for Help,train,GROUP-eb53317c3f322634df3bc7c317b624a74e83ed23e96bcdacf9259a13be57e883,,unverified_recording_hash_fallback
AUD-75ffa4385367d8fb5c463a882bacb6328a1a443bb2cceb5f1720bf92936284c5,Person Asking for Help,train,GROUP-5b3dd4e4f26e2d18e9ccc7e5c58ddd2291a97f41f965fedb75267782bc5d9355,,unverified_recording_hash_fallback
AUD-763d17b17363e230beb35edae5eaae21e89ef5e29d3667fbdb41699214db1e69,Person Asking for Help,test,GROUP-0e81e2f2038558415284558115c133460903d6e1b84e5fae07ed25c816e67a01,,unverified_recording_hash_fallback
AUD-76dd3de81f2e093ad72c8f41469e3e307d4d72e7ada0e3007177fbf0ee3c0a12,Person Asking for Help,train,GROUP-0f205f42be183ca7733c132a11f09f459d397022caaca3f59bb6980c32646845,,unverified_recording_hash_fallback
AUD-771550ffd44e1a6ef163a993c8dc8639140e4c423886353834d3bb8981fde392,Person Asking for Help,validation,GROUP-70aa40bd13146d81ce6aa718e3843098b105e3662ee843a2a1d24db035b4d1c2,,unverified_recording_hash_fallback
AUD-774a4fb6dcb1e79a729cb9cbbb73e23823344b8b9d29834b62607aa4956f183a,Person Asking for Help,train,GROUP-bd2c038172b333dd265e841d571f1ab26c230b9da8e931cf550bbf141f7e3c4d,,unverified_recording_hash_fallback
AUD-778035e845dc28b84c89ea4b343a3e1959777083569b0385a75c308be8bf10d4,Person Asking for Help,validation,GROUP-1b38af93f808b622ed2f27a45368fb6ad6538873849118da638b8462557f08b4,,unverified_recording_hash_fallback
AUD-7784c72ec78ed39901c127d7ad2e40fd252c46ff60af5c4e64ac2bea4019488b,Person Asking for Help,train,GROUP-6c847d543d46fe3af3639477b982ae62a94889266bd6439880168ab651f35fe9,,unverified_recording_hash_fallback
AUD-784e81b1cef434f823e6696b9a0f9870885c43c8410674c82be5d48315a8487c,Person Asking for Help,train,GROUP-3895e896c7ff31d180f0f867e49df9922ad1c369788c26b08dd8239151effc19,,unverified_recording_hash_fallback
AUD-79b8d0eda8771bfe50ddbc49bdab3841a26524721469885e69c26c2b4cad9ee5,Person Asking for Help,validation,GROUP-139f0e5f6baeef3490c9764725bdb9f976557eeb59157cab24a18fb787dc6c11,,unverified_recording_hash_fallback
AUD-7a337a01fef920ebab35387683b2950a9cf07de3395d9ef94632b42104277bfe,Person Asking for Help,test,GROUP-f90a72e05db8d69796576ed39100db3dc98d0c9c73deadb59ae5f3379372483c,,unverified_recording_hash_fallback
AUD-7b7efa7926cf86fe5088057383022d498cbbb123c9277c65d7190ebaf2812f04,Person Asking for Help,train,GROUP-41933e272f7fc040a8137c19e408b9dd3413e820a417001cb106f6fc9cfc5720,,unverified_recording_hash_fallback
AUD-7bea024ec34f60ec60e874b0abd6094b02c7958e2ca6d4dbb223b87869a37f14,Person Asking for Help,validation,GROUP-13900168c7e0a4045285cc8d9c565c49d545f90b57bc346da89f247f09547d62,,unverified_recording_hash_fallback
AUD-7c9b6bf2c330d0eee31688cd7f4a4ace19d7b3c004b7fc6c7b0866bad99827ee,Person Asking for Help,validation,GROUP-e32ba135001f0e1c3528f0dfd08380dcd9b98e192903b332c9945e972598c14c,,unverified_recording_hash_fallback
AUD-7cca8d9b4fad3f1be8a4aee227d259e7c51af8585fc57486ab794283a607a342,Person Asking for Help,train,GROUP-d8d2fa4c75de2f65a09c38d26443cee61a36e4f2fa99f9e33c79d42ebe007fb8,,unverified_recording_hash_fallback
AUD-7fba5b886651ba0f4c71ad56348edc22f0ecc01b175d4741ff3d913cd55732e1,Person Asking for Help,test,GROUP-76848f4a5956d4ba428e28afbcc55a5387c4dc23ca9f442a937f3ef4c5076894,,unverified_recording_hash_fallback
AUD-809a19b9f2c8f426e3f060760df5ff0ca4e9d6099a2bbefce8eb380f1447bc0e,Person Asking for Help,train,GROUP-ba054bd281891cc13b4789d36f7eb5c43921380e8dea549037a036fad4bcfefa,,unverified_recording_hash_fallback
AUD-81a25e3ad31a397091c0cbb73d3daaab0ef940ce42fd032f58371aad6aa37f7b,Person Asking for Help,train,GROUP-cbb7c3d303d518fc5a323cd463df8c470adcdb771893d79fdc052259c28137b6,,unverified_recording_hash_fallback
AUD-82db1b70bfbfb92052054ae3524c3f29eef56b7cefefbebe186dce75ca8fe188,Person Asking for Help,train,GROUP-c6832f9c292ce3091d7857f274bfe00f673e58634e1f773fa9ec5777e5ea9f8f,,unverified_recording_hash_fallback
AUD-86209db1b05bfaa0c533651b167fb81d4eaddfc5d662bde553972b532b043a2e,Person Asking for Help,train,GROUP-50a3630a01ef205f690cef314dadff99d1aec5c9618c166637754a552ddc5dcb,,unverified_recording_hash_fallback
AUD-863eb474c1187fab323a889254453b62fd26438901a43ab37f517b9131ecd422,Person Asking for Help,test,GROUP-d5470b55cd11506c8d285c053dbb2c695cd7384c2a0e5cc6d17c52a6c59741fc,,unverified_recording_hash_fallback
AUD-8686f1a47929f167d03bea2d3ed66f86e569cd0d8fc69ca1022333473fd26d31,Person Asking for Help,test,GROUP-4f0db1260ae7045505c684d939b5fa8ac4058941b3df0fc489f5c479bddbc42e,,unverified_recording_hash_fallback
AUD-87609399132c015da7b194335efb6d65cc8ad10c6f32ca3d0e34c7c5db7fb818,Person Asking for Help,test,GROUP-89e06773f32d1565d1155bade26d5d9a35b68712f8938b00d2d5c435c67465dd,,unverified_recording_hash_fallback
AUD-8817f3be3bfbe23e20452831f79c180b376cd1361221ccae0821d75783d7a74e,Person Asking for Help,train,GROUP-8f2ef85332be478d5c4cfd6ccb13cccd68e244afc23b5220b399857f6464cff5,,unverified_recording_hash_fallback
AUD-89015502ff686dae3bfb3fa8e7606b2106d4656b3a5e68cbf6893edcd3a9dd0b,Person Asking for Help,validation,GROUP-c915df67acd0dd2ddd3dd9e185d19f6139405816fd1fc12e18cc0db03ca167e0,,unverified_recording_hash_fallback
AUD-89402cffedb0a39746ad46d8fca803d3dca5bd930f0364b74d325abcc618e1b5,Person Asking for Help,validation,GROUP-a85d70ceb19472f10f300eabd0a2c2855eec95ba15bf1798be1d63106cfe73d1,,unverified_recording_hash_fallback
AUD-897e3eb98b8c535745c5892892136b7755832a880f0ff331a0c8c02edf35e5f5,Person Asking for Help,train,GROUP-fa06cc9ad570beb35bcf749fa82db1be47bf49a8ac387a823976ecf5f3bf767d,,unverified_recording_hash_fallback
AUD-89ff23be3bdbe81157484c5ac0bdd389abbbb54d501946ad40face25b7d47fc0,Person Asking for Help,train,GROUP-edc38294e29698312aa4b90eef4f8e8c975e8e93f2c640ab29c442fcad41edb3,,unverified_recording_hash_fallback
AUD-8b9640baf32a700011f5ba0e3e0fd2fe4682217bea5568ab9737f57385c32641,Person Asking for Help,train,GROUP-8c7cc291d4e67cfd665e610b533c7f365f40b99bfcd7611e43d7584e5b9c7f77,,unverified_recording_hash_fallback
AUD-901765aa6fd8f9f74bfeb5858a86c619110e200726c4e59319a54672cae1e346,Person Asking for Help,train,GROUP-7a2c0bd538ab87ea679f193dfd5de4a964b54b0fa5c9d3b8217b220c0ce105ec,,unverified_recording_hash_fallback
AUD-92b900617217cbfe16959886db2f21283dd240a19a7d21be2b2744bb3ac22d79,Person Asking for Help,validation,GROUP-1f697f516497a06d9671b554439a39c1d76d17e20a9fb950d2e52084f31940d2,,unverified_recording_hash_fallback
AUD-938387f9ae6377ba04fa5fb5a5459ef5e94bbbbd55a8da9db5328d9b3a8bb6b6,Person Asking for Help,validation,GROUP-b8ed9bbd19e0efcc5e3d5f8e327f641a9d0921e092852ee0b9c70e390aa0c0f0,,unverified_recording_hash_fallback
AUD-93c4f1504dbcaa19fffe59d4792a39fe6173a75d47ac51d29f28961f3e67b224,Person Asking for Help,train,GROUP-489f29be7c565e0a6595eff460bfc4fd52cbe6c637a7ef9ce2c702cdb6a78492,,unverified_recording_hash_fallback
AUD-943a6ef1661acdabbc30afc172f52c120ed82893d0bf88ede387a25259c798c7,Person Asking for Help,train,GROUP-6d194f3e735a3ee1da9fdce53004a2a8b8acb654ec08787639e9b4e44ff40a62,,unverified_recording_hash_fallback
AUD-94487082dc50685e7a0cf13ddfc2759bd5209fe38e50c84028627d27ef7354f3,Person Asking for Help,validation,GROUP-55693c934ddc728fdd06a7ed42acecbc7d9dc47f979323b26cbdfed3da2475cf,,unverified_recording_hash_fallback
AUD-94651123b8b94dd127dbde8fcc5ce449a7f782a65cc001b970132fe3b25f8551,Person Asking for Help,train,GROUP-da8f123453e2c04a6bb4021638284343f9b5f7399f00ae831e6414febb24970d,,unverified_recording_hash_fallback
AUD-975f23ba367cdd36eba7fd77a28d7e8fbfd919124a28d0fb8c0070f92a8413ba,Person Asking for Help,train,GROUP-7ab28d4497cbeec0fdeb0d7bd1247ebb71082e3b79395804d06dc05900563e98,,unverified_recording_hash_fallback
AUD-97cf2465cf824884aa7bb1c71fb58ab0c2fee64776bade0986e302616cadb063,Person Asking for Help,test,GROUP-ca07bf02e2c2a4e8d45e918b5b9851e374fe4e7789d67f2ce3e30b3aed5b66ce,,unverified_recording_hash_fallback
AUD-97ef6933c0b6ddb2f5cc6892863c9c3a908b2653356c6a16140a85c9b87a13a9,Person Asking for Help,train,GROUP-d25727bac171f47be9bc9e59950875205cdf2b4a434fb895a728b65fedbce498,,unverified_recording_hash_fallback
AUD-981b9a38628fa9d3b5994a56f51dc5dfbd9d9ec96c09a4c7e49555bb60e9fdc1,Person Asking for Help,train,GROUP-8e684a6f59440ccdd7dc5bd2e8ff159d253e8b1f7b89114fa39a605e81b8f3ef,,unverified_recording_hash_fallback
AUD-9941923e027bc430d5eddf1591f8f0f804e83285466f38801c63eeecab39f11a,Person Asking for Help,train,GROUP-7e24778c9699be57da66512bfeb402e5dea4a012de8d743ac1a18827613c60bf,,unverified_recording_hash_fallback
AUD-99e014caff4ae09837f7ce510b05bda2663322651d156720c9f75f9de41d172b,Person Asking for Help,train,GROUP-6e23e6d2f22bdb5db14de9c4f0aa09aaacfa4dbb34012043ace2d458d71e9544,,unverified_recording_hash_fallback
AUD-9d02269204648afc209eca2dabbf563455f02eace541336f6f7c49720aaf81c8,Person Asking for Help,test,GROUP-3333581e7de7f087ac9f728327e1f0b06b2310692a319828a34124991ab21cce,,unverified_recording_hash_fallback
AUD-9d7d61b166ef7b0e691c4db72fca16f8133e9c67f44d9a48b534ff0cb218c4c6,Person Asking for Help,train,GROUP-da84a5855e7b57e7966f06a41f8d1caa2a09dec1daa508259cd85201d3ea7ea1,,unverified_recording_hash_fallback
AUD-9f2919f8aec17427088e96569c2a6f3d5b4c1cbb543fbba16ac49ba9938a3ea2,Person Asking for Help,test,GROUP-d4a2790f41ff030f381b9fbdc39dfa247b97108551d77f0100edaf38ee4a74fe,,unverified_recording_hash_fallback
AUD-9f66c4a6fef1072fb9a899e708bbe143fc760ee2bf0e4f32ecfaa8300e488a3d,Person Asking for Help,train,GROUP-b5bf5ec54e21c2ba035b16c7a9f70dfced19157f3f48ca26cd07f0e8e1eb3d14,,unverified_recording_hash_fallback
AUD-a24d14da049610f07fa6715b939cc393eb9f26b62ff87dd11442027f5eb4e201,Person Asking for Help,validation,GROUP-93d947e3520a766878e645f6ff5bd5accc1c02366bfb46343998a17c49d2f989,,unverified_recording_hash_fallback
AUD-a41f3dd06d3e836593d5dba4a0ffdc841b4661b7a678f2387e8d348a6fc174a0,Person Asking for Help,train,GROUP-24db232a652ec167e37c8d70b898e0b7f69852c0e3d6207a2bcb3deeceee9045,,unverified_recording_hash_fallback
AUD-a533faee34fba5fdcbb4b98214e34c35e0a73fa11973ddacb3353ed00bff9f80,Person Asking for Help,validation,GROUP-5b240b5575ad451561769d0ba30be1f954acb356c9a02bbd483496393d8bd545,,unverified_recording_hash_fallback
AUD-a5b3ce56e9d160d8d49291a99d749efad880ec51cfcd2141885aebd830721cf1,Person Asking for Help,train,GROUP-3b132f5248b1bffb2fa95d0181cf9d22ed2fe39bbd3666ecaf54c6b2aa8b504f,,unverified_recording_hash_fallback
AUD-a6b74a07cd673aca6e558ce2c58e1d4a372b53eaddbf9e33a5bfb75b8ccfb699,Person Asking for Help,train,GROUP-01f06cfe087fd2613cc9578bc0378f3323318ed5bf50fdfa6dac236720a751de,,unverified_recording_hash_fallback
AUD-a706a33b1c8dd6364e0b4f40cd7a1a12924dd4fec8f71041a95106db249d646a,Person Asking for Help,test,GROUP-e282c93ec80fec3e38548513435c575024a872d757b744eae0b9967f8ba19a77,,unverified_recording_hash_fallback
AUD-a7a604ba564e4a2e12ff9cb5e5ddea674928db5ed42b6b5b5d721840f48e2b2f,Person Asking for Help,train,GROUP-e557dbcae670ce0db040504ea57f7e09798164d6f01f4f6fabecbf7e3cf29a58,,unverified_recording_hash_fallback
AUD-a8855660546fb59a67eaed91802305ea8ec6f81a12365894341d61200397627b,Person Asking for Help,validation,GROUP-1adc1893dc7b2f63e36f7b5a943d59639231b493d1881939f27b8bed19219cc8,,unverified_recording_hash_fallback
AUD-a8b8add0656aee9aad7ca2f98fe390a87e7abe0ee1b914d9ec75234199bc6db4,Person Asking for Help,train,GROUP-8428b8a05723f29c8634183cde5712340d00cf22b81b3e90e33da303190a2661,,unverified_recording_hash_fallback
AUD-aa8f4b118a039ef73d41641713dd50ab9ba030a1221601e7d0fcd5c841ab435a,Person Asking for Help,validation,GROUP-1f2e6b80e1c2645d22c1753b796e63ed2d43334ce290c3a2a46b3ba290e758d3,,unverified_recording_hash_fallback
AUD-aaeb67e23d4d95a99494edf4563aaf8021679b13c303156284e699a12f129ab0,Person Asking for Help,train,GROUP-b251a32842b48637bcf5a9fcfbaca95bcb6955397716d11c2d5ff6ed39e73ffe,,unverified_recording_hash_fallback
AUD-ab2c417d38ba8f57cc23c9be8ee98c2287ebda6dda042abe1de80a7acca6d5b1,Person Asking for Help,train,GROUP-b6fc91f1395a9be11bb4e308e54a4694deab8c05eef837a23f2bde99b097dee3,,unverified_recording_hash_fallback
AUD-abb04044ed144f149e6f6aad96eef9101ef52e7a27480195ac9671612f4f3bac,Person Asking for Help,train,GROUP-5101d7a145b89360c45417ec33935756e5b07f1bdbf1e886cc581a58425abe14,,unverified_recording_hash_fallback
AUD-accd16d2a33ecf3fbff5654476f3f8d0cfaa5566ed2dd83ab51a8613034842bc,Person Asking for Help,train,GROUP-7130e5516abc9048cfbe52667c3145671d298b911597e21ffe98bc9545074ed3,,unverified_recording_hash_fallback
AUD-adb81ab00c1cf7b1458edf9867e0eaed9335643946c55ce3cdcd99a45001be9e,Person Asking for Help,train,GROUP-2a568d426547f6e46f5b354f23506d0b43e6fbbbb9809e905f24747911ed51f0,,unverified_recording_hash_fallback
AUD-ae029b426cec9aadcb7894cb5a15b889c2eaeb036812782372954009ba179254,Person Asking for Help,train,GROUP-33a7d3b175c57bb094af51f788200a5236a96936ebf26bac73229b7b9918d5d1,,unverified_recording_hash_fallback
AUD-aeec425116a277780a3e99312e9b2c958992fe5d685211bc81025f43ad4eefde,Person Asking for Help,train,GROUP-4b381d86c37ad0a49495b8af813845836c9043e9deed07d6502d207cdd596973,,unverified_recording_hash_fallback
AUD-af262a59f8b913b60997fdbae733aeaf2c65b746ac643ecae5a112e550f13a63,Person Asking for Help,train,GROUP-12ef792e97ad785949ec1b303b2269c63073d6cff4639b3c22b51577292da742,,unverified_recording_hash_fallback
AUD-b069b53a4b38fc61c93e11b8ffc435a043e4cf03ffc99407f095eb24714588f3,Person Asking for Help,train,GROUP-bd3915c8d301a85a4899fd4654f8af5e8f4beb25731901e5b7f533c57daef22d,,unverified_recording_hash_fallback
AUD-b1d9963db8199ee999ab77540c262e0b91b47b7cc111b6653c2ebad68c349b82,Person Asking for Help,train,GROUP-593f3c7781cf06497a4643c1558de92b11a5435d46f125f0ae1c195cae5ee4fc,,unverified_recording_hash_fallback
AUD-b23960a386be6b74ac22de9f7698e0ab7a6c6f5b99e330d73abf30eaac9df26e,Person Asking for Help,train,GROUP-02e4d2faab3e667e6f0b61c40546a6b567f50f67c988f91aed269d4e36b19caa,,unverified_recording_hash_fallback
AUD-b4d466390b2936a50c6387cf98ad5f1e1bbda9015c0bda1396a8322e0c19a737,Person Asking for Help,train,GROUP-2b38621af0f3b189e816ceac7372088272566721c94981f4e1917ae38c4e1b14,,unverified_recording_hash_fallback
AUD-b508d3a10391d0fcde5322fd79d1e8308b6ec7233b1815e85f454e46e39ac604,Person Asking for Help,train,GROUP-159438c1903caffe61b8f455edf5ac9332e9537d31e96a6eee51ab87b28ea3a1,,unverified_recording_hash_fallback
AUD-b68cde6553183da1116cb1e2a74c50ccc4335f58e31f5cf53a7b6ff80979f2e2,Person Asking for Help,validation,GROUP-fdcca1d74ed6e881ca9952b6b1c9fd114cea6951cf14e239439662fdf51a3085,,unverified_recording_hash_fallback
AUD-b6d103e1cc84f7df0f818707de4efb5046ea87b41d8eaf8a618d8f8e95da6c27,Person Asking for Help,test,GROUP-a0f3ff522cd2b3c0dcc27775be365cd6fb97d11bda276a5728341424685b4849,,unverified_recording_hash_fallback
AUD-b6faf330c23154f9efbd70d17738a1b5e32b69ec463ac24d44f8a9c7a896d083,Person Asking for Help,train,GROUP-a635b77678d57dae811e2f8227a985b6bae9fade53620768f05021d0745b0c84,,unverified_recording_hash_fallback
AUD-baa779dea375067b08151c5d887f02d3f635ee1e1392525c3fc1632bcac255b9,Person Asking for Help,train,GROUP-3d7554a23f83bdd352f10767c95dddec94ee98db6421da9f21c8c2783d3355b8,,unverified_recording_hash_fallback
AUD-bb8a39911d3f6c03eb4daad4c455bd23afaf60ba948e593e0b7130aa37acb1e1,Person Asking for Help,validation,GROUP-05a683cf2fb6284b70b72a6cddc937f5d20180ea8c889dd7e5c7106d85c84382,,unverified_recording_hash_fallback
AUD-bc039fade9e96680581e8313d7cf4cdb1bca51d30ed221de37a09a506b739355,Person Asking for Help,validation,GROUP-8fe9c8ccf7d7d0e66ab096a580beae4196918bb4806e1ea1168631f417766f41,,unverified_recording_hash_fallback
AUD-bc6efea31194e59efd831173c8ba7025e37f770c0e4522e5781ea1ad513a97de,Person Asking for Help,test,GROUP-fe617482eff5f14f72c8ef856fa8fb548a5947f1e0a8a70679e04b3cea3b7450,,unverified_recording_hash_fallback
AUD-bcc36831abfda991a1426d98032ffa95c773fc989bfe331ff4707c321893efc1,Person Asking for Help,train,GROUP-e5d153439079d6ca16e88a80042983f664f12269cb4b006000e3dcd9702391ab,,unverified_recording_hash_fallback
AUD-bd59da4ff3b5984eebccec6872fc346a7ca4b7e83082d52b2d2902bd551e720f,Person Asking for Help,train,GROUP-16b29ce2b96799196e9a5a0218120ad6b9d96533c0a1b14198bea98ac7a61e2b,,unverified_recording_hash_fallback
AUD-bdfcabee120c62aa482c49702e322df6cdc20d8baf34b3750cfd702576f878c0,Person Asking for Help,train,GROUP-3d7284a5f77a3f40579cd311d7600288981f1cfec0373c70fcc54521ad9cd4c5,,unverified_recording_hash_fallback
AUD-becee149a26da811d9c26f405947ebcda82bcef4d970cd25847049cceb36dc82,Person Asking for Help,test,GROUP-d50f2eae79207e02967cd66aaea6f6277fd7d7eb4d0ece066073a5e7a78bbe4a,,unverified_recording_hash_fallback
AUD-beee787a67921a36497dab8584d77d9f6068c849e5a4c39f804d7b3c8bc4b86b,Person Asking for Help,train,GROUP-7d2734b1d0a42bace4b7d7294da5511cb79936c0947d47ca5252b6da3bb14a97,,unverified_recording_hash_fallback
AUD-bf240b7ce4dd73ee5921fb52663796792eea6fb7eb28ad5f454a64b70d30d84b,Person Asking for Help,validation,GROUP-0d1a4b550a49f10625faecc44fd868b077fb02be23a77081de44ac002f14b638,,unverified_recording_hash_fallback
AUD-c10d110367b388142989810df2542ed067f210da0d0cdc5d99137def0cc926ac,Person Asking for Help,train,GROUP-a170c0ee7851cd930cfe5fbf8c71c9ad23944e824623ac20b4572b1d7a69f00a,,unverified_recording_hash_fallback
AUD-c11f30ab11cea4847a6a041d188ea8c91bcb472233bbb8458652baeb73110c9b,Person Asking for Help,validation,GROUP-a06b0b729684352e2b6022926c175baf127f62165e45390a9230d87ab64a3f4f,,unverified_recording_hash_fallback
AUD-c1a181aa149d499887d576e8cd2cb353d6d0a1fa7697f8ee7f3ef5e8c4202284,Person Asking for Help,test,GROUP-e340e2817261ec027c5f8098b68e4cf3e0e7da6a60d08a677b3ff1daf106adf2,,unverified_recording_hash_fallback
AUD-c24f1f1a3675a8b69e71681b0ea6dd03992580f64f4d5350d7f1c60731183d35,Person Asking for Help,test,GROUP-bede516935d282d01b0b6665f0517d154bdd09ea045a23b8c7d24a616edb5f96,,unverified_recording_hash_fallback
AUD-c271f6a28bfa459652c9c07ad527b54d94dc04cdd488a7f96ec89c5969e04380,Person Asking for Help,train,GROUP-4bc8fd9253359f306a54087393103fbb25010fc087994e02d5438ceb201e94a3,,unverified_recording_hash_fallback
AUD-c33cc3c05a383788ed8cc137df3348b7874885ac9ccf88acb7332209ff05e9a0,Person Asking for Help,train,GROUP-39fbad6807a55a027b2eeeaa7c1e45529963014a7c533c18fcad26d75a0ea71a,,unverified_recording_hash_fallback
AUD-c37d8384c7e3e7f02219c0737567f986dc4d8b89f750231738d6a4821313ef35,Person Asking for Help,train,GROUP-d9c56a236b1217e0f7a5beead067931a42bca1032277be4590a94867ba01f75d,,unverified_recording_hash_fallback
AUD-c4b35945303c5443dfeac9394a49837f5d7ee242955a54bfbee0390c28b5acde,Person Asking for Help,train,GROUP-c2490baf3d01807517b714277b31dcbd9b0f8d55148b3742a9a27feef7b86483,,unverified_recording_hash_fallback
AUD-c582b5af50d78e26df90f29c1404721952aad99518e26c76d3c2ba370ae396b7,Person Asking for Help,train,GROUP-fc5b14bd7b85c7dcc44a9a96569c5e4da3e1a1b07935ba738977f7ec0fc1ac6a,,unverified_recording_hash_fallback
AUD-c6981e5d3e4aeb474ed292baf674cc5ae32d4ea92cbc91854e00514f83b76a5a,Person Asking for Help,train,GROUP-31515c6fbc97948fff8beb2163ffa766a5505554bc08795d641c18d4fc501ea8,,unverified_recording_hash_fallback
AUD-c6af76c9c04ee88125c24b792b64ee504fde84f6f7c1746e9b404783a565d8fa,Person Asking for Help,train,GROUP-db00d128223d755ee109c56bff25f944379f9836166024d308697323479a783b,,unverified_recording_hash_fallback
AUD-c71541863924af759235cad45520a9bce94845155b3e60533d0a269d5027a57b,Person Asking for Help,train,GROUP-7ec7e294950670039d2e83ea7e7e9c13609c94cb430ce93bea956cc6aa443e6d,,unverified_recording_hash_fallback
AUD-c7ad5f0d19bdbde60c0a54d5d2dc3acc75929edec92e8c43d506ec3de323dbc7,Person Asking for Help,train,GROUP-8f500e5748d49b216eb0a3b98ae678d92db1b03b0c6b5569c531ed34227a646f,,unverified_recording_hash_fallback
AUD-c7f7dfc85c677e1b9b747dfd8559648b54028b4d85b800492639e9b2855ecda6,Person Asking for Help,test,GROUP-e27b4416aa15a0f1de27a39b76f3bcb1688dc628360e6f955752735bc4aa6503,,unverified_recording_hash_fallback
AUD-c99e66b31b72904b5677f88d1c9d3fdb553d3819b23533aea050e8487e8eb935,Person Asking for Help,test,GROUP-3896b523397424bf54952660a7176b7faf6a3da97c63282a14654e7d766d4605,,unverified_recording_hash_fallback
AUD-c9d9c3e1d973639718df43415c1beb3e7ac0862b523ff56947389e73eb340d26,Person Asking for Help,train,GROUP-39b890d597b5a49261e459a7cdabf8a6bfb9147a5f95f0ec1f5bc138fe940cb3,,unverified_recording_hash_fallback
AUD-c9fcbb090e9d6a5d106145eaa20adec5554f30d5713e96fccd498b24067ef166,Person Asking for Help,validation,GROUP-077fecbc0c8e1405608cd1d31ae8bba3ace2197d6c79d564dd3dd1ffc3126e6c,,unverified_recording_hash_fallback
AUD-ca9219a2e523ce21e6ca11431efeb80acbafae1e2d29aba5bd554a8739cbf131,Person Asking for Help,train,GROUP-e0f83bb64b69f1c1006ab09e60c2dd4d2b30c7c0bc9328b30d08110f9829f4f9,,unverified_recording_hash_fallback
AUD-ce1872e9b9f9b3e239b40ad61d165f2319e676de1912bfa30a4e3c5c5d4e2646,Person Asking for Help,train,GROUP-053e48561ee44db2d84ff37caeea729fecab0b3e5107ac0281d401144bc22479,,unverified_recording_hash_fallback
AUD-cf669aca169d69784255615144c8d31feea7edf2d10c4cd5be5e0c06dafe76dc,Person Asking for Help,train,GROUP-b0a59a7e8de5feabcb41a5fcbdeb3099b95a5b669fe2ebef13482b33ca6bc857,,unverified_recording_hash_fallback
AUD-cfa0dfe5d70208fec8344e06ab60d45497589b4092f83b645554626ef39e672e,Person Asking for Help,train,GROUP-46a1d9fcab4391a1f38cb41c68bb570dc4836d1e6c5330a0ae5d57596e0d58ba,,unverified_recording_hash_fallback
AUD-d046d441da9372aad28f60e3d565c1eb12d723887bbc5d3af502756850efe82c,Person Asking for Help,validation,GROUP-74596420e5dac1eca7b30ee22ad6068004245a7739af67fc18448daa3e969f24,,unverified_recording_hash_fallback
AUD-d11db00ca6edf1699ea4260bd30c0f159bfd646700cf1cb1fa3f49f5e795bc61,Person Asking for Help,validation,GROUP-e439d7510955908edfeda173cabb9424c2fe97ff5ae6a72c03248e4ce4af8841,,unverified_recording_hash_fallback
AUD-d14622292e902ba49b5d7903de8f827572b24520c29abf77a85b718e6da46b52,Person Asking for Help,train,GROUP-6f4573d02c06f9e386704622ed521b9f86f4de96d3b9ff76a5eaf58c57697085,,unverified_recording_hash_fallback
AUD-d25424a6500c32c6485e24bbd661e75b77c97a05dbd97f7116ff5d1ac4aedcf3,Person Asking for Help,train,GROUP-13367759e71ad47d36a7f457c35630454f9adec3222f014328f353402de3116d,,unverified_recording_hash_fallback
AUD-d34a639f72ca35426097974f1e33926644483255b8c6ed08bbbe839354f5a1b1,Person Asking for Help,train,GROUP-3897582a2136e48dc09d76ad86053fe584f99d7de2abb5bcb55f3e6a71e4b1ba,,unverified_recording_hash_fallback
AUD-d36963e34fb2382997eabd5d9afa7ea89f8cbebfaa56380beb4dcb5dec3f41d2,Person Asking for Help,train,GROUP-0adaf4fb18f603d2fa4b9aaf4dc5341d0390b2d9ed2360547e8ad448b37b7870,,unverified_recording_hash_fallback
AUD-d5034d172657098b9669b2ab118b7225e40df248a325cb9d00620cb13dcc0aaa,Person Asking for Help,train,GROUP-a3e3a651a7c93dd2da9e940d4831e7f48ea950d0185dbbcdc2210965efd91511,,unverified_recording_hash_fallback
AUD-d6980d34f4e99c38f6021955f616589727cc160b30377ee47a2f2a80fc3019d8,Person Asking for Help,train,GROUP-725f9db55827241242af4349a7e3690028f500867e5a7537f21ee3fbfba2b287,,unverified_recording_hash_fallback
AUD-d6cd4c0d61fceb89bdcd162ad739bd93095619d5ca03b6e33794dbb0eca0df85,Person Asking for Help,train,GROUP-bd5e4aee5279bebbe928ec83c8019c0639a5f6ebb113b398ba340312ef4a38bc,,unverified_recording_hash_fallback
AUD-d707ebaee9a2028a1240861828a85da6e6bd164b9d0f2f204f03d9a50668e676,Person Asking for Help,test,GROUP-c395c3a6db111147b5ed8f788e10d1148360abec5caa638afd17a610f0ad0def,,unverified_recording_hash_fallback
AUD-d9fb215474b6e88a022a9910e190df6681256866c3261b38a8b7dccb6d52fbae,Person Asking for Help,test,GROUP-1a3ab630f8f0ff0694502fe80fae976189658b43797180e383b71ff8c81ee76d,,unverified_recording_hash_fallback
AUD-db4715686476da2ef189f7c302e085a2822e77fed7aa02c550d300837cc1746e,Person Asking for Help,train,GROUP-316ef233de5490c00b7a732c7a2f68e6d2822ec7912ceab126747a7457f701be,,unverified_recording_hash_fallback
AUD-db49421d16efb7c845de17183130df913c5e51d0b2ff188a939e040633a28317,Person Asking for Help,validation,GROUP-0865581d9b41cbcfd0cd9a30a5d80f8bdd42555bf7d98d791ba5fa0f5f674174,,unverified_recording_hash_fallback
AUD-dc9e5ee32cd483b4477d6308e3da9ec4094a2b883a2d8f03a6cfc0a5301e64a2,Person Asking for Help,train,GROUP-f59af2cb97a7ff0e94e37d7ce4dec589a2d1591a1efe49cdbcfbbc363db28dab,,unverified_recording_hash_fallback
AUD-dcb5ec1be4de734b109b522e87fcb9655e7dee1693de5798514834ff1f4bd7e3,Person Asking for Help,train,GROUP-e842a69266a2fdefab0a03a6c685e49d5b37fb95f761794f427251ec1d937fd8,,unverified_recording_hash_fallback
AUD-dcfd1679523c8aa4b36a91889adaa7d6ad6bcba3127285861e9873887fbb56f2,Person Asking for Help,train,GROUP-1bfafb6e3ce1060fc7bd377fbbd05348626463109eb13707a69c406a47218fb6,,unverified_recording_hash_fallback
AUD-dd095aba53da3e961cb233cd54bcadc4e6e74ad8aa618d13429319ed2e228d67,Person Asking for Help,train,GROUP-9f9c0c7c60c8c8640211c2236019a96cef29415f318ebb055b7c089e0cfadfa3,,unverified_recording_hash_fallback
AUD-dd85f11eb5c3d97537d4eaa919fde51a2ea971ae67a9161da59731b3180cd8d4,Person Asking for Help,train,GROUP-95273f3f6ea1a31a333db2dfaf834d4c36bf4027b5fb2123c6b1918afea284e7,,unverified_recording_hash_fallback
AUD-deccfd95319a31d694b6d8ee2bc3b3a9f087163e7716e02212791d45cd3728c0,Person Asking for Help,validation,GROUP-ad7bf3b668fc46c779da768b2f83d747a3de7e88f4572e945ba439e7ce1734db,,unverified_recording_hash_fallback
AUD-df2e8236a8aa0e3f9a655546d68dd624487c39e54fdcf1992e3421c43cb1ba35,Person Asking for Help,validation,GROUP-05d69f821c4cc84c737e589689bf544e17ad300ab150662f24fc19f5aeeacfe0,,unverified_recording_hash_fallback
AUD-dfc5f5b6184ee42bdfb31f3fda4b50bcd82c559827264120e65ae657e5f4e806,Person Asking for Help,test,GROUP-472c08d82d55b5e0eb7cb079d6e279522f939f1d1081ec93af0d5490ae889662,,unverified_recording_hash_fallback
AUD-e1006f1763073c25badd93f6d4a1c66942aff2d9756c383ac7bc2955c2986dc3,Person Asking for Help,train,GROUP-f8d08046aad1d4171ad0cd9418ce328726fbd1aaad894ee80fe32c28070a5f41,,unverified_recording_hash_fallback
AUD-e19fd0d77b15fb25d9bd86e80e8d911c7ea5d42965ed119ae5836e17334f85db,Person Asking for Help,train,GROUP-3daa6118003693cd43745d72b84933e8d55e601a4de1e7dc4be6d8e815988f99,,unverified_recording_hash_fallback
AUD-e2724eafc304a4637761f2344f5022204d61f688d16e4832798c1da086ac436c,Person Asking for Help,train,GROUP-cbd56407fbc72339f661f2ad5a8824fcd45fb0efff0d5b9046b19e845c98c13d,,unverified_recording_hash_fallback
AUD-e35488022194e70d3c942b076f00687e137022e5cdddc415047859927e1aa4f6,Person Asking for Help,test,GROUP-3cb76013cc08a26a209265344aa104de01ff40dc82fd6e061210517de3c28228,,unverified_recording_hash_fallback
AUD-e36c71cd3e74a8e84cbc6016013945f8c3549a7d887f3e88e7633c2fc0f8f861,Person Asking for Help,train,GROUP-60e55c01b5b0fc0d6dd426109270220d03adc3ec226509462665909b926b24d6,,unverified_recording_hash_fallback
AUD-e40ead7c1dc015786b177db41b60de9619b2d54493f70152ee99a2f21e7e760e,Person Asking for Help,train,GROUP-45821cc339d2229da3ee7fadffdc4cbe3684aec9a896df7637629da1a241e7a8,,unverified_recording_hash_fallback
AUD-e4130c7b8e1feb189901e4f3d371498456d69c47afee1bd74d5adcc98d3dd3a8,Person Asking for Help,train,GROUP-7f892dd32941da528947616b8f427c061ff34c189d9af077d105540129ea7db6,,unverified_recording_hash_fallback
AUD-e558944b9647604932c900ffa168cf5b4d2f449ed96c471842a9d8658761722b,Person Asking for Help,train,GROUP-f9ae9237316645306d2d4123dd5e8f2ecafc94abc8a95242eafd22c56452b501,,unverified_recording_hash_fallback
AUD-e5f902c850583317cf75565ecd3d80bd4139205b595873969ef7232aeed57c99,Person Asking for Help,test,GROUP-1bd40ebe63dfeaa333cbf03dd245fea4e0b02d6644a3d410c3dac1910574c227,,unverified_recording_hash_fallback
AUD-e60c906bbcceffb79b24415910ddef1a8e203d90ec6630b55797cb4e319e22e9,Person Asking for Help,train,GROUP-f4ec5968548c6525da67ca4c4702794cf17a69d498e2a83bdb102b0f0323c079,,unverified_recording_hash_fallback
AUD-e68cc1643e113450b154063ea17c6c30d4f1f67a4dd3fcdb2f9efda4de8dced3,Person Asking for Help,train,GROUP-b7fe229c1f868fb7652066a44c498810af7384e7f23948f78317313bf92585b7,,unverified_recording_hash_fallback
AUD-e72eaac6abb1044ec485d10e322641024ab19d5ba299cf19828f63cc60012508,Person Asking for Help,train,GROUP-6f057be12923a9b08ee132be6a99daf145efdc3754625f206d1f67d7767b5f67,,unverified_recording_hash_fallback
AUD-e739aef8e7c0e21fd083f0c2f49789e1a382442438f3701bc9086d880dddeb5d,Person Asking for Help,train,GROUP-ebf206ab93c4e177c90e404efdaf99df206f3e50656e82f6a69ecb6aa62e7d15,,unverified_recording_hash_fallback
AUD-e7dc835ec34bf2b7ef84695b853ee1799a5d10fc012561e5e08e766eed7af781,Person Asking for Help,train,GROUP-a65194bbd98b48a5eadb3275d537b7ede78460173cacdd9b2a21e403fed15f48,,unverified_recording_hash_fallback
AUD-e84b767201421b5ec33dd4bb55204ae5e4cc2c96e3921c714e2cf0d95d061d89,Person Asking for Help,train,GROUP-0f704f50fe0dbcaa6d21eac8640f36759d547f5f41d3d00c4cc88bb05737c60d,,unverified_recording_hash_fallback
AUD-e95ef4d85537d86264943ae22d6fcad3f11e4d7eb15c8314c2bebb534bd47795,Person Asking for Help,train,GROUP-f126f73774088b10b915b7e34ec0d846dcf78068ebcb909e55ccb445c30d7639,,unverified_recording_hash_fallback
AUD-eb3df8f0ca22169a6171db059335976d4d235f9783e847d44975519b893f6c7d,Person Asking for Help,train,GROUP-25306cd49cd3211f64e981626bf3cc88c8489244066ac6d4327d61d0bba32a73,,unverified_recording_hash_fallback
AUD-ebeb62586b4d192dba2c8b23016b8c29d32d603c7da12be3555e21d32c3059f2,Person Asking for Help,validation,GROUP-e68ed653eab6975fd0391275a61e90e030dac80d1331aed21b312e8135afea2c,,unverified_recording_hash_fallback
AUD-ec1a862a8aa17264afa08d8c997162a551984897ec477850c952930cde871c40,Person Asking for Help,test,GROUP-bcd102710bb670a8bf115a6c757bdcdc786c579e42171f88c8c5b9531b8b9067,,unverified_recording_hash_fallback
AUD-ecf3e695b2bc36cbe753d2c6e2e261804030c997734ab196138e404701f9b825,Person Asking for Help,train,GROUP-f4f709fab61d2174ef23b1d241a1a496ce24857ebb43449aaa3560eacb8042fa,,unverified_recording_hash_fallback
AUD-edd5438ce95cde304f0b1f45dc28ff648ec30d166441eaba1289d97b8a32460e,Person Asking for Help,train,GROUP-b7b3c78400bca24a20e7484788997d116c4f8b61bc944747740032fcc7a823c3,,unverified_recording_hash_fallback
AUD-ef75e7fc9e18fdbc0ef73d8a0628032fdda179eb9f1aca0ae970a55e453cd1ac,Person Asking for Help,train,GROUP-d4dfd7050b0d9aab4aed431a74e04f1fd2660552e4e12e9be47c48b846444998,,unverified_recording_hash_fallback
AUD-ef9e93bf110ca3410788290180d323a4880cd9f9f80f0c9783c07516046828f2,Person Asking for Help,train,GROUP-a1248a74780d4f2c67c7fd708f257245c9d0f669488fc01567a7c40ae9beeff6,,unverified_recording_hash_fallback
AUD-f134b07bb186142dbe88bd2ae738c35ac6fa0c2149c06d61bc94b83dff520453,Person Asking for Help,train,GROUP-153c0492d9660b8e41cc4fe2ad907477f998a7156373c1e6cea1ae0c21cde548,,unverified_recording_hash_fallback
AUD-f222941294d79c086ada8e820e1d943ac69fe7dd4a137cd92a5e73d2eefa98dc,Person Asking for Help,train,GROUP-6c4e741d121a7786724c7ef81327853acc4e62ddfc934497e257145e9291f1de,,unverified_recording_hash_fallback
AUD-f28c7799f02f34b91ef0394f321f97c626a18cd0559a4bd22ab820548401a7ff,Person Asking for Help,train,GROUP-372f59a749e2e762b6915a7e169743fc2f8bb0350320da1defdf471089b5b887,,unverified_recording_hash_fallback
AUD-f43a4f8888545862eba92855bf643b16722e7984e53722628358921945bf392d,Person Asking for Help,validation,GROUP-dd51efca931042694e56ac058dc4d0054c354db2edb9954770b6bf8f37ca02aa,,unverified_recording_hash_fallback
AUD-f5aee9cb25ade578bf86684c847bf545097ed2ff11c9318d31ab40465d9287e1,Person Asking for Help,validation,GROUP-7451ff6772fd09895ce73dda6ec2f0dd11d7c6f860e18232e1e896df794a477a,,unverified_recording_hash_fallback
AUD-f5bd05672b1f19f2c396e839ce97d244aedb14c283c9c7bc91abe340b98f1c82,Person Asking for Help,train,GROUP-048d86dbd233440f6ccd2b7f1ec495d99b063e6c6e188b15c5899dd87ab7ccfb,,unverified_recording_hash_fallback
AUD-f629b7bf5c5815442f288831772784d30a47207c20cee52383b253d1cdf6dc2c,Person Asking for Help,train,GROUP-84285b812c2789e3fabed3dadd88e67544fd52e1597966dec5f255f9f7548855,,unverified_recording_hash_fallback
AUD-f6727fecd74b5b0f3672ad46c490ae3d1b77db5ab8a2a64a7e49fa48c45618a1,Person Asking for Help,train,GROUP-9537ca4de77855e314c4ed1b5748d97d3c3f25cc432d0108ab7cda1583e947e4,,unverified_recording_hash_fallback
AUD-f74c6ed12292ae966f446624b38d85089ae9a3495aa334d424b9a3533a9eed57,Person Asking for Help,train,GROUP-f7878393a3afef94a5895ac65985fd135a69ca977b095c89264bd6d3c71ce11c,,unverified_recording_hash_fallback
AUD-f94574b01e83d8d51d6ceb0904c504fcb9a98510913ae1784fe715577d6da832,Person Asking for Help,train,GROUP-956b14f47708bb72d863e85f06b263d39bea8f2e6a7d0cb1e5393a5fc58a7a5f,,unverified_recording_hash_fallback
AUD-f972b82a16e9719b564f4b76f4d909284b340f5869e188786dab750edd5f88b2,Person Asking for Help,train,GROUP-3ed5c71353f59d17c21a68e0bb9d785dbf063244dc894cb24884f875e0b1e9c0,,unverified_recording_hash_fallback
AUD-f9b10057d83c8932067d228221f5eec1f39aa28d0fc7b6931421bd85424c337d,Person Asking for Help,train,GROUP-9963c21b48b55df7d3a4b8725e79fa95a4d9c56b9739b352b5f7ed5529c82d35,,unverified_recording_hash_fallback
AUD-fbddd47a1b56f1a3b38cd6002de58b58522beb973e41483812c5e8ea6787fd12,Person Asking for Help,train,GROUP-1a09aa9cb7b3de2b05488cfd655053f4963c4f172d2ebe8db03ab9fff29d6e26,,unverified_recording_hash_fallback
AUD-fbff8b0a64ed1b9f10c7467029e187faab0bb5d728d5cd2dc00889eff664e812,Person Asking for Help,train,GROUP-12b79a92eb2b83a14fee5c854b7c8dea03237af047ebaaf56cadd3c16b78d15a,,unverified_recording_hash_fallback
AUD-fc1f6eae9eea92a8fe77b34bf89ad3db817e067ecff6a1432d79602821b8575c,Person Asking for Help,validation,GROUP-4fff2e89d476b5a5222e7f340c12b8accb16e3d3c04168eb98315b6359a10f61,,unverified_recording_hash_fallback
AUD-fc2c8d6bee29db5b1dc8cc70085ae0bc7a6a7a0dba969eb3418198dde2a83c9b,Person Asking for Help,train,GROUP-ec4d3c089660c1e3df453b1054209fbbbf53382efac11808ad41b4bf8f4eafe8,,unverified_recording_hash_fallback
AUD-fde798c2aed003a1ba965d2a7b0dd322e51e2daf0cbe9185b193a9e650d4df89,Person Asking for Help,test,GROUP-4a274a5b4828625d28a17bef37fb95937f46d88ca4ba81b1e45fe1f310d82a71,,unverified_recording_hash_fallback
AUD-ff34323ad76fe2a1fb4147d5bddd2b6a908543215604b08587afcf6c0c1e4f06,Person Asking for Help,train,GROUP-9cb937c33257e866c0d89e0668dc05d0ac01eecc7d1ab187bd19f250e0767d33,,unverified_recording_hash_fallback
AUD-ff3461165adf2f141af5afb7223b8d04d473eba598e9857d166f76c8e578892d,Person Asking for Help,train,GROUP-6c709b8dda576201598a7f91db65b8106966d150949257c8a95ba11f6ecc9ecc,,unverified_recording_hash_fallback
AUD-ff8fe8624040a9628e0ddd77e30d75ba651f812b39f5237b932794c3cc0a013c,Person Asking for Help,test,GROUP-a91798389439b007526593882e7fbeaa9dc39b7f37558d1880e95e4628104c1c,,unverified_recording_hash_fallback
AUD-008f0629a56f838e90c8d5dadc2fac9b0f6b4a3a4876eac236f84fcd36fce029,Vehicle Horn,train,GROUP-2480c9ab375bdd11bab4d0a85eff1d2f744e8de1138795d9acf43c7a4317b42c,,unverified_recording_hash_fallback
AUD-0101646eb45016812ca0848da951e13dbb787e208ba413ff9128677492f3b345,Vehicle Horn,validation,GROUP-ebb0292a49675fc83c4841912652a6644a73cfda488c5c065d8e3141633a5482,,unverified_recording_hash_fallback
AUD-01b58cf4e441df3aa450b7da6168a86c7b4950cc8abcb2a58f854bda680a0cbc,Vehicle Horn,validation,GROUP-4e745c03826cccdb82fa7b2d53aff8984e07d20068459e118930b85c26b71159,,unverified_recording_hash_fallback
AUD-022e9e4d612f20c19160a024623cf487f3c48e49068181a95d65d0c1dd3b2f19,Vehicle Horn,test,GROUP-0febf9c2b446a4cf79c9fd8d0a36f4cf5bf7574c5badf3be30467bcac33a8615,,unverified_recording_hash_fallback
AUD-02e06297d9a6f79d54a3e38493b328c48eb60c03c07893ad0e16e2ba3f2cbe14,Vehicle Horn,train,GROUP-d0106385e562778e91618138f0831cac92992537192cbd313e0c5cc7f3bd1863,,unverified_recording_hash_fallback
AUD-036188b369bc1a97c7956510610ca465b4d2711b62420aa04a5165f3b92abb34,Vehicle Horn,train,GROUP-18166c07806cf89ebf31b254f6be220534108d66db609dfe57edf4790e6ca514,,unverified_recording_hash_fallback
AUD-04310fc6625af1a421c3e509e14502b92ab272517e39fdddbf2b275425f1ce97,Vehicle Horn,train,GROUP-0693fb5b96aeef08ffdd9307592f188a6bc77eb299eece8715abd5809f37b0da,,unverified_recording_hash_fallback
AUD-059806a35bd0c69e0bbd0206c95777dbee5ffd63a65c53973395576388424db2,Vehicle Horn,train,GROUP-077264203eacbbf014d60a665d8cc254ab20925fa09cc6354ee9a90e2231a495,,unverified_recording_hash_fallback
AUD-0616a2bdef0093ddf12befbe667c8efa2eeacc8b67a28a78034d31f2211e8548,Vehicle Horn,train,GROUP-7f9b38526e5b1607da29a8c8fc1744b3b090155df4aa78fc0c253457c270b6d5,,unverified_recording_hash_fallback
AUD-062519ee22521106842773652cf17aea45d9751d57b085da629a2f599c9e78b2,Vehicle Horn,train,GROUP-4fa584eba8a5e76b7e2746786e0f0e71c9c01e3ea51bcbf9459b7ba238508f72,,unverified_recording_hash_fallback
AUD-065180faf2fbacef011a8d04a2e649de48a8934629298bf271975dc85c93a6b6,Vehicle Horn,train,GROUP-4f3374f2dd14f34f6e5d899c26d6ccba28518317d7529a4aa77892339747a8cf,,unverified_recording_hash_fallback
AUD-06bf0def67612426ffec956bed0e74677fbc75a05016440807d6de4ba3154e3f,Vehicle Horn,train,GROUP-026fdbfba602be38f224242de28787c4ed99f30a09362d764f26675c1a4b9d08,,unverified_recording_hash_fallback
AUD-070f178fd5d1b9e2c6ab495b7217220a51da8ea8417b1c76b30dd7413717fea6,Vehicle Horn,train,GROUP-958741d7af0e8b4380778ad07def31e7b2eb6cf8f916096f949d37730a516a0c,,unverified_recording_hash_fallback
AUD-07851f4d20758f61d41d472fa98ffaf7d6b58d83b5fc3543bd0371d67944aa88,Vehicle Horn,train,GROUP-201768010bccbee280721a10e46a6d0f2e4592d701e84e447cc807a4a6556c61,,unverified_recording_hash_fallback
AUD-08e085c38ff1a4cefdec54cd825053b8fa58c678f455bf21987a579ad20da4bb,Vehicle Horn,validation,GROUP-c7c18693d3957fd57ef6190f24689f13cf6ed4ba04a1c824bcf6a98ff66735b0,,unverified_recording_hash_fallback
AUD-09575c3a128a50a9079714f7388992d1e8bd509e505e24645a75fa74d4a4e493,Vehicle Horn,test,GROUP-867e28891f1b58ece55fa9d86772a4541b5b55228f7f665d087c560af4ba19b0,,unverified_recording_hash_fallback
AUD-09901f4749ee00315f9e612459d107a607685dde504d1e589055c8620caa1fae,Vehicle Horn,validation,GROUP-185acd891697f63466883dbeb59a298d0be5e3119aaf056d49bce45f470693da,,unverified_recording_hash_fallback
AUD-09d5e91a9ba0876bcb9d8f9f82866ff6023c0373da582007e590b64d0b788bc1,Vehicle Horn,train,GROUP-195dc5e4e60a97db5558d517538aaa2609baf469301bf00693836b676f329b2a,,unverified_recording_hash_fallback
AUD-0a099d585c12016f13bc4afc4bc3b206f8a15a2bbf077ea25a03f1439138d3f7,Vehicle Horn,train,GROUP-2a62645fc4e0f2122a6f2cc0ed390ff6ddad45da91ca55b560ce60902283a8d3,,unverified_recording_hash_fallback
AUD-0a879af44d32295d7f380c2f2404005e1ffbc28fb21124459f351e2c3af74fae,Vehicle Horn,train,GROUP-822f2ba673aa61ab193027f33c68e9ce8b8a40514887c9d2ddd102c9df682970,,unverified_recording_hash_fallback
AUD-0be64c43b8dd3ff721791c94aa9960b8382a629f0cb5ef5e04c07d7829a3f710,Vehicle Horn,train,GROUP-e860d9b5261c62c6b50af8b4f73bc3d9816ed1aa80edd79f2c2188763c99aa0d,,unverified_recording_hash_fallback
AUD-0c445f161c8c7b915877b47bf47742388f93af692031be1288df20cdd9ff8198,Vehicle Horn,train,GROUP-4987087475973a3c8899b09dfbc50cb01be98a5a07bbe4375a176e3cbb86df64,,unverified_recording_hash_fallback
AUD-0d1a8e0ab8c0fe2618556e7c87184e9c5a9e1886f114a78cc118752e3593696c,Vehicle Horn,train,GROUP-609a1ca338772da7b12d13659c9c64c1473e36616b361d998a0f5cce95956cc9,,unverified_recording_hash_fallback
AUD-0e9c2caa98298247b0a480dbcea6517c245f5516a0d45a9609822a7bf5496533,Vehicle Horn,train,GROUP-43b84ce93907036417c2ba2448e5fba4f75166bff05b1c50dcea27104de0ca1f,,unverified_recording_hash_fallback
AUD-0eb64b05b589a0026c1d86d1ab47c4c7ac07e6da1a608816583973a487a7f37c,Vehicle Horn,validation,GROUP-e02989e7421658301e965e942f4af371a522c7361fbc78b6608b37a673b7de50,,unverified_recording_hash_fallback
AUD-100669fb83fa2ec6a2d41e74ec6b2ede500af8a33ed4f99b5c55995ad33a8b72,Vehicle Horn,validation,GROUP-ee5a8cfd1adf7702d69547bd5dff842735ce55b76982408d9787f3b39989daa4,,unverified_recording_hash_fallback
AUD-101c34bb3664367a7714e3f7d73c0f542fd7a4a99b2cd274ae8311f1cd427f8c,Vehicle Horn,train,GROUP-7bb49c0b3c329c502e3d45c05deb28817f88606ff91a4de53072614e48408c5f,,unverified_recording_hash_fallback
AUD-107920c28731f5b546b5a92528caf6397590800326efd886dcfbdf50ff1b4d3d,Vehicle Horn,train,GROUP-8d135a007d12d6691f360ef9706633fe5a99279b45afec63a33370e483f14ed4,,unverified_recording_hash_fallback
AUD-1124fc9994806544f8b4cd32e0a0e3c582654fa3cdc46e666235fa9793c6a102,Vehicle Horn,validation,GROUP-d74e08d0f68ab76e65662c2207133a202ab06833ad6c9c299e4b5e12298258e3,,unverified_recording_hash_fallback
AUD-1189cc7267c0c17112c29114b1f19c68594ee288d7fcd9e926f4f79a657b1d8c,Vehicle Horn,train,GROUP-5ffed8431c5147851bf64a0292a22cddd2132861ad4ee8c146b7b26d2261a006,,unverified_recording_hash_fallback
AUD-147b24595717a0a53fe7a8ee07b695f462d31936b08544764bd92eb7db378bd1,Vehicle Horn,validation,GROUP-f37377b55dd251354d8fa9100fea1906eae10842b3f22fd39971c1283e1a7e9a,,unverified_recording_hash_fallback
AUD-1509dd53b95d1fbe55af7e89fafca6bc5930ad5af0d45c6ec1c37d4f68eb5e36,Vehicle Horn,test,GROUP-b0749a32136ce55c401a6301a958bd574848f6bde07f83c5f66d3c41aad719e1,,unverified_recording_hash_fallback
AUD-15166df96c62cee0b394a066ac5a79d4c690c29f60e8ac0195f98c1d46f67836,Vehicle Horn,train,GROUP-98649aa9c7dd201b8d95afbd0f651484619b2f765f8130698f9c1f32aade2818,,unverified_recording_hash_fallback
AUD-1588a277aae3b3673860ca5fe168147c16c312dca3f77d2d49d84acecf1ecde5,Vehicle Horn,train,GROUP-20e91039b29fb6de52d2f6d7f2e62de8f9fc8d4fc076b89c3c98dfa9c0fccb53,,unverified_recording_hash_fallback
AUD-179d8a4d49fe2b2d698f89d193b6e3166643e1db96ff1ef0d98ec307a0ee7290,Vehicle Horn,test,GROUP-580d9ea9c7e89999d54f2af983b81e37c55d2e8966c127918167edc2cf36da0e,,unverified_recording_hash_fallback
AUD-18333217b1d74fd35a07c4d5a8a50bf6ca156fc0993f2de63b9047ca720105da,Vehicle Horn,train,GROUP-4368073ce89fea10d9910b6e21c66f393ba5ee459098af2b7f67f17342373139,,unverified_recording_hash_fallback
AUD-19b0742db99d4ad7aae57557f88a4829dc015c3e6d44f36aae6eae566a12699f,Vehicle Horn,train,GROUP-f17b52e43ba942b32570a1a5894772835e876da884d5adae3c5491e536b078d6,,unverified_recording_hash_fallback
AUD-1aa0c3857ce6a659c8d4e416c2b88e4546aa09215ae0af5423d8c995ff3363bc,Vehicle Horn,train,GROUP-f6aab0adbcc9c522df14fbf16b1f04340b6a70d86393f2e280fee651779fdcb2,,unverified_recording_hash_fallback
AUD-1b13059e3e7cc3314b19577f2f33f407e8dcbbaa4af954e63d0fb3c51e9d6026,Vehicle Horn,train,GROUP-27e5ed3bb025e08afc2cbeedd82497d17bfd7c38bc306a5ab4e0b1c793281c16,,unverified_recording_hash_fallback
AUD-1b45809e8fd86ab898f99ae8e372e3225ad884d79f18990175d95d2e68b5473e,Vehicle Horn,train,GROUP-49c0533831ae048fb340f22cb51adce487bce9d15cd9a3c44685ea1107bed680,,unverified_recording_hash_fallback
AUD-1d35b9a1eaf2af253eadf17fe708478de597e3cd3c76090bd24a56ee06b062cc,Vehicle Horn,train,GROUP-93a3f0a236b69ec63766021beaa7d26249bbf7f0dd219aa74be18945e0e032d5,,unverified_recording_hash_fallback
AUD-1db4962afdf08d72c9c49a6861cbf3bf7ae0bd2478400ff0d3b0305dbd36db53,Vehicle Horn,train,GROUP-a3924dffca72c54da7de29c0e4ead6e88983738a910fa3e385d1ec35b652797c,,unverified_recording_hash_fallback
AUD-1e3bd4dc16c692f479faed4cf408a364ff9e023db3aaead70deff1ec38883caa,Vehicle Horn,validation,GROUP-5add5dd6d5d241b01c47379cc5606069c91634dbbf53913388d55a6253805248,,unverified_recording_hash_fallback
AUD-2068a21226095b8ebe4245bbb4dab17be94093c63ba0b0de5ccd01fd27c5a20d,Vehicle Horn,train,GROUP-b14990d4b99b14b4527fba635657a4447941abc3428fb7e4e856014d4a4966c7,,unverified_recording_hash_fallback
AUD-21824541e2f5a595568dc723b0c958bb0e5f770db599fe3f5a762321e42d0ea2,Vehicle Horn,train,GROUP-8155008e14479cdbf63ad37ca2c354b593e95876d73186e2866a38797ab3fc4d,,unverified_recording_hash_fallback
AUD-21d6ee789e429275d39b9a25ab58273222554ffe7ad4ff3ac2734f924177a981,Vehicle Horn,train,GROUP-46b21c28c0de52528ef07385753bdd6459ba33fadbb9ee211ae3e5e02543112a,,unverified_recording_hash_fallback
AUD-22c1869607db5ccb495dde75667606a3026cc08c1f29c53af59834296706d5fb,Vehicle Horn,train,GROUP-176fe977a0904d84d3ec0ffc29e3917281e41abdfe93335a85556b8f56496b60,,unverified_recording_hash_fallback
AUD-22fcd743a2c67ac93593e2b39db146eb5d652d6dc06d95a7380940c048b0d608,Vehicle Horn,train,GROUP-3d009d81d0d2f6e1c990e9bcccddad5c3f287a0e7f5c046bce8faa298d827d33,,unverified_recording_hash_fallback
AUD-2326a8a336a42c0b0d7873bbffdd44e91a5aaa5b299cc62c11422168ab4a6b02,Vehicle Horn,validation,GROUP-32ddbe057cb9a6035499745f254dcdc4894d0a0f5c61fec729cd3b8f7ef72339,,unverified_recording_hash_fallback
AUD-242d1e2a9a53e7324b06ca29a37507879cb4c24ca5594fb611b8a5da1a264883,Vehicle Horn,test,GROUP-2f20aef7e07d73b5b77cfca9609f0423d5b6b0534d6ab5a3c76df2541adf6b90,,unverified_recording_hash_fallback
AUD-2461c1b5239bd8fea68eb4da14a3dc47e4c87102ad5359ad700f7e85ed7acad7,Vehicle Horn,test,GROUP-b28101f2b1e000bf84dae0d8bfa6e0ff8579e2ea9ce4dc35530c8cf9a83b818f,,unverified_recording_hash_fallback
AUD-24a1a32a751dffce8db0e54b30d0029adeb84966105a5d94bf25fcd68f56dd3b,Vehicle Horn,train,GROUP-c25996cd5ed6701f4d92b03ceb21b8c1c7ea34b10a28d80f1bc9516415b337f0,,unverified_recording_hash_fallback
AUD-2738e16e133d58aff3eaa3a06866f4c026eb91f8904ca4db42bcd0d8a5c6b7fc,Vehicle Horn,train,GROUP-6102296ef23c594144fd43062196aecb2975d74a3a96c9f4e325a6eac7816114,,unverified_recording_hash_fallback
AUD-275b1bd912dde8c8ed8ce8c9bbab46bfa06567267fad4bce40ce53b111454193,Vehicle Horn,train,GROUP-435ff639b28f7c10f83cb0d551290379881b94fc802cccbcb6eee57fff3f284b,,unverified_recording_hash_fallback
AUD-27e18fec96920f5f8899cf492c6495fa5ee7b4a170b82198a640a27a40e40e55,Vehicle Horn,train,GROUP-0457700955c85c93aba9eabcb521ee4b48d32bd2e21da40bc1fbc1b8b75ed6e6,,unverified_recording_hash_fallback
AUD-29474b79384c0c3c1e3a8de143b02ee4ad9f684b63a2bbbf40b06fa4fddcc633,Vehicle Horn,train,GROUP-e264b3217a89dcf72b4b820b49766e7e60d63fda803de48f508a77529fc1a298,,unverified_recording_hash_fallback
AUD-29f2c361b9b199e08ce44709abbd9e69f2eaba741ddede9941f70b2a0d988af3,Vehicle Horn,test,GROUP-87b641a22a6089ccec61119391d58cd0c9357b7089a17b7d3eb6c08ade10305d,,unverified_recording_hash_fallback
AUD-2a26d08367ebdfceef7a1d7f59423a3a85ca93f092538fe2e4fa182f5c7da735,Vehicle Horn,validation,GROUP-d33ac83bb46a509256bd9427d59c83bb298a03df1f5cbf19630ef82b0e46cf7c,,unverified_recording_hash_fallback
AUD-2a36623cf98368ed8762ac8a68093a1798d31add68e2e7c1116f60353c9090f4,Vehicle Horn,train,GROUP-bf0c85d6f1145f1cc03bfa9247488c616960066909601441faf02148d2af9583,,unverified_recording_hash_fallback
AUD-2c63ab9fd9d70d3d0e2b37a8fa308b581e57e86cc9f38af10cf022936a9a48ea,Vehicle Horn,train,GROUP-339ae5b94fedce2514bc1b43e5bcb240940d408ce84b99f97d6cdfae1a7cba05,,unverified_recording_hash_fallback
AUD-2cbe1f6c821bda3ee61759c5f9986670148f7947ee84400b3f16a86434cfee20,Vehicle Horn,train,GROUP-06608d705ac159c2ba7fd5908e962c249e0aa1cf96d652117c7cd0e85aaf53ef,,unverified_recording_hash_fallback
AUD-2d271541830fdd42301b29b56f2c3b7b1ef28ed880e0dc00ada37ba1362135a8,Vehicle Horn,train,GROUP-86b92011ebd15296fe3634e07cd6f58c1bb1ba48ef29256cd38d573bddcd5b5a,,unverified_recording_hash_fallback
AUD-2e23254317d275627862b2e0c11afb4904f28392223056f5c17dd7ee327d53b7,Vehicle Horn,train,GROUP-cb743e3a26fc394cad7a576529b6dced97da031edb69af633b027db6ffc5204a,,unverified_recording_hash_fallback
AUD-2e36f7fbff7cc7f0174b898887aa67b6b2be667c0eba10b4127b731b7c73f06d,Vehicle Horn,train,GROUP-1bfbb083f0cb35ac57bf3f1d48f334ec2917c1ca76e302cf53702876d73cfb85,,unverified_recording_hash_fallback
AUD-2ed1f625d0cee01d48ca6f5e6561adc0c9a6bff95d932f3a03e448e872f7243f,Vehicle Horn,test,GROUP-44e24f298d3df14c5bc66d9dc9b4430eada37ffe0f9df74e7a33910a7e745e25,,unverified_recording_hash_fallback
AUD-31a8fc3831ecd4957cd07dd4893d39790247f2a92762d783274b071f7255517e,Vehicle Horn,train,GROUP-049bcfdbcfaaefbe6845848663260643a28523c68df1631f5d59a9e8ab588cef,,unverified_recording_hash_fallback
AUD-3511f244d40cb59dc2d37ce539ae7302eea33323aff81c3f2cd677effd574b74,Vehicle Horn,train,GROUP-cc0a63a48b3c655dc56c33c5be1136e3462edc9332e7ecc95cd7a1477c56f2e4,,unverified_recording_hash_fallback
AUD-354e17f16baffa902215cfdd65428133e7a0a626d87ac97ba1f185eba32e2aed,Vehicle Horn,train,GROUP-da80730a6884df99cdd91fbb2d18963f91ff9c728ff2b3014628c6616bb18801,,unverified_recording_hash_fallback
AUD-37d0e26bee2c2317aa3425cbe7c82aec5cb3b2e6d0733047769b0488660f4b33,Vehicle Horn,validation,GROUP-00e01f3f96dd34a2ba7c7db82989eb83067d1479f7e4443f87c80cf095a99b7f,,unverified_recording_hash_fallback
AUD-39199cb8a12c273020dbd616179f32a1b6ad8033669ea04ca72f98e519e38b82,Vehicle Horn,train,GROUP-6860f491df59b9c6ac552c6822628bc6cd1f16e8a9bd2ed4f49f5ca74902aa1e,,unverified_recording_hash_fallback
AUD-39c79eae15c4d4e1f683559f2015a9cafff31d9291a7696546b14d2c50a631d9,Vehicle Horn,train,GROUP-a934f13a51b466d86c4bde6b0068396f31019ad4151d756bb8de3919edc6f5df,,unverified_recording_hash_fallback
AUD-3a0b3ee235c172177557589bd6782c09aafdff24d9fd52b695a764e6ba7fb5a2,Vehicle Horn,train,GROUP-5817d6044fefcac7ae4f1eb8ce1acd3eb0378846abbee824506a2b01e512bbd7,,unverified_recording_hash_fallback
AUD-3ab51f6d9be51437fcf2b8cd1ea4d56c312a9edbcd98a25576eb2cd1b4d96848,Vehicle Horn,train,GROUP-3b8a6153f2d918f3911f3e013fa5a774c2601f22bd5eac5f841c502f6c8a80f7,,unverified_recording_hash_fallback
AUD-3e6cf4991caf2dbf24413863de3924e568036741cd7bb24f73141c07f7552c24,Vehicle Horn,train,GROUP-c061655e0502873097ccdaa6af3e470096509fd4f82d3d49215931715b5157b6,,unverified_recording_hash_fallback
AUD-3e934a40b99a2296fbbbeecad18dd77d8fe2fd930e53996d1c5d948055401173,Vehicle Horn,train,GROUP-a10466d42665b0bbde6539450ef9981430864c8366c42787319f4d0d1e04f699,,unverified_recording_hash_fallback
AUD-3e9f95542455b5019a39fa5397d1005c319055dfbe86c1bb3f8f5ecf1606910c,Vehicle Horn,test,GROUP-b926208568e260c20f7b4da19d113554b972d0a7a63370765c62737d94073e43,,unverified_recording_hash_fallback
AUD-3ff3bf7b333bee1251a66bb36e346a5f619017ebd75fa7680cf6a1fc83163186,Vehicle Horn,train,GROUP-26a9cc9fa420716e86f5ae6cd5862a20866a41a1d7908ab2362008b4980a3a44,,unverified_recording_hash_fallback
AUD-402b44f219876f850c554735bb0438f9daf75b0f73ff03c275a1900c775260b3,Vehicle Horn,test,GROUP-243fe197b0c6796851d8b7dfcf74013127bec28a27c55cbe3c99db57daeb2e06,,unverified_recording_hash_fallback
AUD-413bab7c44be16a27c2555903a5faf242dc7433450c75f099554a6ffd4e4601e,Vehicle Horn,train,GROUP-18fc934d8b51ce181ee4ad7949d49d0c4b0cb4723d6719f96a99f767defad985,,unverified_recording_hash_fallback
AUD-43723e04d61052590a2b7e9b4a6133bd04cf9d269da4caabdf867cd2004dcbb9,Vehicle Horn,train,GROUP-5f8087cd33cfa7d26024aaf028698ca069934c32b209120fb0b37935ceb9e607,,unverified_recording_hash_fallback
AUD-43d45567fed0834320c73738b92c37964e3cd655f49f6e8ecf9cc8eabfb5b257,Vehicle Horn,train,GROUP-73cb15723125ae5057e06c1d354222d25bb18fa6c783f858897e6df69e04fbe0,,unverified_recording_hash_fallback
AUD-448d5afa6fff40c5f5e4c3cc817fdb9ea48d285d7495cff99952a98334213bd0,Vehicle Horn,validation,GROUP-c0e605e80acf7a5781a735c758e85ae3d9b3b994e76e976ba1f55daed59a9c2f,,unverified_recording_hash_fallback
AUD-44a53473fa9c6de6e65a7d5bd75b4275fd2564c92a3acde0660a9ab42b050bc1,Vehicle Horn,train,GROUP-f85bdd9dea7dc032d5667073a1f05d47e223776fff16879ff220acbbff0f9b5f,,unverified_recording_hash_fallback
AUD-4501da5ff14fb1e6d78a936a63ae88fdb20213c647647656f85a194a87b63c7d,Vehicle Horn,train,GROUP-e523b7df4eafd2df2ac2e14e9253e73df81a7564d40d4e4f7996716a03c08e7d,,unverified_recording_hash_fallback
AUD-469d6cf7023c0534d51f88a691b003a51e07d11507d9fae6e4d294c72237af62,Vehicle Horn,train,GROUP-3c7aad94440781d1e7e13800a3d7784fb763c91868ee8bf0814d61e26b5cd7d7,,unverified_recording_hash_fallback
AUD-476f7679a3c289b8fb3a5dfa9646f7dc24400c9da26f1b6b375d204471580b60,Vehicle Horn,test,GROUP-3553004dbb7ff1a8723ea5ee310834a04f5a68f95c0eb40ff0cc640b9bf4f65a,,unverified_recording_hash_fallback
AUD-47c175492a45786d15506a109aef7a2065ade9bc3c18bcaad719ba06ee8ec843,Vehicle Horn,train,GROUP-db369bbfc7008fafef6b2c91aca7f2c57056be97610b919cdde4d6bea2a3e66d,,unverified_recording_hash_fallback
AUD-48c9c62c0b453b3fc18a2403d0af575a14d905577b5e7d6801e4e42e765e4610,Vehicle Horn,validation,GROUP-75326e714378410d7823882c0ee60e6e2b890f9cb16d05658cfb63a03b623697,,unverified_recording_hash_fallback
AUD-48f20230a460105554d2a6a806782842310cc70ac12d8a1fdfb858581d04ebd0,Vehicle Horn,train,GROUP-fc01ef427a48d5931a04715ae11c76faedbd1a8dbc91f8241acbd481879cb532,,unverified_recording_hash_fallback
AUD-48f59183cbd8de0e1038306b5ed62b479030cb66395eabc82937671c98fbd13f,Vehicle Horn,train,GROUP-77e17984212467778791880c4673d51b4543d02f54ea78c63b86db522d008528,,unverified_recording_hash_fallback
AUD-49309f6854750b2fcdf8da759e127061af40dfb83cb79ed696fa05c23a674bea,Vehicle Horn,train,GROUP-dc7b3b103d487d85e6fb00fbc65f190e43c09b9619f1849234139617b69ce2f3,,unverified_recording_hash_fallback
AUD-49cdf73107dc600cce622d8b40ad27b69e86762c7c25374d56079d8e6f207b49,Vehicle Horn,train,GROUP-c383147911342edb19efa3eb61ca6c851c46fcf562c6d24520711d61854fb894,,unverified_recording_hash_fallback
AUD-4a6639452acf4042cf05f93762449103a57fb2c3e74b9174a206e28f7a76f0f3,Vehicle Horn,train,GROUP-38e736e3c271db88f1b4874b4d03c6f1c4ae92f93b7b6346914962d49309f4c2,,unverified_recording_hash_fallback
AUD-4acdd86734c78f06078b92a9b54120c4b93ecb068db3036ec06ecab357be9241,Vehicle Horn,train,GROUP-c037295455211c50df97a6dfaef607784a0089ad53193dceceb85f4432c0f345,,unverified_recording_hash_fallback
AUD-4aeab345be2e19f8b4a64019aeb5ec848955a68934fb835be54e02c2c14d2ca5,Vehicle Horn,test,GROUP-db4832b7885bc0399ad10cb78cae69fc565e2af3ca521b528c750c87647351c9,,unverified_recording_hash_fallback
AUD-4aecdf3a728a7605307d810021c3b79c1f4026f5ee9e65e6845d2c2fe4ad38e2,Vehicle Horn,train,GROUP-f7fbbcbc1f35558c5589211f8b1586b3965321ffa677812b5cc190e2796a181f,,unverified_recording_hash_fallback
AUD-4cdb6745717801479e6ce320e81e2b44f6b5da2d874194196f0cf3d338988cba,Vehicle Horn,validation,GROUP-8f314ab12e4727cf04c6983efb799fd4e480626afce51910d4505a24ca77779e,,unverified_recording_hash_fallback
AUD-4e20516a241ecda6621641f3cf44f50956fd19a347ea882da3ec1f3121952534,Vehicle Horn,train,GROUP-bd64e0e3744de4557ae08f767cba09e1ddfe69cafb244d66cf42da905714a7c1,,unverified_recording_hash_fallback
AUD-4f409f0fd315a3136a3b41a8547593e9033304eb3776a9117b6f748d717c6131,Vehicle Horn,train,GROUP-405fe355ab64928cfac38d38ee435481e6c9b46eb21b9890a6fa6c51e56ca2ac,,unverified_recording_hash_fallback
AUD-4f48c18090c4f5fe4d47770d19c16d16bbb7600262d25f2d0e0cdb254d19c42d,Vehicle Horn,train,GROUP-5a87f4699e51f1368ca29d77e6a00b01f17c9452d0de6091d3e2c3ec229e3712,,unverified_recording_hash_fallback
AUD-4f9fa3e1f8ee147ac7ec45e099394946faad55c281ec2f6bec4ed4bc02976f5e,Vehicle Horn,train,GROUP-e7d864a0c715c48f582c6d6b9ed86cac3045d6c18c5296ce1a6157997e6b5e05,,unverified_recording_hash_fallback
AUD-503dc0c4ca2cb73f86a50021e2a202af69f909a4ee037afdc934a324659d2453,Vehicle Horn,train,GROUP-4d220d9eea5d8e78080837c33b4b2e8adeec5609edc489590a43dac97ebbbd54,,unverified_recording_hash_fallback
AUD-5096511a740bb9dce725aad26fb3c66654a5a9a8327d5736925d4fe85e897c4c,Vehicle Horn,test,GROUP-f38d46132c9ef81b9dba47a7227c2ec4205021522061039ddb27bbe614e80d3a,,unverified_recording_hash_fallback
AUD-537e1fb00e006440a4e2b7c37c33ea28297c4a105a5ccbfcb3de6dd39fcb4399,Vehicle Horn,validation,GROUP-1e8a35d323ccdb1f3a561a6cdc8f8b88d4f353f5a288b6a0b9261981def7f534,,unverified_recording_hash_fallback
AUD-54016987961fbeef66af5c7b11c868a183121d94f204bf16627d2a17a011e1be,Vehicle Horn,train,GROUP-0669c90bf0105ec0714d309a9f5d3df4097c0349baffd5d775ea98795a81e87f,,unverified_recording_hash_fallback
AUD-555ed82ecc144938f40a19ca64a46214d4a97f4636442c19160db0219998d996,Vehicle Horn,train,GROUP-317f7071e82c51ff12e88f27a76b88de7386b84c4335fb23d034a8333a7e8e29,,unverified_recording_hash_fallback
AUD-565bdfb287db5066d4751a0f41f2b09a93684e739b27700861f8388edd68cf8d,Vehicle Horn,train,GROUP-11d3d89c4fdbe94013488f3dc172aa48ffcc0a04c7bb3f6284c79e596a0ae12c,,unverified_recording_hash_fallback
AUD-56d832e32a09d58b8c2cdb289ad6fbdc34c6071ca94c8317eb15c2cee9a829ba,Vehicle Horn,train,GROUP-59e7584bc2cb39e31898b68c96d545aa8b945689dbedf159c22d20d31408277a,,unverified_recording_hash_fallback
AUD-572d4066186fbaf3dbc202a3106b7d4ceb44a2fa12f5e97f128c22d07ebf3acf,Vehicle Horn,test,GROUP-ff77a57c268457ca0da4ddc2e5b92db3044241235b3bf66d98ee6ea8c3a34bae,,unverified_recording_hash_fallback
AUD-584105ed3c358c7b55e05e7986894c35edd582dca8bc1f567cc7571a4f7cff03,Vehicle Horn,train,GROUP-7ed3f02f074ed1a595f0cd4e391d6189b33da7475815b386b730f0e19e0bd409,,unverified_recording_hash_fallback
AUD-58b1082cd3380557ba5aa3884970c94991b5d655d95863db64dab6ebfbc703de,Vehicle Horn,train,GROUP-adf96ad6d8469afe7cd85db61cfa877072e22c025b4989598cf784474b042d59,,unverified_recording_hash_fallback
AUD-58f0b3b05cdf9d984880d21a999605c035dd939a1acd800e1b45493b9cec6c6b,Vehicle Horn,train,GROUP-b8bfd868a337f69fda8f38d2c08b1c2d6ee1f87d4197260a4ea30416b69cb908,,unverified_recording_hash_fallback
AUD-5939f6534367e1eb1105fcd75eaa9091cbb0965cecb310a04d3ab987fd1de6e3,Vehicle Horn,train,GROUP-12c6e71c549122db3dfdd913d9d1ba3edf96effeb5958754d1d2e029b3dd53ba,,unverified_recording_hash_fallback
AUD-59a1a8ea2c6addd31b8d58edcb8e708a2d82da00cec881617e547249452aa967,Vehicle Horn,test,GROUP-fefb0cd017fed2871c8e5aa4b2992a1e49c7c98655a13a2f092eb01bb73f8fb3,,unverified_recording_hash_fallback
AUD-59d22901fafdfbe2636bbbfa03f188e31035a6d2e20913da89531bfe68add94f,Vehicle Horn,train,GROUP-fa42e979b4465cada95951a946b20a9fa7a9c5503bc9a2af3404de251a2c10be,,unverified_recording_hash_fallback
AUD-5a2a6a7b4b43783e386e16abc1af5e7d0597bea8747d014b903691a9bc70a1c5,Vehicle Horn,train,GROUP-3f1d8952002ddb3189aececb22811f4418f3ca144cc6c93525b3cfd8f701adcf,,unverified_recording_hash_fallback
AUD-5a2df2a039d222dc0a16b012cda811212421e07276efe95fff72997047c51943,Vehicle Horn,train,GROUP-e981de15b47dcbb537a1749771e30d817918a94a72253617bef7998402db8322,,unverified_recording_hash_fallback
AUD-5b4c1432080b10c1aad29722dcdcb89805e96400cbc9e2f28209a96a529dc440,Vehicle Horn,validation,GROUP-4ba2eedb9b2f18d80a67afc150644b3e21b4ccc34e9e9f08ed3be3be46c9cc7e,,unverified_recording_hash_fallback
AUD-5c4ec0060875ee076055521c54062e4a0a19a037cad0d4872bcf99e645de9520,Vehicle Horn,train,GROUP-545838721e0d977933271b39e9f6f8cb38187d693d1749e89c2892c3837235f4,,unverified_recording_hash_fallback
AUD-5c62ba92c2be4c36ff3d45ef907fb76024a6614ff6506ae93c3aa59d878a819f,Vehicle Horn,test,GROUP-8b2d91a45b0bd538b0c22b0c8adbb4c1b4d9950ba6d3d031827494ee34213866,,unverified_recording_hash_fallback
AUD-5f5986a4aa1df1df3a8c011d70a998f7343c064f8b22599056f4ef95b7274f5b,Vehicle Horn,train,GROUP-3e5b64dae6dda6ad9de68975648f0e62a3cbfd0ceb2995723e72e25f97fd810b,,unverified_recording_hash_fallback
AUD-60596da0e4f2745576be2787b5a5428367755b312d2f575e29b4542d66588071,Vehicle Horn,train,GROUP-b06de5522d89164659a6a0b87c5b1bcc6186c72485565b047490a596c159d662,,unverified_recording_hash_fallback
AUD-60ccd63e6b3cd30655e9f68856c9d4d4992128054b7d5197f113b2bec29a6ddb,Vehicle Horn,train,GROUP-d3eda148b5cf173a2b9d28b6b5cc55ed050f31e90f8bb0582247f9503af4ead7,,unverified_recording_hash_fallback
AUD-61761a3f1f1450f668f7379928ef08b1ee7f011e8765244c856d6731a51dbb4d,Vehicle Horn,train,GROUP-defccfd4060ea7a7a1ca14aacd5a0b40fe0787bdd92448090a22ae350f58dc9e,,unverified_recording_hash_fallback
AUD-62c63a6fa0664a07cc7b35a3f5a11afedb370b8f56ee9c58222284e14387a48b,Vehicle Horn,test,GROUP-26234afd120d5676989de715e33bfa00bfde4d9af743d505dfdd7b4632cf88bf,,unverified_recording_hash_fallback
AUD-65e3920b6fdd94b47752f41ce5d41f8f2994cecc838b3bb696ab4695fd5a09d0,Vehicle Horn,train,GROUP-a6eb2fe799844c4e7e7c018bc0c42e45d524955a92743ed1471c7f91c434a889,,unverified_recording_hash_fallback
AUD-66e80cf72f8c9309b97ea24afffc3edd76164acc34cfc6e8ee46f6cd94ded518,Vehicle Horn,train,GROUP-a33e0609924051bc73f2f39406fe044df645d63d2dadac8b7b9fd54e33dd45eb,,unverified_recording_hash_fallback
AUD-696d3382a73a5ca4206da5d4e47c64d79508d78aa8babf7fcd45212cda63a74d,Vehicle Horn,validation,GROUP-b4e0fe1caba60e5abe4b45bb7b65688d5077f534a6a907928346c7e94b8cc0fa,,unverified_recording_hash_fallback
AUD-6af1917baf51b959a08c9a1c45b826b47ba21cc3f22210d021ce64f934e1a843,Vehicle Horn,train,GROUP-18975769bbe99b9aae16ce5998364862b047f2150e195f9c8366da2da798663f,,unverified_recording_hash_fallback
AUD-6ce385e274efd3b72f6b57b6c5e22a15ce8be848b59b94190cf8f9c085ed34a9,Vehicle Horn,train,GROUP-381bf8784a6066edeaf7ebd31bfac1ae5ee8278094f75f276cae5a48eefddce4,,unverified_recording_hash_fallback
AUD-6f4811a0d838b07bec88820e640232adc762dd171adb94296c74b0d1f919214d,Vehicle Horn,validation,GROUP-322cb4639764f325e68b1df3df456819ac760c84c4e032a17f2a9a924ea6ffb2,,unverified_recording_hash_fallback
AUD-70b91d14d480ace53cf59d8af2bde2f9434620063b0b8632baadec1c465be9a9,Vehicle Horn,test,GROUP-fc7bb77813bfb96f14c38295c005549dd038dfc3743aff458f4dfd1a44613bc8,,unverified_recording_hash_fallback
AUD-711f3425025e890e286ce19251ac5457fc9068fcf3a47e728a9d071e439da2bd,Vehicle Horn,validation,GROUP-c5feb5a631e280d3a76a1bebda9a4a0668a44e118f8d9aa25a948c1e8b6e151c,,unverified_recording_hash_fallback
AUD-71e01a4c32aef57fb67255484cc7051698d2e10453e0aae8f153782ccceaabf4,Vehicle Horn,train,GROUP-0e63ce19c4de2d5aa96f9a0c1be81d1caf7026e210757a962126b5bb69a3bd51,,unverified_recording_hash_fallback
AUD-720e85109efce45c7741207c34f5aca3c1b99cec9dd1a18571b156f2ccca62a4,Vehicle Horn,train,GROUP-51625d046f4066a1e762861e06f797d55c145d33b427c0d1db6bf8a5d16c4eaa,,unverified_recording_hash_fallback
AUD-72784641a422964de31c44020be3f9c6fec7bd6cea2d0a673051c4ed1478adeb,Vehicle Horn,validation,GROUP-94a9b95e2ee782686f0132a1ec410b47d8fb83f8d2319b70cd3daaa2f0ca23a9,,unverified_recording_hash_fallback
AUD-72c04274cc611d0715acc769276f2c57147261912173b50a47cd3b4720b9e12c,Vehicle Horn,test,GROUP-39d7f3065165ea2e2b946197bcc37d75bab1ddec4461838f6b2068df210b4185,,unverified_recording_hash_fallback
AUD-73b952b4e8ae0b723876d6cd80d39adf094cdc07d78734f7d312901b9c9f65d5,Vehicle Horn,train,GROUP-a8a801e447ed1a9613f28896f83a2d55e235421aa3b00e05d6728e1dd7f42a4b,,unverified_recording_hash_fallback
AUD-7538c269197bc72aee4e6026d7b8503b832f39f4fde4cf7b5cc46d9948ff0597,Vehicle Horn,train,GROUP-4888c1e7cb0b0b7cbf6c2310ed66267a91e5955c6b50cf5ef0fef3a136d7e25f,,unverified_recording_hash_fallback
AUD-76ed44f348ed0dcc4364ae209f3f0efe33728e8a6fb83aafa022cff382b411d4,Vehicle Horn,test,GROUP-1c21715c3920169baf190d464a5a9fb37d8ed3b3dfb68d316a9610ff58d4bc6b,,unverified_recording_hash_fallback
AUD-78228c24eb11d8c872f5fd43ea761ca5fa81b76315954b217c295eb15d9d4deb,Vehicle Horn,validation,GROUP-7e340aaa71a1315cfbae3b8cdc3b4100360ec7375e0d2922f82b0ec63ce9f3f8,,unverified_recording_hash_fallback
AUD-79ebd12587d31eba6cd31bb22af718bf77fb76487f206b72a7422a25c125411a,Vehicle Horn,train,GROUP-f0f0bd1fd55ccfe0a638b2dbd057d9b069352968ef729c4ef0bc568276aced37,,unverified_recording_hash_fallback
AUD-7adbec9dfad9d4720e05b413264ae10b595ed12d59068bfbf14bda352654480e,Vehicle Horn,train,GROUP-e6d4567da5c06cbea6973becbe541a1cff323823e7a5e5cca1be5771fa98abb0,,unverified_recording_hash_fallback
AUD-7b1b3806ca1302a9085bb91685c85a18628c450bef3c8738531a30aec739f568,Vehicle Horn,validation,GROUP-51a55c24492d727b3cc22b39aaa39dc8ffc95cd45b673d4584eca3afc1466718,,unverified_recording_hash_fallback
AUD-7b9a1311684b57ef8691eede6f0a4a3d90ead01d6d6d0e00e86e566994b353fa,Vehicle Horn,train,GROUP-3e90a130425e861d8132e2588e0056a7accc75503852dddfb676a4c6399ca084,,unverified_recording_hash_fallback
AUD-7d787645b9163ae90dbb955f572edfd619049cf7ca298aad8c88d51e137442af,Vehicle Horn,validation,GROUP-f30b0c1474d8ac4d088c3f2410d5a364aa977d08d7112313f0984db52d5373b6,,unverified_recording_hash_fallback
AUD-7dd203c16109733a4c7c3c5b4e4b93ece8c8d65fb794c3a945e3b5e0c15ded44,Vehicle Horn,train,GROUP-28157c99e677ca08dff758ce0a170eee0be05ab52e768b0cbbff61a783cf8f1f,,unverified_recording_hash_fallback
AUD-7ee4adc05ab2c189ce9062dc52c1215dbab041ccb473c4cad1ad9c202d3008b4,Vehicle Horn,validation,GROUP-0392dd42ef03cabceddfd8f953d4440c5ad8bf6769b1b23dcb9983235d9e8749,,unverified_recording_hash_fallback
AUD-7f14e5ba12aebed476ef70fc38a92beccc9a1bbd8ee20f07cb70938647b23c32,Vehicle Horn,train,GROUP-51ac567686e085d1465890536a0ca0e30d6e7bde297efce59db971c3784bc7c8,,unverified_recording_hash_fallback
AUD-7f245765db1c86ebed1dafbe09228a051f2e622c430aaa0955576d102361605d,Vehicle Horn,train,GROUP-2e0e78fbaa3c9fdd1c0299287773cfb850019120ecd2488dd70b20d78c40a815,,unverified_recording_hash_fallback
AUD-7f3f3afe7ff18b8d7031d657f195c242cb81cc20321c7baead71c2c3c67c3f66,Vehicle Horn,train,GROUP-b6daf70e839e2e2b821160d27d2f2483a4820fa11f952eeef7833e927fa31d93,,unverified_recording_hash_fallback
AUD-7f4211b87d7df788796d44c382c2870c081758b1838f030f43ae9bd6e51988a7,Vehicle Horn,validation,GROUP-dba7bb5d7711d3ae9d270684bc4e77f1ae848c57c5ad303621ad795766a1a184,,unverified_recording_hash_fallback
AUD-7fdc0515b43313fa5241932f6b033928fa4f4728ba6345d8eb89d1cb8c0e9fea,Vehicle Horn,train,GROUP-4d56fcc244cbeee291d70d1cc5ba3808ad1f3d937d4e3a77f0341f9d06b9a325,,unverified_recording_hash_fallback
AUD-80516dc49d48db141240a6a291ce743937bf3ee9930c6d44ff154b6c9210319b,Vehicle Horn,train,GROUP-1040571100c09ace61221befaf689cd44fab2a21498cc3a04e9a38fe0a551076,,unverified_recording_hash_fallback
AUD-811485b2b9f46bebd3ff44d7077dbcc75acb63901c6d38f5d0691f009f217d72,Vehicle Horn,train,GROUP-e253edda4a5f65a50401143b881ac5ab3a843e963e2b99c2653e11e8902926a2,,unverified_recording_hash_fallback
AUD-81b7a5d660060067e19aaec2023885853762046f855830acef27c34a1d2a548d,Vehicle Horn,test,GROUP-903c042013e501c208568e0b27e7137bf19a9e57fc3c4c3665b0d49fc53fa5ba,,unverified_recording_hash_fallback
AUD-8264b5b7f10b72a98ad494b14e5b796998d24381007a2728e7070a4ea23c969a,Vehicle Horn,train,GROUP-923a9d74caae44198316697b475cf890ef917afa1ad022df350e0b9363179f8f,,unverified_recording_hash_fallback
AUD-83d8ea9f12717c8177733fc44d0525000a6382aa776a57b8745b3e5b45200afb,Vehicle Horn,train,GROUP-6d1c272ff979970b0d3ac0d45e3a5454394f515430521701d12407f743d4a037,,unverified_recording_hash_fallback
AUD-8565eb0cda34ec62e907d93248598b6617d77a892e2c6e74283de5e1bf717828,Vehicle Horn,train,GROUP-ecac30e7d32df778a8fa5bf8017ae9a30199b1e1967931875777a10f4a6d0438,,unverified_recording_hash_fallback
AUD-859b500cf6560d265b1a0ac28c9a64131ac393d9fd3c6b32f24174740a3b00a1,Vehicle Horn,test,GROUP-e3331ec22bd5f3573e56e6338c22a416c9cfd33c551ecb534062824a2be167be,,unverified_recording_hash_fallback
AUD-878cf8a519586a4198ebd73ef3b556e868634868dbe3dc499ed86ad2aa9f3870,Vehicle Horn,test,GROUP-44e60c293c310bb1d1c801d4a8e470b21f44ffcfc2c925b34b510a4671c5bd92,,unverified_recording_hash_fallback
AUD-87d65078401d7dd066431e62a0b553c57c7b480ded661b6b6a96fb86a8e6d7a0,Vehicle Horn,train,GROUP-9e6f0e173f45813b11bf7cb59e2b043b7aaa48554ba18b8d5f044d2657da09e8,,unverified_recording_hash_fallback
AUD-87e7de339c98285b488a217f318ae4cc448216dd779aa9fcad66b7feffc4143c,Vehicle Horn,train,GROUP-598cfff96ec46fd8bd7b7e6996682f28f2401f2df0b04ee3fc0bdd5c59092828,,unverified_recording_hash_fallback
AUD-88a04ca187c88a0482e5fa9abfb9e89dc01674e9f5adaa7de502a2c7bd7fbb1f,Vehicle Horn,train,GROUP-a6e412275df63b8847b38a3526b14d377321821dde4eb28cc7353c1b8b26487e,,unverified_recording_hash_fallback
AUD-88bb7c4708aa2989183230cce27550d6a1d81b0313b5ae73f98bbb9add5a213c,Vehicle Horn,train,GROUP-98de81277e2cf0fe51cc91d14212d85e1f532366f5f59cf88086d23d0d33f74f,,unverified_recording_hash_fallback
AUD-894bce86ca0906e8a553a9de2525057907fbae62a2323373a3df3e33502c9579,Vehicle Horn,test,GROUP-f1eee11fb7154ecfd7f92b9bec1dca7b3040c2ab7345025ac774fd5697ba5fe3,,unverified_recording_hash_fallback
AUD-89e9c12ff5f471824d25479ebb76e0c9d22e808de24383c608766e1ced3cd902,Vehicle Horn,train,GROUP-c8dac53dfe8271a01eebfdf7e45026d26c8261feec16ef47c0e527fd06a04a92,,unverified_recording_hash_fallback
AUD-8a2c421d50508c1384665878a700ef76574698921afda1af0e61d18e0f198bbf,Vehicle Horn,train,GROUP-9953c2ec2fc5ece66ac03d25a668b925bd60d9a51d980f155529eea4ae145ad9,,unverified_recording_hash_fallback
AUD-8a7dccad7c7d7780cf01a017323c034c99ebf36a96918ec4c2100abff85e3eb5,Vehicle Horn,train,GROUP-963c94412d2ac1c73f5014ce567ca6dbba0918858e012d90c1a749e12c8c8e48,,unverified_recording_hash_fallback
AUD-8ab47fec3b82e6f9c9f343fbf0f4e8f6e7e3a01596b8c1c45feca8385b3eb132,Vehicle Horn,train,GROUP-fb6cff032d9c06951d5a9bddc966a319127b1dd1f36c6300c15edc509eb2d254,,unverified_recording_hash_fallback
AUD-8ac05c1aba7174d00029536660762e60758e2e65dd17513314c2332792344423,Vehicle Horn,validation,GROUP-2e48c69b50f4b9d7c0d614cadf5f272ae64869859c006e8c6dbe57f67b9b004d,,unverified_recording_hash_fallback
AUD-8af186bda3e2b6f9e1fd3166b665b82e9f6711774f6ac45a373aca6ec558a8f3,Vehicle Horn,train,GROUP-5aacf069aa10f922d53a99a9b7ade789ed2fac806881755f235c35ecc0ab1e4c,,unverified_recording_hash_fallback
AUD-8db7834db8567f587b3cdeaff733edd48a01cb5cdbaff250f2443c2b5c2f26c9,Vehicle Horn,validation,GROUP-61d9d5da84fd2519732dccb85f0f7e7a0e7d5dbf0f6262ccc543c56df02860bf,,unverified_recording_hash_fallback
AUD-8dd6563558e4846b3681d180d151626c70fdbe2bacc37360ba78148587a7542c,Vehicle Horn,train,GROUP-323323ff2dcfa887d6c078e7fd6f3e587d07b28d20f870927bd44701dd1dcf96,,unverified_recording_hash_fallback
AUD-8e8ad25f783abac5fbe21e51a02de997376fc6fc727a3e8d4617cabcec4d006c,Vehicle Horn,validation,GROUP-3c9fb71e1d8f214395af4a0961f10c9b91d309bda4144680067fb9b01af1388d,,unverified_recording_hash_fallback
AUD-8f9fe4f7ec265ffe116bb9ae8457dc75fbfa42fc35fccd4444c658b369f41f20,Vehicle Horn,train,GROUP-ced5781f12120f7949ac4a60103ff3301c66b69cf8577f95ebd36491e4b3bd0a,,unverified_recording_hash_fallback
AUD-9029a20591af2a240cf660fab89be9d3a01ff4583ed717f56c7298d64d5cef75,Vehicle Horn,validation,GROUP-9d80852382aa1f3aac794f3fcbcf3624cad24685a5a57960cfdff4a1059d9587,,unverified_recording_hash_fallback
AUD-905f5c3f86da527a58a23d22d303da2f4dd92d56e2790bda9106b4f5780d1e4e,Vehicle Horn,validation,GROUP-a5f9b099f95239bda1fb1605de72994b7898b7099ccc49189465b9a3ad4a885f,,unverified_recording_hash_fallback
AUD-9064901c89542cd9ec015b4d51c8d07b05e6c20f90c63341d7bdc3eece67cde2,Vehicle Horn,test,GROUP-69403f1e8deb197250881b5379c7c9cfb2d7489e0ef0447b488b63b7e940169a,,unverified_recording_hash_fallback
AUD-91c820f0b533a23c70bfe43b73d4fe167a21e6a14b3d6383baded345e9a73f87,Vehicle Horn,validation,GROUP-0dc269dbc8d806f7ba34d391e526bdd1cdba7c575673e8a762b116963d90f019,,unverified_recording_hash_fallback
AUD-91f452c2d6699f96e0d045a9bbc1ef9282565684e18796d60662fd2ef9546b3c,Vehicle Horn,validation,GROUP-f60aebd19a8371aa91e3857e2f60398c37a4799e98bc9620ae970ea91d4e1084,,unverified_recording_hash_fallback
AUD-9200e9f0a920b89cde96c28f260a2fd9fe7a103cbdad1ec6872c52f9ac023f04,Vehicle Horn,train,GROUP-51a193b21bd39515269e24a045948dc8cdf5a25c06539d2c55b986766b8669a6,,unverified_recording_hash_fallback
AUD-9332c470212896224b2b27fb7d8cefd7b8ac79294e71611e442ac1519fce4b83,Vehicle Horn,train,GROUP-f7d727f179b6ee483ed1dfbaef160ff694588c2cdbb6d67b505b1289aa4634e1,,unverified_recording_hash_fallback
AUD-939e296af49b00a55025d1ab18af654bcb4c44e7e1b423971de6afe122ad43b2,Vehicle Horn,train,GROUP-22a1ea70919e8be63d727cb4971b6c879e5d9f71cbe6c6233181845e7ae15dae,,unverified_recording_hash_fallback
AUD-93f9a598d1cce018625b53db7cfb082f1f996cec8d9551773b441d5101760806,Vehicle Horn,test,GROUP-dd06e7ff3e2284da323f5cbd1bf8677782815f34b750479aa5dc061099c01a5a,,unverified_recording_hash_fallback
AUD-96adf53ced509a69405c6267ae6fbc292028079866667989d2bddf5da0435c25,Vehicle Horn,validation,GROUP-39dc3a6a3d863152b4a7884b17f84e2c243c9a34a10e4dc27d053993656e127b,,unverified_recording_hash_fallback
AUD-978faf2bb8ee12093b59d4161cdb8f38e64eb20d9f94bed343d6262cc444bddc,Vehicle Horn,train,GROUP-7b197c11fb494fb837d9d7a9307ca25d0f0517bba8ef52b8c4909c2afd4ba279,,unverified_recording_hash_fallback
AUD-984df7f53678fd650c5b7f9429fe4828a53e7cd245e2dbadc361b35b8fbc8339,Vehicle Horn,train,GROUP-4884d43a1ced3d35bfebfb41459d8d779710b924e4b943886bf77060f46bfd31,,unverified_recording_hash_fallback
AUD-988c426b55d692429fc7f9d9ccaef28c757b6588f1b1a7d17d9bae42dbf0ddaa,Vehicle Horn,test,GROUP-3930f5457ec3d37f60cafdc3e57247580f513fe12b796eb991db91aa67321433,,unverified_recording_hash_fallback
AUD-99cdbb455ba65c5fbb15038644548589192069b9fe324b6f12ed4be2a8d2960c,Vehicle Horn,train,GROUP-8a12d4b7a8ab873f05f434d982da9909830e4f7566d527ea3d41cf787f4f8fdf,,unverified_recording_hash_fallback
AUD-9ad5c12e0ffdadc4053b78746dd70b2a398a6efda2ccb8e7ce0dc8aa4be6df65,Vehicle Horn,validation,GROUP-86a043536d4bfde08046a8db349988c4ab1e884459f0a5d53d22211c997a9b6c,,unverified_recording_hash_fallback
AUD-9c5f72f602c069bab402de854a57aedb6efb884ee00d197e46138b7bb650cc1e,Vehicle Horn,train,GROUP-529cc32900b584bdc4d6cf5309fd28cccabea05a01e0a0b0762376a52d78b6ec,,unverified_recording_hash_fallback
AUD-9d43c94e147db46724866466a1b5159ea15d47b8b44bcd13b8780eb3e8715b7b,Vehicle Horn,train,GROUP-0eccb8d61f8c4ee0800d455be0da5a88577cc066e761e1be472fbb011de194c9,,unverified_recording_hash_fallback
AUD-9dd09c6232a2dce283ac21ae0ba4c3217a54be0b790f37d9fb61e87b1629c60e,Vehicle Horn,validation,GROUP-eaf855441856c285736396b5b01b20dd840875233e3e7fbb4a8eb262c0d42a76,,unverified_recording_hash_fallback
AUD-9ec88eaf11829f4e38492e78c21d93e9834950c5c04a5577e175eef9fc0b40d2,Vehicle Horn,train,GROUP-e8a8c4acf1e3b046b883b31c8e887229b4aff250e271f79d6e942882651c36f6,,unverified_recording_hash_fallback
AUD-a29a5bf158108edf54f29f87ce197e73134ed200540198ba7a563964aa1961b1,Vehicle Horn,train,GROUP-d5afd24c86e28298da633e22cc3554eb7b9f49fb7fc814900ac64e85fa748dd9,,unverified_recording_hash_fallback
AUD-a2caafe6a5a30e6beace2150101d06644e44ec1c2a8985c465440f449156803a,Vehicle Horn,validation,GROUP-8f49a7776133a8fdf27f6369efd70691d0cf529872dd1df3c5d5acdc69b5a104,,unverified_recording_hash_fallback
AUD-a2d462d6a62058e21b1ab54ed72b4f23131be7c87f874cc56e00754374a6bf77,Vehicle Horn,train,GROUP-6695cf36778a55f5ef863ddb9ca096a00758fdd290ff3a61d510695f5d8b37d1,,unverified_recording_hash_fallback
AUD-a53e05be0fae80b41ed99a5ebcf312370268eff213edcb777910032808d2a933,Vehicle Horn,train,GROUP-d6d05b657058412a4cc61dec87e4432c0cd29684b3feb590fcff2c038fb7d796,,unverified_recording_hash_fallback
AUD-a57b2be05121932fca9b3b7e36b311d413e438bde9d39ca395f2d1fc3d432bb3,Vehicle Horn,train,GROUP-e113ea9baa4f2f0bc4a2c3ea76f722d9631741af64c6ab4dc3b323ca69914411,,unverified_recording_hash_fallback
AUD-a59a2172e827d0aa45fbf5beb1c137a963ad404e43137a5d47d9eed79d3d5d60,Vehicle Horn,train,GROUP-a01c55e1a63d334882ea1fd10e21d79042da6e558d77879ecf1edf562426a3a8,,unverified_recording_hash_fallback
AUD-a5f4417c0b986f61522178ce61dee9560464bf51fc9ed02d7c6cbcd55bbd8314,Vehicle Horn,train,GROUP-6c5ace4900e3887158f9ddcb2f6f29b5bd58c6a2f2b14014d4a1eee3d70a5038,,unverified_recording_hash_fallback
AUD-a65abf73abea4e6a940f88d45a1f3dcc5ae698315d8b64bac50af658005862a9,Vehicle Horn,train,GROUP-f9bae4eb4851c2198eaa5319cac2ff6c100816252a704a8139c4b9de69ac9dd9,,unverified_recording_hash_fallback
AUD-a8818f6a8a67ca6acc45d45ce1f2d322872a710e100c3a3bef769933412f6cf7,Vehicle Horn,test,GROUP-b59bb3371bd5c2b025458987e2aa16cd57edd62e3531fc89d7bf9f52f5dcea77,,unverified_recording_hash_fallback
AUD-a8becd73bf451763ebdb51a83d983146bed5383c3203ae67230d92ed93131874,Vehicle Horn,test,GROUP-e9554326b569871f7ea98fc9d35795f8f9c04158c6a68bd0b5d333687c34134c,,unverified_recording_hash_fallback
AUD-a97b1f7775c3e5aa56757bd405e64a69934fedcccc04867e8ca02e8a7af2f1eb,Vehicle Horn,train,GROUP-498f2b9d5b790622d2cafb7aa938c7725e60c968bbbc1d0dfa0a69a8676971e4,,unverified_recording_hash_fallback
AUD-ab4184d6fdbe5c7dedcd5c5a6d4a3c555d85d3bfc046f3fc154d9f891abceb83,Vehicle Horn,train,GROUP-99833735b8a7fb1e40ca0c3710b340384b8c9c91b5cddf1eb3c6be8e9a37c8d4,,unverified_recording_hash_fallback
AUD-ac05c34b1658f07082b286d0ff4f95e6dfcdd0d3f6d5bf8545a959f817a869fe,Vehicle Horn,test,GROUP-66d952a2a903e9d9093a69667a10489ee9637eb256b9493ed69ed5452bceeed8,,unverified_recording_hash_fallback
AUD-ad07134933a39b927e9313bf7b6789867ffb18ee0082d1a89849e1afefe5f75b,Vehicle Horn,train,GROUP-c9fba2c4b05fba35eaa67e7dbf34604f4408a2967862d8d0d81a7c59ece7f7b8,,unverified_recording_hash_fallback
AUD-ad290782f160a52df250eff3a76aa8584db424d946b9f82ed3684cd07a98b0fc,Vehicle Horn,train,GROUP-af799becbd47c7ffa7fb1424acf3061322dcba18f1cd41a13105753642d8f4fc,,unverified_recording_hash_fallback
AUD-ad84fe7e062ad2ca2184d0e5ab966dfa70740b6c68aebe70670a6740bbfe9d0b,Vehicle Horn,train,GROUP-829fa750329abec9777e7a60f98e04e7bcf7b52f8413e05e49ef8d084215deea,,unverified_recording_hash_fallback
AUD-af512cda2544d3ec85254f347014f06969afaaf44c9919e99fa891b3b0d01e4f,Vehicle Horn,test,GROUP-b92d09e57eeb4cad4ec04621054c49fcad5f9cb31b9ef370ef11427f99053208,,unverified_recording_hash_fallback
AUD-afc88e44a3cc6146255c55455e409154eb32f15abf074cf91611b67bccecd58f,Vehicle Horn,train,GROUP-10e91a1943b1eeb0f195cd2a2b05dddd6b145885c84549fd0460e206076307ca,,unverified_recording_hash_fallback
AUD-b013414504f52cbabb050d8546004b861142d66ff1b29400d26d8bd37be2040e,Vehicle Horn,train,GROUP-5c18a2b4ed56c74a50fd0f7bc3b950d5a479045e37ebcbc44205c5305ea7c7f4,,unverified_recording_hash_fallback
AUD-b1b30e8d13835aec5279303d3910fb766bc13c56826775f29707bcc46ad0e13e,Vehicle Horn,train,GROUP-e3b6bc4f1c9168887ea7fdddb813f2add7e2a7f7c3283299be7d3c3ddcc60f5e,,unverified_recording_hash_fallback
AUD-b1ce493bcc87d87720a804bbd58664dc39b20a6a8674f25af6a688f6ea18ccd7,Vehicle Horn,train,GROUP-4eb7db3f34063ecb6e5288803e38baacb1ae96cc5c3793c03286242c75474e9c,,unverified_recording_hash_fallback
AUD-b282b2f8e8d24e599889c6aa837736e711927d76686e793305b5ee54e58419d1,Vehicle Horn,train,GROUP-bd1509ac661d7ceb944fb16d39ebcd1f1e3e32d88bc88ffe6e2611c3a5fea42b,,unverified_recording_hash_fallback
AUD-b51bf02ae89146281337c7f30310c4d39c068c916c429eff36f24cc89b2be4f9,Vehicle Horn,train,GROUP-48107a4669c08aafc04cd4b3f2a531feabdb89daf6694ad8b96a4d51c831d818,,unverified_recording_hash_fallback
AUD-b5cebf4231ea526367d70f32a2bf8a850c9eeed183ce00676223fb9b9f301464,Vehicle Horn,train,GROUP-53ee81aa33d480413eeb17ced2d31b22352fe4a2a6628ab8dcba0dd98ce791fc,,unverified_recording_hash_fallback
AUD-b7207f035d80159fbd5291fd555a986e75ef7d249d69a4016c884dff8ef41e37,Vehicle Horn,train,GROUP-5e67b63e75aecc7d09819877467a8480bea13bc718ba3deb4df7792b62d73af0,,unverified_recording_hash_fallback
AUD-b76fb865b3f4e6ba30425ba489de0f79ca8bae1204eac0926f046e3299e87b39,Vehicle Horn,train,GROUP-864de38c5640f5a1b68fcdaff0930c745c447d6950d3975a0bd96cf02ec5b905,,unverified_recording_hash_fallback
AUD-b7d4c9e97b668da9eea46277a909afe0d38025083e0cf27a53b614095c6825b3,Vehicle Horn,train,GROUP-89bc5b22655b75e689cc24d04a1c2d6525693ab51ce025c8678b368ecb09215f,,unverified_recording_hash_fallback
AUD-b847ae6f3f9485dbf9dddc6d2d436b879d831251a16ab81b54890d20c2520926,Vehicle Horn,train,GROUP-9c85e784b189c19ec47b75feaa3f7f2e1cfb9de9a979215bfd4f1b4eb3fd5d29,,unverified_recording_hash_fallback
AUD-b9935e1d94a8b88a6e24ed930fbb82e6eb882217c7a39bf1b1e3af9c1b6073fd,Vehicle Horn,validation,GROUP-6b7221a4240a85fa37edc0454ebe05317e557771844e17428440961a11b8296d,,unverified_recording_hash_fallback
AUD-bc1d1e2d33f9999e4436ef50e9c5c6acf47835b3f30a69a0fb9e9b971af5748d,Vehicle Horn,test,GROUP-01d89caa5fc7889f045c1db30e6f86aea9c03211323174323c800f649dd3c009,,unverified_recording_hash_fallback
AUD-bcc1bf384bc401b3f9b8cca2008e5ea251eb362a3e9a5bb7161a006874aa64e2,Vehicle Horn,train,GROUP-3421d09ba48d11f6e6fbb05bbd9c55e791b9bba93f452ac788cd0d1a00a3f2f0,,unverified_recording_hash_fallback
AUD-bf78af09930d8a7e9621ed4b8fd31d493710b107799c6ae8de9baf5dc0497328,Vehicle Horn,train,GROUP-733805b1f85006d8c8b34c2e517ee98b84bb63bd5a58eca9f892473dad5a8233,,unverified_recording_hash_fallback
AUD-bf88dee2eca33e9ac54165286e4f148bf5c6cd92d1630837fe59544a7b193b27,Vehicle Horn,train,GROUP-482d4037b624b497a37e32919fecab3a482726d7200740518ffc1add548f4b42,,unverified_recording_hash_fallback
AUD-bff87fcae4f809414eb173095342af57cd27aa0ae599da8ab60b3a66f1093dd7,Vehicle Horn,train,GROUP-c860f735963c05520e6e175e9e55ed01564e213f9bb4990baa2d992c5a10cde3,,unverified_recording_hash_fallback
AUD-c09f2ff6cfe0876a7e5d370520a042cda1b15eb7afdd109489bbf206266cbd37,Vehicle Horn,train,GROUP-b0c8235741a2dbe202053191c49ee35e4959cb3858e3b3b97b3e0c977e7cc20c,,unverified_recording_hash_fallback
AUD-c17b7987342989471bc8b1e325877e2ad45658bca2eef19dbdda0389e9be3bdb,Vehicle Horn,train,GROUP-6473c1daba88ad5899c284d3322d8b12ea6837eae657333507a032912851ea33,,unverified_recording_hash_fallback
AUD-c19edf8525b5f2544bf1181f2a48b203eaf42d83e664db67da184eec540406cf,Vehicle Horn,test,GROUP-e67e360379080b7fca10ef8c8e204602f02159d5b5fdba80fa8c8410436cb2ee,,unverified_recording_hash_fallback
AUD-c30af18def095ee7fbd5395894f481e4006d1c462fc941560abb88a0ffeb5a7a,Vehicle Horn,test,GROUP-70c5b4a7fe83b731befccd8656de8ee4fc529e382919947aab51f212eac1ee1f,,unverified_recording_hash_fallback
AUD-c4d50a140528ce5e982fd8edb6ce6007d8edc925acf8f88d993bb86979878f4b,Vehicle Horn,train,GROUP-865779b3ba1496198507759b4b88b8c8bc02da4256ac6aaba493575e2f6293d3,,unverified_recording_hash_fallback
AUD-c63d73ec838a05f433bc3ebda0d2fa773ee88208763c3ff6e657111e5ba2af16,Vehicle Horn,train,GROUP-8988ccb699afa89b8163f0083534b1e149fd0704e17c278da5b9753b7aded089,,unverified_recording_hash_fallback
AUD-c67fce199588dfca093ead82c9a184deb483f52edb8213b999796db2dff5611d,Vehicle Horn,train,GROUP-ebb7d23e61f44d3c1b921572d446fc8a17ff3c455bf53294bccb03b02a4125bd,,unverified_recording_hash_fallback
AUD-c83b722ab6391e546fd09f718a97c7d84bd58a23f13c1cedfafa19b03bba5333,Vehicle Horn,test,GROUP-747eb47a8f7bdd7d7c2df723aa426f41683f1a8ecee3bd2252480348ba97c5bf,,unverified_recording_hash_fallback
AUD-ca867267ae32fb3c97ac553424af9f54ab6afb8202b7fa8052764032dacb11f3,Vehicle Horn,train,GROUP-d55bf58ddcf89ccc6f11eb9deca272eb964c74ce1ee785fe9e3375587077415f,,unverified_recording_hash_fallback
AUD-ca967943fa656f6f56075709b753cc7860e52b2c1970da6a4568c0ea29fc9bdb,Vehicle Horn,train,GROUP-bbb4a90ef6ef499fc2ba916f28cdc75c2bd030d4dbd96b743a79c62a9ece88cc,,unverified_recording_hash_fallback
AUD-caaaff4e97155de37cc3680e8d1eaa543d75a84abe336b8535002c28c6ed4630,Vehicle Horn,train,GROUP-e4d2990c497c3f7fc01d8b9a9d8368e27ec36cf86e95030a9a79da67e71d0c6f,,unverified_recording_hash_fallback
AUD-cb042676aa5ee3866bd8ace0ab0a5f12e88d927b06fb086072b57ac204939fca,Vehicle Horn,train,GROUP-930b382406011646e89e42453cefddd04cfd1f22da71f3a085a05d33b8852cf8,,unverified_recording_hash_fallback
AUD-cbb65c159e6e6a87c1960b29a379ab61685d044d44fa74db35056bec0340b99f,Vehicle Horn,test,GROUP-2ada609d0b314c348bc2d9a475c2c56dccfc1ab38a95e6c46faff27cc27034e4,,unverified_recording_hash_fallback
AUD-cbeb503c277f2a41c4cc1f82a0eb3435954ffe5085971b9670d3c69ee9b0de48,Vehicle Horn,train,GROUP-b59fe562c2c52a9e57bfe0f9a4eb44e24eb4060b495ca218ca78d48c5b26c9aa,,unverified_recording_hash_fallback
AUD-cc045b813eec44da2a00f37e3c847caa283421198685583b5c436640db61c8ed,Vehicle Horn,validation,GROUP-5b37a4f1878c27b943be29cfcbed49720a63602ebeea0f973b65d52bc1922c75,,unverified_recording_hash_fallback
AUD-cdee47d2ede79b2ff3c4a2846093d6ce80e009677d59ef6f288c10ca26e6efb6,Vehicle Horn,test,GROUP-94fda543aeab772df49be7fe57566e29c8eea0b0f093219945c172ef37a13f29,,unverified_recording_hash_fallback
AUD-ceea90889476f686b6e238c7099a4fd74b1a4528c0743aa74321da2200283029,Vehicle Horn,train,GROUP-758a00207b6e5f432069bc6008c552e8e556b97020ce9824d03e6fbfeeb34127,,unverified_recording_hash_fallback
AUD-d028500d0c5c90b9c5b11f87a7d928db7141d751cdec6fa1cf72e3e7d1c881df,Vehicle Horn,train,GROUP-e85b1683a5ff38e36396ed697d517da68cb5380ef50c6d4cfa30ef77eb3283d2,,unverified_recording_hash_fallback
AUD-d0371f0ede5eac147b4fb828c1c14f05a88bd6ed21abdb75ebb425f3b1a519e2,Vehicle Horn,train,GROUP-236798bb403fd52192838e9e8dd4d2e089b672ae8d0ebaaeeae69ce067d4ff72,,unverified_recording_hash_fallback
AUD-d1081229c670adc32eee5a18e25461ca1765f9868637ad0304625523fe2d5e9d,Vehicle Horn,test,GROUP-9b28fd446bed658f67c20b579d4c63d803e6c3e6d6bff01980fa5ddd985e9f20,,unverified_recording_hash_fallback
AUD-d15d12931375790c3c972a9ebbe9fe69a8c92edb7f9938c6613a149c252aa115,Vehicle Horn,test,GROUP-9a6baa77648b7ad1b6a7408a814a70d7b108662b2aed3e978393c23ee1bed8ed,,unverified_recording_hash_fallback
AUD-d3bb84566f184836a42d39be7cffaf08157fdc399327acab3844d1b422305b55,Vehicle Horn,test,GROUP-ea2416aae7cf5f7937e1a41b9ce371dff8d5be8a516e142a71106d687c5410e4,,unverified_recording_hash_fallback
AUD-d3bfbc3fdca8642af18c934a017e446c3bbfd882c94cb3083571c08d6849f252,Vehicle Horn,train,GROUP-55beb0423029dae1bd8826b59696693b544e0214ce94a001272c422627c6a649,,unverified_recording_hash_fallback
AUD-d46d4647952907ef3d4286fd9bb63cd284db24a9b308f761d42fe6b083c2be7d,Vehicle Horn,test,GROUP-d1aca49eda6a5948940461aa57812014e571c3c307a0c982336c12ab8d8835b7,,unverified_recording_hash_fallback
AUD-d48f7bc71d8784bf71b2da2d287ccd256469eeb5ed17c2e723bf549866b9a9ce,Vehicle Horn,validation,GROUP-6b23e832da0fe9d6230d46bdbbdcee611b9607f704dd639c51cdbc610a89a329,,unverified_recording_hash_fallback
AUD-d4a2e5fb532f2bc3360f6b27363de524b4997e3ea034bb3079c71a5f9c7fe425,Vehicle Horn,train,GROUP-bb15dbc37bf727adc00d85713001f5d0bf9e3d5b4b6ffb0736567142aecc113a,,unverified_recording_hash_fallback
AUD-d50a1482b09a0a86c30f5fbab392c8ac818c352b3812bcd4b02e7042ee865448,Vehicle Horn,train,GROUP-5a060700c91ac01ecd1acc1375f0ab4dc9299a6f29557a7fb69850db11debf2b,,unverified_recording_hash_fallback
AUD-d85a78fcdff257f1af6e10b6a39f690f8abbf8820a82251363759694e7f2ab45,Vehicle Horn,train,GROUP-faffe5caf7471e20822c7c52b574c6ac7eacaca38b52572cf16787ce9191fbd2,,unverified_recording_hash_fallback
AUD-d89c6f124f8bdef1f519dac23f4fc9b7da9dbc10f2a2288ff2f73ff8dca7c7d1,Vehicle Horn,train,GROUP-948702eef1bf3c95c58e114fcdc54301e328574b0b5add2f3ca4fd6fa117e469,,unverified_recording_hash_fallback
AUD-d8f7806836f31f3658d8e9295ab16349c4a0fffb986ed8840c897553403e3f8c,Vehicle Horn,train,GROUP-02dd978076376a38ca5bb6365649031393a7e5215cd4e93df7c8fe45cd9a5f11,,unverified_recording_hash_fallback
AUD-d94caac5d8386fa64173773e82ca0b1c3a2824cea43f716bcd145013304e5f14,Vehicle Horn,train,GROUP-a971aeaf2bfb5f8f1595087d19a67cbed7dbb583d6a1938ada434b926b2706a0,,unverified_recording_hash_fallback
AUD-db9d72da834e5896e2d3772d158e122eec795e295ca47a2a7cdff58a756c8d48,Vehicle Horn,train,GROUP-28733fa19e736d2c4a7bcee796f2d06969920ddb704ed94e7a5f52900097ea95,,unverified_recording_hash_fallback
AUD-dc6e5b990899b148e30843d4ab5198f01419527c7a65e2706145b23b1c90905c,Vehicle Horn,train,GROUP-0295d18a2339893c874c1d849e573d6338beb9b71e7957ed8bcbef418e8670ad,,unverified_recording_hash_fallback
AUD-dcd1f89d6bc4a11aa3b39c7a5f0c51bd6a97e70cfc25aa1ee61c1c29bc3c4a48,Vehicle Horn,train,GROUP-c832e00108573c4a8ef69404e15d612a809cd54e153fb7663bcd0b899bcd5d6a,,unverified_recording_hash_fallback
AUD-dda43645fc278fd6b569c6a0ebf258898b1be2f85b5e962938212bdae2dcb75a,Vehicle Horn,test,GROUP-55d36f1affc3b7d681e7ca273641c2b993a4127dd939115d981a6ffbff9befd3,,unverified_recording_hash_fallback
AUD-deb03f6462fa99fd5e24a8cd25db80257c495089b83b8560e2076e60c7b0f19d,Vehicle Horn,validation,GROUP-0589531196c0e68e6d4a8a007674d87ae7e03b91ebde4aa235265b5caf4ab1aa,,unverified_recording_hash_fallback
AUD-e10ded389e80b42a8117969f7f9e86939133ba7038ad0ac05754b95b2f3b45a6,Vehicle Horn,validation,GROUP-a296b9d120b2b154354ae88315f7d245bf121c2984353bdb499c8ba404524889,,unverified_recording_hash_fallback
AUD-e11a1c117f968f66c5442628e0d62ef012ee46be275ae5edd1fbefb41adffad8,Vehicle Horn,train,GROUP-2222663191e92a5dd421b0cff831ea7f3fa03ed32137c176b7aaa517ff53259f,,unverified_recording_hash_fallback
AUD-e164dfd821691fb1df5bd18c4a8486ac099128925ad32078cb20c8b084faea63,Vehicle Horn,validation,GROUP-bbfcd8d9ebb8e6a5e7d374ba2e7958d668b51c3d24d468f034ff735c175f3558,,unverified_recording_hash_fallback
AUD-e184b284a4805c282d605346f8d0e7e01a5cd38fe4b735d731e0c8f9451c8508,Vehicle Horn,train,GROUP-42e5358ce5c75a55ef50e03f0ae9bc62312b1c6b48200b585eafdf80594a80f5,,unverified_recording_hash_fallback
AUD-e2eceea9c6b9bb21bdeee171d0d3caad64b246cbb7eab7952374aee36c0c5c79,Vehicle Horn,train,GROUP-0a051f1f0c7310e1b21fede6c85d20606d83e648ab279b443a4df07b00b927cc,,unverified_recording_hash_fallback
AUD-e508fbcfc79055df60d47ce35fdeaa92603296cce283367fadb6830a445344be,Vehicle Horn,test,GROUP-a25946121720d191c7fbfc8fd391846c2c162470cc85cf1d7992538d888abe95,,unverified_recording_hash_fallback
AUD-e6047451d1c5a22fd2b333ef2f12c1d3abbf775feaba0597480d9b698489b8bb,Vehicle Horn,train,GROUP-735717cdd0c03b18dab9c647cdab9057b5f553eabc73a3a42d8f51232eda8c3e,,unverified_recording_hash_fallback
AUD-e659a9c2d180aba7f10a91e09f5158c846c84fc3a4804e06bed5c9a2c38d6af3,Vehicle Horn,train,GROUP-b1beac3150451e647fb63f69ff7fc328f0dbe883726886c678f1e23e41a15b8c,,unverified_recording_hash_fallback
AUD-e6b958dd3af565ead147262f0644131e8f6a2eb889c3d462ac757880c5e9c717,Vehicle Horn,train,GROUP-6e0bc713f3eb2bb68cd6243bed882413d1c02ee26614a0fc6c359d79fcd9d39e,,unverified_recording_hash_fallback
AUD-e847a6873d8cade6625eb901e79035c96cf4143a898311f494e08cc5a243b642,Vehicle Horn,train,GROUP-997be4f343c33bab31df7977aa80b71235c170e38c1c09a5e20acaa4352fbef2,,unverified_recording_hash_fallback
AUD-e86533c2108b2a9e4853e8a182c5c030cff3598013ba245ae8ec108b3e00314e,Vehicle Horn,train,GROUP-50e08a1be73ce3ca7678d70408668b880a18345965dfbc06ebbd3efbf48f05e1,,unverified_recording_hash_fallback
AUD-eaa5103bf640a8f18836737bae86b30d93c3f64c40f1d107848e550afa7a8232,Vehicle Horn,train,GROUP-ff83be613012d0cf9a6dc05a5331a4bec080bebe67c19c7aa10d1ff29c2f9235,,unverified_recording_hash_fallback
AUD-eaa93484118d822589a578421c6d015e7b47fdfee7807cd53e14966941cc8f81,Vehicle Horn,train,GROUP-cb76ce5919ccee35c8bea6da4d0e5dc8519bfd637f9ab983d5ca0a5c1a7a0a75,,unverified_recording_hash_fallback
AUD-eb4c14f92ba98709ea0b082f93196a2899682b55b67dd0552d9540184a50cd28,Vehicle Horn,train,GROUP-83dbe2d3b4db08f8b48058e6e6a95528ecf57438e1b5d0f30b11798dfc62390b,,unverified_recording_hash_fallback
AUD-eb8555df1dd42011e458d6edc4bcbcb1d87a31b16316560b8d77a35bb05989ea,Vehicle Horn,test,GROUP-9b11dcd2cbfcbf969b77434645a7065bc161ce70b697e7bac7256cdcae9fa584,,unverified_recording_hash_fallback
AUD-ebe438d84ddf16b3762ce3a0bf5a10375b412bc5916cfdce57b1dc8f891706a8,Vehicle Horn,train,GROUP-b951414fd790c6cbc71b747b35406a44ccf39a8e691873cf05e8818b85889dfa,,unverified_recording_hash_fallback
AUD-ec1ab6bc5ed6a9cbd3e0c208f2ac196379e8754b39588d9907301267cbe4dd3a,Vehicle Horn,test,GROUP-b53682eb1c95f390919cc5cb8c77684400443bb5c5c6160ba10b6b4dd0f06d91,,unverified_recording_hash_fallback
AUD-ec4880f99317549e1bbb87dbf7ba859fff122fd572e6be24f38098b72178d0f0,Vehicle Horn,train,GROUP-cb5de2921ee2ea55efddfaa135736ddcb35f46faae6ef7bcb2e80f091b4207bd,,unverified_recording_hash_fallback
AUD-eca78b2d83b2b77ceb07d311e0f0c758835b99cbfda64acf36387e89eb9032e0,Vehicle Horn,train,GROUP-9b14c348ce3c855deac1b0bba255550bbe7c037b145f24ccea4faab396af753b,,unverified_recording_hash_fallback
AUD-ecf096e59d03132b20bb177d9f5f29371f6152695fed7f28af91b7023bc3aa93,Vehicle Horn,validation,GROUP-1963cd26c85e32d0ba3109cba60973d7c37d66aa3ebc05b44f40b2a3e1e4009e,,unverified_recording_hash_fallback
AUD-ed3b5b25c4e7f430ab8721a001970cf3632df0ed40529bd7d61bcd0e3f856f2f,Vehicle Horn,train,GROUP-f16cd3683a6d85e9e4fe29c2d1ffe0d3a23a02475c9b4b1769efa1693cefaa29,,unverified_recording_hash_fallback
AUD-edd26d40dc064ef1c4ddb3f4f14325f254f3c06314b85d7e84b102b7818dd9f8,Vehicle Horn,train,GROUP-5b30e61680dde1b945e80ff44767046e0a2ac6db4db8723e97bbf16917c24f1b,,unverified_recording_hash_fallback
AUD-f08f942d74002ab23c07b108498d4f94b924ef25e333c483a56ad8c9ffff22ec,Vehicle Horn,train,GROUP-b8289cdf49a8c2e184b7a20cde33c24de8e69f6968587a9cae3db96423c79d16,,unverified_recording_hash_fallback
AUD-f1629c7fa2ff6c3ab28fcca2f4131c094731d3c902cec152970b68bf26cae76a,Vehicle Horn,train,GROUP-0f031bab4bd48a43c478949aaef12668d88dea65fde898694f4eea943c56254b,,unverified_recording_hash_fallback
AUD-f194c1ec1ec4af35cb0b9c7f56916a66e7c4893a4a638c6a8424c9d9bc643cd1,Vehicle Horn,train,GROUP-8d84efeae166d269ba0f8911ed3967eb5aea9655baf88a14ad19481d8cdd59de,,unverified_recording_hash_fallback
AUD-f19ebe4c4f6e4878b7e462a3e632e2f68c16d34be7e5cdb0014aa9ab1692dafe,Vehicle Horn,train,GROUP-0fbae681cf3d5fdd1cc3920553815f0cad11be379d896cf1891c11d5b68b2bb4,,unverified_recording_hash_fallback
AUD-f1c06ee694e203e6ef1e34d65443e576bacb7ebba05ab2d61375a4487c79b492,Vehicle Horn,validation,GROUP-6223d501ad16f212c3dd066a94de462934e52f1c3bf08f07bde127c9fc10c885,,unverified_recording_hash_fallback
AUD-f227bb1b0f61972fb8a5ec207c926e2ed42d9e3e6ae7498410831639b533a938,Vehicle Horn,train,GROUP-0f288ad7d3efd2e034c8bfb08fcf5f2799e249a67f9909304f53a156a3282e7a,,unverified_recording_hash_fallback
AUD-f313ec09242e6b87f1bf19cb33fe331ea829cec4bcbc2ceb28b4dc91ed63a716,Vehicle Horn,train,GROUP-afd4902bc585c2136e758ecc889598a38d4311ab3389997e6a29105473d91881,,unverified_recording_hash_fallback
AUD-f4c1ef4e4af47bb20bb57309a59d1702fae6f8149bb178466d185bcb8da2f707,Vehicle Horn,test,GROUP-f8ec4bb6828ceef5056c77f1f98f5c1b2b1ebb651b8f4d119e5eb1bbfa5496c9,,unverified_recording_hash_fallback
AUD-f6c1dfbad636a0bb2c7bd15c485d267652fbbba4d7f33b3fe7f9593fb3aefc87,Vehicle Horn,train,GROUP-398e007d6f62a7d20bc9636df07ae2530713340deeb0c8fd23fb65063eaa7bab,,unverified_recording_hash_fallback
AUD-f72e805ef5308b1ef7ca991897c251beafc1e78a933c22e6f6f4004f6d105dd1,Vehicle Horn,train,GROUP-f098cf27cc42fa0a1d2192b197ea2a498fef766268c1352b504012e68c82cc71,,unverified_recording_hash_fallback
AUD-f84a890ea9dcf16bd16731e27bea14367b4dda8c71c70df765ef9cf659afc126,Vehicle Horn,train,GROUP-bcbe39330798cd97bf13522abb6a598b85254d7da835bfd2b1772e9589b7e979,,unverified_recording_hash_fallback
AUD-fac0f1713a67f201087b3fe79882233d3de7dd087a12143301b0c85b9cf4e3a2,Vehicle Horn,train,GROUP-aa3eef4ef7d9fa3817bfbb88342c572f64b98fdad3345b543669c4f0e1d7eaaf,,unverified_recording_hash_fallback
AUD-fb382a00b5f97d152a8d36f186b44085d03f7a930d0c4e60f9882aa512c5580a,Vehicle Horn,train,GROUP-1a7641c00ca30a32183ebfbd8d06e4a87a99f7c90c8fe8c21a655d6432c5508e,,unverified_recording_hash_fallback
AUD-fbdfcd2baa92fd11f41748c8ac5c7c6412081154376c444b99c2b2cece0ae616,Vehicle Horn,train,GROUP-4b6189457bec54a0080ad1d03d48ea4308955ee4240460b7622ed2b181f27281,,unverified_recording_hash_fallback
AUD-fbee5c74d80441591138e4bfafcf54accb1ca4b0f690edc7cb590bd7578c4eb6,Vehicle Horn,train,GROUP-fa8e4dbdfcec09f4238696bab2a42e75ee4c351291c01a7f2418079309b13aa2,,unverified_recording_hash_fallback
AUD-fd221fd9db2d8d0845d8d210bfdcbe072f27d14e127d4ea6316b26802d3ec0c9,Vehicle Horn,train,GROUP-6f5d47eb2c90d5d729e9c5041a9aac2c63114f63d168b27fbd552d661666a424,,unverified_recording_hash_fallback
AUD-ffefeed69280248b114551864410b30f7bbae290c474472f0f2bbe12e5a6747e,Vehicle Horn,train,GROUP-45bc8555c5ff215486312317be28b241f3a2742caadbeef165e9de2f17edaa75,,unverified_recording_hash_fallback
