audio_id,filename,relative_path,class_label,duration,sample_rate,channels,file_size_bytes,sha256,duplicate_of,source,environment,device,distance,original_or_augmented,split
AUD-CB7228C8D5BE5516,alex_jauk-basement-ambience-1-195972.mp3,data/raw/machinery_fault/alex_jauk-basement-ambience-1-195972.mp3,Machinery Fault,25.152,48000,2,804864,f2706530ed5a5fa6038f5e8fcc592b897358c657b4e72ef4dd17a8801fc9f723,,,,,,original,
AUD-C2B3EEB970845A6B,alex_jauk-hydroelectric-dam-machinery-ambience-213553.mp3,data/raw/machinery_fault/alex_jauk-hydroelectric-dam-machinery-ambience-213553.mp3,Machinery Fault,45.6599,44100,1,1459513,c1c43446c59122da05beb102aed90920c637df5e2e2e2d6e39aff8aae3bff595,,,,,,original,
AUD-149E14A866825EC7,alex_jauk-industrial-ambience-223058.mp3,data/raw/machinery_fault/alex_jauk-industrial-ambience-223058.mp3,Machinery Fault,24.9221,44100,1,796630,62ec0147966f0d87c9d096d783308ad2b18ef500d4020e16e95819e07fa81431,,,,,,original,
AUD-50F551FAE06158CB,alex_jauk-industrial-machinery-ambience-201118 (1).mp3,data/raw/machinery_fault/alex_jauk-industrial-machinery-ambience-201118 (1).mp3,Machinery Fault,15.288,48000,2,489216,30cb932235219fb511c22d2a69d5cf7f2e157655273da310711e40ec22fdd2cf,,,,,,original,
AUD-EF213F6C5F48585A,alex_jauk-industrial-machinery-ambience-201118.mp3,data/raw/machinery_fault/alex_jauk-industrial-machinery-ambience-201118.mp3,Machinery Fault,15.288,48000,2,489216,30cb932235219fb511c22d2a69d5cf7f2e157655273da310711e40ec22fdd2cf,AUD-50F551FAE06158CB,,,,,original,
AUD-325FEAD067C25516,alex_jauk-loud-machinery-449526.mp3,data/raw/machinery_fault/alex_jauk-loud-machinery-449526.mp3,Machinery Fault,25.8897,44100,1,827559,7baca8804de394a94039a4528d08709e72d87e990c14d2d8f728970825734898,,,,,,original,
AUD-CFD4100849325ABA,alex_jauk-machinery-amp-glass-ambience-223051.mp3,data/raw/machinery_fault/alex_jauk-machinery-amp-glass-ambience-223051.mp3,Machinery Fault,38.8083,44100,1,1240502,3d3961eb3e5f0d5e252eb2fbeb55e58ba3a1222c10fe4a911878941e15d65bbd,,,,,,original,
AUD-5ABC764CF1955923,alex_jauk-nearby-industrial-machinery-ambience-195967.mp3,data/raw/machinery_fault/alex_jauk-nearby-industrial-machinery-ambience-195967.mp3,Machinery Fault,10.176,48000,2,325632,440723da09a42ae00c849fa4ce9ae2ff8c344aa43bd6c3ecf9dcf7a87db620b5,,,,,,original,
AUD-62E6E0A954655FCE,alex_jauk-outdoor-noises-ambience-country-side-421417.mp3,data/raw/machinery_fault/alex_jauk-outdoor-noises-ambience-country-side-421417.mp3,Machinery Fault,63.0505,44100,1,2015399,f46ca2b7a29ffa8fb67d8c7ae6dee059332aef8e574f8c08947d84c97dea870b,,,,,,original,
AUD-F4E342EDEBC55BC6,bretbernhoft-rumbling-8-144389.mp3,data/raw/machinery_fault/bretbernhoft-rumbling-8-144389.mp3,Machinery Fault,120.024,48000,2,3840768,4209d6b705b21d0659829b0f85e5ccaa0c9f50e80f93c15360e6dd86f2194765,,,,,,original,
AUD-DA9F2BDDD1D4554F,daviddumaisaudio-steampunk-mechanical-gadget-188052.mp3,data/raw/machinery_fault/daviddumaisaudio-steampunk-mechanical-gadget-188052.mp3,Machinery Fault,1.272,48000,2,40704,8a588c7dbdf1a2cc44860c07da045453cac306425afdaf2ba54cf91c3fe30ca1,,,,,,original,
AUD-8805FC0631185952,dbsound-machinery-sound-loop-250784.mp3,data/raw/machinery_fault/dbsound-machinery-sound-loop-250784.mp3,Machinery Fault,164.448,48000,2,5262336,7b8222722a35e4f804cd1b8b0a8892242d31d559f62b16860659fc1357136f7d,,,,,,original,
AUD-1C63E54FDF9C569F,deejaycoxknot-industro-randomo-loop-95-437478.mp3,data/raw/machinery_fault/deejaycoxknot-industro-randomo-loop-95-437478.mp3,Machinery Fault,2.5628,44100,2,81920,0b2a9a04b97c01ac9bb93ab4372768552136ff19c4b7ca5c6cea123936b4d192,,,,,,original,
AUD-443CB2FB081D54F2,dragon-studio-conveyor-belt-584731.mp3,data/raw/machinery_fault/dragon-studio-conveyor-belt-584731.mp3,Machinery Fault,60.024,48000,2,1920768,2dda5ad6a025dd45aac2ff7cf0aec1163537c4b8eb4c6f34502ebb6c3b73a432,,,,,,original,
AUD-39364F0A62DF5511,dragon-studio-groaning-metal-504039 (1).mp3,data/raw/machinery_fault/dragon-studio-groaning-metal-504039 (1).mp3,Machinery Fault,6.312,48000,2,201984,b604857906f49c5c36a0b0ece838658a3cf74c92370e4b1a045d1ba86a3e4f77,,,,,,original,
AUD-780EB5C650D4501A,dragon-studio-groaning-metal-504039.mp3,data/raw/machinery_fault/dragon-studio-groaning-metal-504039.mp3,Machinery Fault,6.312,48000,2,201984,b604857906f49c5c36a0b0ece838658a3cf74c92370e4b1a045d1ba86a3e4f77,AUD-39364F0A62DF5511,,,,,original,
AUD-6001D33DA2F85D85,faespencer-industrial-hum-486946.mp3,data/raw/machinery_fault/faespencer-industrial-hum-486946.mp3,Machinery Fault,10.056,48000,2,321792,2b53a6e0b4a998f427e1ce22c9dfb959e3df3033c30cedf11303f2bd085aec1a,,,,,,original,
AUD-18B36B1B66A35A72,freesound_community-011224_coal-pit-mine-machinery-grabber-from-short-distance-59193.mp3,data/raw/machinery_fault/freesound_community-011224_coal-pit-mine-machinery-grabber-from-short-distance-59193.mp3,Machinery Fault,131.76,24000,2,2635200,2c500c8d3b7e2d99cb411da746174f6727027a03c694f1117dad7d7cd3718235,,,,,,original,
AUD-D537678775FA5274,freesound_community-017607_coal-pit-mine-machinery-grabber-from-very-short-distance-55198.mp3,data/raw/machinery_fault/freesound_community-017607_coal-pit-mine-machinery-grabber-from-very-short-distance-55198.mp3,Machinery Fault,78.936,24000,2,1578720,d3b0d0d26543a869dcfba10c476fe5f25bd0c51cafc264a394a009ad3ad8ad7c,,,,,,original,
AUD-6BFB65A5098D5A39,freesound_community-056656_kick-4-45620.mp3,data/raw/machinery_fault/freesound_community-056656_kick-4-45620.mp3,Machinery Fault,9.096,24000,2,181920,b1e732e31d27c6a6065df514d029383c0d51d8c4f6d615752511e972a94d4758,,,,,,original,
AUD-DF1D226D79755DF6,freesound_community-080223-002-freight-elevator-75187.mp3,data/raw/machinery_fault/freesound_community-080223-002-freight-elevator-75187.mp3,Machinery Fault,34.704,24000,2,694080,a39dcc1d3393493963382a3b3ac16b42db86ff06e0fd43e4e172d86edfaac201,,,,,,original,
AUD-8C992BC2D8C75134,freesound_community-086143_machinerywav-82788.mp3,data/raw/machinery_fault/freesound_community-086143_machinerywav-82788.mp3,Machinery Fault,1.032,24000,2,20640,717ddf5ec98408c9c8578fca3a97592a0b39731d7cae54de89662cae54b02a69,,,,,,original,
AUD-5D243041D8B15B59,freesound_community-200424_01-duet-of-garden-machinery-24074.mp3,data/raw/machinery_fault/freesound_community-200424_01-duet-of-garden-machinery-24074.mp3,Machinery Fault,121.368,24000,2,2427360,d833f969b8251dec0103152b767d95e11954de0af7e3c89a02ea0208003efe7d,,,,,,original,
AUD-C63F91F5E2945252,freesound_community-3d-printer-85253.mp3,data/raw/machinery_fault/freesound_community-3d-printer-85253.mp3,Machinery Fault,9.672,24000,2,193440,87b6e09c9ac9796fe55bc50a87dce843baf7d2399e98bc9bc90a39d901eca8b9,,,,,,original,
AUD-6727B9C6C5A65620,freesound_community-6am-pile-driver-69900.mp3,data/raw/machinery_fault/freesound_community-6am-pile-driver-69900.mp3,Machinery Fault,16.872,24000,2,337440,dded1b660fa620881c9e3f52b6c10bd14c0073ca29d6dafb5afe6451255b4d2c,,,,,,original,
AUD-889FD2F86EC95492,freesound_community-advanced-machinery-warbles-29998.mp3,data/raw/machinery_fault/freesound_community-advanced-machinery-warbles-29998.mp3,Machinery Fault,17.184,24000,2,343680,9443e4615f14cd59d0a8b472720b2c913e72b503fa388420df2077ff89c92704,,,,,,original,
AUD-C61014BA663F59BB,freesound_community-amb_ext_construction_001-51894.mp3,data/raw/machinery_fault/freesound_community-amb_ext_construction_001-51894.mp3,Machinery Fault,318.072,48000,1,10178304,a8f0b42b67987d477aa26cc5e5b1ec019661a5c8bd81e8d67270683529162f76,,,,,,original,
AUD-C76724757D7F593E,freesound_community-amtrak-hydraulics-63429.mp3,data/raw/machinery_fault/freesound_community-amtrak-hydraulics-63429.mp3,Machinery Fault,23.856,24000,2,477120,6e9212bcab872efdc51fcf655c6867b33cb73de229c44750d376bf6e1d441f16,,,,,,original,
AUD-158D001CFB47541E,freesound_community-background-factory-noise-31551.mp3,data/raw/machinery_fault/freesound_community-background-factory-noise-31551.mp3,Machinery Fault,26.208,24000,2,524160,a941a9e08044ea5fbded543816ffdc19ffb21104a0500b14d1d17ce57d0a1ba5,,,,,,original,
AUD-99CF45A3303958A6,freesound_community-binaural-reverse-beep-heavy-machinery-22441.mp3,data/raw/machinery_fault/freesound_community-binaural-reverse-beep-heavy-machinery-22441.mp3,Machinery Fault,81.048,24000,2,1620960,4bede7e602f5350ad0d34a4bbbd0dec6d28cde6975fc106ad3f82f886a0adafa,,,,,,original,
AUD-49972C59E4C35645,freesound_community-boiler-cupboard-72940.mp3,data/raw/machinery_fault/freesound_community-boiler-cupboard-72940.mp3,Machinery Fault,60.648,24000,2,1212960,8b8edff80f593efc312e1a45763ff478ca52168e105c668d5496717dccc646d0,,,,,,original,
AUD-FDE72278AF2D5F07,freesound_community-building-site-1-68402.mp3,data/raw/machinery_fault/freesound_community-building-site-1-68402.mp3,Machinery Fault,31.32,24000,2,626400,c7ed0a7aad8eb7dc92dcf277f65a5fa3babd54695d22f7fecc4f155d14f5d9ad,,,,,,original,
AUD-01DC9C6E04F55B60,freesound_community-building-site-2-68401.mp3,data/raw/machinery_fault/freesound_community-building-site-2-68401.mp3,Machinery Fault,62.328,24000,2,1246560,8488bf0ae0bde877e0d3b6e4895d538497a631e76d4b3b8430b25bdddf8701a7,,,,,,original,
AUD-2B667E2DCC1C534F,freesound_community-bulldozer-25700.mp3,data/raw/machinery_fault/freesound_community-bulldozer-25700.mp3,Machinery Fault,39.12,24000,2,782400,61ab9e385ff252a374140af1f00248138a3ebb598ccc000a796a8627e3966a62,,,,,,original,
AUD-57256ECCB1A15C31,freesound_community-cable-cars-on-tracks-56549.mp3,data/raw/machinery_fault/freesound_community-cable-cars-on-tracks-56549.mp3,Machinery Fault,93.36,24000,2,1867200,90cde56e6ae443b9a223caf989bafae38ca5e1ff5344f195998a188f3a07ba7e,,,,,,original,
AUD-5D9A4DF893755D61,freesound_community-cd-dvd-printer-sound-67615.mp3,data/raw/machinery_fault/freesound_community-cd-dvd-printer-sound-67615.mp3,Machinery Fault,33.264,24000,2,665280,7550452f100f95215aad830a869314d6877899797199a4552195ebcd149e4ee5,,,,,,original,
AUD-EA15724B9E935B1B,freesound_community-crumpling-paper-37773.mp3,data/raw/machinery_fault/freesound_community-crumpling-paper-37773.mp3,Machinery Fault,4.992,24000,2,99840,79727bcb1bd5984e8915f53a76762d10f7eb408315946c08b6021a705c413cc9,,,,,,original,
AUD-3F42DFB9AB0F5352,freesound_community-crumpling-paper-44761.mp3,data/raw/machinery_fault/freesound_community-crumpling-paper-44761.mp3,Machinery Fault,5.064,24000,2,101280,a7791c64f97cb3e7d70b507abf3274d1e78472e0d76afce20022e1231ea08d5b,,,,,,original,
AUD-EF4D012A00A25344,freesound_community-dirty-rewinder-102017.mp3,data/raw/machinery_fault/freesound_community-dirty-rewinder-102017.mp3,Machinery Fault,3.888,24000,2,77760,787834ea3714167ade17e0eddb9f472305b86ad061375b2fb5fb7d7734e198db,,,,,,original,
AUD-4CD6BD1C3E735D8C,freesound_community-dishwasher-78538.mp3,data/raw/machinery_fault/freesound_community-dishwasher-78538.mp3,Machinery Fault,34.2,24000,2,684000,7c535367294335129a096824e7e63b19c19a9332a098caf2e3ff3390733315f4,,,,,,original,
AUD-594E97730CC35C02,freesound_community-distant-machinery-plane-interupts-followed-by-cars-special-guest-sea-gulls-24261 (1).mp3,data/raw/machinery_fault/freesound_community-distant-machinery-plane-interupts-followed-by-cars-special-guest-sea-gulls-24261 (1).mp3,Machinery Fault,125.832,24000,2,2516640,2a48dbdcb4ef18b2084edf7353c862113664716d48a2f7485dbafc80820fc16b,,,,,,original,
AUD-3BD126D495FE5632,freesound_community-distant-machinery-plane-interupts-followed-by-cars-special-guest-sea-gulls-24261.mp3,data/raw/machinery_fault/freesound_community-distant-machinery-plane-interupts-followed-by-cars-special-guest-sea-gulls-24261.mp3,Machinery Fault,125.832,24000,2,2516640,2a48dbdcb4ef18b2084edf7353c862113664716d48a2f7485dbafc80820fc16b,AUD-594E97730CC35C02,,,,,original,
AUD-C0BFB26C99135810,freesound_community-distant-road-with-some-birds-57296.mp3,data/raw/machinery_fault/freesound_community-distant-road-with-some-birds-57296.mp3,Machinery Fault,102.936,24000,2,2058720,c1226631d9b6185cbd3fb9616f3273bcba646a2657b904af8c53c13b1b2ed694,,,,,,original,
AUD-D52E0C44782D5BC1,freesound_community-downclockwork-46041.mp3,data/raw/machinery_fault/freesound_community-downclockwork-46041.mp3,Machinery Fault,4.92,24000,2,98400,0d8ec5879471f39f23560fd73f409d088d0c40549e38d9f90cbbb8589ee8ad5a,,,,,,original,
AUD-6474667D69505F58,freesound_community-echo-propeller-79600.mp3,data/raw/machinery_fault/freesound_community-echo-propeller-79600.mp3,Machinery Fault,52.536,24000,2,1050720,87c9ec33c7a1c676ba68c69d254b368e6645c7777b34eb14e49690a6236f84f1,,,,,,original,
AUD-090B326346FD5A29,freesound_community-electric-fan-60751.mp3,data/raw/machinery_fault/freesound_community-electric-fan-60751.mp3,Machinery Fault,34.512,24000,2,690240,251656a000ae102b7c2b2216601f4855449f2a08b1c636b5ceff8d9840169fb2,,,,,,original,
AUD-EC5E59B694DC54D3,freesound_community-electric-windmill-74468.mp3,data/raw/machinery_fault/freesound_community-electric-windmill-74468.mp3,Machinery Fault,60.504,24000,2,1210080,4e325d435ef81cfd2da0daa5d85c435ec73e1ad319c4e76e7dc91bd59b808da5,,,,,,original,
AUD-9F95C27164AB5C37,freesound_community-empty-coffee-machine-68682.mp3,data/raw/machinery_fault/freesound_community-empty-coffee-machine-68682.mp3,Machinery Fault,14.856,24000,2,297120,954ee7d67bb32c9478c871b10b4084ad1e104d8c920362a8aece43f38c6a1c4e,,,,,,original,
AUD-05958BE0B24A5CE5,freesound_community-escalator-60895.mp3,data/raw/machinery_fault/freesound_community-escalator-60895.mp3,Machinery Fault,30.96,24000,2,619200,f8910c4d2822abfa0fd29dfde2a42030b01d64f1d4a7b69409ce602e4fcee265,,,,,,original,
AUD-6D18E9E6AD1D5978,freesound_community-excavators-55134.mp3,data/raw/machinery_fault/freesound_community-excavators-55134.mp3,Machinery Fault,78.432,24000,2,1568640,cd0226c23d16e2d93d73a86a06aa2d44bc062823d7dc9bc22d39a68533fe40cb,,,,,,original,
AUD-C6C6070913C8503F,freesound_community-factory-atmosphere-6930.mp3,data/raw/machinery_fault/freesound_community-factory-atmosphere-6930.mp3,Machinery Fault,21.12,24000,2,422400,79769ec2be824743bf7fda8118f41cbade34002c2e6959b57d749e04ac039ca0,,,,,,original,
AUD-44F55B48BC3F5127,freesound_community-fan-bathroom-deep-tone-54335.mp3,data/raw/machinery_fault/freesound_community-fan-bathroom-deep-tone-54335.mp3,Machinery Fault,71.688,24000,2,1433760,0c39fd7d1ee78c58e38c60ed47d80e08e70f76161d4523fa262ad255d6dac4a6,,,,,,original,
AUD-D7751BC2849B5831,freesound_community-flanger-bomber-70423.mp3,data/raw/machinery_fault/freesound_community-flanger-bomber-70423.mp3,Machinery Fault,36.096,24000,2,721920,e15b8a09dee1184a7472c5c0fe6c92030611f73c868b5e3c59a21cbc98c723ba,,,,,,original,
AUD-9806B354F6B35EFD,freesound_community-generator-large-01-31429.mp3,data/raw/machinery_fault/freesound_community-generator-large-01-31429.mp3,Machinery Fault,32.64,24000,2,652800,b39315a0cbf4b5040b35b27f72ca035cd0c349ea3056d6be72764d2e285af4cb,,,,,,original,
AUD-F5A06A99756B5AA8,freesound_community-gutierrez_mpaulina_baja_fidelidad_industria_confeccion-31982.mp3,data/raw/machinery_fault/freesound_community-gutierrez_mpaulina_baja_fidelidad_industria_confeccion-31982.mp3,Machinery Fault,30.1523,44100,1,963813,859044c95792d8a8a97ccc8e1d93868e838ca2351f6a0577b771927fa7b500f6,,,,,,original,
AUD-21633AF44D4F50FF,freesound_community-heavymachinery-65089 (1).mp3,data/raw/machinery_fault/freesound_community-heavymachinery-65089 (1).mp3,Machinery Fault,40.056,24000,2,801120,5bdcc4b137932c135482c1d73af11ae90d0d7bb841c0c2f537cd27dada79f980,,,,,,original,
AUD-2A2A3B86CBDB5704,freesound_community-heavymachinery-65089.mp3,data/raw/machinery_fault/freesound_community-heavymachinery-65089.mp3,Machinery Fault,40.056,24000,2,801120,5bdcc4b137932c135482c1d73af11ae90d0d7bb841c0c2f537cd27dada79f980,AUD-21633AF44D4F50FF,,,,,original,
AUD-403B0FCDD4D35B07,freesound_community-industrial-ambiance-32198.mp3,data/raw/machinery_fault/freesound_community-industrial-ambiance-32198.mp3,Machinery Fault,64.896,24000,2,1297920,5e72271411849ab041cd77d972dff40aa1f04bcd020d4918ab0897e8dc89aad4,,,,,,original,
AUD-E3A914B6C5CC5022,freesound_community-industrial-ambiance-57140.mp3,data/raw/machinery_fault/freesound_community-industrial-ambiance-57140.mp3,Machinery Fault,100.056,24000,2,2001120,ef26036cfaa04b7daea00c2e4ecaa0b34e233e0c0f5b9a3a621a10fffff41d3b,,,,,,original,
AUD-80BEAEC9C39F5289,freesound_community-industrial-drums-2-115bpm-80848.mp3,data/raw/machinery_fault/freesound_community-industrial-drums-2-115bpm-80848.mp3,Machinery Fault,8.424,24000,2,168480,df599738fe971e110ac163334d5274c6900ecd02b90b68e083f6c7938f44a6e5,,,,,,original,
AUD-EBCF4F4CC1C056F5,freesound_community-industry-14479.mp3,data/raw/machinery_fault/freesound_community-industry-14479.mp3,Machinery Fault,94.128,24000,2,1882560,87800cbe55a6eb4f075bb61e44843f99433340f1ce026e8428e05ac907badfd7,,,,,,original,
AUD-D4D60841167E5B2E,freesound_community-interior-spaceship-19828.mp3,data/raw/machinery_fault/freesound_community-interior-spaceship-19828.mp3,Machinery Fault,67.2,24000,2,1344000,f8b283441438d8d1cca00d2afca9e7be10bbe5be88b6056c33f7b8cd71099d42,,,,,,original,
AUD-F11A62290B1054A3,freesound_community-kee-kaa-looping-19971.mp3,data/raw/machinery_fault/freesound_community-kee-kaa-looping-19971.mp3,Machinery Fault,69.264,48000,1,2216448,7e95d42f2a8da4c3a5b359a38e16f24c462dd40b90340f06f5d299cebc6cc84f,,,,,,original,
AUD-BC882A6CD1C15D78,freesound_community-large-creature-or-machinery-sound-83952.mp3,data/raw/machinery_fault/freesound_community-large-creature-or-machinery-sound-83952.mp3,Machinery Fault,4.104,24000,2,82080,703b693cab75bf1eb3d79463c15cc01e0205d5e46c38c99d47d65d869c79ad6d,,,,,,original,
AUD-8467C9F6E1B457D4,freesound_community-lowering-ramp-82342.mp3,data/raw/machinery_fault/freesound_community-lowering-ramp-82342.mp3,Machinery Fault,11.16,24000,2,223200,298861e4b387496cb3e729097a9be6eb710e3a265feccfdf4cfaf98006f68fb4,,,,,,original,
AUD-9FE59B3535A65D69,freesound_community-machine-hum-74742.mp3,data/raw/machinery_fault/freesound_community-machine-hum-74742.mp3,Machinery Fault,14.856,48000,1,475392,07fd398a830e0b5b121e7a3bf8f12a15fc981e2543b96c43efdc7fec117577cb,,,,,,original,
AUD-30279080B9B55A83,freesound_community-machine_steam_leak-96006.mp3,data/raw/machinery_fault/freesound_community-machine_steam_leak-96006.mp3,Machinery Fault,8.9437,44100,1,285884,bcae0a3250e9141093f528ae9fbf1bd34f646a7ef93b0d3d3afd5a9e81674017,,,,,,original,
AUD-1AA28056132855C3,freesound_community-machinery-100758.mp3,data/raw/machinery_fault/freesound_community-machinery-100758.mp3,Machinery Fault,6.552,24000,2,131040,d22fbf5bf484fec74565cb58fd5e6ca214fb108773b3874100f2c7998f733102,,,,,,original,
AUD-BB80123D83955E16,freesound_community-machinery-99915.mp3,data/raw/machinery_fault/freesound_community-machinery-99915.mp3,Machinery Fault,7.968,24000,2,159360,9a13edc11ae066ccd2dd22cfbe735fca49994ea687564dc3a1c2eab8ef2723ec,,,,,,original,
AUD-A74F8D31550158EA,freesound_community-machinery-hum-23135.mp3,data/raw/machinery_fault/freesound_community-machinery-hum-23135.mp3,Machinery Fault,93.36,24000,2,1867200,275d98888083897b27718601cc3b78ffd13e88517d997e7f674714a9a2b27792,,,,,,original,
AUD-223025FA9D0B58E3,freesound_community-machinery-hum-96433.mp3,data/raw/machinery_fault/freesound_community-machinery-hum-96433.mp3,Machinery Fault,11.952,8000,1,95616,5680092386c8b07d70a81ab834bd7ecb052f599183547ec786b6d40ea1013e00,,,,,,original,
AUD-4DB8C82678EB511E,freesound_community-machinery-running-noise-low-1-57548.mp3,data/raw/machinery_fault/freesound_community-machinery-running-noise-low-1-57548.mp3,Machinery Fault,106.608,48000,1,3411456,ef63b41c72baaee23d61bfa51fd65704714ba07ba15b47ad406c023dd76e52a3,,,,,,original,
AUD-300F542C08E15185,freesound_community-mechanicalclamp-6217.mp3,data/raw/machinery_fault/freesound_community-mechanicalclamp-6217.mp3,Machinery Fault,4.752,24000,2,95040,a3998718f8f25b9139da18746d53c46dca0b9d4aa191dfaa84e479592ef87505,,,,,,original,
AUD-DECDC2581F1451BB,freesound_community-metal_workshop_sounds-72655.mp3,data/raw/machinery_fault/freesound_community-metal_workshop_sounds-72655.mp3,Machinery Fault,59.712,24000,2,1194240,7521d05b650384761a06339523c08866ca527dfd268c5adb03ca7b25d13f812d,,,,,,original,
AUD-230B6FC869F6581F,freesound_community-pelleteuse-50423.mp3,data/raw/machinery_fault/freesound_community-pelleteuse-50423.mp3,Machinery Fault,220.2,24000,2,4404000,4ca1fad165c1940f8cf959aa18a449f57b8f2c54b824e5b064414de9410d5a11,,,,,,original,
AUD-9E85F71C36DD58F9,freesound_community-pool-pump-69159.mp3,data/raw/machinery_fault/freesound_community-pool-pump-69159.mp3,Machinery Fault,31.32,24000,2,626400,1fe253e87de299e9701f49672eea319659bf17df7a5816ec2d29034277b7cfcd,,,,,,original,
AUD-7DBBF421306B54DC,freesound_community-post-apocalyptic2-30151.mp3,data/raw/machinery_fault/freesound_community-post-apocalyptic2-30151.mp3,Machinery Fault,51.0732,44100,1,1632548,219955e9407a765c13e4f3f62b641122116f59595ec0a52d4bb75d8e7cc51080,,,,,,original,
AUD-0D8FBC4A5701516E,freesound_community-print-shop-printer-3-23680.mp3,data/raw/machinery_fault/freesound_community-print-shop-printer-3-23680.mp3,Machinery Fault,111.312,24000,2,2226240,a4daf40f834c8c71366620ac6aff6abddda9e486712c6cf203cec3a72721f59c,,,,,,original,
AUD-8B38819C98955F28,freesound_community-printermp3-72952.mp3,data/raw/machinery_fault/freesound_community-printermp3-72952.mp3,Machinery Fault,63.288,24000,2,1265760,42982c45160c81ee0811686185dacf73507b4ad37d737b206177c40e90e327c7,,,,,,original,
AUD-3CB1B316BC7E57AF,freesound_community-robotic-dawn-64397.mp3,data/raw/machinery_fault/freesound_community-robotic-dawn-64397.mp3,Machinery Fault,40.56,24000,2,811200,6441780759fedd42fa5313b42c5997ec4f00760e2335ed7264f53f0cb5ccd2f0,,,,,,original,
AUD-4BD0427BBC245C88,freesound_community-rolling-metal-29916 (1).mp3,data/raw/machinery_fault/freesound_community-rolling-metal-29916 (1).mp3,Machinery Fault,38.568,48000,1,1234176,407a5049485986d684e0f56449db434add3846c73c6b862399354ed44b72d510,,,,,,original,
AUD-2B181C6A55255D4E,freesound_community-rolling-metal-29916.mp3,data/raw/machinery_fault/freesound_community-rolling-metal-29916.mp3,Machinery Fault,38.568,48000,1,1234176,407a5049485986d684e0f56449db434add3846c73c6b862399354ed44b72d510,AUD-4BD0427BBC245C88,,,,,original,
AUD-035F3F51B08F5867,freesound_community-salvage_machinestack-28417.mp3,data/raw/machinery_fault/freesound_community-salvage_machinestack-28417.mp3,Machinery Fault,25.392,24000,2,507840,f4280c50185ae21c0e47901053c388bd4705c7293e48ee2f83a73ed3fa5b7f50,,,,,,original,
AUD-AF589C5CE9635BCA,freesound_community-sawmill-noises-22523.mp3,data/raw/machinery_fault/freesound_community-sawmill-noises-22523.mp3,Machinery Fault,82.2,24000,2,1644000,827cbf2cb868ab52a3e152f3a352a10b14a3a6a441b7d16b82124f918e1b5c83,,,,,,original,
AUD-2F692E3360075F11,freesound_community-sf_st_data_transmission_01-26494.mp3,data/raw/machinery_fault/freesound_community-sf_st_data_transmission_01-26494.mp3,Machinery Fault,32.064,24000,2,641280,1d600c4ef72eac141177ce386eb864dba31ea0da046603311b0afa32833f4898,,,,,,original,
AUD-D6C5C3DB5CF35EFA,freesound_community-spaceship-flybysse-38296.mp3,data/raw/machinery_fault/freesound_community-spaceship-flybysse-38296.mp3,Machinery Fault,12.96,48000,1,414720,ad78da8b8005d4539edfe43a75578a3574312ca3123ebe215d54567c5f0ec216,,,,,,original,
AUD-A51A57770F9B5244,freesound_community-sparksfly6-27447.mp3,data/raw/machinery_fault/freesound_community-sparksfly6-27447.mp3,Machinery Fault,14.544,48000,1,465408,43af2358b83581157f07d5a977d5732ccc8d560b5896da6d2300eafc84c87feb,,,,,,original,
AUD-34902987705C5500,freesound_community-stationary-truckwav-14455.mp3,data/raw/machinery_fault/freesound_community-stationary-truckwav-14455.mp3,Machinery Fault,7.392,24000,2,147840,44d60b4887054157cf92d466375c5574f89811c5f02852fd0904321bf174e8fa,,,,,,original,
AUD-64BD3686B2C35321,freesound_community-steel-mill-low-frequency-drone-26267.mp3,data/raw/machinery_fault/freesound_community-steel-mill-low-frequency-drone-26267.mp3,Machinery Fault,37.608,24000,2,752160,e9caf67203486dbdd1ae8f2b83217dab713f3f60746afc3678ef7aeb0a0c5d48,,,,,,original,
AUD-2446015A47245CAB,freesound_community-strange-machine-starting-up-73247.mp3,data/raw/machinery_fault/freesound_community-strange-machine-starting-up-73247.mp3,Machinery Fault,64.896,24000,2,1297920,0a813f074e601d3eb9fbe1b34fec44b6df02154fde20bb3b0d6d2dc90c3c2198,,,,,,original,
AUD-F1E2F666F4E85783,freesound_community-tamper-18627.mp3,data/raw/machinery_fault/freesound_community-tamper-18627.mp3,Machinery Fault,314.352,24000,2,6287040,83c5699afc79946503148d4b4d6970aeb67ca82147fb21c3650153470d977378,,,,,,original,
AUD-FF4D42942FE353F0,freesound_community-tech-horn-38510.mp3,data/raw/machinery_fault/freesound_community-tech-horn-38510.mp3,Machinery Fault,3.936,24000,2,78720,60920034449c5cd3ee14749481b373e8cc72382defc194f69a8027205e106c46,,,,,,original,
AUD-41DC51EA6D0D54BD,freesound_community-toaster-from-inside-a-watering-pot-80938.mp3,data/raw/machinery_fault/freesound_community-toaster-from-inside-a-watering-pot-80938.mp3,Machinery Fault,7.776,24000,2,155520,2ce9942d3ef73c58a6bf1ed1736cc13b4f61a863e8665419e94134671c8abd4d,,,,,,original,
AUD-8D63712A45D25B88,freesound_community-tractor-29560.mp3,data/raw/machinery_fault/freesound_community-tractor-29560.mp3,Machinery Fault,29.904,24000,2,598080,0ced3505fa204317b034e58a80aee8d4a107f65c91000bf16a02befd3b20e3bf,,,,,,original,
AUD-7CF2BA441E9B55FD,freesound_community-tractor-62793.mp3,data/raw/machinery_fault/freesound_community-tractor-62793.mp3,Machinery Fault,14.568,24000,2,291360,7cb82db39a0dc24238c1cb3ec08466994df7439f4e9272b134756b619d084339,,,,,,original,
AUD-760571941A6958E3,freesound_community-tractor-in-field-79167.mp3,data/raw/machinery_fault/freesound_community-tractor-in-field-79167.mp3,Machinery Fault,56.712,24000,2,1134240,fc09a269f6be2634dff6e9715d763f7e49b0a82816be5b165b3d6f78c632fdfc,,,,,,original,
AUD-1D95797E905B51C7,freesound_community-truckrunningwav-14613.mp3,data/raw/machinery_fault/freesound_community-truckrunningwav-14613.mp3,Machinery Fault,29.0278,44100,1,927869,b9e369356bb8bb7275fca48b521c3d8f66a7cfd2820292b838b96978f85c519a,,,,,,original,
AUD-7B8712337E445137,freesound_community-turn-crank_old_metal_machine_loop-101356.mp3,data/raw/machinery_fault/freesound_community-turn-crank_old_metal_machine_loop-101356.mp3,Machinery Fault,6.744,48000,1,215808,b9476603dca62812cc0a2214cbc6af92af7646aa9602d31550c9e62ab57abf54,,,,,,original,
AUD-F0D9214E5872572B,freesound_community-turn-crank_squeak_old_metal_machine_loop-101357.mp3,data/raw/machinery_fault/freesound_community-turn-crank_squeak_old_metal_machine_loop-101357.mp3,Machinery Fault,7.464,48000,1,238848,c348a4a5eec19105209c0cc606122142dbf40fdc96562ea3e6da9c1854dd1b2b,,,,,,original,
AUD-148D954374685BF9,freesound_community-ventpipe-94829.mp3,data/raw/machinery_fault/freesound_community-ventpipe-94829.mp3,Machinery Fault,9.552,24000,2,191040,7cfc4f151ed8fd2fada14ff1874af2375019f105227e54860434bacd31578bdc,,,,,,original,
AUD-A1E5243E3CF554C4,freesound_community-washing-machine-ambience-3-74687.mp3,data/raw/machinery_fault/freesound_community-washing-machine-ambience-3-74687.mp3,Machinery Fault,34.248,24000,2,684960,2f076e1d4d41c3f6693b64552939762e4e9ab69708e097c28b0618694599ad00,,,,,,original,
AUD-BEB0693A5FE158F9,freesound_community-weight-machine-gas-resistance-56721.mp3,data/raw/machinery_fault/freesound_community-weight-machine-gas-resistance-56721.mp3,Machinery Fault,95.256,24000,2,1905120,68e22e497ad7fda5e3a3c2d4933a97481158346ac25a43b9cd7a5b0fa5d2df1e,,,,,,original,
AUD-1ED4A7E258D75834,freesound_community-wheelchair-hydraulic-1-26543.mp3,data/raw/machinery_fault/freesound_community-wheelchair-hydraulic-1-26543.mp3,Machinery Fault,37.512,24000,2,750240,490f75479f9bfef8b8f8207205085caaa3e1763df399bf81a8afe8603d164e7a,,,,,,original,
AUD-1A0FCE04639250E8,freesound_community-window-air-conditioner-in-apartment-27549.mp3,data/raw/machinery_fault/freesound_community-window-air-conditioner-in-apartment-27549.mp3,Machinery Fault,40.056,24000,2,801120,1cbefb74ca77b8b37d808a69e789eb8b1a0d64363be3a8502911464f5591b048,,,,,,original,
AUD-DA1FF17F7E3F584F,freesound_community-workshop-noise-26767.mp3,data/raw/machinery_fault/freesound_community-workshop-noise-26767.mp3,Machinery Fault,28.2,24000,2,564000,95d904facd1fa47fa6b2bf50678e5d9a250699513a0fb2d78c01882584f1c211,,,,,,original,
AUD-40328341DAA35D32,fronbondi_skegs-amb-ghosts-in-the-machine-huge-machinery-startup-ambience-543691.mp3,data/raw/machinery_fault/fronbondi_skegs-amb-ghosts-in-the-machine-huge-machinery-startup-ambience-543691.mp3,Machinery Fault,114.168,48000,2,3653376,2f7e0a51939e42fd2c2b989f92788079a113afae3eeda7c9da4c79ed842ee6c3,,,,,,original,
AUD-5E2A89F09F80582E,jasonlee3071-sound-of-a-bulldozer-151161.mp3,data/raw/machinery_fault/jasonlee3071-sound-of-a-bulldozer-151161.mp3,Machinery Fault,31.1124,22050,1,621714,20521065668345733451a63ee3b9a31a685dc7e715bf26d4fdca3ae7b19e53eb,,,,,,original,
AUD-BFE17A60AC2851E0,juliush-industrial-robots-assembly-and-production-line-sounds-9691.mp3,data/raw/machinery_fault/juliush-industrial-robots-assembly-and-production-line-sounds-9691.mp3,Machinery Fault,20.0841,44100,2,641985,339081005c6782a92ec95805f4054320e7f347b79e1e8b51f7910f49615293d0,,,,,,original,
AUD-081019B621D65D1F,juliush-steampunk-science-fiction-sounds-8242.mp3,data/raw/machinery_fault/juliush-steampunk-science-fiction-sounds-8242.mp3,Machinery Fault,68.1761,44100,2,2179239,d84b57ba586f19b4f7a9e362989673af58794fdec74ae8f95213118d120707d7,,,,,,original,
AUD-0457749AE33453B5,kalsstockmedia-buzzing-machinery-insect-276726.mp3,data/raw/machinery_fault/kalsstockmedia-buzzing-machinery-insect-276726.mp3,Machinery Fault,10.8789,44100,2,347742,922d0bbf0efef8a38f5cedd3d42742110a57676868a70d5636570c39df77b36c,,,,,,original,
AUD-8A4900D845A65953,kalsstockmedia-continuous-laser-firing-fx-341995.mp3,data/raw/machinery_fault/kalsstockmedia-continuous-laser-firing-fx-341995.mp3,Machinery Fault,5.8055,44100,2,185573,3bf35daa420b82f5ab9b3f89c270e91a64801ddcca36b0389167587e338e51c7,,,,,,original,
AUD-F176B29D28925146,kalsstockmedia-drilling-machinery-276724 (1).mp3,data/raw/machinery_fault/kalsstockmedia-drilling-machinery-276724 (1).mp3,Machinery Fault,54.1852,44100,2,1732022,42e50a05aa5a4f263ea21a218dfeae2bacb59e8837c2519fd345c13389b707aa,,,,,,original,
AUD-D079ABFFB0755A16,kalsstockmedia-drilling-machinery-276724.mp3,data/raw/machinery_fault/kalsstockmedia-drilling-machinery-276724.mp3,Machinery Fault,54.1852,44100,2,1732022,42e50a05aa5a4f263ea21a218dfeae2bacb59e8837c2519fd345c13389b707aa,AUD-F176B29D28925146,,,,,original,
AUD-72864DC905C95086,kalsstockmedia-machine-start-stop-fast-slow-down-whirring-280443.mp3,data/raw/machinery_fault/kalsstockmedia-machine-start-stop-fast-slow-down-whirring-280443.mp3,Machinery Fault,14.1216,44100,2,451395,c9d58c12292237d2e19db3897a09440388896cc997d218718d052f0aa2e5e1d4,,,,,,original,
AUD-BA8A93539D5F56AD,kalsstockmedia-machinery-shutting-down-with-bram-sound-scifi-410639.mp3,data/raw/machinery_fault/kalsstockmedia-machinery-shutting-down-with-bram-sound-scifi-410639.mp3,Machinery Fault,8.04,48000,2,257280,26514a10e433eb899bfa995d0906bb5d4b40d9151be7463040279465a55e8fc4,,,,,,original,
AUD-AB36CE88D85A57BD,kalsstockmedia-robotic-bass-drop-machinery-futuristic-reverse-279795.mp3,data/raw/machinery_fault/kalsstockmedia-robotic-bass-drop-machinery-futuristic-reverse-279795.mp3,Machinery Fault,7.0869,44100,1,226533,d62ac0e3098e99379aca06196772f5804bdc6665ef8b33e94b5e129000fb0178,,,,,,original,
AUD-8FFC5B703A225E34,kalsstockmedia-sci-fi-horror-machinery-error-with-electricl-crackle-410632.mp3,data/raw/machinery_fault/kalsstockmedia-sci-fi-horror-machinery-error-with-electricl-crackle-410632.mp3,Machinery Fault,4.032,48000,2,129024,de02a933c3da8ef0593bb27a9166ffedcb636f679d8d7b83e474d2de95eed6d7,,,,,,original,
AUD-9EA23ADA90BF5746,kalsstockmedia-slowing-down-whistle-machiner-comic-279796.mp3,data/raw/machinery_fault/kalsstockmedia-slowing-down-whistle-machiner-comic-279796.mp3,Machinery Fault,7.6623,44100,1,244924,6e8555e1d49411626350fbfa40fb9f62bc4a8f9bbd9c422e0320a8b0389b92e0,,,,,,original,
AUD-925A76A988BC5C1D,kalsstockmedia-whirring-vibrating-machinery-sci-fi-276725.mp3,data/raw/machinery_fault/kalsstockmedia-whirring-vibrating-machinery-sci-fi-276725.mp3,Machinery Fault,98.5899,44100,2,3151412,e7c85ddd2b488d4b51f4e2291978173836f294e72454460280282db8ddf25cbb,,,,,,original,
AUD-52A8F63AE5BC5B28,masp005-door-closing-119808.mp3,data/raw/machinery_fault/masp005-door-closing-119808.mp3,Machinery Fault,4.3149,44100,2,137926,d88cea3f5a9f3098ac940fbb34b452be041e49f39ea3d2cc734642ca11e6062e,,,,,,original,
AUD-769D41F8653256D7,masp005-heavy-window-119809 (1).mp3,data/raw/machinery_fault/masp005-heavy-window-119809 (1).mp3,Machinery Fault,9.2052,44100,2,294243,9fb9625bc85d5e2c0174b0772ecbae55db073981a30a6b2ebf4468fb342038bd,,,,,,original,
AUD-972A9103B6685E20,masp005-heavy-window-119809.mp3,data/raw/machinery_fault/masp005-heavy-window-119809.mp3,Machinery Fault,9.2052,44100,2,294243,9fb9625bc85d5e2c0174b0772ecbae55db073981a30a6b2ebf4468fb342038bd,AUD-769D41F8653256D7,,,,,original,
AUD-D34EA7660DB759E5,moniker_subriquet-vcr-construction-kit-322196.mp3,data/raw/machinery_fault/moniker_subriquet-vcr-construction-kit-322196.mp3,Machinery Fault,112.1624,44100,2,3585253,4c116b46196aa2c7435616b7fe849b2037dcf540138f651edf74f89b27e3f963,,,,,,original,
AUD-4871F196D8115B73,oxidvideos-cars-city-ambiance-small-intersection-414304.mp3,data/raw/machinery_fault/oxidvideos-cars-city-ambiance-small-intersection-414304.mp3,Machinery Fault,57.888,48000,2,1852416,d46236ae2f6b0f4063833b7284469ab46a4f445c1b1b28fc7a4706e634296edb,,,,,,original,
AUD-30A2171BA4D75EAC,patolenin-sound-of-a-tractor-and-heavy-machinery-collecting-sand-from-the-river-386243.mp3,data/raw/machinery_fault/patolenin-sound-of-a-tractor-and-heavy-machinery-collecting-sand-from-the-river-386243.mp3,Machinery Fault,82.968,48000,2,2654976,7db7cdfa81651c0466c13431dbab79c27571f9d9e2de05999490673e04126536,,,,,,original,
AUD-17C82E173DD0507A,patolenin-sound-of-excavator-collecting-raw-material-in-a-river-385360.mp3,data/raw/machinery_fault/patolenin-sound-of-excavator-collecting-raw-material-in-a-river-385360.mp3,Machinery Fault,59.736,48000,2,1911552,64ccc576e407b68bb8a79cf3d2231ddb4e0e82ca1a03a4ef4f578ab68cc7ec0c,,,,,,original,
AUD-675931C2A07C54E2,patolenin-the-sound-of-machinery-operating-near-the-river-522102.mp3,data/raw/machinery_fault/patolenin-the-sound-of-machinery-operating-near-the-river-522102.mp3,Machinery Fault,46.4968,44100,2,1486262,15ac371f1fa1ae6233dfec475270c06a0483168775899a5c3f332e4f325157b7,,,,,,original,
AUD-F3F8F298CFE455ED,shut_up_ghost-grinder-185886.mp3,data/raw/machinery_fault/shut_up_ghost-grinder-185886.mp3,Machinery Fault,35.2518,44100,2,1126818,7ad7b107304a69974d1ddf3532dc818a55eaa05c05e0181931715f7807c16af0,,,,,,original,
AUD-781FC0CCBE285AB0,soundreality-big-diesel-179539.mp3,data/raw/machinery_fault/soundreality-big-diesel-179539.mp3,Machinery Fault,18.048,48000,2,577536,831bcc4361f337503b5dc228f4c4fc038328ea75f957119f2ac5c4069b2ab397,,,,,,original,
AUD-61CA638864A95EA6,soundreality-equipment-performance-168058.mp3,data/raw/machinery_fault/soundreality-equipment-performance-168058.mp3,Machinery Fault,16.032,48000,2,513024,81c26a571f0d07e18969fbd540c7eec6c3d47260d0c0a66f022d7a00ead62adf,,,,,,original,
AUD-DCF310FC622D5573,soundreality-industrial-noise-317880.mp3,data/raw/machinery_fault/soundreality-industrial-noise-317880.mp3,Machinery Fault,66.024,48000,2,2112768,f120e908c15db22e1aaac149a22878bb5e9fbd3d16345214c289519b81b01e8d,,,,,,original,
AUD-33875112C6825247,stu9-parts-363174.mp3,data/raw/machinery_fault/stu9-parts-363174.mp3,Machinery Fault,3.8694,22050,1,77322,090fc1ff562ea383df30d3926a67cf00533ae886f00b2a4a7eebcb082a557a80,,,,,,original,
AUD-D3F8A87981D2563D,11325622-glass-breaking-sound-effect-240679.mp3,data/raw/glass_breaking/11325622-glass-breaking-sound-effect-240679.mp3,Glass Breaking,1.5429,44100,2,49319,2b91e8459ca01924e7de5c9ce9b310534bbd0e472a3730d617bcfa19b40e3725,,,,,,original,
AUD-2AD4E14D011F55E6,alice_soundz-glass-breaking-224091.mp3,data/raw/glass_breaking/alice_soundz-glass-breaking-224091.mp3,Glass Breaking,7.0608,44100,2,225698,bf2b4fd4153cc92a76a8f1a148b375a58278cb0c5cf19e6564c9dd980c78c082,,,,,,original,
AUD-1D387BCE87A95ECE,arunangshubanerjee-cutting-glass-sheet-short-glass-scoring-sound-358250.mp3,data/raw/glass_breaking/arunangshubanerjee-cutting-glass-sheet-short-glass-scoring-sound-358250.mp3,Glass Breaking,3.648,48000,2,116736,ad8ecc495c629b3349842a32cda2e060c1ec0a39555c27992e5db67456c63e18,,,,,,original,
AUD-3E6D6384E1795CF9,charlie_raven-glass-shatter-impact-93797.mp3,data/raw/glass_breaking/charlie_raven-glass-shatter-impact-93797.mp3,Glass Breaking,9.7021,44100,2,310125,3c86565a2c7b50c68fe79c438f12e4e75698d94f444bd3927796f228cd8cd9b5,,,,,,original,
AUD-1C811326BAFD5BCB,dragon-studio-glass-breaking-504033.mp3,data/raw/glass_breaking/dragon-studio-glass-breaking-504033.mp3,Glass Breaking,3.12,48000,2,99840,b5af69b569ce12a5faa77379d2c8ef6a5539ef05b58d0746907f1c52cbca55e2,,,,,,original,
AUD-BD0385F8E7B15FDA,dragon-studio-glass-breaking-511313.mp3,data/raw/glass_breaking/dragon-studio-glass-breaking-511313.mp3,Glass Breaking,3.12,48000,2,99840,b5af69b569ce12a5faa77379d2c8ef6a5539ef05b58d0746907f1c52cbca55e2,AUD-1C811326BAFD5BCB,,,,,original,
AUD-4431D191D7C9516A,dragon-studio-glass-cracking-504028.mp3,data/raw/glass_breaking/dragon-studio-glass-cracking-504028.mp3,Glass Breaking,1.704,48000,2,54528,010ef779955cedabb5774462fe30a8506b936655967be2cf05975d64d44d82d6,,,,,,original,
AUD-D8BD48601BAA54CC,dragon-studio-glass-cracking-511310.mp3,data/raw/glass_breaking/dragon-studio-glass-cracking-511310.mp3,Glass Breaking,1.704,48000,2,54528,010ef779955cedabb5774462fe30a8506b936655967be2cf05975d64d44d82d6,AUD-4431D191D7C9516A,,,,,original,
AUD-6B8F7545AFD854F7,dragon-studio-glass-shattering-504035 (1).mp3,data/raw/glass_breaking/dragon-studio-glass-shattering-504035 (1).mp3,Glass Breaking,4.032,48000,2,129024,f6cae825b8d04764f379da2f7af5e631f919616092e418e4af87d36125ca7b7b,,,,,,original,
AUD-3DCC06110EF25160,dragon-studio-glass-shattering-504035.mp3,data/raw/glass_breaking/dragon-studio-glass-shattering-504035.mp3,Glass Breaking,4.032,48000,2,129024,f6cae825b8d04764f379da2f7af5e631f919616092e418e4af87d36125ca7b7b,AUD-6B8F7545AFD854F7,,,,,original,
AUD-7279D82B1CA955A0,dragon-studio-glass-shattering-511316.mp3,data/raw/glass_breaking/dragon-studio-glass-shattering-511316.mp3,Glass Breaking,4.032,48000,2,129024,f6cae825b8d04764f379da2f7af5e631f919616092e418e4af87d36125ca7b7b,AUD-6B8F7545AFD854F7,,,,,original,
AUD-3A91FE9C2E6E518B,eaglaxle-glass-shattering-461637.mp3,data/raw/glass_breaking/eaglaxle-glass-shattering-461637.mp3,Glass Breaking,2.6151,44100,2,83591,294aa1a656f190f852667f1a11eda79a7bed7698e8c059d79a13eafc16b5aac3,,,,,,original,
AUD-B309A33AD3885453,floraphonic-empty-glass-table-foley-slide-9-237635.mp3,data/raw/glass_breaking/floraphonic-empty-glass-table-foley-slide-9-237635.mp3,Glass Breaking,0.528,48000,2,16896,1903e12474f58c8a4b68e13ad7d1f28eb1bed6fe980c1ac4b56a0071486c8f1b,,,,,,original,
AUD-950D5C270F025284,freesound_community-040683_breaking-glass-75142.mp3,data/raw/glass_breaking/freesound_community-040683_breaking-glass-75142.mp3,Glass Breaking,21.576,24000,2,431520,380452d8c13c67df72392567adf7eafbd8d6caf240e63d78b97d3d3aa61ab417,,,,,,original,
AUD-500CABE623815F13,freesound_community-breaking-glass-82857.mp3,data/raw/glass_breaking/freesound_community-breaking-glass-82857.mp3,Glass Breaking,3.456,24000,2,69120,1307917ead5eb285c5f275ca79b4781964cd67caacf5f4aac9f162ef67c991b5,,,,,,original,
AUD-B0BFD708FCC953DA,freesound_community-breaking-glass-83809.mp3,data/raw/glass_breaking/freesound_community-breaking-glass-83809.mp3,Glass Breaking,3.384,24000,2,67680,af86995228d2a15fc3e486b39660ec1d5a0b805d5d8ae597bcda4ade68fed744,,,,,,original,
AUD-A07E03C3284F5CC9,freesound_community-breaking-glass-84819.mp3,data/raw/glass_breaking/freesound_community-breaking-glass-84819.mp3,Glass Breaking,0.9153,44100,1,29257,e95c6794266d9b7b4b99374228a47439995306eac07506ee0a4e3bafaf2a6cdf,,,,,,original,
AUD-85E2A66E735F5393,freesound_community-breaking-glass-88411.mp3,data/raw/glass_breaking/freesound_community-breaking-glass-88411.mp3,Glass Breaking,1.08,24000,2,21600,8b0f5ec719892e106cb91d2554544a5dc4b464f50a0caf8187b958696608072d,,,,,,original,
AUD-90D641FA025753D9,freesound_community-breaking-glass-with-feet-45176.mp3,data/raw/glass_breaking/freesound_community-breaking-glass-with-feet-45176.mp3,Glass Breaking,2.424,24000,2,48480,d8b331a919076b92b7f11864057cd864bb6e9f409223b2b701f7aa23795a4ee8,,,,,,original,
AUD-0BD624DE20A35077,freesound_community-cleaning-window-glass-squeak-7044.mp3,data/raw/glass_breaking/freesound_community-cleaning-window-glass-squeak-7044.mp3,Glass Breaking,31.944,48000,1,1022208,e770a0589a1b52a2e5e9a21aa1ebb961f31f8e2b99167dd92cecc23ce4293e3a,,,,,,original,
AUD-5FF17C932D63555A,freesound_community-falling-glass-42739.mp3,data/raw/glass_breaking/freesound_community-falling-glass-42739.mp3,Glass Breaking,1.656,24000,2,33120,8f0e5626d87213360dccb851cfa58250460a06816384bee40d59798c6d002b20,,,,,,original,
AUD-5852B213AC8C5BC2,freesound_community-glass-break-2-80964.mp3,data/raw/glass_breaking/freesound_community-glass-break-2-80964.mp3,Glass Breaking,1.2,48000,1,38400,4438d7b0a367a20d214b9b76162d6145573fa0b2ce355847fd3d689e19018a47,,,,,,original,
AUD-1AAE919396305DA0,freesound_community-glass-break-5978.mp3,data/raw/glass_breaking/freesound_community-glass-break-5978.mp3,Glass Breaking,1.92,24000,2,38400,6d3c0adb638269381a9acd93fb2c152795f0735084a0e32cf07ef2e76af5bf66,,,,,,original,
AUD-2333E99D5A7C5F40,freesound_community-glass-breaking-94894.mp3,data/raw/glass_breaking/freesound_community-glass-breaking-94894.mp3,Glass Breaking,2.04,24000,2,40800,1d54339791b770f32cd4eae3fe630b3966d06e3d22c3944d1a479b4c8889cf40,,,,,,original,
AUD-43F9ED44CB5E5997,freesound_community-glass-clink-pack-62708.mp3,data/raw/glass_breaking/freesound_community-glass-clink-pack-62708.mp3,Glass Breaking,42.048,24000,2,840960,8e38ad793c603cdd29dc3de18ef93d70deec8701e4ca5af11c50c8f095a33c6e,,,,,,original,
AUD-F0BC4D7D4345549A,freesound_community-glass-cup-set-down-71326.mp3,data/raw/glass_breaking/freesound_community-glass-cup-set-down-71326.mp3,Glass Breaking,40.7958,44100,1,1304032,1050265ddef8f0a1cd15319bd7064d160eeab584d44357a00cc3cae4fd5e18de,,,,,,original,
AUD-91CEABC342825543,freesound_community-glass-ding-85786.mp3,data/raw/glass_breaking/freesound_community-glass-ding-85786.mp3,Glass Breaking,2.064,48000,1,66048,f14ac48605462dffbe3f41a914e6085eaf1c03352df654b3e1c949fb66bc4ff3,,,,,,original,
AUD-143CF3EDD00B552C,freesound_community-glass-dishes-73559.mp3,data/raw/glass_breaking/freesound_community-glass-dishes-73559.mp3,Glass Breaking,38.328,24000,2,766560,879159b8cf8c06faefb9b2586e646d4c8f8b5cd9a545c3b710bec142d44a72b5,,,,,,original,
AUD-4490C69D2BCA51F6,freesound_community-glass-harmony-41910.mp3,data/raw/glass_breaking/freesound_community-glass-harmony-41910.mp3,Glass Breaking,9.8067,44100,1,313469,eccff3109b2f02bb7500f19eebca45c171c133f3132f4c52b3e11cbb27494bee,,,,,,original,
AUD-F2B127F3FAC85934,freesound_community-glass-knock-71787.mp3,data/raw/glass_breaking/freesound_community-glass-knock-71787.mp3,Glass Breaking,21.12,48000,1,675840,772a9b767dc2f6a22515ddfae0dbb5556bf421b9616c53b99e8442b35a3c1d26,,,,,,original,
AUD-6A02A6120D365726,freesound_community-glass-on-table-movement-29170 (1).mp3,data/raw/glass_breaking/freesound_community-glass-on-table-movement-29170 (1).mp3,Glass Breaking,23.232,24000,2,464640,63f83416d5ccec26f6587f25ecd53337dda5d8367681da138d5416a5cde0da97,,,,,,original,
AUD-352CFD4B856B5126,freesound_community-glass-on-table-movement-29170 (2).mp3,data/raw/glass_breaking/freesound_community-glass-on-table-movement-29170 (2).mp3,Glass Breaking,23.232,24000,2,464640,63f83416d5ccec26f6587f25ecd53337dda5d8367681da138d5416a5cde0da97,AUD-6A02A6120D365726,,,,,original,
AUD-5FB5385170835DD0,freesound_community-glass-on-table-movement-29170.mp3,data/raw/glass_breaking/freesound_community-glass-on-table-movement-29170.mp3,Glass Breaking,23.232,24000,2,464640,63f83416d5ccec26f6587f25ecd53337dda5d8367681da138d5416a5cde0da97,AUD-6A02A6120D365726,,,,,original,
AUD-40D89A7915285289,freesound_community-glass-shatter-3-100155.mp3,data/raw/glass_breaking/freesound_community-glass-shatter-3-100155.mp3,Glass Breaking,0.528,24000,2,10560,1323ea197de83c85c9e4f3576219af4e7fcd4d7381bb23b2704740b1d4abd8bc,,,,,,original,
AUD-03DF2AEBD1A25462,freesound_community-glass-shatter-7-95202.mp3,data/raw/glass_breaking/freesound_community-glass-shatter-7-95202.mp3,Glass Breaking,2.784,24000,2,55680,ee25ca180c0e15566188d2ee28ffcb68170187b6d5fb7ababc9e9716e6c8b74b,,,,,,original,
AUD-10A93BC06A1751E8,freesound_community-glass-slide-6-83645.mp3,data/raw/glass_breaking/freesound_community-glass-slide-6-83645.mp3,Glass Breaking,1.92,24000,2,38400,0ff92873326874e402cb13a1397d4e121686f47a4f3afdeff866e608dc834089,,,,,,original,
AUD-64C1854E027B508E,freesound_community-glass-smash-6266.mp3,data/raw/glass_breaking/freesound_community-glass-smash-6266.mp3,Glass Breaking,1.656,24000,2,33120,5d41910d5c14d842ba0b4f93b6b6f8f76cd3baa2924c067cb45395a83a5a272d,,,,,,original,
AUD-C177EAB80CC25F49,freesound_community-glass-ting-89283.mp3,data/raw/glass_breaking/freesound_community-glass-ting-89283.mp3,Glass Breaking,1.992,48000,1,63744,66d893ea8c883adf4c904dc64f1ead62e76d584a0e7180fb06c99fa194a035b0,,,,,,original,
AUD-6C0DB03EE24A5590,freesound_community-glass-wipe-75164.mp3,data/raw/glass_breaking/freesound_community-glass-wipe-75164.mp3,Glass Breaking,36.288,24000,2,725760,d8a1260f4ef68ca4ef5176e61e827cdacd5944241712a42148a8548216ecf6f5,,,,,,original,
AUD-B74B4DC9288B54C0,freesound_community-ice-faling-into-glass-sfx-105431.mp3,data/raw/glass_breaking/freesound_community-ice-faling-into-glass-sfx-105431.mp3,Glass Breaking,2.5628,44100,1,81920,bf48236bce9cbf0ae3084e12ac4029a0ea172e3db2dc8a1e54b992018a3f3fc2,,,,,,original,
AUD-E0243578D68D5533,freesound_community-shimmer-glass-81711.mp3,data/raw/glass_breaking/freesound_community-shimmer-glass-81711.mp3,Glass Breaking,7.56,24000,2,151200,0cd4b474f4bb09c45e61521780acc9681f06c04390edd4a288139ca47ca67dfe,,,,,,original,
AUD-6273815036C2578C,freesound_community-standing-on-broken-glass-67303.mp3,data/raw/glass_breaking/freesound_community-standing-on-broken-glass-67303.mp3,Glass Breaking,27.576,24000,2,551520,4968f9a053c0b083aee81624b0698fefb834a6316a6c5d01f0b9e781cfb91f3b,,,,,,original,
AUD-CE7896AA27455B41,freesound_community-tapping-on-glass-31920.mp3,data/raw/glass_breaking/freesound_community-tapping-on-glass-31920.mp3,Glass Breaking,15.6,48000,1,499200,61e7a4b9814277f3d9468bfe6eb5befe6c58f80fcf72d684d7cdc2632d004167,,,,,,original,
AUD-DFB286C982545EFB,freesound_community-wine-glass-74398.mp3,data/raw/glass_breaking/freesound_community-wine-glass-74398.mp3,Glass Breaking,34.632,48000,1,1108224,e5455eae21d38becdbd96431075ce8c71e1dffd3cbfbb5a117346bb224844d38,,,,,,original,
AUD-932F5E09B61057A2,freesound_community-wine-glass-clink-36036.mp3,data/raw/glass_breaking/freesound_community-wine-glass-clink-36036.mp3,Glass Breaking,3.024,48000,1,96768,da85b7fbe2ff05e284bd5ef64cc6a3a7b0b21d80585e3a2d9c30aa4b8d6b9d49,,,,,,original,
AUD-17B87B8775465356,glass-breaking-sharp-impact-2-vadi-sound-glass-impact-throwing-empty-bottle-to-wall-05-vadi-1-0m01s.mp3,data/raw/glass_breaking/glass-breaking-sharp-impact-2-vadi-sound-glass-impact-throwing-empty-bottle-to-wall-05-vadi-1-0m01s.mp3,Glass Breaking,1.1853,44100,2,50304,fdd03d9623c0cd79244756cf5b4e1bb248cfddaea1f8bb5e377737fff5975a4d,,,,,,original,
AUD-61FBF3655EC959AC,glass-coffee-cup-smash-slava-pogorelsky-glasbrksmall-coffee-cup-smashslava-pogorelskygm-1-0m00s.mp3,data/raw/glass_breaking/glass-coffee-cup-smash-slava-pogorelsky-glasbrksmall-coffee-cup-smashslava-pogorelskygm-1-0m00s.mp3,Glass Breaking,0.7976,44100,2,34689,7c7c7f168d28d07e09c0b0df848b1f63dcebc2050d90efba10caf919b09ad909,,,,,,original,
AUD-BDF9BFF47E845FA6,glass-shattering-short-smartsound-fx-1-00-00.mp3,data/raw/glass_breaking/glass-shattering-short-smartsound-fx-1-00-00.mp3,Glass Breaking,0.825,44100,2,35848,42d9a60072d05da735dc6fe1e8be5894ea523b2646081af42fe6a60a7b16bcee,,,,,,original,
AUD-7272C64D6A365C46,lesiakower-toast-clink-glass-tink-384159.mp3,data/raw/glass_breaking/lesiakower-toast-clink-glass-tink-384159.mp3,Glass Breaking,3.24,48000,2,103680,a7b7095e4026d3d21f8e907027368aab2fbbaca1cb27c70187b33aed360cdcf8,,,,,,original,
AUD-86FE1E1E9D7A5F58,ptffoyrrerirr-glass-breaking-171617.mp3,data/raw/glass_breaking/ptffoyrrerirr-glass-breaking-171617.mp3,Glass Breaking,1.7521,44100,2,56006,90e3abca809888038d0a9021ed73e260dc4d64a069c9294cabc6d4b14cc6f2c6,,,,,,original,
AUD-5BFC3F150FD657CB,pwlpl-glassbreakingcollision-sound-428667.mp3,data/raw/glass_breaking/pwlpl-glassbreakingcollision-sound-428667.mp3,Glass Breaking,3.024,48000,2,96768,53f496951a27fe518a4f745fc25cbff5068a6895dcff1ee176f4318f3d23f764,,,,,,original,
AUD-2761531D0EDE5A88,scottishperson-sound-effect-woman-scream-and-glass-breaking-236490.mp3,data/raw/glass_breaking/scottishperson-sound-effect-woman-scream-and-glass-breaking-236490.mp3,Glass Breaking,4.0273,44100,2,128731,77396b9ce8341f83f799c7905f8a968c6bcafdaf3b28ea1f9de950c96b3538f2,,,,,,original,
AUD-53F3EC45F6805169,soundreality-bottle-glass-hit-1-580252.mp3,data/raw/glass_breaking/soundreality-bottle-glass-hit-1-580252.mp3,Glass Breaking,0.84,48000,2,26880,c85d2e7b558911913e1a24d96d50c730769699fc9fe6fa78d137e507597415f1,,,,,,original,
AUD-FDCB532493D959EA,soundreality-glass-breaking-151256.mp3,data/raw/glass_breaking/soundreality-glass-breaking-151256.mp3,Glass Breaking,4.032,48000,2,129024,4a1a83e5c7fc5c0842abf39e0be7051e3ecfeb5337a1e5371a2f631efe5ca45d,,,,,,original,
AUD-2B56412DD5CC5920,soundshelfstudio-ui-soft-glass-ping-526562.mp3,data/raw/glass_breaking/soundshelfstudio-ui-soft-glass-ping-526562.mp3,Glass Breaking,1.5429,44100,2,49319,4863d325b435675298ae0c4aa6e84d6537c836aab8af6ee5ded6d6d4b569dc0c,,,,,,original,
AUD-46692B70C3C850E2,stu9-glass-crack-363162.mp3,data/raw/glass_breaking/stu9-glass-crack-363162.mp3,Glass Breaking,1.3595,22050,1,27167,ca20b992055f9c3da9acd5d3fe0b295541a30e911a9b8f9c3efb1515df269db9,,,,,,original,
AUD-93D0539D329F5EA0,stu9-strike-glass-363193.mp3,data/raw/glass_breaking/stu9-strike-glass-363193.mp3,Glass Breaking,0.9412,22050,1,18808,89c98631217acc3b061e3b3415575b82cb2990361b728851010b8a90ddff8c5c,,,,,,original,
AUD-C79052DA615C5CD3,tanweraman-glass-cleaning-window-505138.mp3,data/raw/glass_breaking/tanweraman-glass-cleaning-window-505138.mp3,Glass Breaking,14.256,48000,1,456192,e127b09511ff98816d0054b919a729ae6fd63909e802326b4db14536b5d68fd1,,,,,,original,
AUD-DBFCB75B2CEA5A58,u_3hzvwrt3hc-glass-shatter-263962.mp3,data/raw/glass_breaking/u_3hzvwrt3hc-glass-shatter-263962.mp3,Glass Breaking,2.832,24000,2,56640,bdd69c97795e145de3c9cd7b567dfd7699bd178a974c8615237bcf0dd2678c62,,,,,,original,
AUD-0196A346C78A57A4,universfield-broken-glass-impact-454859.mp3,data/raw/glass_breaking/universfield-broken-glass-impact-454859.mp3,Glass Breaking,2.7459,44100,2,87771,4b2e30e1eb3bbddc7ae9e037f713564ad9e26dc51f998ae0e23b08c69da1dc8e,,,,,,original,
AUD-5FECE3E1FF515F08,universfield-glass-bottle-breaking-351297.mp3,data/raw/glass_breaking/universfield-glass-bottle-breaking-351297.mp3,Glass Breaking,1.632,48000,2,52224,d919177d5e2b8e092b857ca35bad096bc758e9bcddb7acf39b68b431b976b3d2,,,,,,original,
AUD-96BA2AD640045AE4,universfield-glass-bottle-smash-191998.mp3,data/raw/glass_breaking/universfield-glass-bottle-smash-191998.mp3,Glass Breaking,1.3337,44100,2,42631,4dbf73da4b797ccb02c6993f4434e38c16b4c22ff6d02c382816dcb9a9c13334,,,,,,original,
AUD-2E09F6D7DBBF5151,universfield-glass-hit-192119.mp3,data/raw/glass_breaking/universfield-glass-hit-192119.mp3,Glass Breaking,1.2814,44100,2,40960,aea4c3abd20dda0a5d72dcac7ebbf48cfa8f8a9d7793c92ae8ce03ca0d09addb,,,,,,original,
AUD-6673CDAF9C715BDD,universfield-glass-shatter-291049.mp3,data/raw/glass_breaking/universfield-glass-shatter-291049.mp3,Glass Breaking,3.12,48000,2,99840,7de393e5a97e1e3bcc3182001ab96b73dd3b64e16fa52996b22206cbad839824,,,,,,original,
AUD-5D378680CCE45F84,voicebosch-wine-glass-tapping-183789.mp3,data/raw/glass_breaking/voicebosch-wine-glass-tapping-183789.mp3,Glass Breaking,30.2046,44100,2,965485,e2078a22460af4604d694ec6b0bbbf4d9ffa9590d3ebfde9093bb0b768910b79,,,,,,original,
AUD-B47B38C05A635531,wings_of_freedom-broken-glass-403772.mp3,data/raw/glass_breaking/wings_of_freedom-broken-glass-403772.mp3,Glass Breaking,5.0472,44100,1,161332,a3fbb19b50d947f6cf4565d66681f3ef8a9a7c16fbe589abf737d2ccf0e3d58a,,,,,,original,
AUD-617FB24EC1A5598E,11325622-police-siren-sound-effect-240674.mp3,data/raw/alarm_siren/11325622-police-siren-sound-effect-240674.mp3,Alarm or Siren,18.515,44100,2,591830,05e7000a047fd4eb5d20d535ddae22d7caf3250d9a726bfc8ea3a11d8b4e781d,,,,,,original,
AUD-5BD9A9C7C5505273,3dabrar-funny-alarm-317531.mp3,data/raw/alarm_siren/3dabrar-funny-alarm-317531.mp3,Alarm or Siren,9.504,48000,2,304128,be0bb21c2470b6383137ce286ea6621cd4d8fc9b61d0cd9915103be82d953a19,,,,,,original,
AUD-725B689D8ED95495,49053354-fire-truck-siren-2-307511 (1).mp3,data/raw/alarm_siren/49053354-fire-truck-siren-2-307511 (1).mp3,Alarm or Siren,10.2251,44100,2,326844,826a5cac15bb0a998b4eeb35117f224dda70c8dbbc5cc2d2b6f2df1f9b13eb05,,,,,,original,
AUD-42FECFE3927F5DE8,49053354-fire-truck-siren-2-307511.mp3,data/raw/alarm_siren/49053354-fire-truck-siren-2-307511.mp3,Alarm or Siren,10.2251,44100,2,326844,826a5cac15bb0a998b4eeb35117f224dda70c8dbbc5cc2d2b6f2df1f9b13eb05,AUD-725B689D8ED95495,,,,,original,
AUD-372553BEAF985ADF,49053354-fire-truck-siren-307510.mp3,data/raw/alarm_siren/49053354-fire-truck-siren-307510.mp3,Alarm or Siren,4.68,8000,1,37440,8fdf59acebdb10c32b520d717793670f62674730597c58fa1465ecc6e104d47c,,,,,,original,
AUD-857171E1A8FC5987,49656682-fire-alarm-test-inside-an-apartment-438459.mp3,data/raw/alarm_siren/49656682-fire-alarm-test-inside-an-apartment-438459.mp3,Alarm or Siren,31.584,48000,2,1010688,322dfa514657aa6f955ed16f897bfa2c8863e9e4ce7df394e5bf26317b0910ad,,,,,,original,
AUD-5D81E4C41A1C583B,8footdino_on_scratch-alarm-301729.mp3,data/raw/alarm_siren/8footdino_on_scratch-alarm-301729.mp3,Alarm or Siren,22.9869,44100,2,734772,55fea092422ce8967f74f0cbb0252a080ccb694139cf03a8ecdb1562dc797f5e,,,,,,original,
AUD-314048782050512D,alex_jauk-eerie-ominous-alarm-extended-210789.mp3,data/raw/alarm_siren/alex_jauk-eerie-ominous-alarm-extended-210789.mp3,Alarm or Siren,99.8975,44100,1,3193208,ad64fa442bd1702bf6a16f8484319bcf430d5e918981351cb35ac0e8239a98b5,,,,,,original,
AUD-EBB9AEF38B745E96,audiopapkin-medical-ambulance-siren-290716.mp3,data/raw/alarm_siren/audiopapkin-medical-ambulance-siren-290716.mp3,Alarm or Siren,15.2461,44100,2,487340,4cf5533acfc288d4ec03d7c5788bbab9bbf34934ae7e4876454ff30dcaaef3db,,,,,,original,
AUD-6E7BCAD5010D5DFC,audiopapkin-real-electro-mechanical-fire-siren-295848.mp3,data/raw/alarm_siren/audiopapkin-real-electro-mechanical-fire-siren-295848.mp3,Alarm or Siren,61.0891,44100,2,1952705,041c4bbe9af495f409d817742f083cfac85bd66c0782b496b08cabb952588d03,,,,,,original,
AUD-D154FE51A174545A,audley_fergine-warning-alarm-loop-1-279206.mp3,data/raw/alarm_siren/audley_fergine-warning-alarm-loop-1-279206.mp3,Alarm or Siren,3.8965,44100,2,124551,eb7af2af836a1b6bb1601690659eacd2042e9d14606e248a0f54a808f5bcaa11,,,,,,original,
AUD-B33136D9C8165606,biscuit1960-siren-passing-275127.mp3,data/raw/alarm_siren/biscuit1960-siren-passing-275127.mp3,Alarm or Siren,14.357,44100,2,458919,af19ebeb9e1c70f03b1980168eeaa7039a849770ef9a866254f2299206824c07,,,,,,original,
AUD-A0A95C8E2882582B,cryptologymedia-siren-160732 (1).mp3,data/raw/alarm_siren/cryptologymedia-siren-160732 (1).mp3,Alarm or Siren,11.3234,44100,1,361952,e0d7822d5a8b3d722c6fa835289e787834bf5f7ce2f809434211e739e6062b6e,,,,,,original,
AUD-B596279855A25457,cryptologymedia-siren-160732.mp3,data/raw/alarm_siren/cryptologymedia-siren-160732.mp3,Alarm or Siren,11.3234,44100,1,361952,e0d7822d5a8b3d722c6fa835289e787834bf5f7ce2f809434211e739e6062b6e,AUD-A0A95C8E2882582B,,,,,original,
AUD-4432241DF6395D95,dragon-studio-nuclear-alarm-386177.mp3,data/raw/alarm_siren/dragon-studio-nuclear-alarm-386177.mp3,Alarm or Siren,7.5838,44100,2,242416,83751611fc4ebec7022500442924cd21218ddb6a5b26d2e545dc497afbeeb1a1,,,,,,original,
AUD-4E82AA3F84CD5B13,dragon-studio-nuclear-alarm-type-beat-386174.mp3,data/raw/alarm_siren/dragon-studio-nuclear-alarm-type-beat-386174.mp3,Alarm or Siren,7.5838,44100,2,242416,07765d9a8165a9452b635d7e5f04ed7fa5959c7fe06a958119ec7f60809a2ae1,,,,,,original,
AUD-8476AB8BD9AB5C67,dragon-studio-warning-warning-warning-386172.mp3,data/raw/alarm_siren/dragon-studio-warning-warning-warning-386172.mp3,Alarm or Siren,7.5838,44100,2,242416,72807a8136cbfbe0eb802a2e825a8ee1f1bad133564a779ed3d844c4c7b4f7be,,,,,,original,
AUD-BF13FF89BAB85691,engyclick-fire-alarm-beep-sound-effect-419969.mp3,data/raw/alarm_siren/engyclick-fire-alarm-beep-sound-effect-419969.mp3,Alarm or Siren,67.992,48000,2,2175744,27fd3261170c325de78721e5451f9ad1da1d7a388340fbe8c82f92e575da0390,,,,,,original,
AUD-67AC5F4C03DF5028,engyclick-old-fashioned-fire-alarm-sound-effect-419950.mp3,data/raw/alarm_siren/engyclick-old-fashioned-fire-alarm-sound-effect-419950.mp3,Alarm or Siren,63.984,48000,2,2047488,5941a4e05bca141ea21b3113203e729f27fd9ceb3b0a674cce8a717b79ae91ca,,,,,,original,
AUD-0986680406215ADE,engyclick-police-siren-sound-effect-317645 (1).mp3,data/raw/alarm_siren/engyclick-police-siren-sound-effect-317645 (1).mp3,Alarm or Siren,300.024,48000,2,9600768,d6a7067fb771fdc4a503062309273723662c247a92af334c91ed5a19236834b4,,,,,,original,
AUD-5469A4607DAA586B,engyclick-police-siren-sound-effect-317645.mp3,data/raw/alarm_siren/engyclick-police-siren-sound-effect-317645.mp3,Alarm or Siren,300.024,48000,2,9600768,d6a7067fb771fdc4a503062309273723662c247a92af334c91ed5a19236834b4,AUD-0986680406215ADE,,,,,original,
AUD-20E60AB0BAFB58EB,flutie8211-attention-warning-female-loud-alarm-sound-461299.mp3,data/raw/alarm_siren/flutie8211-attention-warning-female-loud-alarm-sound-461299.mp3,Alarm or Siren,9.0,48000,2,288000,3a306540c849d7c628017444dc6f7e81b5c4eff109aa5f3b8ad14476c49f8535,,,,,,original,
AUD-382987321C4A52F0,flutie8211-high-pitch-alarm-buzzer-464349.mp3,data/raw/alarm_siren/flutie8211-high-pitch-alarm-buzzer-464349.mp3,Alarm or Siren,4.824,48000,2,154368,e0350dd10f84362e39373d4d426b5cf4bec7b695d3e196bd24757a3296bb056a,,,,,,original,
AUD-E8C4A27B864658CF,freesound_community-air-raid-siren-alarm-6168.mp3,data/raw/alarm_siren/freesound_community-air-raid-siren-alarm-6168.mp3,Alarm or Siren,122.52,24000,2,2450400,a63cce75bfeb21ca7014e053e4c06b3ce4ed285e5c8e0ceb014928163c15a434,,,,,,original,
AUD-226B29AA89755158,freesound_community-alarm-1-with-reverberation-30031.mp3,data/raw/alarm_siren/freesound_community-alarm-1-with-reverberation-30031.mp3,Alarm or Siren,16.056,24000,2,321120,ae1c4ba6daada061121ba00c16cf14585822c2fa31d0557365c52a3909972db8,,,,,,original,
AUD-2F3083F734785E4F,freesound_community-alarm-1-without-reverberation-69339.mp3,data/raw/alarm_siren/freesound_community-alarm-1-without-reverberation-69339.mp3,Alarm or Siren,15.816,24000,2,316320,70d27647851faf5a58b943b874a5c4f12ab8886707c7d0a6aa8644f1ca6f3d11,,,,,,original,
AUD-A137E3634F4554E9,freesound_community-alarm-103201.mp3,data/raw/alarm_siren/freesound_community-alarm-103201.mp3,Alarm or Siren,3.504,24000,2,70080,3111228ded2b9e1842fb92ef4148f8b18411b6aaccf1af5dddc61b723d64c8d4,,,,,,original,
AUD-7E2ABEBAACC55C9E,freesound_community-alarm-26718.mp3,data/raw/alarm_siren/freesound_community-alarm-26718.mp3,Alarm or Siren,16.824,24000,2,336480,e958eb9b2fcdf98b480723455f7b6e028ddcc29ca45705366b6e5095a5e0ad75,,,,,,original,
AUD-451A58820F025B90,freesound_community-alarm-62757.mp3,data/raw/alarm_siren/freesound_community-alarm-62757.mp3,Alarm or Siren,47.808,24000,2,956160,047d426f8a231552f8083be7861f68af2e9996a0a9045c708635538dbca27ce4,,,,,,original,
AUD-B9819C80478E501A,freesound_community-alarm-63570.mp3,data/raw/alarm_siren/freesound_community-alarm-63570.mp3,Alarm or Siren,25.992,24000,2,519840,a6aaf7dda005c87d4e01e5d91a849c9b4716e618dd34bce11f4084e4aaa966ac,,,,,,original,
AUD-85BE1D9B3A4A5404,freesound_community-alarm-76369.mp3,data/raw/alarm_siren/freesound_community-alarm-76369.mp3,Alarm or Siren,37.584,24000,2,751680,438c31a04886414b6b57435715492c46e2596ecbbfa4f5d409d4d5b1fb60c948,,,,,,original,
AUD-610F33A0DFEC5871,freesound_community-alarm-82999.mp3,data/raw/alarm_siren/freesound_community-alarm-82999.mp3,Alarm or Siren,0.8368,44100,1,26749,6bc2cc99093ea1a138c481fa8a8779194185fb198e365405affb8464cb78dc2f,,,,,,original,
AUD-1DBDCCE438695277,freesound_community-alarm-car-or-home-62554.mp3,data/raw/alarm_siren/freesound_community-alarm-car-or-home-62554.mp3,Alarm or Siren,30.936,24000,2,618720,7b2aa9bda5e81f56b8efc33b3be367c32c4344a7800c90b198d3e5503253cd83,,,,,,original,
AUD-AE393873524D5E5C,freesound_community-alarm-clock-90867.mp3,data/raw/alarm_siren/freesound_community-alarm-clock-90867.mp3,Alarm or Siren,6.12,24000,2,122400,4b70555c5e30b4e2c6ad6ce582ddf9c1ae7c253b9c19f6e30c4df91701bbb77b,,,,,,original,
AUD-A42DD7B8A6B958EF,freesound_community-alarm-loop-sound-effect-94369.mp3,data/raw/alarm_siren/freesound_community-alarm-loop-sound-effect-94369.mp3,Alarm or Siren,2.784,24000,2,55680,66b74c30c3cac1f84b246c3b804adc12eced1da9b4b357ba424c0ab4702580ca,,,,,,original,
AUD-D5BC2B49766A5D63,freesound_community-alarm-malfunction-89816.mp3,data/raw/alarm_siren/freesound_community-alarm-malfunction-89816.mp3,Alarm or Siren,1.728,24000,2,34560,f77ab17ab92164190e20a4f9be5649364c677cc865bcee3e7bd1efb6af0003fd,,,,,,original,
AUD-C02F15CEF2145543,freesound_community-alarm-no3-14864.mp3,data/raw/alarm_siren/freesound_community-alarm-no3-14864.mp3,Alarm or Siren,4.536,24000,2,90720,4eb70ce67d5b7efb77f628eca64c194164befe0b4b3d0b542dff8faeded4bc04,,,,,,original,
AUD-6E7B9C10DFC05EA0,freesound_community-all-clear-75374.mp3,data/raw/alarm_siren/freesound_community-all-clear-75374.mp3,Alarm or Siren,24.768,16000,1,495360,a1bd43595483121b3f2adaad01fce3d1da51c03f736ccfa7fa4382f023a35822,,,,,,original,
AUD-8F4BF63FA76E5A21,freesound_community-breach-alarm-22522.mp3,data/raw/alarm_siren/freesound_community-breach-alarm-22522.mp3,Alarm or Siren,82.344,24000,2,1646880,652251db53cb8f34ea8be8c2834439fc4b6c171d1c97d551b198ee42919266f1,,,,,,original,
AUD-3853A909BDA05515,freesound_community-chaosmp3-14692.mp3,data/raw/alarm_siren/freesound_community-chaosmp3-14692.mp3,Alarm or Siren,206.112,24000,2,4122240,f44a9d8ba547ed15ef3c139a3e3babe01036edb849c00f8dd5459c834e62c5ad,,,,,,original,
AUD-F2CEF211C79E5A8D,freesound_community-digital-siren-alarm-loop-79993.mp3,data/raw/alarm_siren/freesound_community-digital-siren-alarm-loop-79993.mp3,Alarm or Siren,0.864,48000,1,27648,eab8971b07d3e9bade9bddf0bfc5dc6831e80630a6af4c8100ede3a452675b07,,,,,,original,
AUD-4C60275F06EF536B,freesound_community-dirty-siren-40635.mp3,data/raw/alarm_siren/freesound_community-dirty-siren-40635.mp3,Alarm or Siren,4.056,24000,2,81120,267ec3140765814c84d4f1b95db1460f372688b2a3cac5c437d996ac812e62a2,,,,,,original,
AUD-CD9416AC1307520A,freesound_community-distant-ambulance-siren-6108.mp3,data/raw/alarm_siren/freesound_community-distant-ambulance-siren-6108.mp3,Alarm or Siren,24.048,24000,2,480960,c7981a57d370d6d4c39e43b2699330f3b0252d99301182600e4705c3de0d0d3b,,,,,,original,
AUD-E2B47E6B41CA51F2,freesound_community-door-alarm-108171.mp3,data/raw/alarm_siren/freesound_community-door-alarm-108171.mp3,Alarm or Siren,11.592,24000,2,231840,a433aae03a29a18902a800631828b287024108a378e8f5041f63e81f5995cebc,,,,,,original,
AUD-67DAF668EE435BF2,freesound_community-electronic-siren-81719.mp3,data/raw/alarm_siren/freesound_community-electronic-siren-81719.mp3,Alarm or Siren,5.16,24000,2,103200,f6db4332dd6ec606aa0cc92ba6fb2d52f4245d0e8f92faab8ed5ca2c479adfb9,,,,,,original,
AUD-0A962827E4165FFB,freesound_community-emergency-alarm-69780.mp3,data/raw/alarm_siren/freesound_community-emergency-alarm-69780.mp3,Alarm or Siren,13.56,24000,2,271200,f686935296534c72f0243448235d02f756ab98ef8d48e281f9f6559acde18401,,,,,,original,
AUD-6B044736AE4C53D1,freesound_community-facility-siren-loopable-100687.mp3,data/raw/alarm_siren/freesound_community-facility-siren-loopable-100687.mp3,Alarm or Siren,3.312,24000,2,66240,6916e7f022aa103a2a3f5d7bfd035999308f3bcc86259d2fdb00dd11d2da0045,,,,,,original,
AUD-5CF8EC9A342C5F90,freesound_community-fire_alarm-71107.mp3,data/raw/alarm_siren/freesound_community-fire_alarm-71107.mp3,Alarm or Siren,61.056,24000,2,1221120,91ddd97c826535688e92f8d1ccc5df43f3ad07af3e903f4df2268be9b335fc4e,,,,,,original,
AUD-50CBBAE5267F59F1,freesound_community-honk-alarm-repeat-loop-101015.mp3,data/raw/alarm_siren/freesound_community-honk-alarm-repeat-loop-101015.mp3,Alarm or Siren,9.768,24000,2,195360,a09ef0e67d382192aa7182138aba883d7808fb5ad108449b407769f40f8563dd,,,,,,original,
AUD-84B75CDE689E5817,freesound_community-long-very-annoying-siren-or-alarm-28546.mp3,data/raw/alarm_siren/freesound_community-long-very-annoying-siren-or-alarm-28546.mp3,Alarm or Siren,48.7719,44100,1,1558987,5e8b7910ae3dc0ec6b53e904daec29c6f4a9d783e1e0be40d0a6948fdd90e35b,,,,,,original,
AUD-B790F92EE5645706,freesound_community-loud-emergency-alarm-54635.mp3,data/raw/alarm_siren/freesound_community-loud-emergency-alarm-54635.mp3,Alarm or Siren,74.2693,44100,1,2374008,f58123ca710ebfccb48b6bc7c5db08f7c849322c40b02c6fcad12aed1babc736,,,,,,original,
AUD-49A8FF8FF4985C8B,freesound_community-multiple-tornado-alarms-17375.mp3,data/raw/alarm_siren/freesound_community-multiple-tornado-alarms-17375.mp3,Alarm or Siren,211.344,24000,2,4226880,f48ddb2decacfda00c52168741cd65988ae3e77013c8336e79198cc4f823bef4,,,,,,original,
AUD-C577DC935CDA500D,freesound_community-police-6007.mp3,data/raw/alarm_siren/freesound_community-police-6007.mp3,Alarm or Siren,27.552,24000,2,551040,d222e9ff0aa9a96afb792fa70f44ffe9c746ad688e9ca24165309d2e4cccef21,,,,,,original,
AUD-01B90D3CEE875A19,freesound_community-scary-siren-air-raid-tornado-nuke-7010.mp3,data/raw/alarm_siren/freesound_community-scary-siren-air-raid-tornado-nuke-7010.mp3,Alarm or Siren,184.6273,44100,1,5901583,ab34169140ef0033e48420656e1d05f1e369167caad494058c930ddc23424867,,,,,,original,
AUD-9369D29F07ED5C33,freesound_community-sci-fi-alarm-106436.mp3,data/raw/alarm_siren/freesound_community-sci-fi-alarm-106436.mp3,Alarm or Siren,7.2,24000,2,144000,1151815cbe79e3ace26f7264022162d0dadcb238bd473aef42f889a818510c95,,,,,,original,
AUD-CD1F83C8D9E4585C,freesound_community-sci-fi-alarm-95054.mp3,data/raw/alarm_siren/freesound_community-sci-fi-alarm-95054.mp3,Alarm or Siren,7.44,24000,2,148800,185f53dc189a37b700cdf902bb633bdfa996bd9e9396c27bfdea45810319bf6f,,,,,,original,
AUD-D17B2201579A5618,freesound_community-security-alarm-36711.mp3,data/raw/alarm_siren/freesound_community-security-alarm-36711.mp3,Alarm or Siren,4.9687,44100,1,158824,b2612737eed524b2d67e9f6bb6cad97a61cf6aec8e7f90d8212a00db759c7a06,,,,,,original,
AUD-B5632A4310265518,freesound_community-security-alarm-80493.mp3,data/raw/alarm_siren/freesound_community-security-alarm-80493.mp3,Alarm or Siren,12.864,24000,2,257280,7535f2ff5ecf2e5eab01a1ea0bd11b7b871ae9ab024cec36bbe2c405cd27a2d2,,,,,,original,
AUD-F80C1C30FFEF56F4,freesound_community-siren-38642.mp3,data/raw/alarm_siren/freesound_community-siren-38642.mp3,Alarm or Siren,4.4718,44100,1,142942,43468c64f220ba81d63611d33204294831e7f9af270681c3f8b21db821900e9d,,,,,,original,
AUD-DCE94F64332C588C,freesound_community-siren-39520.mp3,data/raw/alarm_siren/freesound_community-siren-39520.mp3,Alarm or Siren,4.056,24000,2,81120,f677fc3e550b2e02945b8d6eae46bacb618f0435e8d6bc5ca04d3f97d88678a9,,,,,,original,
AUD-1BD576BFAD625351,freesound_community-siren-86013.mp3,data/raw/alarm_siren/freesound_community-siren-86013.mp3,Alarm or Siren,4.392,24000,2,87840,51c768be408789c81d707a74527c3fc2219802563e801babf31500f96347b4fd,,,,,,original,
AUD-5F508676D7925AE0,freesound_community-siren-alarm-96503.mp3,data/raw/alarm_siren/freesound_community-siren-alarm-96503.mp3,Alarm or Siren,7.056,24000,2,141120,32d69ee05a454cb3085b7cd0ff9cdd6a216415389808f3bdd88829e839b754a8,,,,,,original,
AUD-405BC0A67BFC56F2,freesound_community-siren-alert-96052.mp3,data/raw/alarm_siren/freesound_community-siren-alert-96052.mp3,Alarm or Siren,7.44,24000,2,148800,4221491a2f3dbaaa4e326849389ff94b7b087504451adf07577399c43b520425,,,,,,original,
AUD-DB4F941948DB5AE8,freesound_community-siren-is-low-24105.mp3,data/raw/alarm_siren/freesound_community-siren-is-low-24105.mp3,Alarm or Siren,121.9952,44100,1,3899559,fad4493234d4e419a1ab94bd0f1a9d596e2183860de29cf7d8f9a361674a24d4,,,,,,original,
AUD-63105CA22987520E,freesound_community-siren-warning-all-clear-signal-22562.mp3,data/raw/alarm_siren/freesound_community-siren-warning-all-clear-signal-22562.mp3,Alarm or Siren,83.088,24000,2,1661760,70dd465db4ed5359b7c46d56821e89fa6c32398b43d08a0571aec00a71d23124,,,,,,original,
AUD-B9F432D6FA9C5874,freesound_community-sirene-68628.mp3,data/raw/alarm_siren/freesound_community-sirene-68628.mp3,Alarm or Siren,65.448,24000,2,1308960,83719836c10b5c869d720d1e571ff07d68a900040377773204e2fb4074c8352d,,,,,,original,
AUD-EF3E34A30F5A5321,freesound_community-standard-emergency-warning-signal-sews-102244.mp3,data/raw/alarm_siren/freesound_community-standard-emergency-warning-signal-sews-102244.mp3,Alarm or Siren,8.0022,44100,1,255791,f09a106b657672211d6f784ea7bd49c608f3a8aaa35219691cf76ec243650ace,,,,,,original,
AUD-AB4ADC9FEC045B96,fronbondi_skegs-sfx-a-sad-and-depressed-alarm-siren-sound-effect-453121.mp3,data/raw/alarm_siren/fronbondi_skegs-sfx-a-sad-and-depressed-alarm-siren-sound-effect-453121.mp3,Alarm or Siren,34.08,48000,2,1090560,1506864cba99bc969d1ecf9dea0f43440963ce88062d0426858c7918c4ca9e54,,,,,,original,
AUD-4E849B52A6EA5773,fronbondi_skegs-sfx-emergency-services-vehicle-siren-drive-by-sound-effect-476454.mp3,data/raw/alarm_siren/fronbondi_skegs-sfx-emergency-services-vehicle-siren-drive-by-sound-effect-476454.mp3,Alarm or Siren,88.032,48000,2,2817024,c98619fe7bdfe7d71b65d238811d060f812f4318283ddbf6467131d9208316c9,,,,,,original,
AUD-8F7DCF41D54C5675,fronbondi_skegs-sfx-generic-fast-speed-siren-sound-effect-seamless-loop-480170.mp3,data/raw/alarm_siren/fronbondi_skegs-sfx-generic-fast-speed-siren-sound-effect-seamless-loop-480170.mp3,Alarm or Siren,8.04,48000,2,257280,d8741c5d6b9360955f51161460acde9d1a32d15bd8be9d15f96a8117c4255f84,,,,,,original,
AUD-300B57F24CF95E02,fronbondi_skegs-sfx-generic-medium-speed-siren-sound-effect-seamless-loop-480172.mp3,data/raw/alarm_siren/fronbondi_skegs-sfx-generic-medium-speed-siren-sound-effect-seamless-loop-480172.mp3,Alarm or Siren,28.032,48000,2,897024,485789af3c3bc34e221afcf91a72f79729865e71095a84f5d67e09ab02ec0d5c,,,,,,original,
AUD-6F0EAB05A8815975,fronbondi_skegs-sfx-generic-slow-speed-siren-sound-effect-seamless-loop-480173.mp3,data/raw/alarm_siren/fronbondi_skegs-sfx-generic-slow-speed-siren-sound-effect-seamless-loop-480173.mp3,Alarm or Siren,28.032,48000,2,897024,bf809cdc36c2fe031e79141514a40ce153731d4efbf73e0e7c65aa7e04c29cf5,,,,,,original,
AUD-2F82F7D766825F86,fronbondi_skegs-sfx-loud-and-alarming-air-raid-siren-sound-effect-249329.mp3,data/raw/alarm_siren/fronbondi_skegs-sfx-loud-and-alarming-air-raid-siren-sound-effect-249329.mp3,Alarm or Siren,28.032,48000,2,897024,20df2528399a041ee7f063271f5e2b05ff0f69f35b65bbcf52ab2ae402003d5c,,,,,,original,
AUD-E8DC7120BC085A96,fronbondi_skegs-sfx-pulsed-police-siren-alerting-pedestrians-sound-effect-480171.mp3,data/raw/alarm_siren/fronbondi_skegs-sfx-pulsed-police-siren-alerting-pedestrians-sound-effect-480171.mp3,Alarm or Siren,16.032,48000,2,513024,6de8821b49ee2d611862f8877c87f78d473dc80a1780f620be699d9afb570240,,,,,,original,
AUD-375C2CD72F6A5CAD,fronbondi_skegs-sfx-serious-warning-alarm-reverb-sound-effect-442492.mp3,data/raw/alarm_siren/fronbondi_skegs-sfx-serious-warning-alarm-reverb-sound-effect-442492.mp3,Alarm or Siren,36.168,48000,2,1157376,ad70163a467229228dd036e319d3a3d16cfb330ba0da3d519a093f248ac86450,,,,,,original,
AUD-4AAD878F5E495A70,fronbondi_skegs-sfx-terrifying-alarm-siren-screaming-in-the-night-sound-effect-254556.mp3,data/raw/alarm_siren/fronbondi_skegs-sfx-terrifying-alarm-siren-screaming-in-the-night-sound-effect-254556.mp3,Alarm or Siren,20.616,48000,2,659712,82016db26d062de35ad8b6f6e9382fbeaad96e5c732e719a131ec3f700733314,,,,,,original,
AUD-842A5CE31722572C,homarov-siren-12418 (1).mp3,data/raw/alarm_siren/homarov-siren-12418 (1).mp3,Alarm or Siren,11.8465,44100,2,378671,3652dd41b37d888beded99e554b2d8edcbc1bcb9d7cefe4fa096626271be600f,,,,,,original,
AUD-91A1F7263E595002,homarov-siren-12418.mp3,data/raw/alarm_siren/homarov-siren-12418.mp3,Alarm or Siren,11.8465,44100,2,378671,3652dd41b37d888beded99e554b2d8edcbc1bcb9d7cefe4fa096626271be600f,AUD-842A5CE31722572C,,,,,original,
AUD-F1F564D6251B5D05,humordome-police-siren-sound-effect-453296.mp3,data/raw/alarm_siren/humordome-police-siren-sound-effect-453296.mp3,Alarm or Siren,8.0545,44100,2,257462,322f97853dd6db661169b5dd3b419e492f539900f4f0debd1098166c9e2bcaa8,,,,,,original,
AUD-7EEE0D4EBB8D5222,jeremayjimenez-afghanistan-eas-alarm-391338.mp3,data/raw/alarm_siren/jeremayjimenez-afghanistan-eas-alarm-391338.mp3,Alarm or Siren,23.784,48000,1,761088,6a289796c529dc42a8e9c43f890af273517c474dfba7691b675f4da749e84caf,,,,,,original,
AUD-9272168234D35ECA,jeremayjimenez-austin-texas-eas-alarm-273153.mp3,data/raw/alarm_siren/jeremayjimenez-austin-texas-eas-alarm-273153.mp3,Alarm or Siren,29.5508,44100,1,944587,d03f0d0ae91c3bc8f9b6fd9457ccb0b8475d12bb5a1e2bc5e25142401e30eac5,,,,,,original,
AUD-C6FBE92A798A545F,jeremayjimenez-australia-eas-alarm-alt-437841.mp3,data/raw/alarm_siren/jeremayjimenez-australia-eas-alarm-alt-437841.mp3,Alarm or Siren,37.8407,44100,1,1209573,f03568872430f702903744b38e387cdb8ee406f8e2d8b09d9229e49ec57dfba5,,,,,,original,
AUD-0C329BD3CF6C58FC,jeremayjimenez-austria-eas-alarm-486289.mp3,data/raw/alarm_siren/jeremayjimenez-austria-eas-alarm-486289.mp3,Alarm or Siren,39.24,48000,1,1255680,d5b14760c2c788fcdbe41c41165f12249a184e21e97295984530cdfff843eb1b,,,,,,original,
AUD-2FBB8D130D4854C9,jeremayjimenez-bahia-brazil-eas-alarm-476134.mp3,data/raw/alarm_siren/jeremayjimenez-bahia-brazil-eas-alarm-476134.mp3,Alarm or Siren,28.728,48000,1,919296,a14c3536063630b75eeeda5b17f4e8bb7b250e58a4e3fb004125b9c2b6148684,,,,,,original,
AUD-37534EE57E525AA4,jeremayjimenez-bermuda-eas-alarm-2025-my-own-alarm-441470.mp3,data/raw/alarm_siren/jeremayjimenez-bermuda-eas-alarm-2025-my-own-alarm-441470.mp3,Alarm or Siren,9.792,48000,1,313344,5e6295bd86156b8900f54eb1ad6cee907d40349623ce4f7d932eed19d66c4218,,,,,,original,
AUD-13034EFE17C651F3,jeremayjimenez-brazil-eas-alarm-392747.mp3,data/raw/alarm_siren/jeremayjimenez-brazil-eas-alarm-392747.mp3,Alarm or Siren,20.712,48000,1,662784,b508d9cd714e3843a07afe9dd5bf1cbed3625fb49c1472cdd7fe3041ffed2cc7,,,,,,original,
AUD-2C938806195B59D9,jeremayjimenez-bulgaria-eas-alarm-2025-my-own-alarm-418676.mp3,data/raw/alarm_siren/jeremayjimenez-bulgaria-eas-alarm-2025-my-own-alarm-418676.mp3,Alarm or Siren,30.1784,44100,1,964649,eef2ae02bf1df64113752c0f4ec1b600cc741fc22fd15ac653964fc694ce6119,,,,,,original,
AUD-EA13CB2B12E85A91,jeremayjimenez-bulgaria-eas-alarm-current-410912.mp3,data/raw/alarm_siren/jeremayjimenez-bulgaria-eas-alarm-current-410912.mp3,Alarm or Siren,30.312,48000,1,969984,27143311b2d5cde717bab87d6e7935c5a36dd20084bb0d6ae8e360eb0278dbdf,,,,,,original,
AUD-5312E0789EC15BB6,jeremayjimenez-china-eas-alarm-2020-273152.mp3,data/raw/alarm_siren/jeremayjimenez-china-eas-alarm-2020-273152.mp3,Alarm or Siren,34.824,48000,1,1114368,7e5497a8a492a3cc45bf0201e1c2abb7db031f6b6e9e36c34bb42efde7ce7224,,,,,,original,
AUD-D8EA0C4E485051FC,jeremayjimenez-clm-air-raid-siren-323027.mp3,data/raw/alarm_siren/jeremayjimenez-clm-air-raid-siren-323027.mp3,Alarm or Siren,63.72,48000,1,2039040,a1676b96859e0bae3a805dde2f65e4b963135d1f2cb043f0372a1c0c24695363,,,,,,original,
AUD-7AAFFBC6FF4052DA,jeremayjimenez-france-eas-alarm-real-279661.mp3,data/raw/alarm_siren/jeremayjimenez-france-eas-alarm-real-279661.mp3,Alarm or Siren,33.744,48000,1,1079808,c5465f1160a4864c73ec845f8d656dc94140ebb8d634f9deb4b54a38d687091b,,,,,,original,
AUD-D9A7AD5FDEEF56E3,jeremayjimenez-germany-eas-alarm-real-270828.mp3,data/raw/alarm_siren/jeremayjimenez-germany-eas-alarm-real-270828.mp3,Alarm or Siren,14.856,48000,1,475392,7af349fa8858bf5e456bc68dcef815f5dc9552bc7e09aa7eec376b932dae1bcc,,,,,,original,
AUD-CD2E5ADA73BD5C9D,jeremayjimenez-greece-eas-alarm-451404 (1).mp3,data/raw/alarm_siren/jeremayjimenez-greece-eas-alarm-451404 (1).mp3,Alarm or Siren,10.056,48000,1,321792,9669fffcf28c444434683f0b5b3e5199ff14c24be40f50252f9c95cf6912990c,,,,,,original,
AUD-4849468D339F51DE,jeremayjimenez-greece-eas-alarm-451404.mp3,data/raw/alarm_siren/jeremayjimenez-greece-eas-alarm-451404.mp3,Alarm or Siren,10.056,48000,1,321792,9669fffcf28c444434683f0b5b3e5199ff14c24be40f50252f9c95cf6912990c,AUD-CD2E5ADA73BD5C9D,,,,,original,
AUD-D0F199173DFE50CD,jeremayjimenez-greece-eas-alarm-real-255958 (1).mp3,data/raw/alarm_siren/jeremayjimenez-greece-eas-alarm-real-255958 (1).mp3,Alarm or Siren,43.584,48000,1,1394688,91cbdb07fbecd3c1825ca4dc30943ddd543374a8e1e7e88d6d4192a22a9cefff,,,,,,original,
AUD-5587F401E3C553E4,jeremayjimenez-greece-eas-alarm-real-255958.mp3,data/raw/alarm_siren/jeremayjimenez-greece-eas-alarm-real-255958.mp3,Alarm or Siren,43.584,48000,1,1394688,91cbdb07fbecd3c1825ca4dc30943ddd543374a8e1e7e88d6d4192a22a9cefff,AUD-D0F199173DFE50CD,,,,,original,
AUD-9FC4B177F0835EDF,jeremayjimenez-iraq-eas-alarm-356214.mp3,data/raw/alarm_siren/jeremayjimenez-iraq-eas-alarm-356214.mp3,Alarm or Siren,15.936,48000,1,509952,dc5a323875683889c5bf1d685e1555691f22a02b7356c5e46c47348a5aa55485,,,,,,original,
AUD-F6C9C40FBF245478,jeremayjimenez-jordan-eas-alarm-469632.mp3,data/raw/alarm_siren/jeremayjimenez-jordan-eas-alarm-469632.mp3,Alarm or Siren,13.488,48000,1,431616,ec41bd1d1ecbf5ca30f82226c9c7326f69943ce24daf4e48aa0d6b332bcead4f,,,,,,original,
AUD-3E7EF0A4625C5F61,jeremayjimenez-lima-peru-eas-alarm-505319.mp3,data/raw/alarm_siren/jeremayjimenez-lima-peru-eas-alarm-505319.mp3,Alarm or Siren,60.7753,44100,1,1942674,3d6a6662ee0387cb96206eddc10a6ad24f3cc4f70868d3851445b21a9fcaeacf,,,,,,original,
AUD-785E4253DAD558BC,jeremayjimenez-lithuania-eas-alarm-365228.mp3,data/raw/alarm_siren/jeremayjimenez-lithuania-eas-alarm-365228.mp3,Alarm or Siren,38.424,48000,1,1229568,fca8363158b504cb661cd8bcb1c0e8eae5b95910602310595c238592ebd8ad51,,,,,,original,
AUD-FDB674FDAF7F5DFB,jeremayjimenez-luxembourg-eas-alarm-real-362032 (1).mp3,data/raw/alarm_siren/jeremayjimenez-luxembourg-eas-alarm-real-362032 (1).mp3,Alarm or Siren,122.5705,44100,1,3917949,d1eb04e66168cc22b533f85df685067dab98bd03b813b757fb806d2164277eb2,,,,,,original,
AUD-0081809FF1FC5481,jeremayjimenez-luxembourg-eas-alarm-real-362032.mp3,data/raw/alarm_siren/jeremayjimenez-luxembourg-eas-alarm-real-362032.mp3,Alarm or Siren,122.5705,44100,1,3917949,d1eb04e66168cc22b533f85df685067dab98bd03b813b757fb806d2164277eb2,AUD-FDB674FDAF7F5DFB,,,,,original,
AUD-4882FA4677D35FD6,jeremayjimenez-michigan-usa-eas-alarm-479953.mp3,data/raw/alarm_siren/jeremayjimenez-michigan-usa-eas-alarm-479953.mp3,Alarm or Siren,19.104,48000,1,611328,8a7d7bc41618b5777480cac71e51663e9028498b375bb6e7afd638552f2e221e,,,,,,original,
AUD-717A4166F5FB5C9E,jeremayjimenez-minas-gerais-brazil-eas-alarm-456936.mp3,data/raw/alarm_siren/jeremayjimenez-minas-gerais-brazil-eas-alarm-456936.mp3,Alarm or Siren,41.1096,44100,1,1314063,71a09212fb53c0c28deb9f21a368b9fba3e58b67cb106be1143cd334362c4abc,,,,,,original,
AUD-C83BF6147A9652E9,jeremayjimenez-neba55-air-raid-alert-356216.mp3,data/raw/alarm_siren/jeremayjimenez-neba55-air-raid-alert-356216.mp3,Alarm or Siren,86.688,48000,1,2774016,7524347942abb613b1d3ec7bf920fbdefd9ce50147ab073aa3612e44f6bf274b,,,,,,original,
AUD-0DAB9BC8CB7A559C,jeremayjimenez-norway-eas-alarm-477853.mp3,data/raw/alarm_siren/jeremayjimenez-norway-eas-alarm-477853.mp3,Alarm or Siren,28.2955,44100,1,904463,58fcc9852fe15fd667a47d29ead5759ab2d0137f73f83fcaa495d5bf23239c95,,,,,,original,
AUD-9858C5B80FD65CE0,jeremayjimenez-portugal-eas-alarm-346197.mp3,data/raw/alarm_siren/jeremayjimenez-portugal-eas-alarm-346197.mp3,Alarm or Siren,39.456,48000,1,1262592,5f1f799ca9401ff3aeda16212b8ec89e13f54c72eaf780aac6e57b7dddef0d31,,,,,,original,
AUD-20C43F946C195A86,jeremayjimenez-random-alarm-319318.mp3,data/raw/alarm_siren/jeremayjimenez-random-alarm-319318.mp3,Alarm or Siren,9.504,48000,1,304128,9dbd60f923d88fc74d2903edebebae2aaeb99ce1edf9feff0dfd2f76ce205221,,,,,,original,
AUD-650B83CAB71E5198,jeremayjimenez-scdf-air-raid-334951 (1).mp3,data/raw/alarm_siren/jeremayjimenez-scdf-air-raid-334951 (1).mp3,Alarm or Siren,79.464,48000,1,2542848,f18794acc54ba6380217b643db44a6c839213324bfd5edbe57ef8e5b500f3d86,,,,,,original,
AUD-A4835D490B9D58C8,jeremayjimenez-scdf-air-raid-334951.mp3,data/raw/alarm_siren/jeremayjimenez-scdf-air-raid-334951.mp3,Alarm or Siren,79.464,48000,1,2542848,f18794acc54ba6380217b643db44a6c839213324bfd5edbe57ef8e5b500f3d86,AUD-650B83CAB71E5198,,,,,original,
AUD-101365CEB1C75EC3,jeremayjimenez-ses-1000-air-raid-334949.mp3,data/raw/alarm_siren/jeremayjimenez-ses-1000-air-raid-334949.mp3,Alarm or Siren,21.312,48000,1,681984,aab5bcc32e4d110a6cf1bbfcd5daa7d903d9dc376a1fdd1848562719e1aeba8f,,,,,,original,
AUD-16CF9BE3712C50DB,jeremayjimenez-slovakia-eas-alarm-2025-342963 (1).mp3,data/raw/alarm_siren/jeremayjimenez-slovakia-eas-alarm-2025-342963 (1).mp3,Alarm or Siren,32.568,48000,1,1042176,e2fc878518201b40e1fead15fbaad7366bebb14724038d88a98663e1ba0d31e6,,,,,,original,
AUD-74489FA63EF95C9B,jeremayjimenez-slovakia-eas-alarm-2025-342963.mp3,data/raw/alarm_siren/jeremayjimenez-slovakia-eas-alarm-2025-342963.mp3,Alarm or Siren,32.568,48000,1,1042176,e2fc878518201b40e1fead15fbaad7366bebb14724038d88a98663e1ba0d31e6,AUD-16CF9BE3712C50DB,,,,,original,
AUD-ADC804E5226859CE,jeremayjimenez-sweden-eas-alarm-real-412337.mp3,data/raw/alarm_siren/jeremayjimenez-sweden-eas-alarm-real-412337.mp3,Alarm or Siren,14.376,48000,1,460032,57135ce49d4b3c058a512d8aa777d83d8d103ada68c88699b9fabf83dad5434c,,,,,,original,
AUD-8F94DA5621F05193,jeremayjimenez-teho-ulvo-d1200-air-raid-277880.mp3,data/raw/alarm_siren/jeremayjimenez-teho-ulvo-d1200-air-raid-277880.mp3,Alarm or Siren,22.608,48000,1,723456,f493ae58dd1d066f3c286f0526da05a33e8b7c9addbea2bdc09693357e0fd041,,,,,,original,
AUD-6B773FFD51CD5CF4,jeremayjimenez-thailand-eas-alarm-2006-266492.mp3,data/raw/alarm_siren/jeremayjimenez-thailand-eas-alarm-2006-266492.mp3,Alarm or Siren,59.424,48000,1,1901568,ca3a2141c748c0ea3734b0d4e2d9278ddb33f3bb12a6ddca2ac7d1d714ab465c,,,,,,original,
AUD-25DF1C2087295FA3,kalsstockmedia-emergency-alarm-2-353320.mp3,data/raw/alarm_siren/kalsstockmedia-emergency-alarm-2-353320.mp3,Alarm or Siren,7.3223,44100,2,234057,c985cb436a5c4fcb5fa19c6d9fdb06271919a7638b758d32b7b177e59f56f18c,,,,,,original,
AUD-06309688727C59E5,kalsstockmedia-scifi-alarm-alert-randomized-sound-311660.mp3,data/raw/alarm_siren/kalsstockmedia-scifi-alarm-alert-randomized-sound-311660.mp3,Alarm or Siren,10.2251,44100,2,326844,86432ff04465178412fe74bad396f8ea5c789a154c9562d3ed70cec509b9b357,,,,,,original,
AUD-A21C1272C2F45CBC,lazychillzone-air-raid-siren-225303.mp3,data/raw/alarm_siren/lazychillzone-air-raid-siren-225303.mp3,Alarm or Siren,12.108,44100,2,387030,3fa984fe10e437cf87175c7f1333dac771e4ef559b596395c57eefa66c791de6,,,,,,original,
AUD-1CAA409EDA3452AA,lesiakower-lo-fi-alarm-clock-243766.mp3,data/raw/alarm_siren/lesiakower-lo-fi-alarm-clock-243766.mp3,Alarm or Siren,59.952,48000,2,1918464,b0e84f5af73c9ed86531df5e1fe01e3fe597cf0d0e37612d16f505b53291a9a6,,,,,,original,
AUD-8BB62471ADDA5D9F,liecio-evacuation-alarm-189740.mp3,data/raw/alarm_siren/liecio-evacuation-alarm-189740.mp3,Alarm or Siren,10.8789,44100,2,347742,0482557f31d416f73f852ad256cb65a300bf4154811d48e6d4a2e29947faef14,,,,,,original,
AUD-7715EE95393A5D2D,loswin23-ambulance-520021.mp3,data/raw/alarm_siren/loswin23-ambulance-520021.mp3,Alarm or Siren,76.464,48000,2,2446848,4a91a68bf371788aa795925b4e26b894f200140e07136a3dc4edff99d1fa363f,,,,,,original,
AUD-FF9C88486FB15900,matthewvakaliuk73627-mayotte-eas-alarm-298725.mp3,data/raw/alarm_siren/matthewvakaliuk73627-mayotte-eas-alarm-298725.mp3,Alarm or Siren,87.912,48000,2,2813184,815206edeea8e4b2a187bb21d7dd7dce3311b4bf21cc989e77c08b3960cb34ce,,,,,,original,
AUD-32CBD807850450AC,matthewvakaliuk73627-russia-eas-alarm-alt-298272.mp3,data/raw/alarm_siren/matthewvakaliuk73627-russia-eas-alarm-alt-298272.mp3,Alarm or Siren,59.064,48000,2,1890048,c1b805cd3eaf11ea5692ae982dc7cd06b8d182f95f0d65d2d2e98cf839de5ef6,,,,,,original,
AUD-297FA6B4C0F6534D,mixed_sound_1.wav,data/raw/alarm_siren/mixed_sound_1.wav,Alarm or Siren,3.0,44100,2,529244,05da187bc53787017ea9845a3543c77f4716c6714d29a67b7cc6bb7194073e64,,,,,,original,
AUD-AAA4615F93D85AE0,mixed_sound_1_1.wav,data/raw/alarm_siren/mixed_sound_1_1.wav,Alarm or Siren,3.0,44100,2,529244,352b7b328e8251546256076171fff4c6edc5da8fa9cec30018f792446877f3e6,,,,,,original,
AUD-14BF911CE0445854,mixed_sound_2.wav,data/raw/alarm_siren/mixed_sound_2.wav,Alarm or Siren,3.0,44100,2,529244,bea95542a289e3d43952ca87d70aa21faa8df4bed8d93a2b609f260e5446f1b7,,,,,,original,
AUD-A473B42089E55221,mixed_sound_201.wav,data/raw/alarm_siren/mixed_sound_201.wav,Alarm or Siren,3.0,44100,2,529244,d4d7b81a55fb5ebb545dc7f010a60c8221f1285994b17cf246690d63e9ce9bdf,,,,,,original,
AUD-3CF5BD27CF945156,mixed_sound_201_1.wav,data/raw/alarm_siren/mixed_sound_201_1.wav,Alarm or Siren,3.0,44100,2,529244,517c228110194d2576259d2e346e9f4b16faa1c1d94ec5b00dc360829938d963,,,,,,original,
AUD-0700BE5014DB5DE9,mixed_sound_202.wav,data/raw/alarm_siren/mixed_sound_202.wav,Alarm or Siren,3.0,44100,2,529244,2cd47933c1539bec97fa0edff93df455a23f89b9fe5332c9fd2358bd2991118c,,,,,,original,
AUD-4EF58242740A5744,mixed_sound_202_1.wav,data/raw/alarm_siren/mixed_sound_202_1.wav,Alarm or Siren,3.0,44100,2,529244,f445c4a558578d84d2d4a0fdd0be27fd4f02c69b5fa5d04f2cf8e6eb3d632131,,,,,,original,
AUD-9D29133EB6CB5A76,mixed_sound_203.wav,data/raw/alarm_siren/mixed_sound_203.wav,Alarm or Siren,3.0,44100,2,529244,3a6a374ba5de4f5f72657ec2c74fe92f7c08c88ab1a2ee3200d9ed839d5f7cad,,,,,,original,
AUD-F933FAE91F0C5F9F,mixed_sound_203_1.wav,data/raw/alarm_siren/mixed_sound_203_1.wav,Alarm or Siren,3.0,44100,2,529244,9e2d6c00c4fb4e6fcffdf2b6aa55f890f07edc0fb64357c22b51a8adcb873260,,,,,,original,
AUD-6A83E268BD675AD5,mixed_sound_204.wav,data/raw/alarm_siren/mixed_sound_204.wav,Alarm or Siren,3.0,44100,2,529244,4b35cb69415d94255b88f9fbce4a3d6e467b4d41ad8275223646ad344590fcc0,,,,,,original,
AUD-2EA0ABB2DFD7573E,mixed_sound_204_1.wav,data/raw/alarm_siren/mixed_sound_204_1.wav,Alarm or Siren,3.0,44100,2,529244,baf52856f926b7149c02f1afbd8a11e7ffade6e7c18e0b90dda88100b91976cb,,,,,,original,
AUD-5F60446A78EE57BE,mixed_sound_205.wav,data/raw/alarm_siren/mixed_sound_205.wav,Alarm or Siren,3.0,44100,2,529244,14406162cefaac7d32d2286562fc2f8183724617bca21e87a444d96bb57a479c,,,,,,original,
AUD-3410929EC642589E,mixed_sound_205_1.wav,data/raw/alarm_siren/mixed_sound_205_1.wav,Alarm or Siren,3.0,44100,2,529244,c15e0c078a41cb48a9369ffe6e8b6216d9e6c38968e248c3ca24095ae247ede8,,,,,,original,
AUD-9E7DA583B7ED5C1A,mixed_sound_206.wav,data/raw/alarm_siren/mixed_sound_206.wav,Alarm or Siren,3.0,44100,2,529244,b3efb6b0ffdc9ca7507bb9cfddad104bc43d88a1ace27eb21d1d05e28c189020,,,,,,original,
AUD-8987EAFE14E55394,mixed_sound_206_1.wav,data/raw/alarm_siren/mixed_sound_206_1.wav,Alarm or Siren,3.0,44100,2,529244,0f4a02c207558a29dfc145e12bf5b16bbed4db4527a41a0cacb6fee4d00ccfbc,,,,,,original,
AUD-B14C1FE368E15177,mixed_sound_207.wav,data/raw/alarm_siren/mixed_sound_207.wav,Alarm or Siren,3.0,44100,2,529244,1d4974859921457ba2d482697a9e073fab3009d0868a6c5360c24c3779cef25b,,,,,,original,
AUD-BE0BC907EECB5504,mixed_sound_207_1.wav,data/raw/alarm_siren/mixed_sound_207_1.wav,Alarm or Siren,3.0,44100,2,529244,e9d2328eff10df36133a0f51ea2eda8e339e0e30de62202bc3aa7d0bc68c42d4,,,,,,original,
AUD-F9AA36DE3047541A,mixed_sound_208.wav,data/raw/alarm_siren/mixed_sound_208.wav,Alarm or Siren,3.0,44100,2,529244,59804b7232c8400cbd564869aa285cae035b9629e8bf310c9b1685c31bceb378,,,,,,original,
AUD-15A1819F69ED5C28,mixed_sound_2_1.wav,data/raw/alarm_siren/mixed_sound_2_1.wav,Alarm or Siren,3.0,44100,2,529244,6e86134a4d9daa50e7109af7c63bcb0fda8fef26237406d61aac7bc083e33665,,,,,,original,
AUD-234F332BF97556CC,mixed_sound_3.wav,data/raw/alarm_siren/mixed_sound_3.wav,Alarm or Siren,3.0,44100,2,529244,375fa5d8528ad112cfc0762402094e5578013fcdbcb25ee4eaa57f2e2f5bce21,,,,,,original,
AUD-68A204781E6B59D4,mixed_sound_3_1.wav,data/raw/alarm_siren/mixed_sound_3_1.wav,Alarm or Siren,3.0,44100,2,529244,a0547751ab8b5d411397a936662b63814c093a7a69646ac4fdf47fcdc200b11e,,,,,,original,
AUD-78F8CA583EF25434,mixed_sound_4.wav,data/raw/alarm_siren/mixed_sound_4.wav,Alarm or Siren,3.0,44100,2,529244,a4e688e3a2f4aa622839fb52b64bcc2e0013f99d8f005c00f3a5e5351ca7c8a5,,,,,,original,
AUD-03390901CB0652D0,mixed_sound_4_1.wav,data/raw/alarm_siren/mixed_sound_4_1.wav,Alarm or Siren,3.0,44100,2,529244,e6c15508a0e543e92982f1c721ba678ff1780438d665fbda881e65ed12b2fc69,,,,,,original,
AUD-8E6879955AD25EC6,mixed_sound_5.wav,data/raw/alarm_siren/mixed_sound_5.wav,Alarm or Siren,3.0,44100,2,529244,d4fe5543df04050299cb022095983e08948a223f2b417540bf7bae9589696041,,,,,,original,
AUD-F76208B036675F3C,mixed_sound_5_1.wav,data/raw/alarm_siren/mixed_sound_5_1.wav,Alarm or Siren,3.0,44100,2,529244,88a725edab9f07d2d5e81bdc18267481c8bd609e9caf0d0314bcc1925429db55,,,,,,original,
AUD-B2BC3B6086A5559D,mixed_sound_6.wav,data/raw/alarm_siren/mixed_sound_6.wav,Alarm or Siren,3.0,44100,2,529244,4b894304317c17b2ec065ecdb32502c346a2d5b9a37cb6051688a3e4c7b9b52c,,,,,,original,
AUD-EE020425259B52C4,mixed_sound_601.wav,data/raw/alarm_siren/mixed_sound_601.wav,Alarm or Siren,3.0,44100,2,529244,9f71cd979a4f55a0be12031e48e39d389d41fdd43d6bc5cea55fa60959e64f8a,,,,,,original,
AUD-7C7805D7D89A5F63,mixed_sound_601_1.wav,data/raw/alarm_siren/mixed_sound_601_1.wav,Alarm or Siren,3.0,44100,2,529244,0bdda9b13b06cd893d35cf6db312b14b2dbba13b396a51c196943e2c0d83408f,,,,,,original,
AUD-96B8718F878B5B5E,mixed_sound_602.wav,data/raw/alarm_siren/mixed_sound_602.wav,Alarm or Siren,3.0,44100,2,529244,951c2a515c6f71e5b50dddd01c55a915a1337ee37b21395e28b4eb052957efae,,,,,,original,
AUD-E09ABEEA4564540E,mixed_sound_602_1.wav,data/raw/alarm_siren/mixed_sound_602_1.wav,Alarm or Siren,3.0,44100,2,529244,b8a4e90a9e55cb6aeb71328444f8442535df062520e10f0a016d36cdacbefab8,,,,,,original,
AUD-A093A56592015FC1,mixed_sound_603.wav,data/raw/alarm_siren/mixed_sound_603.wav,Alarm or Siren,3.0,44100,2,529244,44f7afc74d5021c45d2d8c9b1ab7a6a9fc08f1b9a1a751abbff332c44264fb8a,,,,,,original,
AUD-078BA5B679A75E51,mixed_sound_603_1.wav,data/raw/alarm_siren/mixed_sound_603_1.wav,Alarm or Siren,3.0,44100,2,529244,3d111b9f69499ae3c52cb41ff72e73777384b1ca8aa8fc662aedcc77eddea696,,,,,,original,
AUD-A06D8DDF6D4C563C,mixed_sound_604.wav,data/raw/alarm_siren/mixed_sound_604.wav,Alarm or Siren,3.0,44100,2,529244,624423f4948777e73c8525dbac2ad30ec7a60f204ec1f46880dd0935c0195c03,,,,,,original,
AUD-F1A4AA46338C51DB,mixed_sound_604_1.wav,data/raw/alarm_siren/mixed_sound_604_1.wav,Alarm or Siren,3.0,44100,2,529244,8035210d368aceccbf5b289cd65cf6a96677fdc9d50fb583019a9c425fe15c34,,,,,,original,
AUD-A9124F7DF49A525B,mixed_sound_605.wav,data/raw/alarm_siren/mixed_sound_605.wav,Alarm or Siren,3.0,44100,2,529244,6d6f0e9ae3f7d21151c7cdde713f643e800109accac444651aff73d2bb6d1928,,,,,,original,
AUD-52D59CDBB11D5C5F,mixed_sound_605_1.wav,data/raw/alarm_siren/mixed_sound_605_1.wav,Alarm or Siren,3.0,44100,2,529244,43e8d6fa0a2f36410fa5267da1eccd8b71da3ae28819c6003e2cb8c4bf8fc16c,,,,,,original,
AUD-E90DC062FAC05501,mixed_sound_606.wav,data/raw/alarm_siren/mixed_sound_606.wav,Alarm or Siren,3.0,44100,2,529244,9efe7c4d9a7cd13c33790d739e9ae7c868767bab8c86c37707f0f1a4d123524f,,,,,,original,
AUD-B21970A36D635253,mixed_sound_606_1.wav,data/raw/alarm_siren/mixed_sound_606_1.wav,Alarm or Siren,3.0,44100,2,529244,6d8fedee29126fc05a6e0d82d1ac7bfb13c015961d5f80254afb79f120a10fce,,,,,,original,
AUD-1D4707983D77578E,mixed_sound_607.wav,data/raw/alarm_siren/mixed_sound_607.wav,Alarm or Siren,3.0,44100,2,529244,f4b09401bedf067a15b4d1683ff5cdbacf4546514266a6a785bc6f65357cc64f,,,,,,original,
AUD-6E683B7E44355899,mixed_sound_607_1.wav,data/raw/alarm_siren/mixed_sound_607_1.wav,Alarm or Siren,3.0,44100,2,529244,6ddcfc89021642f3ec6d158a2a605e7d43d23a65d974f02bd383cb6fa353519b,,,,,,original,
AUD-AF68CE78DCA759BA,mixed_sound_608.wav,data/raw/alarm_siren/mixed_sound_608.wav,Alarm or Siren,3.0,44100,2,529244,7cae1d5252da632c235d5d39f93e3b76501ea6b4bcc5527721bb1fd1e3cb28dd,,,,,,original,
AUD-4773C11FF42956A4,mixed_sound_6_1.wav,data/raw/alarm_siren/mixed_sound_6_1.wav,Alarm or Siren,3.0,44100,2,529244,8d4059fa58ae8c545d818c6498aea572d55923c94846267aa41227886956cdbc,,,,,,original,
AUD-F46B9997FA115CC1,mixed_sound_7.wav,data/raw/alarm_siren/mixed_sound_7.wav,Alarm or Siren,3.0,44100,2,529244,1f305fbdcbedbf2f315aadd6abca34ff4aa695c36a72a79f0e4d29727686d7a9,,,,,,original,
AUD-F0C7C33F96D153CA,mixed_sound_7_1.wav,data/raw/alarm_siren/mixed_sound_7_1.wav,Alarm or Siren,3.0,44100,2,529244,5edd145c364d940b54719aa7c16946f8a4a204db40bb943e44cea1e630bcaceb,,,,,,original,
AUD-BCDCFB8B78B3519E,mixed_sound_8.wav,data/raw/alarm_siren/mixed_sound_8.wav,Alarm or Siren,3.0,44100,2,529244,752a5665263ff755eccfdb70e4eb4cecb921b63fd80ff004141a56197196a6cd,,,,,,original,
AUD-B8F162836BFD556D,poorartistt-emergency-alarmsiren-type-01-no-copyright-410303.mp3,data/raw/alarm_siren/poorartistt-emergency-alarmsiren-type-01-no-copyright-410303.mp3,Alarm or Siren,4.032,48000,2,129024,83c6cab6c86e7ca829c4e4ecdccd5ed33dd439adaf6a88be860fb5caff696086,,,,,,original,
AUD-4293AA66F1CD5D2F,poorartistt-emergency-alarmsiren-type-07-no-copyright-410297.mp3,data/raw/alarm_siren/poorartistt-emergency-alarmsiren-type-07-no-copyright-410297.mp3,Alarm or Siren,4.032,48000,2,129024,185fc67783a10af4d831c7013516413300210fae72b258f7ddab4ccf0f6a2e16,,,,,,original,
AUD-6EADFF4C203D5607,pwlpl-alarm-428641.mp3,data/raw/alarm_siren/pwlpl-alarm-428641.mp3,Alarm or Siren,2.04,48000,2,65280,5b50ea51beed983db8f961bccc2f0d93c9b697a54259da46d2409368a0205204,,,,,,original,
AUD-45C05E86AC8D578B,pwlpl-fire-truck-siren-sound-effect-521118.mp3,data/raw/alarm_siren/pwlpl-fire-truck-siren-sound-effect-521118.mp3,Alarm or Siren,10.032,48000,2,321024,b4b472fd70b0f80376f03ee7a557379115aabd6a804c869d84f3456617e37391,,,,,,original,
AUD-001CD2DA54E75A6E,ribhavagrawal-alarm-siren-sound-effect-type-01-294194.mp3,data/raw/alarm_siren/ribhavagrawal-alarm-siren-sound-effect-type-01-294194.mp3,Alarm or Siren,8.1591,44100,2,260806,cc472d1761ea154fd8c07d9d869f54a7191797ea8b822154055cf52fd916113f,,,,,,original,
AUD-BBD237DA840A5866,ribhavagrawal-alarm-siren-sound-effect-type-02-294203.mp3,data/raw/alarm_siren/ribhavagrawal-alarm-siren-sound-effect-type-02-294203.mp3,Alarm or Siren,8.1591,44100,2,260806,c6c2877050b3c0ea22e85228c3016f191e171acdee36ec9c6f9ff1a34834f6c8,,,,,,original,
AUD-6E5E5800C4C451F1,ribhavagrawal-alarm-siren-sound-effect-type-03-294204.mp3,data/raw/alarm_siren/ribhavagrawal-alarm-siren-sound-effect-type-03-294204.mp3,Alarm or Siren,8.1591,44100,2,260806,e651601fa182c64a34b94d6220b64c7bc6688c2c749e6caa55066f548e0500c9,,,,,,original,
AUD-BEACB35B8F62506E,soumages-alarm-siren-sound-403456.mp3,data/raw/alarm_siren/soumages-alarm-siren-sound-403456.mp3,Alarm or Siren,8.04,48000,2,257280,c97dfc83355915b9fda652d1fe475c070143d1e218df54df3453403b04045a53,,,,,,original,
AUD-01D6E8A505C3503A,soundreality-alarm-471496.mp3,data/raw/alarm_siren/soundreality-alarm-471496.mp3,Alarm or Siren,29.904,48000,2,956928,9e848757cc5fa8f669f9b143bb2e96ad0cfbcfb1e4d1547d10469a92e0ce738e,,,,,,original,
AUD-21800C9DA1395AA8,soundreality-civil-defense-siren-128262.mp3,data/raw/alarm_siren/soundreality-civil-defense-siren-128262.mp3,Alarm or Siren,57.024,48000,2,1824768,cb175c8ae4accba79fdf8b143471006501fe6e1c32f50f09e832ac9c3b870f6e,,,,,,original,
AUD-3A1DA7F375F9527A,soundreality-club-alarma-145490.mp3,data/raw/alarm_siren/soundreality-club-alarma-145490.mp3,Alarm or Siren,16.032,48000,2,513024,f87c3538b332cb38f677d2ad819a6a1006dedae914207abf73981c894ff5ebf3,,,,,,original,
AUD-E3062FFF283D59CE,soundreality-police-operation-siren-144229.mp3,data/raw/alarm_siren/soundreality-police-operation-siren-144229.mp3,Alarm or Siren,16.032,48000,2,513024,bf9ed035ec8428372a2e10b1fdd2938abc9bcb8349acda2267a911084a48b26b,,,,,,original,
AUD-9DF1AAE3273F52D8,soundreality-ship-siren-137067.mp3,data/raw/alarm_siren/soundreality-ship-siren-137067.mp3,Alarm or Siren,24.024,48000,2,768768,8f23f22124429627bb3ed0377b017d555e90b41c8eccbb737b6bc0d85fcb4029,,,,,,original,
AUD-52396C5E937C555C,soundreality-siren-128562.mp3,data/raw/alarm_siren/soundreality-siren-128562.mp3,Alarm or Siren,11.04,48000,2,353280,8399593abf1794d37a14e4f4358488f1ca8ad1a5d44cb464daa0a4a8970bd837,,,,,,original,
AUD-32CD0DB3E83454DE,spinopel-ambulance-passing-by-fast-409405.mp3,data/raw/alarm_siren/spinopel-ambulance-passing-by-fast-409405.mp3,Alarm or Siren,12.0557,44100,1,385358,6b03a58cb244e28a0b9b36e0131dd29b3163c6f06dd08cd0cedc34a3f344e000,,,,,,original,
AUD-A8BFC2E6BD655511,spinopel-ambulance-siren-364900.mp3,data/raw/alarm_siren/spinopel-ambulance-siren-364900.mp3,Alarm or Siren,10.9835,44100,1,351085,c446bb7d0af958d8839670237b8a76ee03611fac63c1dcb8f46e208204ff158f,,,,,,original,
AUD-E9A9D9220FE75F72,spinopel-ambulance-siren-at-a-distance-290809 (1).mp3,data/raw/alarm_siren/spinopel-ambulance-siren-at-a-distance-290809 (1).mp3,Alarm or Siren,16.1091,44100,1,514925,686e859ef5b61d8eae72ce3b3b105a80f8c2cd8b0eece54c9425036fbe001873,,,,,,original,
AUD-1CD7885881B05111,spinopel-ambulance-siren-at-a-distance-290809.mp3,data/raw/alarm_siren/spinopel-ambulance-siren-at-a-distance-290809.mp3,Alarm or Siren,16.1091,44100,1,514925,686e859ef5b61d8eae72ce3b3b105a80f8c2cd8b0eece54c9425036fbe001873,AUD-E9A9D9220FE75F72,,,,,original,
AUD-3D0DE501842D5BD0,spinopel-ambulance-siren-in-a-big-city-543408.mp3,data/raw/alarm_siren/spinopel-ambulance-siren-in-a-big-city-543408.mp3,Alarm or Siren,10.6696,44100,1,341054,e05ad7ae66557a7b5a34860e350abdaad91d104ad11314cddcf8fa9345039bbd,,,,,,original,
AUD-83D24A8FA0E251B8,spinopel-car-alarm-system-393085.mp3,data/raw/alarm_siren/spinopel-car-alarm-system-393085.mp3,Alarm or Siren,8.996,44100,1,287555,c8f9aea23d54c803dfde64969f6757827ddda63eb1fea156d68747965e48b712,,,,,,original,
AUD-260AC83A46E557F9,spinopel-police-siren-short-409404.mp3,data/raw/alarm_siren/spinopel-police-siren-short-409404.mp3,Alarm or Siren,5.9886,44100,1,191425,cf01f9689ad9e9ee5abf6b9bd006392ed5ac06f8363c63a9582979b37d52e937,,,,,,original,
AUD-E8AA67CCB8565025,submority-traimory-mega-horn-angry-siren-f-cinematic-trailer-sound-effects-193408.mp3,data/raw/alarm_siren/submority-traimory-mega-horn-angry-siren-f-cinematic-trailer-sound-effects-193408.mp3,Alarm or Siren,13.104,48000,2,419328,9a36c190fbebb44672df1c99f4c27ca3612c4ba773b1a5c99e22ccae1031d0ff,,,,,,original,
AUD-AB09F6D5772058A1,u_oehoflwgri-malaysia-eas-alarm-1942-417097.mp3,data/raw/alarm_siren/u_oehoflwgri-malaysia-eas-alarm-1942-417097.mp3,Alarm or Siren,80.2579,44100,2,2565433,3604d72c77e7edcf9fc01e91d6186d55addc3bdbfd6d9620790e023a4df56046,,,,,,original,
AUD-54D28A33DC4451EE,u_wafpg9otzl-ivano-frankivsk-eas-alarm-306303.mp3,data/raw/alarm_siren/u_wafpg9otzl-ivano-frankivsk-eas-alarm-306303.mp3,Alarm or Siren,66.5547,44100,2,2127412,cc0764a3244abf4f47ab74cb655a55211604915710dbec4d992658d37f930d77,,,,,,original,
AUD-8707C2FFC58052C9,u_whvpuvkdwz-automatic-depressurization-system-nuclear-reactor-497640.mp3,data/raw/alarm_siren/u_whvpuvkdwz-automatic-depressurization-system-nuclear-reactor-497640.mp3,Alarm or Siren,20.04,48000,1,641280,d155494b8c2009314746ac623d79e01032d0c2e1e2c679e40c51487ff725af65,,,,,,original,
AUD-2A4CB6370BA35AB4,u_xg7ssi08yr-ambulance-siren-wail-369632.mp3,data/raw/alarm_siren/u_xg7ssi08yr-ambulance-siren-wail-369632.mp3,Alarm or Siren,48.4581,44100,2,1548956,c630848aab65936270fa42bfcb1d25c7e689ddca34418227ab80b396804e89b4,,,,,,original,
AUD-848009BE4A865FBC,universfield-alarm-clock-ringing-229175.mp3,data/raw/alarm_siren/universfield-alarm-clock-ringing-229175.mp3,Alarm or Siren,3.408,48000,2,109056,4dec99e8eebdc0f8e2c4afd576c1c9b4ea60e1cb186c3e0f728b610ec8e957b5,,,,,,original,
AUD-1A05478135395A31,universfield-digital-alarm-clock-151920.mp3,data/raw/alarm_siren/universfield-digital-alarm-clock-151920.mp3,Alarm or Siren,15.0631,44100,2,481489,6bb8f89f2ee21fa4174458b90b8cd728bdf32dad88d26e1c598abebd9268277c,,,,,,original,
AUD-BB8E1F1CE4625F81,virtual_vibes-police-siren-emergency-alarm-hd-377435 (1).mp3,data/raw/alarm_siren/virtual_vibes-police-siren-emergency-alarm-hd-377435 (1).mp3,Alarm or Siren,8.0545,44100,2,257462,27faf1d89ff3df8cb31557d27f475654a0d9b00c04d90ad94974d22f731bb812,,,,,,original,
AUD-85505F9A8B4D5A61,virtual_vibes-police-siren-emergency-alarm-hd-377435.mp3,data/raw/alarm_siren/virtual_vibes-police-siren-emergency-alarm-hd-377435.mp3,Alarm or Siren,8.0545,44100,2,257462,27faf1d89ff3df8cb31557d27f475654a0d9b00c04d90ad94974d22f731bb812,AUD-BB8E1F1CE4625F81,,,,,original,
AUD-62C8EE31C21B5D13,virtualzero-police-siren-cinematic-hd-371856.mp3,data/raw/alarm_siren/virtualzero-police-siren-cinematic-hd-371856.mp3,Alarm or Siren,8.0545,44100,2,257462,e1ba684a121732f0afd8051f4611438062e1fd73b8a8d6d68e697409275cc81c,,,,,,original,
AUD-C1E1636CFC5B5146,wings_of_freedom-alarm-sound-426145 (1).mp3,data/raw/alarm_siren/wings_of_freedom-alarm-sound-426145 (1).mp3,Alarm or Siren,5.0472,44100,2,161332,4d00f66e4b3d9c0d756c7754e6348bb2a657323de5341fbdb1bf0a918f5a440b,,,,,,original,
AUD-4473B9AB4113509D,wings_of_freedom-alarm-sound-426145.mp3,data/raw/alarm_siren/wings_of_freedom-alarm-sound-426145.mp3,Alarm or Siren,5.0472,44100,2,161332,4d00f66e4b3d9c0d756c7754e6348bb2a657323de5341fbdb1bf0a918f5a440b,AUD-C1E1636CFC5B5146,,,,,original,
AUD-8D1A6A39490E5173,49053354-air-horn-306427.mp3,data/raw/vehicle_horn/49053354-air-horn-306427.mp3,Vehicle Horn,0.648,16000,1,12960,a53e05be0fae80b41ed99a5ebcf312370268eff213edcb777910032808d2a933,,,,,,original,
AUD-9DEB685316E3521E,49053354-motorbus-horn-307489.mp3,data/raw/vehicle_horn/49053354-motorbus-horn-307489.mp3,Vehicle Horn,0.9948,11025,1,7941,88a04ca187c88a0482e5fa9abfb9e89dc01674e9f5adaa7de502a2c7bd7fbb1f,,,,,,original,
AUD-3E54485E25E45FF8,49053354-motortruck-horn-306425.mp3,data/raw/vehicle_horn/49053354-motortruck-horn-306425.mp3,Vehicle Horn,0.792,8000,1,6336,e6047451d1c5a22fd2b333ef2f12c1d3abbf775feaba0597480d9b698489b8bb,,,,,,original,
AUD-78EA1FED4BB152D8,49053354-old-car-horn-305817.mp3,data/raw/vehicle_horn/49053354-old-car-horn-305817.mp3,Vehicle Horn,0.648,8000,1,5184,5939f6534367e1eb1105fcd75eaa9091cbb0965cecb310a04d3ab987fd1de6e3,,,,,,original,
AUD-88D713C56D8054A2,aatreya_v-indian-traffic-amb-main-road-morning-traffic-bike-lorry-auto-570264.mp3,data/raw/vehicle_horn/aatreya_v-indian-traffic-amb-main-road-morning-traffic-bike-lorry-auto-570264.mp3,Vehicle Horn,24.048,48000,2,769536,f08f942d74002ab23c07b108498d4f94b924ef25e333c483a56ad8c9ffff22ec,,,,,,original,
AUD-611446BAD41556E1,abirkhan006-realistic-train-whistle-horn-sound-effect-horor-547025.mp3,data/raw/vehicle_horn/abirkhan006-realistic-train-whistle-horn-sound-effect-horor-547025.mp3,Vehicle Horn,4.5241,44100,2,144613,0d1a8e0ab8c0fe2618556e7c87184e9c5a9e1886f114a78cc118752e3593696c,,,,,,original,
AUD-6EDDDAFC60155F76,aldaradc29-mecideyekoy-istanbul-street-ambient-180835.mp3,data/raw/vehicle_horn/aldaradc29-mecideyekoy-istanbul-street-ambient-180835.mp3,Vehicle Horn,112.824,48000,1,3610368,d51d0331bc1697299c4b2355caa3e500009b1a28e4dd7d4c6773ce5ba2108975,,,,,,original,
AUD-A22B4127BC235152,alex_jauk-bulb-horn-honk-221702.mp3,data/raw/vehicle_horn/alex_jauk-bulb-horn-honk-221702.mp3,Vehicle Horn,1.1768,44100,1,37616,7d787645b9163ae90dbb955f572edfd619049cf7ca298aad8c88d51e137442af,,,,,,original,
AUD-4EC8DD3641FE5195,ambient_house-car-horn-sounding-off-in-the-distance-342177.mp3,data/raw/vehicle_horn/ambient_house-car-horn-sounding-off-in-the-distance-342177.mp3,Vehicle Horn,2.424,48000,2,77568,9064901c89542cd9ec015b4d51c8d07b05e6c20f90c63341d7bdc3eece67cde2,,,,,,original,
AUD-24DDF1F6A0FE54D0,ambient_house-distant-car-honk-in-light-rain-319684.mp3,data/raw/vehicle_horn/ambient_house-distant-car-honk-in-light-rain-319684.mp3,Vehicle Horn,3.192,48000,2,102144,2326a8a336a42c0b0d7873bbffdd44e91a5aaa5b299cc62c11422168ab4a6b02,,,,,,original,
AUD-7A5DCA2F592A52B7,arunangshubanerjee-suburban-alley-traffic-ambience-359577.mp3,data/raw/vehicle_horn/arunangshubanerjee-suburban-alley-traffic-ambience-359577.mp3,Vehicle Horn,23.76,48000,2,760320,f4c1ef4e4af47bb20bb57309a59d1702fae6f8149bb178466d185bcb8da2f707,,,,,,original,
AUD-21898A849C2B56A4,audley_fergine-truck-horn-1-280798.mp3,data/raw/vehicle_horn/audley_fergine-truck-horn-1-280798.mp3,Vehicle Horn,1.046,44100,2,33436,ad84fe7e062ad2ca2184d0e5ab966dfa70740b6c68aebe70670a6740bbfe9d0b,,,,,,original,
AUD-3ACE210E82C9528D,chrysalyn-chaotic-traffic-horns-near-and-distant-sound-effect-540980.mp3,data/raw/vehicle_horn/chrysalyn-chaotic-traffic-horns-near-and-distant-sound-effect-540980.mp3,Vehicle Horn,7.44,48000,2,238080,cbb65c159e6e6a87c1960b29a379ab61685d044d44fa74db35056bec0340b99f,,,,,,original,
AUD-744D8F7206BF5B0C,chrysalyn-loud-train-horn-blast-with-high-speed-flyby-sound-effect-577613.mp3,data/raw/vehicle_horn/chrysalyn-loud-train-horn-blast-with-high-speed-flyby-sound-effect-577613.mp3,Vehicle Horn,4.032,48000,2,129024,9332c470212896224b2b27fb7d8cefd7b8ac79294e71611e442ac1519fce4b83,,,,,,original,
AUD-22927AAFE7BB53E0,dragon-studio-boat-horn-3-386170.mp3,data/raw/vehicle_horn/dragon-studio-boat-horn-3-386170.mp3,Vehicle Horn,1.2814,44100,2,40960,a2caafe6a5a30e6beace2150101d06644e44ec1c2a8985c465440f449156803a,,,,,,original,
AUD-E1EDA6989F8F50CE,dragon-studio-boat-horn-386178.mp3,data/raw/vehicle_horn/dragon-studio-boat-horn-386178.mp3,Vehicle Horn,1.2814,44100,2,40960,96adf53ced509a69405c6267ae6fbc292028079866667989d2bddf5da0435c25,,,,,,original,
AUD-FAE8731951E854C6,dragon-studio-braam-463208.mp3,data/raw/vehicle_horn/dragon-studio-braam-463208.mp3,Vehicle Horn,3.912,48000,2,125184,448d5afa6fff40c5f5e4c3cc817fdb9ea48d285d7495cff99952a98334213bd0,,,,,,original,
AUD-B54B697DADCB5FA8,dragon-studio-car-honk-386166.mp3,data/raw/vehicle_horn/dragon-studio-car-honk-386166.mp3,Vehicle Horn,1.0983,44100,2,35108,48c9c62c0b453b3fc18a2403d0af575a14d905577b5e7d6801e4e42e765e4610,,,,,,original,
AUD-4AA96D7DCB035C7F,dragon-studio-creepy-horn-outro-482872.mp3,data/raw/vehicle_horn/dragon-studio-creepy-horn-outro-482872.mp3,Vehicle Horn,10.824,48000,2,346368,a97b1f7775c3e5aa56757bd405e64a69934fedcccc04867e8ca02e8a7af2f1eb,,,,,,original,
AUD-8A67492DFFBD529A,dragon-studio-mega-horn-398654.mp3,data/raw/vehicle_horn/dragon-studio-mega-horn-398654.mp3,Vehicle Horn,4.248,48000,2,135936,4705b06a94ed4e6700cdcddffdb61983c99cb3a5258befd3d0469274e58e1bf7,,,,,,original,
AUD-E64BBE5957AB5B55,floraphonic-automobile-honk-1-170423.mp3,data/raw/vehicle_horn/floraphonic-automobile-honk-1-170423.mp3,Vehicle Horn,1.032,48000,2,33024,54016987961fbeef66af5c7b11c868a183121d94f204bf16627d2a17a011e1be,,,,,,original,
AUD-8EAC0568144D5B61,floraphonic-automobile-honk-2-170424.mp3,data/raw/vehicle_horn/floraphonic-automobile-honk-2-170424.mp3,Vehicle Horn,1.032,48000,2,33024,2068a21226095b8ebe4245bbb4dab17be94093c63ba0b0de5ccd01fd27c5a20d,,,,,,original,
AUD-FFA6FF024A8F5A1F,floraphonic-car-horn-3-191449.mp3,data/raw/vehicle_horn/floraphonic-car-horn-3-191449.mp3,Vehicle Horn,2.6412,44100,2,84427,bf88dee2eca33e9ac54165286e4f148bf5c6cd92d1630837fe59544a7b193b27,,,,,,original,
AUD-57E733CC8D1858F1,floraphonic-car-horn-4-189858.mp3,data/raw/vehicle_horn/floraphonic-car-horn-4-189858.mp3,Vehicle Horn,2.0398,44100,2,65201,7ee4adc05ab2c189ce9062dc52c1215dbab041ccb473c4cad1ad9c202d3008b4,,,,,,original,
AUD-1A420D3D147E5068,flutie8211-car-horn-honking-413906.mp3,data/raw/vehicle_horn/flutie8211-car-horn-honking-413906.mp3,Vehicle Horn,4.824,48000,2,154368,3a0b3ee235c172177557589bd6782c09aafdff24d9fd52b695a764e6ba7fb5a2,,,,,,original,
AUD-199C27358CD5522D,freesound_community-075747_inception-horn-victory-82997.mp3,data/raw/vehicle_horn/freesound_community-075747_inception-horn-victory-82997.mp3,Vehicle Horn,3.024,24000,2,60480,179d8a4d49fe2b2d698f89d193b6e3166643e1db96ff1ef0d98ec307a0ee7290,,,,,,original,
AUD-0DF0169906845E3B,freesound_community-bicycle-horn-38096.mp3,data/raw/vehicle_horn/freesound_community-bicycle-horn-38096.mp3,Vehicle Horn,6.24,24000,2,124800,402b44f219876f850c554735bb0438f9daf75b0f73ff03c275a1900c775260b3,,,,,,original,
AUD-067ABDA0A6BA5B32,freesound_community-bicycle-horn-7126.mp3,data/raw/vehicle_horn/freesound_community-bicycle-horn-7126.mp3,Vehicle Horn,0.7583,44100,1,24241,19b0742db99d4ad7aae57557f88a4829dc015c3e6d44f36aae6eae566a12699f,,,,,,original,
AUD-A9E2711737115F5A,freesound_community-boat-horn-103003.mp3,data/raw/vehicle_horn/freesound_community-boat-horn-103003.mp3,Vehicle Horn,4.224,24000,2,84480,c17b7987342989471bc8b1e325877e2ad45658bca2eef19dbdda0389e9be3bdb,,,,,,original,
AUD-F8776E0943785E92,freesound_community-boat-horn-6204.mp3,data/raw/vehicle_horn/freesound_community-boat-horn-6204.mp3,Vehicle Horn,22.584,24000,2,451680,7fdc0515b43313fa5241932f6b033928fa4f4728ba6345d8eb89d1cb8c0e9fea,,,,,,original,
AUD-9532BEE308675EE0,freesound_community-car-horn-6408.mp3,data/raw/vehicle_horn/freesound_community-car-horn-6408.mp3,Vehicle Horn,4.248,24000,2,84960,7dd203c16109733a4c7c3c5b4e4b93ece8c8d65fb794c3a945e3b5e0c15ded44,,,,,,original,
AUD-EB02EAD95FCA5B8B,freesound_community-car-horn-83351.mp3,data/raw/vehicle_horn/freesound_community-car-horn-83351.mp3,Vehicle Horn,6.312,24000,2,126240,48f59183cbd8de0e1038306b5ed62b479030cb66395eabc82937671c98fbd13f,,,,,,original,
AUD-0A4764DCD7E256CE,freesound_community-car-horn-90973.mp3,data/raw/vehicle_horn/freesound_community-car-horn-90973.mp3,Vehicle Horn,8.16,48000,1,261120,cdee47d2ede79b2ff3c4a2846093d6ce80e009677d59ef6f288c10ca26e6efb6,,,,,,original,
AUD-CB19971DFF505A40,freesound_community-car-horn-beep-beep-two-beeps-honk-honk-6188.mp3,data/raw/vehicle_horn/freesound_community-car-horn-beep-beep-two-beeps-honk-honk-6188.mp3,Vehicle Horn,0.7322,44100,1,23405,04310fc6625af1a421c3e509e14502b92ab272517e39fdddbf2b275425f1ce97,,,,,,original,
AUD-67E16BB5101558B2,freesound_community-car-horn-beepsmp3-14659.mp3,data/raw/vehicle_horn/freesound_community-car-horn-beepsmp3-14659.mp3,Vehicle Horn,2.568,24000,2,51360,b76fb865b3f4e6ba30425ba489de0f79ca8bae1204eac0926f046e3299e87b39,,,,,,original,
AUD-43CE351AEB555008,freesound_community-clown-horn-44595.mp3,data/raw/vehicle_horn/freesound_community-clown-horn-44595.mp3,Vehicle Horn,2.8766,44100,1,91951,9ec88eaf11829f4e38492e78c21d93e9834950c5c04a5577e175eef9fc0b40d2,,,,,,original,
AUD-D6D208ADA7E05912,freesound_community-french-horn-crescendo-2-97825.mp3,data/raw/vehicle_horn/freesound_community-french-horn-crescendo-2-97825.mp3,Vehicle Horn,12.792,24000,2,255840,caaaff4e97155de37cc3680e8d1eaa543d75a84abe336b8535002c28c6ed4630,,,,,,original,
AUD-9A7850422C7B53E8,freesound_community-french-horn-signal-2-97845.mp3,data/raw/vehicle_horn/freesound_community-french-horn-signal-2-97845.mp3,Vehicle Horn,4.4457,44100,1,142106,fac0f1713a67f201087b3fe79882233d3de7dd087a12143301b0c85b9cf4e3a2,,,,,,original,
AUD-411B1986FCD1553A,freesound_community-german-ambulance-2-14589.mp3,data/raw/vehicle_horn/freesound_community-german-ambulance-2-14589.mp3,Vehicle Horn,13.944,24000,2,278880,ae22aea8ad612d1f3d12c828d2ee9e7dd3c38ba78bb0566342137b8db8d6231b,,,,,,original,
AUD-A093E72BA0DB5A48,freesound_community-horn-a-37752.mp3,data/raw/vehicle_horn/freesound_community-horn-a-37752.mp3,Vehicle Horn,5.928,24000,2,118560,eaa5103bf640a8f18836737bae86b30d93c3f64c40f1d107848e550afa7a8232,,,,,,original,
AUD-AFF33DB8E07E50F7,freesound_community-horn-big-82806.mp3,data/raw/vehicle_horn/freesound_community-horn-big-82806.mp3,Vehicle Horn,3.624,24000,2,72480,ca967943fa656f6f56075709b753cc7860e52b2c1970da6a4568c0ea29fc9bdb,,,,,,original,
AUD-BAF89BB68FF25DC6,freesound_community-horn-hooter-94444.mp3,data/raw/vehicle_horn/freesound_community-horn-hooter-94444.mp3,Vehicle Horn,1.6475,44100,1,52662,8f9fe4f7ec265ffe116bb9ae8457dc75fbfa42fc35fccd4444c658b369f41f20,,,,,,original,
AUD-526EC25A24F75775,freesound_community-horn-stabs-entrance-14741.mp3,data/raw/vehicle_horn/freesound_community-horn-stabs-entrance-14741.mp3,Vehicle Horn,1.7521,44100,1,56006,f227bb1b0f61972fb8a5ec207c926e2ed42d9e3e6ae7498410831639b533a938,,,,,,original,
AUD-DEF0BF81EC565384,freesound_community-inception-style-movie-horn-80358.mp3,data/raw/vehicle_horn/freesound_community-inception-style-movie-horn-80358.mp3,Vehicle Horn,4.392,24000,2,87840,fd221fd9db2d8d0845d8d210bfdcbe072f27d14e127d4ea6316b26802d3ec0c9,,,,,,original,
AUD-CA73DAD6AC495D18,freesound_community-medieval-horn-by-kris-klavenes-wav-77565 (1).mp3,data/raw/vehicle_horn/freesound_community-medieval-horn-by-kris-klavenes-wav-77565 (1).mp3,Vehicle Horn,8.496,24000,2,169920,070f178fd5d1b9e2c6ab495b7217220a51da8ea8417b1c76b30dd7413717fea6,,,,,,original,
AUD-956A5BE2D1175E25,freesound_community-medieval-horn-by-kris-klavenes-wav-77565.mp3,data/raw/vehicle_horn/freesound_community-medieval-horn-by-kris-klavenes-wav-77565.mp3,Vehicle Horn,8.496,24000,2,169920,070f178fd5d1b9e2c6ab495b7217220a51da8ea8417b1c76b30dd7413717fea6,AUD-CA73DAD6AC495D18,,,,,original,
AUD-9D4553C3E33B56D7,freesound_community-party-horn-68443.mp3,data/raw/vehicle_horn/freesound_community-party-horn-68443.mp3,Vehicle Horn,23.304,24000,2,466080,584105ed3c358c7b55e05e7986894c35edd582dca8bc1f567cc7571a4f7cff03,,,,,,original,
AUD-DCFB62C8832D5D88,freesound_community-russian_police-32924.mp3,data/raw/vehicle_horn/freesound_community-russian_police-32924.mp3,Vehicle Horn,54.312,24000,2,1086240,edd26d40dc064ef1c4ddb3f4f14325f254f3c06314b85d7e84b102b7818dd9f8,,,,,,original,
AUD-C6E1399AD17B5BC9,freesound_community-scary-horn-7090.mp3,data/raw/vehicle_horn/freesound_community-scary-horn-7090.mp3,Vehicle Horn,48.12,24000,2,962400,76ed44f348ed0dcc4364ae209f3f0efe33728e8a6fb83aafa022cff382b411d4,,,,,,original,
AUD-9D0DE7638F695C85,freesound_community-ship-horn-distant-38390 (1).mp3,data/raw/vehicle_horn/freesound_community-ship-horn-distant-38390 (1).mp3,Vehicle Horn,6.6685,44100,1,213159,d46d4647952907ef3d4286fd9bb63cd284db24a9b308f761d42fe6b083c2be7d,,,,,,original,
AUD-8D56998EB11255AB,freesound_community-ship-horn-distant-38390.mp3,data/raw/vehicle_horn/freesound_community-ship-horn-distant-38390.mp3,Vehicle Horn,6.6685,44100,1,213159,d46d4647952907ef3d4286fd9bb63cd284db24a9b308f761d42fe6b083c2be7d,AUD-9D0DE7638F695C85,,,,,original,
AUD-891EDD9F6CED50D8,freesound_community-ship-horn-very-close-14642.mp3,data/raw/vehicle_horn/freesound_community-ship-horn-very-close-14642.mp3,Vehicle Horn,5.904,24000,2,118080,ad07134933a39b927e9313bf7b6789867ffb18ee0082d1a89849e1afefe5f75b,,,,,,original,
AUD-F3FA54901ABD5036,freesound_community-train-horn-and-passing-23815.mp3,data/raw/vehicle_horn/freesound_community-train-horn-and-passing-23815.mp3,Vehicle Horn,115.512,24000,2,2310240,9c23289d940b319873f80f6dfb734436c087ec887f56cb897ed7cac0d53e62fd,,,,,,original,
AUD-37CAF12F216250EB,freesound_community-train-horn-distant-pass-kamloops-190824wav-62189.mp3,data/raw/vehicle_horn/freesound_community-train-horn-distant-pass-kamloops-190824wav-62189.mp3,Vehicle Horn,61.776,24000,2,1235520,063f3fe6dac65172c88f74fe6db05302eb659e8d047ae68cfe9151c47fc2bf08,,,,,,original,
AUD-7D44E664A2945E48,freesound_community-voice-horn-91157.mp3,data/raw/vehicle_horn/freesound_community-voice-horn-91157.mp3,Vehicle Horn,10.872,24000,2,217440,a8becd73bf451763ebdb51a83d983146bed5383c3203ae67230d92ed93131874,,,,,,original,
AUD-C4500DD267E85E52,freesound_community-war-horn-horror-73771.mp3,data/raw/vehicle_horn/freesound_community-war-horn-horror-73771.mp3,Vehicle Horn,18.072,24000,2,361440,91c820f0b533a23c70bfe43b73d4fe167a21e6a14b3d6383baded345e9a73f87,,,,,,original,
AUD-1603F278673C5BD2,freesound_community-whelen-horn-34184.mp3,data/raw/vehicle_horn/freesound_community-whelen-horn-34184.mp3,Vehicle Horn,56.0158,44100,1,1790537,d94caac5d8386fa64173773e82ca0b1c3a2824cea43f716bcd145013304e5f14,,,,,,original,
AUD-24CC34FE793A5FBE,haruudu-a-loud-wailing-emergency-siren-from-a-fire-truck-535504.mp3,data/raw/vehicle_horn/haruudu-a-loud-wailing-emergency-siren-from-a-fire-truck-535504.mp3,Vehicle Horn,29.2893,44100,2,936228,b6c7b1cea4bf802b7780a954bad1f0041016b5c735468e81d14cd80fc7d464a4,,,,,,original,
AUD-0ED071352D42575A,jerryblessed-jeepney-horn-honk-556148.mp3,data/raw/vehicle_horn/jerryblessed-jeepney-horn-honk-556148.mp3,Vehicle Horn,2.0659,44100,1,66037,61761a3f1f1450f668f7379928ef08b1ee7f011e8765244c856d6731a51dbb4d,,,,,,original,
AUD-413CFCD664E557A8,koiroylers-car-horn-355971.mp3,data/raw/vehicle_horn/koiroylers-car-horn-355971.mp3,Vehicle Horn,3.0858,44100,2,98638,d3bfbc3fdca8642af18c934a017e446c3bbfd882c94cb3083571c08d6849f252,,,,,,original,
AUD-A65542BAFDF7586E,koiroylers-urban-traffic-355941.mp3,data/raw/vehicle_horn/koiroylers-urban-traffic-355941.mp3,Vehicle Horn,22.0977,44100,2,706351,ec4880f99317549e1bbb87dbf7ba859fff122fd572e6be24f38098b72178d0f0,,,,,,original,
AUD-1AE2F3532C535EB3,lyssgomes-rua-564376.mp3,data/raw/vehicle_horn/lyssgomes-rua-564376.mp3,Vehicle Horn,20.3717,44100,2,651180,565bdfb287db5066d4751a0f41f2b09a93684e739b27700861f8388edd68cf8d,,,,,,original,
AUD-B47EDD18F4EE5ADF,mixed_sound_1.wav,data/raw/vehicle_horn/mixed_sound_1.wav,Vehicle Horn,3.0,44100,2,529244,05da187bc53787017ea9845a3543c77f4716c6714d29a67b7cc6bb7194073e64,AUD-297FA6B4C0F6534D,,,,,original,
AUD-D7852CA51F1C5CEE,mixed_sound_1_1.wav,data/raw/vehicle_horn/mixed_sound_1_1.wav,Vehicle Horn,3.0,44100,2,529244,352b7b328e8251546256076171fff4c6edc5da8fa9cec30018f792446877f3e6,AUD-AAA4615F93D85AE0,,,,,original,
AUD-D251354FF2FF5C82,mixed_sound_2.wav,data/raw/vehicle_horn/mixed_sound_2.wav,Vehicle Horn,3.0,44100,2,529244,bea95542a289e3d43952ca87d70aa21faa8df4bed8d93a2b609f260e5446f1b7,AUD-14BF911CE0445854,,,,,original,
AUD-B91230A8D66B5F16,mixed_sound_201.wav,data/raw/vehicle_horn/mixed_sound_201.wav,Vehicle Horn,3.0,44100,2,529244,d4d7b81a55fb5ebb545dc7f010a60c8221f1285994b17cf246690d63e9ce9bdf,AUD-A473B42089E55221,,,,,original,
AUD-12CE1FEF0ADF599C,mixed_sound_201_1.wav,data/raw/vehicle_horn/mixed_sound_201_1.wav,Vehicle Horn,3.0,44100,2,529244,517c228110194d2576259d2e346e9f4b16faa1c1d94ec5b00dc360829938d963,AUD-3CF5BD27CF945156,,,,,original,
AUD-337AF93C450E57F1,mixed_sound_202.wav,data/raw/vehicle_horn/mixed_sound_202.wav,Vehicle Horn,3.0,44100,2,529244,2cd47933c1539bec97fa0edff93df455a23f89b9fe5332c9fd2358bd2991118c,AUD-0700BE5014DB5DE9,,,,,original,
AUD-358FC1F829855B2E,mixed_sound_202_1.wav,data/raw/vehicle_horn/mixed_sound_202_1.wav,Vehicle Horn,3.0,44100,2,529244,f445c4a558578d84d2d4a0fdd0be27fd4f02c69b5fa5d04f2cf8e6eb3d632131,AUD-4EF58242740A5744,,,,,original,
AUD-C3B9C8F9965F5746,mixed_sound_203.wav,data/raw/vehicle_horn/mixed_sound_203.wav,Vehicle Horn,3.0,44100,2,529244,3a6a374ba5de4f5f72657ec2c74fe92f7c08c88ab1a2ee3200d9ed839d5f7cad,AUD-9D29133EB6CB5A76,,,,,original,
AUD-68286B3340125BE5,mixed_sound_203_1.wav,data/raw/vehicle_horn/mixed_sound_203_1.wav,Vehicle Horn,3.0,44100,2,529244,9e2d6c00c4fb4e6fcffdf2b6aa55f890f07edc0fb64357c22b51a8adcb873260,AUD-F933FAE91F0C5F9F,,,,,original,
AUD-7E88EBEA58B95F65,mixed_sound_204.wav,data/raw/vehicle_horn/mixed_sound_204.wav,Vehicle Horn,3.0,44100,2,529244,4b35cb69415d94255b88f9fbce4a3d6e467b4d41ad8275223646ad344590fcc0,AUD-6A83E268BD675AD5,,,,,original,
AUD-754A82FDC0585C7C,mixed_sound_204_1.wav,data/raw/vehicle_horn/mixed_sound_204_1.wav,Vehicle Horn,3.0,44100,2,529244,baf52856f926b7149c02f1afbd8a11e7ffade6e7c18e0b90dda88100b91976cb,AUD-2EA0ABB2DFD7573E,,,,,original,
AUD-429B1383AA8E59E0,mixed_sound_205.wav,data/raw/vehicle_horn/mixed_sound_205.wav,Vehicle Horn,3.0,44100,2,529244,14406162cefaac7d32d2286562fc2f8183724617bca21e87a444d96bb57a479c,AUD-5F60446A78EE57BE,,,,,original,
AUD-C21D35EB1C0258E2,mixed_sound_205_1.wav,data/raw/vehicle_horn/mixed_sound_205_1.wav,Vehicle Horn,3.0,44100,2,529244,c15e0c078a41cb48a9369ffe6e8b6216d9e6c38968e248c3ca24095ae247ede8,AUD-3410929EC642589E,,,,,original,
AUD-615441DBC5225D05,mixed_sound_206.wav,data/raw/vehicle_horn/mixed_sound_206.wav,Vehicle Horn,3.0,44100,2,529244,b3efb6b0ffdc9ca7507bb9cfddad104bc43d88a1ace27eb21d1d05e28c189020,AUD-9E7DA583B7ED5C1A,,,,,original,
AUD-D83E4C8712155B9B,mixed_sound_206_1.wav,data/raw/vehicle_horn/mixed_sound_206_1.wav,Vehicle Horn,3.0,44100,2,529244,0f4a02c207558a29dfc145e12bf5b16bbed4db4527a41a0cacb6fee4d00ccfbc,AUD-8987EAFE14E55394,,,,,original,
AUD-42535943ADDD5A7D,mixed_sound_207.wav,data/raw/vehicle_horn/mixed_sound_207.wav,Vehicle Horn,3.0,44100,2,529244,1d4974859921457ba2d482697a9e073fab3009d0868a6c5360c24c3779cef25b,AUD-B14C1FE368E15177,,,,,original,
AUD-F4E79482D54B51FB,mixed_sound_207_1.wav,data/raw/vehicle_horn/mixed_sound_207_1.wav,Vehicle Horn,3.0,44100,2,529244,e9d2328eff10df36133a0f51ea2eda8e339e0e30de62202bc3aa7d0bc68c42d4,AUD-BE0BC907EECB5504,,,,,original,
AUD-C31AAB9647FB5AC3,mixed_sound_208.wav,data/raw/vehicle_horn/mixed_sound_208.wav,Vehicle Horn,3.0,44100,2,529244,59804b7232c8400cbd564869aa285cae035b9629e8bf310c9b1685c31bceb378,AUD-F9AA36DE3047541A,,,,,original,
AUD-8A9FB670B5E65E89,mixed_sound_2_1.wav,data/raw/vehicle_horn/mixed_sound_2_1.wav,Vehicle Horn,3.0,44100,2,529244,6e86134a4d9daa50e7109af7c63bcb0fda8fef26237406d61aac7bc083e33665,AUD-15A1819F69ED5C28,,,,,original,
AUD-CA875969E9F251E7,mixed_sound_3.wav,data/raw/vehicle_horn/mixed_sound_3.wav,Vehicle Horn,3.0,44100,2,529244,375fa5d8528ad112cfc0762402094e5578013fcdbcb25ee4eaa57f2e2f5bce21,AUD-234F332BF97556CC,,,,,original,
AUD-E05D9EC2C1CA5BAC,mixed_sound_3_1.wav,data/raw/vehicle_horn/mixed_sound_3_1.wav,Vehicle Horn,3.0,44100,2,529244,a0547751ab8b5d411397a936662b63814c093a7a69646ac4fdf47fcdc200b11e,AUD-68A204781E6B59D4,,,,,original,
AUD-564BBB9142BE59B1,mixed_sound_4.wav,data/raw/vehicle_horn/mixed_sound_4.wav,Vehicle Horn,3.0,44100,2,529244,a4e688e3a2f4aa622839fb52b64bcc2e0013f99d8f005c00f3a5e5351ca7c8a5,AUD-78F8CA583EF25434,,,,,original,
AUD-AC22B95CE1875ADE,mixed_sound_4_1.wav,data/raw/vehicle_horn/mixed_sound_4_1.wav,Vehicle Horn,3.0,44100,2,529244,e6c15508a0e543e92982f1c721ba678ff1780438d665fbda881e65ed12b2fc69,AUD-03390901CB0652D0,,,,,original,
AUD-B4F67B6D4A615FE6,mixed_sound_5.wav,data/raw/vehicle_horn/mixed_sound_5.wav,Vehicle Horn,3.0,44100,2,529244,d4fe5543df04050299cb022095983e08948a223f2b417540bf7bae9589696041,AUD-8E6879955AD25EC6,,,,,original,
AUD-2679DB01DCA75D4A,mixed_sound_5_1.wav,data/raw/vehicle_horn/mixed_sound_5_1.wav,Vehicle Horn,3.0,44100,2,529244,88a725edab9f07d2d5e81bdc18267481c8bd609e9caf0d0314bcc1925429db55,AUD-F76208B036675F3C,,,,,original,
AUD-9B233600746E54A6,mixed_sound_6.wav,data/raw/vehicle_horn/mixed_sound_6.wav,Vehicle Horn,3.0,44100,2,529244,4b894304317c17b2ec065ecdb32502c346a2d5b9a37cb6051688a3e4c7b9b52c,AUD-B2BC3B6086A5559D,,,,,original,
AUD-B8739BBE214858E9,mixed_sound_601.wav,data/raw/vehicle_horn/mixed_sound_601.wav,Vehicle Horn,3.0,44100,2,529244,9f71cd979a4f55a0be12031e48e39d389d41fdd43d6bc5cea55fa60959e64f8a,AUD-EE020425259B52C4,,,,,original,
AUD-61CCD4E0130F53EF,mixed_sound_601_1.wav,data/raw/vehicle_horn/mixed_sound_601_1.wav,Vehicle Horn,3.0,44100,2,529244,0bdda9b13b06cd893d35cf6db312b14b2dbba13b396a51c196943e2c0d83408f,AUD-7C7805D7D89A5F63,,,,,original,
AUD-5DD7F165643E5ED2,mixed_sound_602.wav,data/raw/vehicle_horn/mixed_sound_602.wav,Vehicle Horn,3.0,44100,2,529244,951c2a515c6f71e5b50dddd01c55a915a1337ee37b21395e28b4eb052957efae,AUD-96B8718F878B5B5E,,,,,original,
AUD-7358CE57E4B15487,mixed_sound_602_1.wav,data/raw/vehicle_horn/mixed_sound_602_1.wav,Vehicle Horn,3.0,44100,2,529244,b8a4e90a9e55cb6aeb71328444f8442535df062520e10f0a016d36cdacbefab8,AUD-E09ABEEA4564540E,,,,,original,
AUD-1993321AC5155CDE,mixed_sound_603.wav,data/raw/vehicle_horn/mixed_sound_603.wav,Vehicle Horn,3.0,44100,2,529244,44f7afc74d5021c45d2d8c9b1ab7a6a9fc08f1b9a1a751abbff332c44264fb8a,AUD-A093A56592015FC1,,,,,original,
AUD-8196FA92DD365083,mixed_sound_603_1.wav,data/raw/vehicle_horn/mixed_sound_603_1.wav,Vehicle Horn,3.0,44100,2,529244,3d111b9f69499ae3c52cb41ff72e73777384b1ca8aa8fc662aedcc77eddea696,AUD-078BA5B679A75E51,,,,,original,
AUD-F64F0E60E20D530B,mixed_sound_604.wav,data/raw/vehicle_horn/mixed_sound_604.wav,Vehicle Horn,3.0,44100,2,529244,624423f4948777e73c8525dbac2ad30ec7a60f204ec1f46880dd0935c0195c03,AUD-A06D8DDF6D4C563C,,,,,original,
AUD-C87FC9AD9E0450FE,mixed_sound_604_1.wav,data/raw/vehicle_horn/mixed_sound_604_1.wav,Vehicle Horn,3.0,44100,2,529244,8035210d368aceccbf5b289cd65cf6a96677fdc9d50fb583019a9c425fe15c34,AUD-F1A4AA46338C51DB,,,,,original,
AUD-C385DA8707E756FC,mixed_sound_605.wav,data/raw/vehicle_horn/mixed_sound_605.wav,Vehicle Horn,3.0,44100,2,529244,6d6f0e9ae3f7d21151c7cdde713f643e800109accac444651aff73d2bb6d1928,AUD-A9124F7DF49A525B,,,,,original,
AUD-F0F60051E4F958C6,mixed_sound_605_1.wav,data/raw/vehicle_horn/mixed_sound_605_1.wav,Vehicle Horn,3.0,44100,2,529244,43e8d6fa0a2f36410fa5267da1eccd8b71da3ae28819c6003e2cb8c4bf8fc16c,AUD-52D59CDBB11D5C5F,,,,,original,
AUD-91DC18B14FE15A85,mixed_sound_606.wav,data/raw/vehicle_horn/mixed_sound_606.wav,Vehicle Horn,3.0,44100,2,529244,9efe7c4d9a7cd13c33790d739e9ae7c868767bab8c86c37707f0f1a4d123524f,AUD-E90DC062FAC05501,,,,,original,
AUD-DC482AB57A8A58F8,mixed_sound_606_1.wav,data/raw/vehicle_horn/mixed_sound_606_1.wav,Vehicle Horn,3.0,44100,2,529244,6d8fedee29126fc05a6e0d82d1ac7bfb13c015961d5f80254afb79f120a10fce,AUD-B21970A36D635253,,,,,original,
AUD-F598EB2DB4F4547D,mixed_sound_607.wav,data/raw/vehicle_horn/mixed_sound_607.wav,Vehicle Horn,3.0,44100,2,529244,f4b09401bedf067a15b4d1683ff5cdbacf4546514266a6a785bc6f65357cc64f,AUD-1D4707983D77578E,,,,,original,
AUD-AAC992B821CB5ED6,mixed_sound_607_1.wav,data/raw/vehicle_horn/mixed_sound_607_1.wav,Vehicle Horn,3.0,44100,2,529244,6ddcfc89021642f3ec6d158a2a605e7d43d23a65d974f02bd383cb6fa353519b,AUD-6E683B7E44355899,,,,,original,
AUD-2C3129D6B3605421,mixed_sound_608.wav,data/raw/vehicle_horn/mixed_sound_608.wav,Vehicle Horn,3.0,44100,2,529244,7cae1d5252da632c235d5d39f93e3b76501ea6b4bcc5527721bb1fd1e3cb28dd,AUD-AF68CE78DCA759BA,,,,,original,
AUD-2B254BFAB7245762,mixed_sound_6_1.wav,data/raw/vehicle_horn/mixed_sound_6_1.wav,Vehicle Horn,3.0,44100,2,529244,8d4059fa58ae8c545d818c6498aea572d55923c94846267aa41227886956cdbc,AUD-4773C11FF42956A4,,,,,original,
AUD-4B8927BD20D351DE,mixed_sound_7.wav,data/raw/vehicle_horn/mixed_sound_7.wav,Vehicle Horn,3.0,44100,2,529244,1f305fbdcbedbf2f315aadd6abca34ff4aa695c36a72a79f0e4d29727686d7a9,AUD-F46B9997FA115CC1,,,,,original,
AUD-3D3BBCBE402C53EC,mixed_sound_7_1.wav,data/raw/vehicle_horn/mixed_sound_7_1.wav,Vehicle Horn,3.0,44100,2,529244,5edd145c364d940b54719aa7c16946f8a4a204db40bb943e44cea1e630bcaceb,AUD-F0C7C33F96D153CA,,,,,original,
AUD-F01CF3A61F585C52,mixed_sound_8.wav,data/raw/vehicle_horn/mixed_sound_8.wav,Vehicle Horn,3.0,44100,2,529244,752a5665263ff755eccfdb70e4eb4cecb921b63fd80ff004141a56197196a6cd,AUD-BCDCFB8B78B3519E,,,,,original,
AUD-2F0548A068665AE2,ncprime-video-fx-1-294143.mp3,data/raw/vehicle_horn/ncprime-video-fx-1-294143.mp3,Vehicle Horn,2.5628,44100,2,81920,47c175492a45786d15506a109aef7a2065ade9bc3c18bcaad719ba06ee8ec843,,,,,,original,
AUD-618E2762C3F85D24,ncprime-video-fx-2-294145.mp3,data/raw/vehicle_horn/ncprime-video-fx-2-294145.mp3,Vehicle Horn,12.4218,44100,2,397061,859b500cf6560d265b1a0ac28c9a64131ac393d9fd3c6b32f24174740a3b00a1,,,,,,original,
AUD-60772CDC10685AAB,ncprime-video-fx-3-294148.mp3,data/raw/vehicle_horn/ncprime-video-fx-3-294148.mp3,Vehicle Horn,11.2973,44100,2,361116,a2d462d6a62058e21b1ab54ed72b4f23131be7c87f874cc56e00754374a6bf77,,,,,,original,
AUD-D62AC0098E09537C,ncprime-video-fx-6-294146.mp3,data/raw/vehicle_horn/ncprime-video-fx-6-294146.mp3,Vehicle Horn,8.1068,44100,2,259134,f6c1dfbad636a0bb2c7bd15c485d267652fbbba4d7f33b3fe7f9593fb3aefc87,,,,,,original,
AUD-9B79903A0A4753B4,ncprime-video-fx-7-294147.mp3,data/raw/vehicle_horn/ncprime-video-fx-7-294147.mp3,Vehicle Horn,13.8078,44100,2,441364,b1b30e8d13835aec5279303d3910fb766bc13c56826775f29707bcc46ad0e13e,,,,,,original,
AUD-453E36F5DEB151CC,patolenin-sound-of-a-tractor-and-heavy-machinery-collecting-sand-from-the-river-386243.mp3,data/raw/vehicle_horn/patolenin-sound-of-a-tractor-and-heavy-machinery-collecting-sand-from-the-river-386243.mp3,Vehicle Horn,82.968,48000,2,2654976,7db7cdfa81651c0466c13431dbab79c27571f9d9e2de05999490673e04126536,AUD-30A2171BA4D75EAC,,,,,original,
AUD-BB623AB013505327,solarmusic-fog-horn-sound-112770.mp3,data/raw/vehicle_horn/solarmusic-fog-horn-sound-112770.mp3,Vehicle Horn,6.93,44100,2,221518,3ab51f6d9be51437fcf2b8cd1ea4d56c312a9edbcd98a25576eb2cd1b4d96848,,,,,,original,
AUD-B1DD7F9E43725C0B,soumages-car-horn-338827.mp3,data/raw/vehicle_horn/soumages-car-horn-338827.mp3,Vehicle Horn,14.0955,44100,2,450560,d0371f0ede5eac147b4fb828c1c14f05a88bd6ed21abdb75ebb425f3b1a519e2,,,,,,original,
AUD-A7F41D001EA65670,soumages-truck-horn-429330.mp3,data/raw/vehicle_horn/soumages-truck-horn-429330.mp3,Vehicle Horn,8.04,48000,2,257280,b7207f035d80159fbd5291fd555a986e75ef7d249d69a4016c884dff8ef41e37,,,,,,original,
AUD-E772E6AFC3035645,soundmarker33-war-horn-and-drums-512545.mp3,data/raw/vehicle_horn/soundmarker33-war-horn-and-drums-512545.mp3,Vehicle Horn,18.1751,44100,2,580963,58b1082cd3380557ba5aa3884970c94991b5d655d95863db64dab6ebfbc703de,,,,,,original,
AUD-AA7FDD53895351D4,soundreality-air-horn-186076.mp3,data/raw/vehicle_horn/soundreality-air-horn-186076.mp3,Vehicle Horn,8.04,48000,2,257280,a59a2172e827d0aa45fbf5beb1c137a963ad404e43137a5d47d9eed79d3d5d60,,,,,,original,
AUD-CF19991F1A6B5A5F,soundreality-truck-horn-152541.mp3,data/raw/vehicle_horn/soundreality-truck-horn-152541.mp3,Vehicle Horn,8.04,48000,2,257280,696d3382a73a5ca4206da5d4e47c64d79508d78aa8babf7fcd45212cda63a74d,,,,,,original,
AUD-898A6EEE4DC15E68,storegraphic-busy-traffic-city-310317.mp3,data/raw/vehicle_horn/storegraphic-busy-traffic-city-310317.mp3,Vehicle Horn,22.0977,44100,2,706351,d8f7806836f31f3658d8e9295ab16349c4a0fffb986ed8840c897553403e3f8c,,,,,,original,
AUD-9B0295488ED9568A,storegraphic-car-horns-309642.mp3,data/raw/vehicle_horn/storegraphic-car-horns-309642.mp3,Vehicle Horn,22.0977,44100,2,706351,3e9f95542455b5019a39fa5397d1005c319055dfbe86c1bb3f8f5ecf1606910c,,,,,,original,
AUD-9AC2A5B1A01A52CE,storegraphic-traffic-in-city-309643.mp3,data/raw/vehicle_horn/storegraphic-traffic-in-city-309643.mp3,Vehicle Horn,22.0977,44100,2,706351,d8f7806836f31f3658d8e9295ab16349c4a0fffb986ed8840c897553403e3f8c,AUD-898A6EEE4DC15E68,,,,,original,
AUD-F3852981A05E5DAA,storegraphic-traffic-sound-310315.mp3,data/raw/vehicle_horn/storegraphic-traffic-sound-310315.mp3,Vehicle Horn,22.0977,44100,2,706351,ecf096e59d03132b20bb177d9f5f29371f6152695fed7f28af91b7023bc3aa93,,,,,,original,
AUD-CEFF6A93FDB35689,submority-traimory-mega-horn-angry-siren-f-cinematic-trailer-sound-effects-193408.mp3,data/raw/vehicle_horn/submority-traimory-mega-horn-angry-siren-f-cinematic-trailer-sound-effects-193408.mp3,Vehicle Horn,13.104,48000,2,419328,9a36c190fbebb44672df1c99f4c27ca3612c4ba773b1a5c99e22ccae1031d0ff,AUD-E8AA67CCB8565025,,,,,original,
AUD-0DAC1EF71356570B,tanweraman-bad-silencer-bike-passing-in-traffic-296819.mp3,data/raw/vehicle_horn/tanweraman-bad-silencer-bike-passing-in-traffic-296819.mp3,Vehicle Horn,16.008,48000,2,512256,8db7834db8567f587b3cdeaff733edd48a01cb5cdbaff250f2443c2b5c2f26c9,,,,,,original,
AUD-DD0DBE49DBF85CC5,tanweraman-one-minute-highway-sound-296823.mp3,data/raw/vehicle_horn/tanweraman-one-minute-highway-sound-296823.mp3,Vehicle Horn,62.16,48000,2,1989120,41abb70f0926352b646a8f73a668cfda299c5387b22f8615e31c1951fcb4b605,,,,,,original,
AUD-3B85ED8F9329530F,tanweraman-train-horn-337875.mp3,data/raw/vehicle_horn/tanweraman-train-horn-337875.mp3,Vehicle Horn,30.3354,44100,2,969665,c67fce199588dfca093ead82c9a184deb483f52edb8213b999796db2dff5611d,,,,,,original,
AUD-4B417F88410A562A,timvenu1-timvenu-bus-horn-426900.mp3,data/raw/vehicle_horn/timvenu1-timvenu-bus-horn-426900.mp3,Vehicle Horn,1.9352,44100,1,61858,d4a2e5fb532f2bc3360f6b27363de524b4997e3ea034bb3079c71a5f9c7fe425,,,,,,original,
AUD-B81330A805BF5A6F,trading_nation-low-horn-185556.mp3,data/raw/vehicle_horn/trading_nation-low-horn-185556.mp3,Vehicle Horn,10.728,48000,2,343296,720e85109efce45c7741207c34f5aca3c1b99cec9dd1a18571b156f2ccca62a4,,,,,,original,
AUD-FB77B49D2A5C5DC0,u_c0ee1mc2q3-loud-train-horn-274373 (1).mp3,data/raw/vehicle_horn/u_c0ee1mc2q3-loud-train-horn-274373 (1).mp3,Vehicle Horn,20.472,24000,2,409440,49cdf73107dc600cce622d8b40ad27b69e86762c7c25374d56079d8e6f207b49,,,,,,original,
AUD-FEA10B980D275E17,u_c0ee1mc2q3-loud-train-horn-274373.mp3,data/raw/vehicle_horn/u_c0ee1mc2q3-loud-train-horn-274373.mp3,Vehicle Horn,20.472,24000,2,409440,49cdf73107dc600cce622d8b40ad27b69e86762c7c25374d56079d8e6f207b49,AUD-FB77B49D2A5C5DC0,,,,,original,
AUD-5714BB16E799542E,universfield-automobile-horn-02-352065.mp3,data/raw/vehicle_horn/universfield-automobile-horn-02-352065.mp3,Vehicle Horn,1.248,48000,2,39936,5b4c1432080b10c1aad29722dcdcb89805e96400cbc9e2f28209a96a529dc440,,,,,,original,
AUD-9B4A1ED275E35A4C,universfield-birthday-party-horn-250238.mp3,data/raw/vehicle_horn/universfield-birthday-party-horn-250238.mp3,Vehicle Horn,1.224,48000,2,39168,cc045b813eec44da2a00f37e3c847caa283421198685583b5c436640db61c8ed,,,,,,original,
AUD-BDCAE67AF5775FA7,universfield-car-horn-02-153260.mp3,data/raw/vehicle_horn/universfield-car-horn-02-153260.mp3,Vehicle Horn,1.8567,44100,2,59350,3511f244d40cb59dc2d37ce539ae7302eea33323aff81c3f2cd677effd574b74,,,,,,original,
AUD-50F0E05D59D953D8,universfield-car-horn-153261.mp3,data/raw/vehicle_horn/universfield-car-horn-153261.mp3,Vehicle Horn,3.6088,44100,2,115356,59a1a8ea2c6addd31b8d58edcb8e708a2d82da00cec881617e547249452aa967,,,,,,original,
AUD-1592E58E1B0E563D,universfield-vintage-car-horn-153262.mp3,data/raw/vehicle_horn/universfield-vintage-car-horn-153262.mp3,Vehicle Horn,1.4383,44100,2,45975,a8818f6a8a67ca6acc45d45ce1f2d322872a710e100c3a3bef769933412f6cf7,,,,,,original,
AUD-73CA79FC8CA45525,universfield-vintage-car-horn-153264.mp3,data/raw/vehicle_horn/universfield-vintage-car-horn-153264.mp3,Vehicle Horn,2.5628,44100,2,81920,fbee5c74d80441591138e4bfafcf54accb1ca4b0f690edc7cb590bd7578c4eb6,,,,,,original,
AUD-F76F6EEF941A5FB7,vahid82443-ambient-sound-8807.mp3,data/raw/vehicle_horn/vahid82443-ambient-sound-8807.mp3,Vehicle Horn,88.896,48000,2,2844672,641c78c59770153f5a817e3759a73f39c95cf0dabadfc80478954a7281088634,,,,,,original,
AUD-B9DA1E575A325A24,virtual_vibes-running-train-464677 (1).mp3,data/raw/vehicle_horn/virtual_vibes-running-train-464677 (1).mp3,Vehicle Horn,8.04,48000,2,257280,22fcd743a2c67ac93593e2b39db146eb5d652d6dc06d95a7380940c048b0d608,,,,,,original,
AUD-CDEAAA8D112B50A8,virtual_vibes-running-train-464677.mp3,data/raw/vehicle_horn/virtual_vibes-running-train-464677.mp3,Vehicle Horn,8.04,48000,2,257280,22fcd743a2c67ac93593e2b39db146eb5d652d6dc06d95a7380940c048b0d608,AUD-B9DA1E575A325A24,,,,,original,
AUD-D6B01B88A4D4571E,virtual_vibes-train-ambience-464680.mp3,data/raw/vehicle_horn/virtual_vibes-train-ambience-464680.mp3,Vehicle Horn,8.04,48000,2,257280,07851f4d20758f61d41d472fa98ffaf7d6b58d83b5fc3543bd0371d67944aa88,,,,,,original,
AUD-AE6F60997F9A5D75,virtual_vibes-train-arrival-464679.mp3,data/raw/vehicle_horn/virtual_vibes-train-arrival-464679.mp3,Vehicle Horn,8.04,48000,2,257280,79ebd12587d31eba6cd31bb22af718bf77fb76487f206b72a7422a25c125411a,,,,,,original,
AUD-920D6E9B3C225BA1,virtual_vibes-train-passing-464678.mp3,data/raw/vehicle_horn/virtual_vibes-train-passing-464678.mp3,Vehicle Horn,8.04,48000,2,257280,b282b2f8e8d24e599889c6aa837736e711927d76686e793305b5ee54e58419d1,,,,,,original,
AUD-43848887541657BA,Bear_1.wav,data/raw/animal_sound/Bear_1.wav,Animal Sound,1.8397,8000,1,14762,3a1fbb02f2e964e64743ad5d9bc89c5a99cc131650f91d650166cea3cbea4795,,,,,,original,
AUD-E669126BEEDE5D62,Bear_10.wav,data/raw/animal_sound/Bear_10.wav,Animal Sound,1.5787,11025,2,34888,147911ded3c850c862ef69a291bd7b5b5d418b2059b5b7a01f874c3ec79fd9f2,,,,,,original,
AUD-3264BD4804505299,Bear_11.wav,data/raw/animal_sound/Bear_11.wav,Animal Sound,1.216,11025,2,26890,3ca9457173f84176ee1de13eeb1bcba73f67ac5fb16518d0bf20f46f5113100d,,,,,,original,
AUD-2D5D32C76FE75835,Bear_12.wav,data/raw/animal_sound/Bear_12.wav,Animal Sound,4.4333,11025,2,97832,13a3d3d16b4b2dc10d8e93649c4258081762e382351f3fa30313e4f7ce643c9d,,,,,,original,
AUD-41A7748501A5592E,Bear_13.wav,data/raw/animal_sound/Bear_13.wav,Animal Sound,1.5574,11025,2,34418,32b944982cf6ba8f08cbeb2cd5ba2beb3d126cc6a9596a480f2ecef304e0c2fb,,,,,,original,
AUD-E0CF72A09BCD5044,Bear_14.wav,data/raw/animal_sound/Bear_14.wav,Animal Sound,1.8133,11025,2,40062,acbc9b95ae91bfde6ec4b12d3e677816601c4b0c9e3f50d3a7c101ce7cb1b8b6,,,,,,original,
AUD-9959CE95B723542A,Bear_15.wav,data/raw/animal_sound/Bear_15.wav,Animal Sound,1.792,11025,2,39592,f7ed3caf85faafad993d9d3c6a9d2a39e8f1f976c3addea864928f27210b1520,,,,,,original,
AUD-35776C4C19B553F9,Bear_2.wav,data/raw/animal_sound/Bear_2.wav,Animal Sound,1.7707,11025,2,39122,8b84ca58ec834a1fcf4234aa0629d18321676e7eba9bc819ce16ca923e4a9fcc,,,,,,original,
AUD-4BE57D4F447B5A9B,Bear_3.wav,data/raw/animal_sound/Bear_3.wav,Animal Sound,2.368,11025,2,52292,7e6ab12ac22a2aff3a0f87d6dbc5497a0ed06245e05a2ffac266816a6991c5dc,,,,,,original,
AUD-9D673E8032625962,Bear_4.wav,data/raw/animal_sound/Bear_4.wav,Animal Sound,2.6026,11025,2,57466,fc19bdd267679601d74bf280159ca4aab48ae1a9e87af2ceb27a402d8ed32240,,,,,,original,
AUD-1CFC62092F745331,Bear_5.wav,data/raw/animal_sound/Bear_5.wav,Animal Sound,2.2187,11025,2,49000,193cc33640048892199c203e95bf6b14a5335baac8a47d68b2bf8f00d75b9105,,,,,,original,
AUD-F1CAEC6A18C35011,Bear_6.wav,data/raw/animal_sound/Bear_6.wav,Animal Sound,2.0267,11025,2,44766,5e60564c5c1824f54583f5ece6d6bcfe2f56e6b5335d2c488f953f250aff455c,,,,,,original,
AUD-B60542D10BD256CF,Bear_7.wav,data/raw/animal_sound/Bear_7.wav,Animal Sound,2.176,11025,2,48058,3ec8ec3e7307b7399636c50fef7e2db405fea572ec168225ff8ac27faaee6bcb,,,,,,original,
AUD-B00C904E45E35AC3,Bear_8.wav,data/raw/animal_sound/Bear_8.wav,Animal Sound,1.7067,11025,2,37710,f91e34771dc5205c9828905370772b169afd2789b9981bb310f3034dd273e1eb,,,,,,original,
AUD-7AACC14A538654A8,Bear_9.wav,data/raw/animal_sound/Bear_9.wav,Animal Sound,2.56,11025,2,56526,f15045c3e14dd79ea9ec883bdea7211e8ece4fc7960e557eb13c63cab5ca3652,,,,,,original,
AUD-1372EB4FD86E581D,Cat_1.wav,data/raw/animal_sound/Cat_1.wav,Animal Sound,1.272,16000,1,40748,eee05269beb0f591ec06cc5bb66dd133ac2a3afc2673a30a8afb5edd1a1b05dd,,,,,,original,
AUD-9DFC881F669D5E50,Cat_10.wav,data/raw/animal_sound/Cat_10.wav,Animal Sound,2.0943,16000,1,67062,87dbd1182185f5c0a79f80057c76380aefe84d81ba14a5863c904262f9aa9a35,,,,,,original,
AUD-75988AF3CC6659A2,Cat_11.wav,data/raw/animal_sound/Cat_11.wav,Animal Sound,1.56,16000,1,49964,38f995d42114607b655e7f00f35aaeede82c4e72213b0ca7479cfe1d110e7315,,,,,,original,
AUD-58DD547BBFBE564B,Cat_12.wav,data/raw/animal_sound/Cat_12.wav,Animal Sound,1.9114,16000,1,61210,c2ba8026cb947096d482c7e4c61094d9cc651cc8f754f73266ad78168e39ab8b,,,,,,original,
AUD-96791BFE3B3D55E4,Cat_13.wav,data/raw/animal_sound/Cat_13.wav,Animal Sound,3.14,8000,1,25164,408e2c13508f89caf07189dac4e34c86f6f7789a65bed655390351a5943a49d0,,,,,,original,
AUD-D0429B62A3F05A13,Cat_14.wav,data/raw/animal_sound/Cat_14.wav,Animal Sound,1.6421,11025,1,18148,d0c5f29e1bb479c675c0b128f5fb216b0fd149cfc7f2acd824d705df3c39e2f8,,,,,,original,
AUD-5759EE41BA8F55A4,Cat_15.wav,data/raw/animal_sound/Cat_15.wav,Animal Sound,0.7895,22050,1,17454,b24de58edd8adaeccb8ccee9e3e50bafa3471bd178d061a17c75e50f6601fffd,,,,,,original,
AUD-6BCF89E328425202,Cat_16.wav,data/raw/animal_sound/Cat_16.wav,Animal Sound,1.6421,11025,1,18148,94cfef731eb266591060434436fa31fb1ec8de83577acf54bb420462b7bc9bcf,,,,,,original,
AUD-03E881D0A8345A70,Cat_17.wav,data/raw/animal_sound/Cat_17.wav,Animal Sound,0.7953,11025,1,8812,96253414262c3365d4dbd8e0c64f4c71eb0d0f233ff8b0ef4a16dd94ee29a334,,,,,,original,
AUD-9DB00C2B03815C2C,Cat_18.wav,data/raw/animal_sound/Cat_18.wav,Animal Sound,0.4984,11025,1,5539,cf66379f95fc4a33769325189e7763a20b6112716cab673e68d3e88dbf4db7a3,,,,,,original,
AUD-9ED1F8231FC75B9A,Cat_2.wav,data/raw/animal_sound/Cat_2.wav,Animal Sound,1.2017,16000,1,38498,9ebdd10ce6c2b0c9fe006621506a7c81ee383293eefdeddf8eaf27671000948c,,,,,,original,
AUD-244D5FAD325A5D9D,Cat_3.wav,data/raw/animal_sound/Cat_3.wav,Animal Sound,1.0384,16000,1,33272,23797addff47a89e0f39d4c8ca91ba263282c3be5282f7f01b651255bf07d85e,,,,,,original,
AUD-83F7559CF1425FDD,Cat_4.wav,data/raw/animal_sound/Cat_4.wav,Animal Sound,1.2417,16000,1,39778,799632adba490ef52ad46f2606785a8dc0badcfd1dbfe8ec4b757c073379e5d8,,,,,,original,
AUD-C5B0D6B7D7905DBF,Cat_5.wav,data/raw/animal_sound/Cat_5.wav,Animal Sound,0.9417,16000,1,30178,d607fa395814c14a8f9e6a55a1e6a8f9e4ff338a80190eba29f6c3b64dbcf122,,,,,,original,
AUD-2CCDB8CDD65B5ED8,Cat_6.wav,data/raw/animal_sound/Cat_6.wav,Animal Sound,0.9417,16000,1,30178,250eeaa50d0478c3aec0c4e9147acbdabbfe693b1049b9c8fee5099912639d65,,,,,,original,
AUD-6B07A3D22D7E557A,Cat_7.wav,data/raw/animal_sound/Cat_7.wav,Animal Sound,0.9417,16000,1,30178,175b979ca5e971519ce5552e3891b818662b8ee5154ff1c60b8b628068a19ac8,,,,,,original,
AUD-A9948ACC7DCC5244,Cat_8.wav,data/raw/animal_sound/Cat_8.wav,Animal Sound,2.108,16000,1,67500,291665dea8601ab971f7529b9974ecd1de2c7d76765410ea12825151b80651c8,,,,,,original,
AUD-9C64C5A3CE815439,Cat_9.wav,data/raw/animal_sound/Cat_9.wav,Animal Sound,1.944,16000,1,62252,9aa6d8031d7277689d1f8f42a9301a37fa95c6ad0bac4876de25edd7fb6dd968,,,,,,original,
AUD-77232185614B5976,Chicken_1.wav,data/raw/animal_sound/Chicken_1.wav,Animal Sound,1.1738,11025,1,12985,82d584599447ea356c5c200b8018ad37ad3befe0915a01ff6e4f4f27a742486d,,,,,,original,
AUD-CF65740347525F8B,Chicken_10.wav,data/raw/animal_sound/Chicken_10.wav,Animal Sound,0.6773,11025,1,7512,03b0445f08a9665c0712fff3b1c0d32a4f4916e49f6cf5a8ba0c3d43b9800946,,,,,,original,
AUD-1C8411AC77D55D62,Chicken_11.wav,data/raw/animal_sound/Chicken_11.wav,Animal Sound,2.1627,11127,1,24110,80b56f92c897d34a433a286e4767b4db662e897e2b43495b58addabaecf43c66,,,,,,original,
AUD-580AD6A9C5F156AE,Chicken_2.wav,data/raw/animal_sound/Chicken_2.wav,Animal Sound,0.3574,11025,1,3984,cba478ebf97e0962cabbf212b1320b71db5baa701321a2a170caa1b7055e2cc3,,,,,,original,
AUD-647EA381E1B2553D,Chicken_3.wav,data/raw/animal_sound/Chicken_3.wav,Animal Sound,0.9078,11025,1,10052,68be052d68f9b6902cdc0959593b88e5f83ed490fdced8d3f54e80da1b6ead70,,,,,,original,
AUD-956C16D7D93E5372,Chicken_4.wav,data/raw/animal_sound/Chicken_4.wav,Animal Sound,6.52,11025,2,143844,4747702e13254f03bec7076cbf66a1724d760753d820ba876326af80df61d70b,,,,,,original,
AUD-E1819B5D5BB55683,Chicken_5.wav,data/raw/animal_sound/Chicken_5.wav,Animal Sound,0.9078,11025,1,10052,68be052d68f9b6902cdc0959593b88e5f83ed490fdced8d3f54e80da1b6ead70,AUD-647EA381E1B2553D,,,,,original,
AUD-E4E89DC62385545B,Chicken_6.wav,data/raw/animal_sound/Chicken_6.wav,Animal Sound,1.8147,22050,1,40058,4ba49df45b95137a2375b9049140e0e49d78eb25c0246f3c725542d30eebd389,,,,,,original,
AUD-714CC8E25361579F,Chicken_7.wav,data/raw/animal_sound/Chicken_7.wav,Animal Sound,1.0913,22050,1,24108,413ec8b088588fa40a93620123d4cd3a5808d11899d251be21b535251fc4de3a,,,,,,original,
AUD-7F70C1C01B7B5C69,Chicken_8.wav,data/raw/animal_sound/Chicken_8.wav,Animal Sound,0.7683,22050,1,16984,bf381b9c23f2a8805bbadb54495e6038e03a0851ee7878aed1830dfccf5450c1,,,,,,original,
AUD-C9C8E8EADCC45D63,Chicken_9.wav,data/raw/animal_sound/Chicken_9.wav,Animal Sound,3.2386,22050,1,71562,d4356004dc727d2775f2867954856299c886b7fe60d8acad626e2e449e7da842,,,,,,original,
AUD-392BF81C0E8F562A,Cow_1.wav,data/raw/animal_sound/Cow_1.wav,Animal Sound,1.2568,11025,1,13982,6a1a0dca7626206345a7093ec7a75a2931fc175bf8905c47890e387d9b47e703,,,,,,original,
AUD-35CEDB8CB71D5A90,Cow_2.wav,data/raw/animal_sound/Cow_2.wav,Animal Sound,1.2829,22050,1,28332,33a7fa160e2af8f69df1fd4e51d95f7f2f58664ab8d3f02f806cfce2aa5879af,,,,,,original,
AUD-58EF8E140C995B5A,Cow_3.wav,data/raw/animal_sound/Cow_3.wav,Animal Sound,1.9622,11025,1,21678,a987b123f3bbd3310efdcd1eed19de08669d612550d43fe5295a8398dd6c4c0d,,,,,,original,
AUD-E82940ACB0355C7B,Cow_4.wav,data/raw/animal_sound/Cow_4.wav,Animal Sound,2.087,11025,1,23098,8ad1a65cb7ee8e0b70bd022033e9ca586d737a9cfc47430bdb64f51966156ea2,,,,,,original,
AUD-DD12FAD5839B5F11,Cow_5.wav,data/raw/animal_sound/Cow_5.wav,Animal Sound,2.0451,22050,1,45194,32178a2f5e7f9a6dabc505a332b56caac8420cc81fddcc2a549ede65ea7f3460,,,,,,original,
AUD-55BB1D0A89445252,Cow_6.wav,data/raw/animal_sound/Cow_6.wav,Animal Sound,2.2327,11025,1,24660,3d7980235a8a08fdfc53d1461ab0e17c51e93c9a883c71d3cb8f93cb236b72ef,,,,,,original,
AUD-6042A8F581195B00,Cow_7.wav,data/raw/animal_sound/Cow_7.wav,Animal Sound,2.0782,11025,1,22956,cd4b90c01f05bd98aac01f917b0060e932af1e0b620da2ebe346e51364314229,,,,,,original,
AUD-A8855C1447455694,Cow_8.wav,data/raw/animal_sound/Cow_8.wav,Animal Sound,1.5868,11025,2,70020,fff2deb470e19a9ec4c6c759e075d0e33eb0d4084d708a3fe9756c23b7691410,,,,,,original,
AUD-809516580FFD5BEF,Cow_9.wav,data/raw/animal_sound/Cow_9.wav,Animal Sound,4.6454,11025,1,51259,2d8c16827d1d4b6c99dce7904e4d5ba8517b3578d9c5ee4997b731a1559bcf45,,,,,,original,
AUD-7B9B17D6F74F58A2,Dog_1.wav,data/raw/animal_sound/Dog_1.wav,Animal Sound,2.4947,16000,1,79874,0f7887144e4c22f3657a984e5fc60cb605693dbc5c8fcb7a5e8ed8ebe0d91990,,,,,,original,
AUD-980B4118C0FE5C51,Dog_10.wav,data/raw/animal_sound/Dog_10.wav,Animal Sound,1.4729,11025,1,16382,9b07b95db9e6edffeb730659c8c79b4c85e2b3b7b0715a06ebff9b932bf3fbd4,,,,,,original,
AUD-34557716D3595156,Dog_11.wav,data/raw/animal_sound/Dog_11.wav,Animal Sound,1.1626,22050,1,25680,525939f9755cf1046ee0ac2b5babb0c2224e215d01369916dc46d1053cf4219a,,,,,,original,
AUD-8360B1CB15B959ED,Dog_12.wav,data/raw/animal_sound/Dog_12.wav,Animal Sound,1.8541,16000,1,59374,a774dae84cf81228390f29c6dd9a1d66cbe30c0d7f42fe01400d86c4945f3237,,,,,,original,
AUD-3B78B2680A4153E4,Dog_13.wav,data/raw/animal_sound/Dog_13.wav,Animal Sound,0.6032,11025,1,6694,f9939371c83d1d67090dac822c0c9adc701e8ea13a155835cd4b87fd721d4e99,,,,,,original,
AUD-03D86E7DCFED5015,Dog_14.wav,data/raw/animal_sound/Dog_14.wav,Animal Sound,0.6032,22050,1,13345,8345d1f347ebdb8ef67b112b52662f93bcf175574b8164fbce6c324c45c46cbc,,,,,,original,
AUD-97D5C9BE937C54CE,Dog_15.wav,data/raw/animal_sound/Dog_15.wav,Animal Sound,3.0468,22050,1,67302,54364b5582e475cfb176e1e9261c5143af01f5251a17741ac6fd8edaa9bcb05d,,,,,,original,
AUD-7023381C3BB1573A,Dog_16.wav,data/raw/animal_sound/Dog_16.wav,Animal Sound,2.4067,22050,1,53112,9978443e31e9842859bfbecf355f7aa25a780b226a9149f2ce47cb50842b6c69,,,,,,original,
AUD-5178F487F7185D7E,Dog_17.wav,data/raw/animal_sound/Dog_17.wav,Animal Sound,1.8153,22000,1,39980,c220c9e69462a8d056ee513cf67b76435e4f357abfa18c6825050f372531e7fc,,,,,,original,
AUD-EBC6F5FA0AEC5E1C,Dog_2.wav,data/raw/animal_sound/Dog_2.wav,Animal Sound,1.4151,11025,1,15728,49b4fa1dd4ca655d1b0831f6a7e98a5a05aceb103d2666a18a602ad735a2655f,,,,,,original,
AUD-2D16023265D05B81,Dog_3.wav,data/raw/animal_sound/Dog_3.wav,Animal Sound,0.9394,22050,1,20757,fe905790fa6415ca2038d26e8e322e35265812d0082dd91c0d3d5d346a770621,,,,,,original,
AUD-E5267BF0647150F4,Dog_4.wav,data/raw/animal_sound/Dog_4.wav,Animal Sound,0.6032,22050,1,13346,d23985870aae72b73338d12aeb6a1e98c1fbb9a996967ae7d452dacb430a8fde,,,,,,original,
AUD-2B222D4FF8BB5233,Dog_5.wav,data/raw/animal_sound/Dog_5.wav,Animal Sound,2.8515,11025,1,62964,29309722428fbc63d7287fbc59bdb3d79eaf5899403a2767aada6f1b675cf4c6,,,,,,original,
AUD-C64A73D765015AB9,Dog_6.wav,data/raw/animal_sound/Dog_6.wav,Animal Sound,1.5922,22050,1,35152,9a90562d207efe9d543098afe1fb0aa11d97c92efea2f3a1655225575b4163e2,,,,,,original,
AUD-73FB1A82AA555F33,Dog_7.wav,data/raw/animal_sound/Dog_7.wav,Animal Sound,1.2161,11025,1,26858,4f4ad01d595827f41786f421ab57d4553ed0fc46ca21da771b7a8ec478a7edc7,,,,,,original,
AUD-28CA8AB5A2765103,Dog_8.wav,data/raw/animal_sound/Dog_8.wav,Animal Sound,0.5375,11025,1,11896,d81e7207ad3e3f3a6fa00fe60b44e2b67eef271ee1c8808fcdcc644e17c7ec40,,,,,,original,
AUD-3D77FA6CD175528D,Dog_9.wav,data/raw/animal_sound/Dog_9.wav,Animal Sound,1.4729,11025,1,16366,1b1b50e4667684f5f1d30eb3727d32f87819a175cc91870355009b80a03cdca5,,,,,,original,
AUD-841AED8E886E5147,Dolphin_1.wav,data/raw/animal_sound/Dolphin_1.wav,Animal Sound,2.7831,11025,2,61504,ea20f838e214bbba0130230ba4e53fb2d7f3bc066f381ff97412d07dc2281ded,,,,,,original,
AUD-6E86D07B966354A5,Dolphin_10.wav,data/raw/animal_sound/Dolphin_10.wav,Animal Sound,2.6667,11025,2,58878,6a5c2c1424e71ef9692e65c013893114205d40f833f220e627305bed52f0fad1,,,,,,original,
AUD-0445F307397855A3,Dolphin_11.wav,data/raw/animal_sound/Dolphin_11.wav,Animal Sound,2.048,11025,2,45236,d477d9fd806bc9b495ed0381c003fd55ade66f6586042944aa69bb1196a00784,,,,,,original,
AUD-500685BE55885C19,Dolphin_12.wav,data/raw/animal_sound/Dolphin_12.wav,Animal Sound,1.7121,11025,2,37952,52b85efff6a011953dd356c6781bfb3d07312d1c0026a4deaa9d85082a33600a,,,,,,original,
AUD-72B1C43C79125470,Dolphin_13.wav,data/raw/animal_sound/Dolphin_13.wav,Animal Sound,1.5574,11025,2,34418,439d34c9e501e06294ccce7fc9f8920fbddaba664699bb89a2440a662a889221,,,,,,original,
AUD-091981D6F98E5F02,Dolphin_14.wav,data/raw/animal_sound/Dolphin_14.wav,Animal Sound,2.5387,11025,2,56056,70e4c8eb4d90761785bc9d07de3a3476f5ff7a7f255c3024f66f05a73cbd84c6,,,,,,original,
AUD-E572553B952A5ADA,Dolphin_15.wav,data/raw/animal_sound/Dolphin_15.wav,Animal Sound,1.664,11025,2,36770,5665c8c5cbce9012e1a68010c35ecafbed83196b6722b8b9cdd6073364e5e604,,,,,,original,
AUD-9A687B9B02665375,Dolphin_16.wav,data/raw/animal_sound/Dolphin_16.wav,Animal Sound,1.6213,11025,2,35828,8bba9f299cfe4c239eaef046adc560060e416c0f27b02768118c908c2044c2bf,,,,,,original,
AUD-DA8735F1026D5D3C,Dolphin_17.wav,data/raw/animal_sound/Dolphin_17.wav,Animal Sound,1.5787,11025,2,34888,1091821a52ff0e8f6ac78116d1a468b7b033cedbe070d5eb4dffb19e5cd0a46e,,,,,,original,
AUD-73E02B3064E3577D,Dolphin_18.wav,data/raw/animal_sound/Dolphin_18.wav,Animal Sound,1.3227,11025,2,29244,0b1dc94d08d1508a8c148338ae730ca8171f2d705f15832b3623357d30662812,,,,,,original,
AUD-90CC9C49CE2D5334,Dolphin_19.wav,data/raw/animal_sound/Dolphin_19.wav,Animal Sound,1.6427,11025,2,36300,043196212bc0b8dca74f721b5029aeece934e86a8c268503880221ee5e31ffbf,,,,,,original,
AUD-7D7ECD5518205F12,Dolphin_2.wav,data/raw/animal_sound/Dolphin_2.wav,Animal Sound,1.1946,11025,2,26420,7e198749e60175f8dbe7f700205a43337f775df0086b4ab962701541d7ef8d3f,,,,,,original,
AUD-4E329C22045C5C75,Dolphin_20.wav,data/raw/animal_sound/Dolphin_20.wav,Animal Sound,1.3584,11025,2,30030,986f9b3a9167cf14d5e7a0bfb0fc89a08ea341f356be55eb5f2650d93281df0f,,,,,,original,
AUD-C77B96DDB7475866,Dolphin_21.wav,data/raw/animal_sound/Dolphin_21.wav,Animal Sound,3.1361,11025,2,69228,35fe1c4d04698b75d0a42e311754d54d9d6213a02864e4eeb9837f49da6cc470,,,,,,original,
AUD-E1B4681800615901,Dolphin_22.wav,data/raw/animal_sound/Dolphin_22.wav,Animal Sound,1.1436,11025,2,25294,19b8635568d863215d05bbbe51862c92a3a6dcb28c73f395ee2ca80b9599abd8,,,,,,original,
AUD-289AE65A1243562E,Dolphin_23.wav,data/raw/animal_sound/Dolphin_23.wav,Animal Sound,1.428,11025,2,31652,dd7978f83fd57dd6c25ed569968be27380683d7e318daceb18d8054743c58e4a,,,,,,original,
AUD-B804732B852F5A8D,Dolphin_24.wav,data/raw/animal_sound/Dolphin_24.wav,Animal Sound,2.6129,11025,2,57692,34c7a7b1fab2fc9f5463701300cbc05a57d3fcbdd45fd675d4869b17916a963e,,,,,,original,
AUD-5ABC95A1A1565B17,Dolphin_25.wav,data/raw/animal_sound/Dolphin_25.wav,Animal Sound,1.8853,11025,2,41648,0015aad0da8129019efac0c3e4904b89c6420bce007cd252a4c278d67511d68d,,,,,,original,
AUD-333A3D88F1615B25,Dolphin_26.wav,data/raw/animal_sound/Dolphin_26.wav,Animal Sound,1.0027,11025,2,22188,d62b49c5cbeb749882e131aab0efb326b13d2550b849c20a2ec6195b921fccbe,,,,,,original,
AUD-CCD93CAEE03A5494,Dolphin_27.wav,data/raw/animal_sound/Dolphin_27.wav,Animal Sound,1.6427,11025,2,36300,e63ef61517e725d97a6512daa169fec2789f5ca53d3ec01ed1b7798dda878b1e,,,,,,original,
AUD-D29A6C82F8B05E02,Dolphin_28.wav,data/raw/animal_sound/Dolphin_28.wav,Animal Sound,2.1333,11025,2,47118,3b8bf1bb0de958da3284bd88f5dbf89cff7a6843a911b103d5669fd1e6e1fba1,,,,,,original,
AUD-B1A82B084F645ED9,Dolphin_29.wav,data/raw/animal_sound/Dolphin_29.wav,Animal Sound,1.6427,11025,2,36300,d57c6616330a23c07d00496f30fef50f671b0f41770654d50389c2cde4e91b02,,,,,,original,
AUD-9DEFB2FE96B257C3,Dolphin_3.wav,data/raw/animal_sound/Dolphin_3.wav,Animal Sound,1.3654,11025,2,30184,9e62343f746bbf206621df5187dd17331d344bc5222c570001be471f2065b0a5,,,,,,original,
AUD-75BEFE89EAA65498,Dolphin_30.wav,data/raw/animal_sound/Dolphin_30.wav,Animal Sound,1.0027,11025,2,22188,19e909491d3895f3df0592e1341a95495fc594171cad0c95fe9bf23a974673e7,,,,,,original,
AUD-FD36DBE87DF85C33,Dolphin_31.wav,data/raw/animal_sound/Dolphin_31.wav,Animal Sound,1.4294,11025,2,31596,3b8649d646973bda72e9c9d4c128ee3b00c115ca9107793ecbd78189f8482f60,,,,,,original,
AUD-D6C73D977AA05917,Dolphin_32.wav,data/raw/animal_sound/Dolphin_32.wav,Animal Sound,1.1946,11025,2,26420,07d0ae66bccb6fae9da90dce43bf9c632f2e8b68c5b85662b17d5787f8e4a100,,,,,,original,
AUD-1A7F0B3676155C07,Dolphin_33.wav,data/raw/animal_sound/Dolphin_33.wav,Animal Sound,1.3867,11025,2,30654,93b5c588bb7ac50140d848cd25ba085b99fb77b13893a4f66a4aea07e766e9fb,,,,,,original,
AUD-039775091D495088,Dolphin_4.wav,data/raw/animal_sound/Dolphin_4.wav,Animal Sound,1.5146,11025,2,33476,5fb22c8ef973d31f439ea8494247cd91afe8aadcbfc0b26de50c885eca751ac0,,,,,,original,
AUD-CFF3DCE678D65D19,Dolphin_5.wav,data/raw/animal_sound/Dolphin_5.wav,Animal Sound,1.472,11025,2,32536,646ac855ecb89e9c3e557e4cd9f6aeffdda374f307efb11a5c32e4a19815ccc6,,,,,,original,
AUD-9FE3703460215F9C,Dolphin_6.wav,data/raw/animal_sound/Dolphin_6.wav,Animal Sound,1.8346,11025,2,40532,85a29373c407e9c6a742417be4c0b3800f9165242b862b667dfd226c7df8fe12,,,,,,original,
AUD-46B6F5CC58295C81,Dolphin_7.wav,data/raw/animal_sound/Dolphin_7.wav,Animal Sound,1.3013,11025,2,28772,fa9acc9a262b753c81d3621165782ea5b700dc866373c00a00cd3e8a5b6ff420,,,,,,original,
AUD-EFF4411847435207,Dolphin_8.wav,data/raw/animal_sound/Dolphin_8.wav,Animal Sound,1.5146,11025,2,33476,27f74cfa7ef4427625665d64c7c47a09ccad0b02cf4c46a9c3250fa6fe1da1c6,,,,,,original,
AUD-2077CF6F1C4A5038,Dolphin_9.wav,data/raw/animal_sound/Dolphin_9.wav,Animal Sound,1.7707,11025,2,39122,4d796ff6c2192e5c318757aa0849863142b32cb738c68d5a2c4e8483970552c5,,,,,,original,
AUD-6C2F824B9FD7570B,Donkey_1.wav,data/raw/animal_sound/Donkey_1.wav,Animal Sound,10.4229,11025,2,229904,9196236070a7bafde4fae0afa90338052052f3895ebd44f0b461b75f09d7a3a4,,,,,,original,
AUD-1C7321931C755885,Donkey_10.wav,data/raw/animal_sound/Donkey_10.wav,Animal Sound,6.0734,11025,2,133996,5bf25b7462bba4480311e1c26114cb03390bb16db466a1e330e70d39ef7f72a7,,,,,,original,
AUD-FA1EDED05EEF5FA5,Donkey_11.wav,data/raw/animal_sound/Donkey_11.wav,Animal Sound,3.2033,11025,1,35360,479f6afdf295ecf4ece95c612b96265c01e8faaf55bba7419516fe9b10572fdc,,,,,,original,
AUD-D60C1721138959C4,Donkey_12.wav,data/raw/animal_sound/Donkey_12.wav,Animal Sound,5.1839,11025,2,114384,81e85c5f3ecbf3c42145953f09298455600afae8c5535783f38d16a5d7a5b7e7,,,,,,original,
AUD-ED1FC2D535AA56CF,Donkey_13.wav,data/raw/animal_sound/Donkey_13.wav,Animal Sound,1.6268,11025,1,20110,aa052cc3ee0ce9a2491777c2ea95b8e49338b2da1a2db730ee3cc82582e2d34a,,,,,,original,
AUD-EF8B80DCCA5F57AC,Donkey_14.wav,data/raw/animal_sound/Donkey_14.wav,Animal Sound,1.6268,11025,1,20110,aa052cc3ee0ce9a2491777c2ea95b8e49338b2da1a2db730ee3cc82582e2d34a,AUD-ED1FC2D535AA56CF,,,,,original,
AUD-51CDAFE1A130567F,Donkey_15.wav,data/raw/animal_sound/Donkey_15.wav,Animal Sound,2.3651,11025,1,26120,ca8f95af5e87b7812f9e5c405a74b68986462d4d9b76d2dd236bba9e76e00d43,,,,,,original,
AUD-ED0C6AE8388557EC,Donkey_16.wav,data/raw/animal_sound/Donkey_16.wav,Animal Sound,6.4,11025,2,141198,7ec2e8896f214b329bff2618658c13875b3a05fbbdcbee7bca0116a5f1a53bc1,,,,,,original,
AUD-6D7F3757884E5166,Donkey_17.wav,data/raw/animal_sound/Donkey_17.wav,Animal Sound,2.3651,11025,1,26120,ca8f95af5e87b7812f9e5c405a74b68986462d4d9b76d2dd236bba9e76e00d43,AUD-51CDAFE1A130567F,,,,,original,
AUD-C57547E2F7CB5C9A,Donkey_18.wav,data/raw/animal_sound/Donkey_18.wav,Animal Sound,1.3385,8000,1,10752,78028cb73ea1c212bf65a3e1fad7b6da318e247de1c379b3aa702b38039212aa,,,,,,original,
AUD-5BCC3BC072455515,Donkey_19.wav,data/raw/animal_sound/Donkey_19.wav,Animal Sound,2.6122,11025,2,57678,20dbeb2a7c50844be0d1f813985c3dd7d76a2b6c05be9c5c8aeedfd3beeeeeea,,,,,,original,
AUD-61C97A3B22355AA6,Donkey_2.wav,data/raw/animal_sound/Donkey_2.wav,Animal Sound,2.6122,11025,2,57678,20dbeb2a7c50844be0d1f813985c3dd7d76a2b6c05be9c5c8aeedfd3beeeeeea,AUD-5BCC3BC072455515,,,,,original,
AUD-7087B445476B5A2F,Donkey_20.wav,data/raw/animal_sound/Donkey_20.wav,Animal Sound,2.3652,11025,1,52196,8c545955d7df7fc52716006aabb90d12a062a9dd275921fa4e4f9643d55c71f8,,,,,,original,
AUD-2A653F3F3D095D76,Donkey_21.wav,data/raw/animal_sound/Donkey_21.wav,Animal Sound,14.6268,11025,2,322598,04adfa90679755f1eae27cf36e9fcbec900f1711303ae12238e81e373915bc16,,,,,,original,
AUD-6DFA90D32C285270,Donkey_22.wav,data/raw/animal_sound/Donkey_22.wav,Animal Sound,1.6268,11025,1,20110,aa052cc3ee0ce9a2491777c2ea95b8e49338b2da1a2db730ee3cc82582e2d34a,AUD-ED1FC2D535AA56CF,,,,,original,
AUD-6658D4A914C15F1B,Donkey_23.wav,data/raw/animal_sound/Donkey_23.wav,Animal Sound,2.3653,8000,1,18966,767089e93a5d53ad008ca357614f666e672a986d4d0c844171653bad4166bf2a,,,,,,original,
AUD-95132A636CB4530A,Donkey_24.wav,data/raw/animal_sound/Donkey_24.wav,Animal Sound,0.7604,11025,1,16886,e9c70507186d71fe6485b008a218d1706735950c331a619faaa0bc3b82416f27,,,,,,original,
AUD-D3F7C0405D3D5F3C,Donkey_25.wav,data/raw/animal_sound/Donkey_25.wav,Animal Sound,1.3388,8000,1,21478,a8ece0738263250cd48cb7ccfb6a5fea8c918647caff75c3fa4d6e5ad7baa12e,,,,,,original,
AUD-B4DEDEFDCF765582,Donkey_26.wav,data/raw/animal_sound/Donkey_26.wav,Animal Sound,2.705,11127,1,30145,853fa7204eba016218e8367234ea582fcd2eee39d23f55caf95412688c22d53e,,,,,,original,
AUD-1DF225932D54514F,Donkey_27.wav,data/raw/animal_sound/Donkey_27.wav,Animal Sound,2.3653,8000,1,18966,767089e93a5d53ad008ca357614f666e672a986d4d0c844171653bad4166bf2a,AUD-6658D4A914C15F1B,,,,,original,
AUD-0174D0021D8B5896,Donkey_28.wav,data/raw/animal_sound/Donkey_28.wav,Animal Sound,12.591,11025,2,277710,c34d55875fbe92a13bbe6cae6d0b33d56371eee184fdfd581dcffd962f0535fb,,,,,,original,
AUD-1240E10B921F5D5E,Donkey_29.wav,data/raw/animal_sound/Donkey_29.wav,Animal Sound,2.2988,11025,2,50766,58adeb7ee4bb1098ce4a717b2b7b7e9bcdcf535ab639fb20c1e766bbc022792c,,,,,,original,
AUD-CF4D803B2B17568D,Donkey_3.wav,data/raw/animal_sound/Donkey_3.wav,Animal Sound,1.365,22050,1,30144,b67e93be8e59d08e9985b9d6efed196d5bd697d53fe354b2ccebfd5804a33c25,,,,,,original,
AUD-D2D5DB6A202353E6,Donkey_4.wav,data/raw/animal_sound/Donkey_4.wav,Animal Sound,2.6454,11025,2,58408,593f017e2ef0f7216a82e09820568c283d97ca3a8342a64689f603aa56d5da44,,,,,,original,
AUD-0ACFE3D074905709,Donkey_5.wav,data/raw/animal_sound/Donkey_5.wav,Animal Sound,2.2561,11025,2,49824,29629a13cae615946ebdcfa45dce684d5782b1431be39a2c61ba0f2b41ccbac5,,,,,,original,
AUD-78583BC8173C5529,Donkey_6.wav,data/raw/animal_sound/Donkey_6.wav,Animal Sound,2.6122,11025,2,57678,3608fc03c64de2a399618eb804530a4c9d1c39997999759371d8ebfb1d28f9ad,,,,,,original,
AUD-3E813EE15E3E5FC0,Donkey_7.wav,data/raw/animal_sound/Donkey_7.wav,Animal Sound,2.6122,8000,1,20956,da533a2d6ed07dd6f279009ddbba189c6bc6d2a011182c7c48aa715084f813f7,,,,,,original,
AUD-E373CBC448FB504B,Donkey_8.wav,data/raw/animal_sound/Donkey_8.wav,Animal Sound,1.0465,11025,2,23154,8eb88685ed3c44dd69b227f3e42fd3a6bc588c6a29deb04170c87dc7a7c9af87,,,,,,original,
AUD-51CD864CF3795574,Donkey_9.wav,data/raw/animal_sound/Donkey_9.wav,Animal Sound,2.705,11127,1,30145,853fa7204eba016218e8367234ea582fcd2eee39d23f55caf95412688c22d53e,AUD-B4DEDEFDCF765582,,,,,original,
AUD-7DA140F2E80C5C2A,Elephant_1.wav,data/raw/animal_sound/Elephant_1.wav,Animal Sound,3.1089,11025,1,34320,56df3c3ede4032f19a0dafb56269bced908fb124b88e0ede24900d20f30ec62d,,,,,,original,
AUD-FB442E1A818D5AA0,Elephant_10.wav,data/raw/animal_sound/Elephant_10.wav,Animal Sound,3.1347,11025,2,69198,cac4ba78c281727f235fcd6b1347f777d8fc3511554005b6c5e0421d4a601cac,,,,,,original,
AUD-FBF7B836FCF35AB0,Elephant_11.wav,data/raw/animal_sound/Elephant_11.wav,Animal Sound,0.9898,22050,1,21870,63f99a799317f72ef166cf2c4896e2ab095367a727208be407c8279cfef7a092,,,,,,original,
AUD-1188DA0A9FE35B0D,Elephant_12.wav,data/raw/animal_sound/Elephant_12.wav,Animal Sound,2.4033,11025,1,53050,ca0ba22b6245c3dcf34ce445e9b9620f4bb52b1bb1d03bacd03bcafa2ede530b,,,,,,original,
AUD-06A680C6CEB95009,Elephant_13.wav,data/raw/animal_sound/Elephant_13.wav,Animal Sound,3.1347,11025,2,69198,cac4ba78c281727f235fcd6b1347f777d8fc3511554005b6c5e0421d4a601cac,AUD-FB442E1A818D5AA0,,,,,original,
AUD-849C6C6E88FE525A,Elephant_14.wav,data/raw/animal_sound/Elephant_14.wav,Animal Sound,1.9034,22050,1,42014,9597f770c7bac043b198961f2ea75a126458cd94ffeaaf09c525205bd3a5e221,,,,,,original,
AUD-AAAC3F65EE405EA6,Elephant_15.wav,data/raw/animal_sound/Elephant_15.wav,Animal Sound,2.2059,22050,1,48684,b941581b172ec56158f89a9874dc105f58dc7b3f5c90450acb199d934343d91b,,,,,,original,
AUD-B991B0C148FE58F8,Elephant_16.wav,data/raw/animal_sound/Elephant_16.wav,Animal Sound,0.9898,22050,1,21868,a8785892e14a541dbab66bb6a7f988ca0fabd1d26ed74bca4f62122ddd2b45e0,,,,,,original,
AUD-53D1FC4FFA4E5848,Elephant_17.wav,data/raw/animal_sound/Elephant_17.wav,Animal Sound,4.0107,22050,2,353822,ce892fe595685cf14de55af218c42d41445b410500ec04ced0670cde230cda29,,,,,,original,
AUD-C5FB5982C304504E,Elephant_18.wav,data/raw/animal_sound/Elephant_18.wav,Animal Sound,4.544,22050,2,400862,b9bdf64d198ed9acb745b7e0f39f834ca22d4d1d4ae6565e6accbe4926e05b6e,,,,,,original,
AUD-838545B5A76D5012,Elephant_19.wav,data/raw/animal_sound/Elephant_19.wav,Animal Sound,3.6054,11025,2,79576,e30dbfc95e0b396ac91bc7fef469e4535a9f7e64d6882d0f35f26b9ef03dda8f,,,,,,original,
AUD-43749D9832D5563C,Elephant_2.wav,data/raw/animal_sound/Elephant_2.wav,Animal Sound,2.1254,44100,1,187508,cf9af34fea0147fdafec3a8b2c2d935fdc89f15d01547e11d9d454f79899a6e3,,,,,,original,
AUD-5B0722D9FE735BA7,Elephant_20.wav,data/raw/animal_sound/Elephant_20.wav,Animal Sound,3.2427,11025,2,71580,57f458795015984fb70579f1880dc3e8bc8ac04f9b7027e8eede34725ca1df7b,,,,,,original,
AUD-F7766F7E5BEA5104,Elephant_21.wav,data/raw/animal_sound/Elephant_21.wav,Animal Sound,0.9143,16000,1,14708,6824bf921c332cb14f224f1c6f6c96b88ad15c37a6e81ab5eaceeb353cc18806,,,,,,original,
AUD-C5DD45F444BA59F8,Elephant_22.wav,data/raw/animal_sound/Elephant_22.wav,Animal Sound,2.752,28800,2,317110,d24c23da8c4534364be9be3386ab6e13c4572995bac0980d59dc196c1a809f39,,,,,,original,
AUD-89B3A9F83C465254,Elephant_23.wav,data/raw/animal_sound/Elephant_23.wav,Animal Sound,2.5163,11025,1,27786,ae8a9a49ed2a7bcba7af7c117aba43dc87664d8874720fcc505d82f3f94b53e5,,,,,,original,
AUD-A24A18282F2D53DE,Elephant_24.wav,data/raw/animal_sound/Elephant_24.wav,Animal Sound,7.232,11025,2,159544,e8964b2932a27f6fb3e05e86f45332735fd141ffc92d285088fc835bfe4395fe,,,,,,original,
AUD-48EF78AE22075831,Elephant_25.wav,data/raw/animal_sound/Elephant_25.wav,Animal Sound,4.16,28800,2,479310,e0b91f8c31fb6f3925c0dda3f11975dc45be47c5963d6bf3a5ffb1d7b3370292,,,,,,original,
AUD-3C4A1F975A5651A1,Elephant_26.wav,data/raw/animal_sound/Elephant_26.wav,Animal Sound,4.0533,28800,2,467022,b01e29cd1a6d3eb117242a8951a2f6a8dea736341dd550c97eb3d4dcb26114d1,,,,,,original,
AUD-606FDB9C69635FA2,Elephant_27.wav,data/raw/animal_sound/Elephant_27.wav,Animal Sound,4.992,28800,2,575158,c036dd7ad8d7b30276cc3489b4852938f938f663a03f1e37b742260a5ea6ec2c,,,,,,original,
AUD-FF378D813814545D,Elephant_28.wav,data/raw/animal_sound/Elephant_28.wav,Animal Sound,2.4033,11025,2,53070,b8c4779577754ca61820c0202c2ada631d2cf572a8d34d43796e87e19e4753fd,,,,,,original,
AUD-2193C8F8A18152E6,Elephant_29.wav,data/raw/animal_sound/Elephant_29.wav,Animal Sound,5.504,28800,2,634138,b9fc0c817f3f9b69f3c76b07269b5f867365faa566b69f7c89fcae2679af9c43,,,,,,original,
AUD-0E0F14362F68594C,Elephant_3.wav,data/raw/animal_sound/Elephant_3.wav,Animal Sound,2.7797,16000,1,44554,ecb1e3fc76a78e0c958ffca9e7a9507a942aab8595e6dea785dd2e0ecdf0dee8,,,,,,original,
AUD-FF323FC280495D1F,Elephant_30.wav,data/raw/animal_sound/Elephant_30.wav,Animal Sound,2.8587,28800,2,329398,3bf19d20a2bd3080886ba90c368849549efc0de4875d9708628671115a0b01d7,,,,,,original,
AUD-D8CD8CE927AE55AA,Elephant_4.wav,data/raw/animal_sound/Elephant_4.wav,Animal Sound,2.7167,11025,2,59982,0c98a337384525a09ca2f4aa7ee32c3bc5b7fb3de9c6fdc486f4105111016b76,,,,,,original,
AUD-12CCA8BC11A55D58,Elephant_5.wav,data/raw/animal_sound/Elephant_5.wav,Animal Sound,3.1349,16000,1,50238,c9f5a701ec6657f83722038fe8cbf144e06f8454051ffde1ba8c28c41070a717,,,,,,original,
AUD-0D6968ABCE785AF8,Elephant_6.wav,data/raw/animal_sound/Elephant_6.wav,Animal Sound,0.9778,44100,1,86284,f128ac034ad54b8904876ab11f88a96361a3717646e8a1e7da5670d0dc5f0a49,,,,,,original,
AUD-5AC86383F9A45B59,Elephant_7.wav,data/raw/animal_sound/Elephant_7.wav,Animal Sound,3.1347,11025,2,69198,cac4ba78c281727f235fcd6b1347f777d8fc3511554005b6c5e0421d4a601cac,AUD-FB442E1A818D5AA0,,,,,original,
AUD-F991A8132F06520C,Elephant_8.wav,data/raw/animal_sound/Elephant_8.wav,Animal Sound,1.28,16000,1,20558,76cdc05d23f4d5d7ee495e4533e40e5d746cccf53f37a0e9f61b963075af1cb1,,,,,,original,
AUD-8C88FFD735415EC9,Elephant_9.wav,data/raw/animal_sound/Elephant_9.wav,Animal Sound,3.9,10989,1,85760,d28420204297d19a2f76fb0652196981cfb70dfe70ee50b8a65807726664acdd,,,,,,original,
AUD-2BE2D6631BBF5870,Frog_1.wav,data/raw/animal_sound/Frog_1.wav,Animal Sound,0.439,11025,1,4884,eb0da53406a59dd8421eab5c6e0d279d2bfa83342d22ece7efec0f8180c2e118,,,,,,original,
AUD-F88F13E0393C5C19,Frog_10.wav,data/raw/animal_sound/Frog_10.wav,Animal Sound,1.6952,44100,1,149562,4e8aa875e3da0c8c0d5e4118844e46cc10b572e5ade77d1c79a70946b4be9a06,,,,,,original,
AUD-76771C2343B85545,Frog_2.wav,data/raw/animal_sound/Frog_2.wav,Animal Sound,2.4998,11025,1,27616,b953e258cee09744e9a2d56418cb76b07a9507620b5685699b62a751847578a0,,,,,,original,
AUD-D4635447105E5D86,Frog_3.wav,data/raw/animal_sound/Frog_3.wav,Animal Sound,3.5294,11025,1,78054,fb21c4dd6b13de4c5d8f3c6654e3eb131f74f76d60477062e2a57ba45e89be79,,,,,,original,
AUD-394014D7E37F53BA,Frog_4.wav,data/raw/animal_sound/Frog_4.wav,Animal Sound,7.1621,44100,2,1264560,eda402c7fd55d4a7cd8e591eba3e6eeb12784b509e80140d2c559caf268a92cd,,,,,,original,
AUD-121572EF2DE45C71,Frog_40.wav,data/raw/animal_sound/Frog_40.wav,Animal Sound,4.288,48000,2,823374,938eba54c7cbe93970ae34f417c3a72f3be0517ef562fb31df3e8ae3c95980f9,,,,,,original,
AUD-196CC3B00B265A74,Frog_41.wav,data/raw/animal_sound/Frog_41.wav,Animal Sound,0.7082,11127,1,7924,5094296125fd64cb9c419618936bbbb05aaf5fe0d523fd27e3b2a66f83076c70,,,,,,original,
AUD-5EB5EA9E47145ED5,Frog_42.wav,data/raw/animal_sound/Frog_42.wav,Animal Sound,3.4133,48000,2,655438,398bda90250b1022a981a81e197e32c1777318398e6679c61f580bedcae26778,,,,,,original,
AUD-BC96D6DC83155438,Frog_43.wav,data/raw/animal_sound/Frog_43.wav,Animal Sound,5.0987,48000,2,979022,8d09c4e5a52f890abe455b90d284c07c27f09c6686a03613716a08a90a3a3b17,,,,,,original,
AUD-18FBB01B60E350AB,Frog_44.wav,data/raw/animal_sound/Frog_44.wav,Animal Sound,2.4533,48000,2,471118,f741a53b7f0d49ccc018cdd68aa58d40fcb90a5957846481e26d7cf539714e3a,,,,,,original,
AUD-5BEED1522F115FE5,Frog_45.wav,data/raw/animal_sound/Frog_45.wav,Animal Sound,6.2446,11025,1,68892,0a5aa32833d214b0d3fb7bdd46e61daf530f681a6f4cdf2fc7844be803655ec0,,,,,,original,
AUD-8F70FA3684175BF9,Frog_46.wav,data/raw/animal_sound/Frog_46.wav,Animal Sound,3.8187,48000,2,733262,1c1d3a6621e933a7133835cfc7bafb89e11094538815da1c9c652614d4896599,,,,,,original,
AUD-5F2A46D528375D4C,Frog_47.wav,data/raw/animal_sound/Frog_47.wav,Animal Sound,1.3584,11025,2,30030,142a4d5da746add60b80cbbee81a33f6f0623b5028b402b7e0527c9d41a80191,,,,,,original,
AUD-D6AD9C078FE356BB,Frog_48.wav,data/raw/animal_sound/Frog_48.wav,Animal Sound,0.3498,11025,1,3900,bf7b1688038afdd92619dcaba6f5403d10f747f814b9e3ba53f250d673bb0c68,,,,,,original,
AUD-BCA416E0970A5E07,Frog_49.wav,data/raw/animal_sound/Frog_49.wav,Animal Sound,0.439,11025,1,4884,eb0da53406a59dd8421eab5c6e0d279d2bfa83342d22ece7efec0f8180c2e118,AUD-2BE2D6631BBF5870,,,,,original,
AUD-124DE035266D55AB,Frog_5.wav,data/raw/animal_sound/Frog_5.wav,Animal Sound,4.8517,22050,1,214084,cfdba2188944bfbfe854b649e501e2761657a9ed17dba8ecaf4ae8f15e53db5f,,,,,,original,
AUD-B248A79B9B725C6D,Frog_50.wav,data/raw/animal_sound/Frog_50.wav,Animal Sound,3.6986,44100,1,326262,29c580857cfcaead8d1f61eff43b1e4eb007aab9ce2d6df6e4e50a1ffb0c7745,,,,,,original,
AUD-A57CF6285B505390,Frog_6.wav,data/raw/animal_sound/Frog_6.wav,Animal Sound,0.4034,22050,1,8940,34f84660c886dbfc0e06e3511f1b8ee41d6924a733f7ed1157b4b4d162885011,,,,,,original,
AUD-76BBCD39B0135F13,Frog_7.wav,data/raw/animal_sound/Frog_7.wav,Animal Sound,0.4243,22050,1,9400,e88ab09705b51a0a4c3e8cebdc791f36a1f9a6e8b8606e95b42b614c7353acd0,,,,,,original,
AUD-95D14DA3827C564B,Frog_8.wav,data/raw/animal_sound/Frog_8.wav,Animal Sound,0.2218,22050,1,4936,d57d6bc7f805afaf0dab4e2c12211033ba916c18e78f0671be56fd18cf07e046,,,,,,original,
AUD-035C5AD526865813,Frog_9.wav,data/raw/animal_sound/Frog_9.wav,Animal Sound,0.3715,44100,2,65580,f1693888afbde96ee77eaad36c8f456874e1cb5efe563111984ac8a1682f0eed,,,,,,original,
AUD-A219F06DA7C8538C,Horse_1.wav,data/raw/animal_sound/Horse_1.wav,Animal Sound,1.6114,16000,2,51882,9b4b9cab44e2a1bf57474f20bb982a37bf22fec014732efc91d83fc4ec464a46,,,,,,original,
AUD-28C1318004755861,Horse_10.wav,data/raw/animal_sound/Horse_10.wav,Animal Sound,1.0026,11025,2,22186,4fdb6782d88c781e4d3cc2bb6b9d383cf128a12c0d3af7e37c9659791b37d674,,,,,,original,
AUD-8AD6EA2EF0905BB3,Horse_11.wav,data/raw/animal_sound/Horse_11.wav,Animal Sound,1.088,11025,2,24068,0ad30b941367ead8c345e42427e5314f3c8330593be70971d1a9279de9ccd197,,,,,,original,
AUD-608E40984AFC502A,Horse_12.wav,data/raw/animal_sound/Horse_12.wav,Animal Sound,1.2093,16000,2,38776,8dfda7d1ae2584b1311c8a321eb83d7c9dacb179813f0a2afcfd35680dd83b9d,,,,,,original,
AUD-C5168EFE2C95503B,Horse_13.wav,data/raw/animal_sound/Horse_13.wav,Animal Sound,1.0026,11025,2,22186,14e0928d1ce58bc0519d69a2401ddf96f44f1517b2e00e34dae9ce1738d609d0,,,,,,original,
AUD-FCB8D3696F4C5A98,Horse_14.wav,data/raw/animal_sound/Horse_14.wav,Animal Sound,1.0026,11025,2,22186,b95f2b5aab11a21b088dc96b90ba66b029c7d3e6373709021d2344cf6d73600b,,,,,,original,
AUD-ADC3C43A6CFE507C,Horse_15.wav,data/raw/animal_sound/Horse_15.wav,Animal Sound,1.0026,11025,2,22186,58e54127285031c0b988e5e2cd47b29288f339d8852a1fd22982a94cc386a2b0,,,,,,original,
AUD-6EF33A01CC9D50C1,Horse_16.wav,data/raw/animal_sound/Horse_16.wav,Animal Sound,0.687,48000,1,100048,ed632d01358bfca5fa4844d524f3f990769392107a98d211756dd12ec4600cf5,,,,,,original,
AUD-FCE1506AC00B57AE,Horse_17.wav,data/raw/animal_sound/Horse_17.wav,Animal Sound,1.0026,11025,2,22186,08daa12f3e5ed9d67d23b5bd79d48ce164c7e9fbf4392c8fc32bcc4aaa7d296d,,,,,,original,
AUD-779BF92A39B95E3E,Horse_18.wav,data/raw/animal_sound/Horse_18.wav,Animal Sound,1.0026,11025,2,22186,86a1a47c1157edffb90dee7b8c7845a073779f91074a9428901fff61fc807a02,,,,,,original,
AUD-E1179E8C7C975B7F,Horse_19.wav,data/raw/animal_sound/Horse_19.wav,Animal Sound,1.984,11025,2,43826,84143068681b5c462de2de51cfcc74d95f4d98736c29269338f12cdc9197ab73,,,,,,original,
AUD-18753DAE4B8E5FE9,Horse_2.wav,data/raw/animal_sound/Horse_2.wav,Animal Sound,1.8774,11025,2,41474,65117e101cc37662e1bdf53a0d377ed3d91559d5f6c70d9ff2f0f9f6ff055ed3,,,,,,original,
AUD-B933A4ECC835589D,Horse_20.wav,data/raw/animal_sound/Horse_20.wav,Animal Sound,2.7733,11025,2,61230,0e604adc4e39949448456cf4f18b56d20bc2fe53e9a072ca10a1d155de7d7d06,,,,,,original,
AUD-28D8EE3F95BF59DF,Horse_21.wav,data/raw/animal_sound/Horse_21.wav,Animal Sound,2.9521,16000,2,94544,f99f223d562452e2c8db6c2edd4400ffaed4c052e68899737c1688fe7c8088b9,,,,,,original,
AUD-2FA489798CCF54AB,Horse_22.wav,data/raw/animal_sound/Horse_22.wav,Animal Sound,2.5813,11025,2,56996,f78e8940b59c9248d2c72266ade721b7339ee571581d124987e8268222badfd8,,,,,,original,
AUD-8E22D581058C524A,Horse_23.wav,data/raw/animal_sound/Horse_23.wav,Animal Sound,2.048,16000,2,65614,0dec279ed29a46ef35df53f2469ed8ba9ff350220a91110869af4df6f6b8adfe,,,,,,original,
AUD-EA04CEDCFC7F51AE,Horse_24.wav,data/raw/animal_sound/Horse_24.wav,Animal Sound,1.7707,11025,2,39122,0e18c149428c49bffaa147ceb2c6d6f82fba5fcc1ce24048c3ca1939d4303615,,,,,,original,
AUD-FCA40EC98B54504C,Horse_25.wav,data/raw/animal_sound/Horse_25.wav,Animal Sound,2.6454,11025,2,58408,f19413362fb62a455d86df69da7660520c12e0c2a10b556b63d8011c44daecda,,,,,,original,
AUD-37A261F258CC5221,Horse_26.wav,data/raw/animal_sound/Horse_26.wav,Animal Sound,1.5151,16000,2,48562,ddfd75d7f8c9a8b61ae9032a1f6388bda92129d2ce995d6bc76990628694a049,,,,,,original,
AUD-50A76BCD791E5492,Horse_27.wav,data/raw/animal_sound/Horse_27.wav,Animal Sound,1.4773,16000,2,47352,a69d354d4dcac2fb45e73af832bc4fdfe4a3e3af2aca6bc8f171e99e872651cf,,,,,,original,
AUD-B8281D7F290F5287,Horse_28.wav,data/raw/animal_sound/Horse_28.wav,Animal Sound,3.84,11025,2,84750,dc791d4ef9b8302bc4226d2f2af7418b67ab1a14f3e964dc7430412e591a108d,,,,,,original,
AUD-70D3A4CE66B55E9D,Horse_29.wav,data/raw/animal_sound/Horse_29.wav,Animal Sound,1.3867,16000,2,44452,3a3d1e6c9b2078a08dbf24f75824788c78f07137aaeadaded03af713400e2356,,,,,,original,
AUD-9D701C5F536956F7,Horse_3.wav,data/raw/animal_sound/Horse_3.wav,Animal Sound,1.8346,11025,2,40532,3dfa4db1f7ddb3d82ebb6b47f3e9db02561a11f16d7f0e54c380b46159dc291a,,,,,,original,
AUD-CD60634D49795CE9,Horse_30.wav,data/raw/animal_sound/Horse_30.wav,Animal Sound,2.5173,16000,2,80632,8af7c68901a10e7d2c72258fd9f407d0ec6f7160db208651bfcd824b67eeef85,,,,,,original,
AUD-E18F284271345D53,Horse_31.wav,data/raw/animal_sound/Horse_31.wav,Animal Sound,2.481,16000,2,79470,a3fc386a607a167f40dff9af242306cd0ca96b4c9f5608bd06953b5e193da442,,,,,,original,
AUD-69407313DE68528F,Horse_32.wav,data/raw/animal_sound/Horse_32.wav,Animal Sound,2.994,16000,2,95886,8ec66b95d04d91247d6e207d2718c05ac6467fb04b53a7f4c58617210f82ca6c,,,,,,original,
AUD-4F54D46B324053B2,Horse_33.wav,data/raw/animal_sound/Horse_33.wav,Animal Sound,1.024,48000,2,196686,8eea1874701c2ca1de4bc69f9b063dda4c2805e6de1fdf6dabf3720916708d02,,,,,,original,
AUD-ADDDB1DA4B275343,Horse_34.wav,data/raw/animal_sound/Horse_34.wav,Animal Sound,0.7895,44100,2,140334,c022373bfd0fd02a155312c4484a17cbe79fbe4c63eb87409b82c561969c5c2a,,,,,,original,
AUD-17A739230CD95CDB,Horse_35.wav,data/raw/animal_sound/Horse_35.wav,Animal Sound,1.776,16000,2,56910,6536c777a3c85d82b6acc321ab5e9e0824ccbcd5910e971e4e81ed22e883e5ea,,,,,,original,
AUD-786265A480645F5E,Horse_4.wav,data/raw/animal_sound/Horse_4.wav,Animal Sound,1.5728,16000,1,25482,6b32f72851c0248ef39167de59360e67ddcd7d56fdf2c22da9bff2a90226698e,,,,,,original,
AUD-30C5ECDAC1635D1B,Horse_5.wav,data/raw/animal_sound/Horse_5.wav,Animal Sound,1.536,11025,2,33946,27954e9cb5e4b365777e2ebfffbe083058e7357eb02f9d34aa5f7ed27ad1bb90,,,,,,original,
AUD-A220950F2E015A5C,Horse_6.wav,data/raw/animal_sound/Horse_6.wav,Animal Sound,1.7707,11025,2,39122,d3fa2cd63fadd0bf26baa1b47c0204e95ec95a564737102adb52482ac38a274f,,,,,,original,
AUD-D5AE55F8DD705B18,Horse_7.wav,data/raw/animal_sound/Horse_7.wav,Animal Sound,1.024,11025,2,22658,8ee2062f45c5d85f937f45ef56615f2a7144c417ee8a40d370d889762b090ff6,,,,,,original,
AUD-E6BEB19BCBF15B39,Horse_8.wav,data/raw/animal_sound/Horse_8.wav,Animal Sound,0.4995,44100,2,89178,8a1a71dfca6d146544d03f22a3366bf6c9caddfa7582453ac235419789141c37,,,,,,original,
AUD-AD2CD06C79E157AE,Horse_9.wav,data/raw/animal_sound/Horse_9.wav,Animal Sound,1.152,11025,2,25480,b95d33a4cd1fff105583203f9327ad4ee79fad7bbf797ea69d7a25dc3a95a7ba,,,,,,original,
AUD-74A0976B91575267,Lion_1.wav,data/raw/animal_sound/Lion_1.wav,Animal Sound,4.5032,22050,2,397228,f726b1f7b27a27ff48d2a550d542e7fe0b52c7d835184b41c44d111e05b0d578,,,,,,original,
AUD-A5A71787F0C057EB,Lion_10.wav,data/raw/animal_sound/Lion_10.wav,Animal Sound,6.8902,11025,2,303900,5a083644662bf3e878c192c7c2367717be5626badf3b845cbf5cd861e2c8cafd,,,,,,original,
AUD-BD0B275B749C502F,Lion_11.wav,data/raw/animal_sound/Lion_11.wav,Animal Sound,1.4429,22000,1,31788,8d3da0a883f6f02fdf2f8eaa5d5d097ca9c2101622e540b5a54a0620e5220584,,,,,,original,
AUD-FD7728E0D9D85FDB,Lion_12.wav,data/raw/animal_sound/Lion_12.wav,Animal Sound,7.901,11025,1,174260,19a6cbe51165bdb5539f8ce9be6ae1f7503fe35369e5879ccaf861614b0af731,,,,,,original,
AUD-49598EF44BD95460,Lion_13.wav,data/raw/animal_sound/Lion_13.wav,Animal Sound,8.5235,11025,1,94016,6e2c98c77c8d8d7bcb75c2a94af0f1f846779c0a9d1ca067d9250b41becedbd2,,,,,,original,
AUD-21C5B57DBCAB59C5,Lion_14.wav,data/raw/animal_sound/Lion_14.wav,Animal Sound,0.9848,11025,1,10902,d774eca5e67e472b756b1486bf179514863cb48d16251222a61c92129a501687,,,,,,original,
AUD-B077DC5BFAAC56AA,Lion_2.wav,data/raw/animal_sound/Lion_2.wav,Animal Sound,4.3979,11025,1,97018,a067d0b43f81cb24112a7eddde1a84f9be878ebb2f1d6a68f1758238fe48f842,,,,,,original,
AUD-0E2AA46AB06451CC,Lion_3.wav,data/raw/animal_sound/Lion_3.wav,Animal Sound,3.0769,44100,2,542812,c6003c5b0436f03048ba4a47b4422b755bcde712955028da2081a06cc09af6a2,,,,,,original,
AUD-D4B04952F038510E,Lion_4.wav,data/raw/animal_sound/Lion_4.wav,Animal Sound,1.17,11025,2,51640,66ced1afc3de731ad4e721bb4017d34987a2c76303b8e58ac2a9bda04d1b1881,,,,,,original,
AUD-8D7709E6D4A75836,Lion_42.wav,data/raw/animal_sound/Lion_42.wav,Animal Sound,5.2166,11025,1,115070,2c09b01c85700865d8d581064e0bacdaf7d11cc8ecbcb713d8aa4ecbddc0a46f,,,,,,original,
AUD-73B0843B69025D4C,Lion_43.wav,data/raw/animal_sound/Lion_43.wav,Animal Sound,2.4104,22050,1,53194,5ba9bff88bc8bfa67b3e6575e7bff7fad6344fe0ed23fa0ec713e1e6cc9c8744,,,,,,original,
AUD-DF33E64F607C545A,Lion_44.wav,data/raw/animal_sound/Lion_44.wav,Animal Sound,4.8972,11025,1,108028,f9b56d23e68f7a11c01158955075688d7e07b96ea80c2d4e276d7511b03595e6,,,,,,original,
AUD-BFF39C399AEE5A76,Lion_45.wav,data/raw/animal_sound/Lion_45.wav,Animal Sound,7.3862,11025,2,325776,99c43f6bc656484e58161e56ead481230e4812f2f0636b029454dea8e55bab22,,,,,,original,
AUD-ECB55A36CD0D541B,Lion_46.wav,data/raw/animal_sound/Lion_46.wav,Animal Sound,13.8625,11025,1,305712,713ed357c483f9849c69fdc226f79a0d4c41b8d2d259c528e1b339cacd64ddf5,,,,,,original,
AUD-9CF797BB5500528B,Lion_47.wav,data/raw/animal_sound/Lion_47.wav,Animal Sound,8.0428,11025,2,354732,44043c422d999fbfcc168c5d992a665aa7e9793ac6c3bb4e2adecc3696246f81,,,,,,original,
AUD-35BEA7DD76795401,Lion_48.wav,data/raw/animal_sound/Lion_48.wav,Animal Sound,4.8972,11025,1,108028,f9b56d23e68f7a11c01158955075688d7e07b96ea80c2d4e276d7511b03595e6,AUD-DF33E64F607C545A,,,,,original,
AUD-AB2ECF977B675023,Lion_49.wav,data/raw/animal_sound/Lion_49.wav,Animal Sound,13.8625,11025,1,305712,713ed357c483f9849c69fdc226f79a0d4c41b8d2d259c528e1b339cacd64ddf5,AUD-ECB55A36CD0D541B,,,,,original,
AUD-D735803BE2F65C3B,Lion_5.wav,data/raw/animal_sound/Lion_5.wav,Animal Sound,1.6511,11025,1,20266,8d7cec7106615a340ac577df3a4f1ceb55c761df01dd3d3a4d445b2ef30f79bf,,,,,,original,
AUD-D8CDA81360135CD6,Lion_50.wav,data/raw/animal_sound/Lion_50.wav,Animal Sound,5.2166,11025,1,115070,2c09b01c85700865d8d581064e0bacdaf7d11cc8ecbcb713d8aa4ecbddc0a46f,AUD-8D7709E6D4A75836,,,,,original,
AUD-05E540147003523C,Lion_6.wav,data/raw/animal_sound/Lion_6.wav,Animal Sound,7.128,11025,2,157250,9b316845163f204bcb2bd958d36552f9a3e1789c97c99afe09b385e36b6b08bd,,,,,,original,
AUD-F64C0C339A205484,Lion_7.wav,data/raw/animal_sound/Lion_7.wav,Animal Sound,3.8959,11025,1,85948,348cf59fb54ab6ea67383a9be420e3be38c204bce8251678ffe0982aad95787c,,,,,,original,
AUD-9FA0344F864B58FB,Lion_8.wav,data/raw/animal_sound/Lion_8.wav,Animal Sound,2.6816,22050,1,118304,c1e55d283cd601ee953b52b618a8d578ebc9a2c5f6a1d7882c1bfcdb918cdf7a,,,,,,original,
AUD-200D0DAB44075B6E,Lion_9.wav,data/raw/animal_sound/Lion_9.wav,Animal Sound,3.8959,11025,1,85948,348cf59fb54ab6ea67383a9be420e3be38c204bce8251678ffe0982aad95787c,AUD-F64C0C339A205484,,,,,original,
AUD-28BC8BE3ABDE5209,Monkey_1.wav,data/raw/animal_sound/Monkey_1.wav,Animal Sound,4.3307,48000,2,831566,4081fc45df70a650d34dcbbcf0e7d35d1ef3b339e059d72e2a45ceaf22c33365,,,,,,original,
AUD-DE0631CA47CA5E0E,Monkey_10.wav,data/raw/animal_sound/Monkey_10.wav,Animal Sound,7.8001,11025,1,86040,6b2b1eec4544de34bc43ff8403aa1f0e87297dd0433b0a0298dc864f8eea6217,,,,,,original,
AUD-7CADA902A3655336,Monkey_11.wav,data/raw/animal_sound/Monkey_11.wav,Animal Sound,0.1965,8000,1,1616,0cfb98a410387d027107c72ae5bbec41df31d50bbbee9b029914318a9f38e05a,,,,,,original,
AUD-75316DFA02295A0A,Monkey_12.wav,data/raw/animal_sound/Monkey_12.wav,Animal Sound,4.9642,11025,1,54774,45ccc43082ce45d1e7b2c5f14898bdcca13b5c0fd74c0f104e538eb7e222e9ef,,,,,,original,
AUD-277181A4FB1C509E,Monkey_13.wav,data/raw/animal_sound/Monkey_13.wav,Animal Sound,0.8952,22050,1,39598,b90277d4b773d20b247c862a0bc69331eb98a999364470954916873a9de13b08,,,,,,original,
AUD-8018EE1CB93A5B0D,Monkey_14.wav,data/raw/animal_sound/Monkey_14.wav,Animal Sound,8.4864,22050,1,187170,cc2f5887fdb2ed74cceb93d1899d5e8273b7b619ae853707cf6900577c0c2a10,,,,,,original,
AUD-5DC52F83FE655721,Monkey_15.wav,data/raw/animal_sound/Monkey_15.wav,Animal Sound,1.2539,11025,2,27726,c15302e06cb88039d20585d668e28ff7abf04a2efca5cc2f6bf7fa210730b16e,,,,,,original,
AUD-942531A506EC5E1F,Monkey_16.wav,data/raw/animal_sound/Monkey_16.wav,Animal Sound,8.9087,11025,1,196480,48fb1d240638ea325f50a435512747ab75888c6c8bb53774df8669fda91c78e2,,,,,,original,
AUD-DFDA0B9F58455AD1,Monkey_17.wav,data/raw/animal_sound/Monkey_17.wav,Animal Sound,1.1274,22255,1,25148,7d66dc79d49348f21100be5279829acb2955fc856519a4e4d9613bc57301b3a1,,,,,,original,
AUD-C415BE267A415AC8,Monkey_18.wav,data/raw/animal_sound/Monkey_18.wav,Animal Sound,2.7167,11025,2,59982,cd9eb856996ff69f75fb68c3c089297eb5cbac638a3996b64de77a555959dbca,,,,,,original,
AUD-0C2BAE72B6A85ABC,Monkey_19.wav,data/raw/animal_sound/Monkey_19.wav,Animal Sound,7.1965,44100,1,634776,c357240a49abcc40b94f3658bca662e4c2604e4378c3ee1b33631adf2e14e0fa,,,,,,original,
AUD-D15A5821DC9D5B96,Monkey_2.wav,data/raw/animal_sound/Monkey_2.wav,Animal Sound,8.4864,22050,1,187170,cc2f5887fdb2ed74cceb93d1899d5e8273b7b619ae853707cf6900577c0c2a10,AUD-8018EE1CB93A5B0D,,,,,original,
AUD-C2559E47FCD45FB0,Monkey_20.wav,data/raw/animal_sound/Monkey_20.wav,Animal Sound,4.9884,22050,1,110052,967348c0093a2573e0520609147e1b32aad9ffa1924d065c6490bc43481cb54a,,,,,,original,
AUD-87901B1F5D1A5C3B,Monkey_21.wav,data/raw/animal_sound/Monkey_21.wav,Animal Sound,9.9326,22050,1,219058,f72db9e9318e719c903046d6a282d6747a39d8d2944eb7d52266cb81487460c3,,,,,,original,
AUD-CA4515752A7C5661,Monkey_22.wav,data/raw/animal_sound/Monkey_22.wav,Animal Sound,3.0302,11025,2,66894,e137990223125ec8f210909f7a0a984be5dabdae350bb7f03483ecdcc0d415a4,,,,,,original,
AUD-D5A2CF7C8D0F5B55,Monkey_23.wav,data/raw/animal_sound/Monkey_23.wav,Animal Sound,1.6963,8000,1,13626,66ef697263610f337c35b3890a73d9002c78fbe5b228398e2bb0efaf0dec0203,,,,,,original,
AUD-16D911013C1B52AA,Monkey_24.wav,data/raw/animal_sound/Monkey_24.wav,Animal Sound,4.258,44100,2,751148,a03f5c500798ecc12dcb811865a728a0513d3c55f46fd9f47f9725aa3e07ecb5,,,,,,original,
AUD-F60C10717BEE5C4D,Monkey_25.wav,data/raw/animal_sound/Monkey_25.wav,Animal Sound,2.0866,22050,1,46054,1c7ef9d4cd0b03f563278973801b31ab47a69dcc20eafa5d1cb26fdaccb807a5,,,,,,original,
AUD-CBED86F6C6F45C4E,Monkey_26.wav,data/raw/animal_sound/Monkey_26.wav,Animal Sound,7.0066,11025,1,77292,b40e8d32358a391ded96dab176cc1c4bb65a6a01c8fb386f90d0d6eb56858c76,,,,,,original,
AUD-EFB9F88D8D335F18,Monkey_27.wav,data/raw/animal_sound/Monkey_27.wav,Animal Sound,3.136,48000,2,602190,8388682fe766a566455c56277fe393c70145aafe2c85a2cdf995f731f3c41bbe,,,,,,original,
AUD-DC8EE503C6B15C2E,Monkey_28.wav,data/raw/animal_sound/Monkey_28.wav,Animal Sound,5.7642,11025,1,63594,3b6b8f7aa5117b7e678c6c8bb91c7b879169fb3f0e2bfc4d314e6d7917c50bf8,,,,,,original,
AUD-98E8B910C5FE5CBA,Monkey_29.wav,data/raw/animal_sound/Monkey_29.wav,Animal Sound,4.2027,48000,2,806990,506af7fe2500c1a6f9f78cde0c27011aaf593d40d3d76c21665741ec978adbfc,,,,,,original,
AUD-A48C36F0DAB256AE,Monkey_3.wav,data/raw/animal_sound/Monkey_3.wav,Animal Sound,4.6248,44100,1,407948,90925a02ef1582b30e417d4163c8c27c3da7859cba16a6edf925fc9b377b4c03,,,,,,original,
AUD-114AF20030A7556A,Monkey_30.wav,data/raw/animal_sound/Monkey_30.wav,Animal Sound,3.4347,48000,2,659534,3f17c0a92fb3149678bd0f7c4f7fc82ffdc3fd59726386f5c8ac7e2d049ad649,,,,,,original,
AUD-521F3D2FA80E542A,Monkey_4.wav,data/raw/animal_sound/Monkey_4.wav,Animal Sound,7.8001,11025,1,86040,6b2b1eec4544de34bc43ff8403aa1f0e87297dd0433b0a0298dc864f8eea6217,AUD-DE0631CA47CA5E0E,,,,,original,
AUD-DED28299FBD955F1,Monkey_5.wav,data/raw/animal_sound/Monkey_5.wav,Animal Sound,3.0302,11025,2,66894,e137990223125ec8f210909f7a0a984be5dabdae350bb7f03483ecdcc0d415a4,AUD-CA4515752A7C5661,,,,,original,
AUD-5DDAF722F84B5F64,Monkey_6.wav,data/raw/animal_sound/Monkey_6.wav,Animal Sound,7.1965,44100,1,634776,c357240a49abcc40b94f3658bca662e4c2604e4378c3ee1b33631adf2e14e0fa,AUD-0C2BAE72B6A85ABC,,,,,original,
AUD-987224D448A85F8C,Monkey_7.wav,data/raw/animal_sound/Monkey_7.wav,Animal Sound,2.8799,8000,1,23083,69d937364569e5dbfcf0b777594f1d72ce6793f6dabd6f8ad5af84735276a429,,,,,,original,
AUD-1C55E2D9F4315603,Monkey_8.wav,data/raw/animal_sound/Monkey_8.wav,Animal Sound,2.8801,8000,1,46140,73549ab3370ca3efcdee5e7dab58b446a33ff286e2db39bb6eef519afe8cc61a,,,,,,original,
AUD-E85F01F162335A2C,Monkey_9.wav,data/raw/animal_sound/Monkey_9.wav,Animal Sound,8.9087,11025,1,196480,48fb1d240638ea325f50a435512747ab75888c6c8bb53774df8669fda91c78e2,AUD-942531A506EC5E1F,,,,,original,
AUD-F6199E5D8D4454C6,Sheep_1.wav,data/raw/animal_sound/Sheep_1.wav,Animal Sound,0.6253,22050,1,13888,b3890e1aec9b85afe4335d0d87fb5f7b42f0855e7b80f6e2d31e38ee74edc0cf,,,,,,original,
AUD-6E196F2BB1B250B3,Sheep_10.wav,data/raw/animal_sound/Sheep_10.wav,Animal Sound,1.1227,22050,1,24812,f27d2bd11fe905bc087c8734afdea280ae00f49df307c4eccb5b9fd2259530cb,,,,,,original,
AUD-EFD9D3154B97557D,Sheep_2.wav,data/raw/animal_sound/Sheep_2.wav,Animal Sound,5.1951,11025,1,57320,ade1d265ca6cc3231e23e8861bdd646260c26f020d461a539df8c59a4a9354b3,,,,,,original,
AUD-C048739D5EEF506A,Sheep_3.wav,data/raw/animal_sound/Sheep_3.wav,Animal Sound,0.8362,11025,1,9524,864da1630a8c4843394baa2f1a03800bc91df9b1f92616eaed054e1f7124dedd,,,,,,original,
AUD-4743223A70D15CE1,Sheep_32.wav,data/raw/animal_sound/Sheep_32.wav,Animal Sound,1.0631,22050,1,23498,4923ddba45e1951fde237a6e973d6dae9f62307a97d219dfd4af4ace0c9102f6,,,,,,original,
AUD-B79C0B9BF13D5607,Sheep_33.wav,data/raw/animal_sound/Sheep_33.wav,Animal Sound,1.1227,22050,1,24812,f27d2bd11fe905bc087c8734afdea280ae00f49df307c4eccb5b9fd2259530cb,AUD-6E196F2BB1B250B3,,,,,original,
AUD-F944C203CA715547,Sheep_34.wav,data/raw/animal_sound/Sheep_34.wav,Animal Sound,1.1355,11025,1,12564,c263668ff96652607ace0cb839a8e2f3c7e31bfd0f661d42cb8a4cc9f6331b53,,,,,,original,
AUD-82751CE311465AD3,Sheep_35.wav,data/raw/animal_sound/Sheep_35.wav,Animal Sound,2.1894,8000,1,17559,dc91972a276a973282bb8809b071657b3c462db2265eb82db88878db3f3c52dd,,,,,,original,
AUD-9EBF78BD3CFB562A,Sheep_36.wav,data/raw/animal_sound/Sheep_36.wav,Animal Sound,0.7145,22050,1,15904,bb114451e0bf2b6ebaa067e0d76c1ee74ab02ce82aab78336a43480852045d59,,,,,,original,
AUD-E09AB7CA58965355,Sheep_37.wav,data/raw/animal_sound/Sheep_37.wav,Animal Sound,1.3003,44100,2,229424,87c5d852c4831a37a8c15389a4b010631cb466baafcc4ad80cd18726d23e1001,,,,,,original,
AUD-166B513EBDE65AF4,Sheep_38.wav,data/raw/animal_sound/Sheep_38.wav,Animal Sound,5.8166,44100,2,1026092,3aca249d0ed6688e50cd354f35e0947d3316c30bf10e2e4bc328e27bca6bc7ee,,,,,,original,
AUD-717D63565B3F54D5,Sheep_39.wav,data/raw/animal_sound/Sheep_39.wav,Animal Sound,1.2132,11025,1,26794,64f22801da89f8b7f24484e87928bc6b99522bc75d0c972d0b129bb721b91b0e,,,,,,original,
AUD-E8B1515D7AA35E42,Sheep_4.wav,data/raw/animal_sound/Sheep_4.wav,Animal Sound,1.0536,11025,1,23276,6485e0c460b66d92d9ae7ac9ad8f6235385d6fa57857a39ffc4f1a69fd710e78,,,,,,original,
AUD-8096A45713A056BB,Sheep_40.wav,data/raw/animal_sound/Sheep_40.wav,Animal Sound,1.1683,11025,1,25804,046cabcb258bcc0ed1f9565b8025451ad5bfdad4dd3c69be7bd3aeb9e24bc503,,,,,,original,
AUD-E0722B43C7C85C47,Sheep_41.wav,data/raw/animal_sound/Sheep_41.wav,Animal Sound,0.455,11025,1,5060,86cbadebc807cdfce6ca904b19106a8a78fe67b22e667fe8e6063ae2a18892f3,,,,,,original,
AUD-6EB3D77E50C0577F,Sheep_42.wav,data/raw/animal_sound/Sheep_42.wav,Animal Sound,1.248,11025,2,27596,89b59595fb67c0b0525dbf5b58b87f2c8521118625173f03f4de5866914c7799,,,,,,original,
AUD-EE0BFD2463DB5631,Sheep_43.wav,data/raw/animal_sound/Sheep_43.wav,Animal Sound,1.0536,11025,1,23276,6485e0c460b66d92d9ae7ac9ad8f6235385d6fa57857a39ffc4f1a69fd710e78,AUD-E8B1515D7AA35E42,,,,,original,
AUD-999923AD19CC5CCE,Sheep_44.wav,data/raw/animal_sound/Sheep_44.wav,Animal Sound,1.2985,22050,1,28676,d4ebe801e15bce702ca376d317c194344fb35866383bd8a87e14b0552c65c869,,,,,,original,
AUD-9593744F06555B14,Sheep_45.wav,data/raw/animal_sound/Sheep_45.wav,Animal Sound,1.0631,22050,1,23498,4923ddba45e1951fde237a6e973d6dae9f62307a97d219dfd4af4ace0c9102f6,AUD-4743223A70D15CE1,,,,,original,
AUD-C3B87AB024F351D0,Sheep_46.wav,data/raw/animal_sound/Sheep_46.wav,Animal Sound,8.3253,8000,1,66728,caf0025549a06de92799ef003076d36cb24a80493a33dfced15b8e91ebd82d36,,,,,,original,
AUD-56C004E2F0E856A8,Sheep_47.wav,data/raw/animal_sound/Sheep_47.wav,Animal Sound,1.0631,22050,1,23498,4923ddba45e1951fde237a6e973d6dae9f62307a97d219dfd4af4ace0c9102f6,AUD-4743223A70D15CE1,,,,,original,
AUD-315DC140325A5800,Sheep_48.wav,data/raw/animal_sound/Sheep_48.wav,Animal Sound,3.2171,11025,1,35512,2345324484c02e492e31ddc893ad152ddbad9340e93046ab86ac2da2c27f3179,,,,,,original,
AUD-202B2E0ED3665B15,Sheep_49.wav,data/raw/animal_sound/Sheep_49.wav,Animal Sound,2.6761,11025,1,29548,2d2b28f2e9d417e664c70948728a478ade764be3dc7c596ccb9deed9fd55425e,,,,,,original,
AUD-CA4D238A6B1F5733,Sheep_5.wav,data/raw/animal_sound/Sheep_5.wav,Animal Sound,1.5311,11025,1,16924,3d8891e5853804150e7d7484fe15c866b3c6b65d7d3a63725ae93ce3b60dff79,,,,,,original,
AUD-1FD0E0C4F5C358B0,Sheep_50.wav,data/raw/animal_sound/Sheep_50.wav,Animal Sound,8.7155,11025,1,96132,367174efeb5e92530f44aba6ae0ff96abcaa21bb2659eb3ff00fd2ab7120e541,,,,,,original,
AUD-6F71A775139057D7,Sheep_6.wav,data/raw/animal_sound/Sheep_6.wav,Animal Sound,1.32,11025,1,14598,809a63cef34fdde438cfa0143ead18dcb294bc820cdad0b46909bd562de6474a,,,,,,original,
AUD-DA0BC96E632854F2,Sheep_7.wav,data/raw/animal_sound/Sheep_7.wav,Animal Sound,8.3282,22255,1,185388,3f13242c606161efaac93e2fd6f9c8dfb8008c7ccef883e6e8bf39f3c7f55023,,,,,,original,
AUD-FAAF357906745056,Sheep_8.wav,data/raw/animal_sound/Sheep_8.wav,Animal Sound,1.0194,8000,1,8256,ee804bf7965fb4fa5dbf8a168b4575b592bb984158e356abe4148059efd4fe66,,,,,,original,
AUD-87D86FFAF7F15EAC,Sheep_9.wav,data/raw/animal_sound/Sheep_9.wav,Animal Sound,4.2801,11025,1,47232,64f4b0b5101de52271b4f32e3022d9089689146dcceea65bff60c6fab34e1d3d,,,,,,original,
AUD-5BB962B8B5BD5ED6,1 (1).wav,data/raw/gunshot/1 (1).wav,Gunshot,3.0,48000,2,576448,5bcfef29876fb25ae5e58fcdfc9ab4d42e9725a8d300aba88f75170900727886,,,,,,original,
AUD-85AAF77534BC5C70,1 (10).wav,data/raw/gunshot/1 (10).wav,Gunshot,2.0,48000,2,384448,f3aa7778bf607d69c9eb536377fac7d81c353dbb20680d9177a6d312d36f3c2b,,,,,,original,
AUD-B55BE9FB154F5AF7,1 (11).wav,data/raw/gunshot/1 (11).wav,Gunshot,2.0,48000,2,384448,f14c2645c9956c074b59268430013a0371df61d805def08b969983f681c7408b,,,,,,original,
AUD-0710F307884C502C,1 (12).wav,data/raw/gunshot/1 (12).wav,Gunshot,2.0,48000,2,384448,9bd761fd8fb61c7e3f915c9338e77e61135b39fa0609a278ba9de863343f7db0,,,,,,original,
AUD-FA0A5740C430575A,1 (13).wav,data/raw/gunshot/1 (13).wav,Gunshot,2.0,48000,2,384448,f8c857f9934e64053fbefd5a2af4f817865bc13ba21820e2f7bec2d36147e022,,,,,,original,
AUD-660B2B466DA5598C,1 (14).wav,data/raw/gunshot/1 (14).wav,Gunshot,2.0,48000,2,384448,0495f7f2012eaf837a4751f14ea1c7466c5d1e5ae167028b83e3b8dd2d016224,,,,,,original,
AUD-269ADA221EF753A6,1 (15).wav,data/raw/gunshot/1 (15).wav,Gunshot,2.0,48000,2,384448,5d8a3ac9e6dea414375223f14e4183f55cb02785c0e0276e72afd35bcdc19ff3,,,,,,original,
AUD-CDC8822E06DC5847,1 (16).wav,data/raw/gunshot/1 (16).wav,Gunshot,2.0,48000,2,384382,95040f84f4ac2f57e1ba8100e5ca440ad29eb0d246d422313451c5e9167823ce,,,,,,original,
AUD-D6A3664FF04654C0,1 (17).wav,data/raw/gunshot/1 (17).wav,Gunshot,2.0,48000,2,384382,b845176b275edc77f5dc2c1237e28007e1c0a58801cc9d16f41c0b32a47a701e,,,,,,original,
AUD-B4D5CADB766E58F6,1 (18).wav,data/raw/gunshot/1 (18).wav,Gunshot,2.0,48000,2,384382,f14ef06285146aee36435fa320e7e1dd2383c3d2b6477430d708ef1a2db07e2c,,,,,,original,
AUD-EB36B56554D150AA,1 (19).wav,data/raw/gunshot/1 (19).wav,Gunshot,2.0,48000,2,384382,ef09927d6e785196d4e343fad6c5bcd1519fbf8241ab88cb1995048da520da58,,,,,,original,
AUD-DA026D80006C5B9C,1 (2).wav,data/raw/gunshot/1 (2).wav,Gunshot,4.0,48000,2,768448,50441b2b0d0a3a3033fb3c407bd0340a60154933276d9008e638fb6b047993f6,,,,,,original,
AUD-CB7CBEF49FA75F9E,1 (20).wav,data/raw/gunshot/1 (20).wav,Gunshot,2.0,48000,2,384382,48867e2708ef963407d5d29708c8078baeb481bd1faf86cab920440201ff7223,,,,,,original,
AUD-00B98D30C87C5086,1 (21).wav,data/raw/gunshot/1 (21).wav,Gunshot,2.0,48000,2,384382,c5974ad82a452b5e176f32124ee4fd5c89b8f12a914c9cb6caf12305b5035024,,,,,,original,
AUD-CFBEED2604E159E9,1 (22).wav,data/raw/gunshot/1 (22).wav,Gunshot,2.0,48000,2,384382,4c4ec096b3f99580335e53515d08082a995d40c6559c3c8e0f21de4d76cd6c6b,,,,,,original,
AUD-CCF03E4F6ED85D4A,1 (23).wav,data/raw/gunshot/1 (23).wav,Gunshot,2.0,48000,2,384382,6c40d72604ddb987ccb0fbf51f7155900a91088c490da6c648a25ca852c2e101,,,,,,original,
AUD-F450014AB55C509F,1 (24).wav,data/raw/gunshot/1 (24).wav,Gunshot,2.0,48000,2,384382,0ca24b406e38245fbcc57414ea55af06efd3dd371c43dc8b969c39269ed304ba,,,,,,original,
AUD-547ACB27773850AF,1 (25).wav,data/raw/gunshot/1 (25).wav,Gunshot,2.0,48000,2,384382,027221f415ccf1b09a818ba7b64bbe7bdfc11b1ff37e76e0f55de6413a47607d,,,,,,original,
AUD-3DF29AA96DB154DA,1 (26).wav,data/raw/gunshot/1 (26).wav,Gunshot,2.0,48000,2,384382,85863f9b9da1c3970b87d2cb3fd06c3f91db276590adf54ee607899edfbee8e6,,,,,,original,
AUD-A898C237E09C5E95,1 (27).wav,data/raw/gunshot/1 (27).wav,Gunshot,2.0,48000,2,384382,1aa725ec6d998d4a852359d9fc6f60c579c45e0c8429a92b2d6d52f54cce144f,,,,,,original,
AUD-37CC2459A3F45CC4,1 (28).wav,data/raw/gunshot/1 (28).wav,Gunshot,2.0,48000,2,384382,a3e96a5c4481c56e78d1c952e81171e2c3c3fb96e001f1fc7dcd24f85bbcf300,,,,,,original,
AUD-245B6E683D5A5D41,1 (29).wav,data/raw/gunshot/1 (29).wav,Gunshot,2.0,48000,2,384382,0e0e2f0f471cc5d84be962849208f74298632b3b8dd72620bbdada9c615b155f,,,,,,original,
AUD-8B04FE1FB1C75AC0,1 (3).wav,data/raw/gunshot/1 (3).wav,Gunshot,2.0,48000,2,384448,8c041d798e41c121b2d50b644d430aa4089917d930995584ea35ce2faa07f363,,,,,,original,
AUD-8C842AEC98D35AF5,1 (30).wav,data/raw/gunshot/1 (30).wav,Gunshot,2.0,48000,2,384382,c8bf4dc65afcf65fc577cffa8f7f90446d4ac2b11d24835dacdf100077e51d08,,,,,,original,
AUD-FD742B5032A75CEC,1 (31).wav,data/raw/gunshot/1 (31).wav,Gunshot,2.0,48000,2,384382,e9e30c89dd688bfc7fb4e7988ee790007f4906871216821746e346600e31cdd1,,,,,,original,
AUD-EE06BC6C5B4F58D8,1 (32).wav,data/raw/gunshot/1 (32).wav,Gunshot,2.0,48000,2,384382,633f1c33d27afddb757317e8d3c73257e330c5ece9054e61dd2de821d39f7609,,,,,,original,
AUD-6E5741CF603E5ACE,1 (33).wav,data/raw/gunshot/1 (33).wav,Gunshot,2.0,48000,2,384382,f9834f96c25dcd612a4fd4139b9593c2004f2fba1135dbb30812a87dd80c0568,,,,,,original,
AUD-93A565BE1BF857F7,1 (34).wav,data/raw/gunshot/1 (34).wav,Gunshot,2.0,48000,2,384382,aa9d75d11949ae301024ed83e8cdb4ffe661618c038dd0aee315ecdd0e825b96,,,,,,original,
AUD-ED3B683F281B5F57,1 (35).wav,data/raw/gunshot/1 (35).wav,Gunshot,2.0,48000,2,384382,c2185b1639be959e8908952176cbcfed01d34585ae913b7e43348224c7bae94b,,,,,,original,
AUD-52A5E7125E945A68,1 (36).wav,data/raw/gunshot/1 (36).wav,Gunshot,2.0,48000,2,384382,abbfb0385e5996e0e61b4fbe69920873fe062a5fdd039e5896a6bdd4a132ac62,,,,,,original,
AUD-18744821434A5035,1 (37).wav,data/raw/gunshot/1 (37).wav,Gunshot,2.0,48000,2,384382,23bf7a64e893e1bfe129aafc4e2d899d12aaac060bbdb32553b00259ddc316d8,,,,,,original,
AUD-703A2AD0DDAA5B95,1 (38).wav,data/raw/gunshot/1 (38).wav,Gunshot,2.0,48000,2,384382,f3c85862fb71fa9661bd5e5119cd87cc84a88a5008c82853671f609b0a8ed50d,,,,,,original,
AUD-296AEB074C095B60,1 (39).wav,data/raw/gunshot/1 (39).wav,Gunshot,2.0,48000,2,384382,a2be11cef2f9441d13a4467691c3b602f98ec96c0c7323a284121bbb832a2321,,,,,,original,
AUD-C8B843BB35215063,1 (4).wav,data/raw/gunshot/1 (4).wav,Gunshot,3.0,48000,2,576448,d92e40e895d4813b10c3d6001aabd2a2071a8525829c03c9aca6d8ba3ccef985,,,,,,original,
AUD-D1B1BC6469945C4E,1 (40).wav,data/raw/gunshot/1 (40).wav,Gunshot,2.0,48000,2,384382,e56633087f7cd7eb24ebc8f36ee7f0846628882a65f9e5791619092eb29ba553,,,,,,original,
AUD-5123E624DFE55DA4,1 (41).wav,data/raw/gunshot/1 (41).wav,Gunshot,2.0,48000,2,384382,e6c189d9ed521198d0a246e308fe89d18b3323c7a99faa893d10fc468d4865bb,,,,,,original,
AUD-52FDCC77A0ED5D92,1 (42).wav,data/raw/gunshot/1 (42).wav,Gunshot,2.0,48000,2,384382,56f7a4760edf01bc9e2bd4c9a9439c191f550bc523e09cf2c4bc28ee52c551c5,,,,,,original,
AUD-8AD182633AE55F8A,1 (43).wav,data/raw/gunshot/1 (43).wav,Gunshot,2.0,48000,2,384382,39213190cba0cda51f37dc90e354cd8a158a522ca8e2990731ee9a4fc83cef1d,,,,,,original,
AUD-A63A4FD39793545F,1 (44).wav,data/raw/gunshot/1 (44).wav,Gunshot,2.0,48000,2,384382,748066c5bdb2a12d3e9a388432bd408fb697a8b7877ace7f14be3b52f9e46d74,,,,,,original,
AUD-F31CC8AEEF3F5398,1 (45).wav,data/raw/gunshot/1 (45).wav,Gunshot,2.0,48000,2,384382,879a0e4699844c652b9382f32fe20066ba60ca0a8bcd0859e9e970a5dc85af28,,,,,,original,
AUD-42456BF5CC6E5528,1 (46).wav,data/raw/gunshot/1 (46).wav,Gunshot,2.0,48000,2,384382,01cbbc3f80a1382d21eae9f710a51e3fc2c52ca326129e60bae6a560d03cee34,,,,,,original,
AUD-0536B96C598156D7,1 (47).wav,data/raw/gunshot/1 (47).wav,Gunshot,2.0,48000,2,384382,e3fd53845f3de09c914446207afe4cb9e42080515da79595dd7f0972fc26523f,,,,,,original,
AUD-B63C911354615524,1 (48).wav,data/raw/gunshot/1 (48).wav,Gunshot,2.0,48000,2,384382,e5cdd692a46a6b22a54a2cc7d3e6fa558b47f16e07d2f02ba7831c736dca7d1a,,,,,,original,
AUD-F5219D1BE8E45E43,1 (49).wav,data/raw/gunshot/1 (49).wav,Gunshot,2.0,48000,2,384382,fa3d520d0a8445fccae12c4cd9c25e9d6b3d550b74573018e665508a39d46424,,,,,,original,
AUD-7A77E0974005594A,1 (5).wav,data/raw/gunshot/1 (5).wav,Gunshot,2.0,48000,2,384448,57b2033a45377ccb5286f59514aa4e4e1d182e87e4362b69626f4ead1248916a,,,,,,original,
AUD-76883D32D3CA5509,1 (50).wav,data/raw/gunshot/1 (50).wav,Gunshot,2.0,48000,2,384382,c4ebcd8524ad68458a150db8e200fa7ceaf75e7744b25f27bf4288b9b9820660,,,,,,original,
AUD-20C7F847C7DA5365,1 (51).wav,data/raw/gunshot/1 (51).wav,Gunshot,2.0,48000,2,384382,5004f6b6b7408a35d7c2eda28fd19d836c6dbc1a503ad4bb88edfd4095ef8366,,,,,,original,
AUD-E8EEAA082C155FBE,1 (52).wav,data/raw/gunshot/1 (52).wav,Gunshot,2.0,48000,2,384382,06a51367aecf35ad1cf5105a72547d201a09d675991fece1a50b37ae621fd409,,,,,,original,
AUD-ECB30A4A383B5F24,1 (53).wav,data/raw/gunshot/1 (53).wav,Gunshot,2.0,48000,2,384382,0c92d0a0c7c09b0b4ad02e6f21ddedae83e6e22e4e0965f7993be1ad0abd72c5,,,,,,original,
AUD-01568A2B7BDC5540,1 (54).wav,data/raw/gunshot/1 (54).wav,Gunshot,2.0,48000,2,384382,96cf362c80c91f5ac66a1f766af830f5c8a214bb6ed76ad957ce5bc427fdb383,,,,,,original,
AUD-2D39E061D7F7595B,1 (55).wav,data/raw/gunshot/1 (55).wav,Gunshot,2.0,48000,2,384382,b556166728f24ff37ada91c33f64b919d5b63d1c570a2cfba8d50cf0d9593a5d,,,,,,original,
AUD-3B42A773E8015E1C,1 (56).wav,data/raw/gunshot/1 (56).wav,Gunshot,2.0,44100,2,353308,6e1db59d36e2795b410cafd3fe54a34f279b3c910481345bc6dac474f5c01a7b,,,,,,original,
AUD-A9B86D67E4AB5A89,1 (57).wav,data/raw/gunshot/1 (57).wav,Gunshot,2.0,44100,2,353308,6bcbb9796083e8b299a4dcbc2d8f0f2737d2bae3b6ac59749abedfa923c588f3,,,,,,original,
AUD-64A0C53A2C835999,1 (58).wav,data/raw/gunshot/1 (58).wav,Gunshot,2.0,44100,2,353308,4d8fce39297f7451178f046d4291b90e92fd29258c94b5daa0d36d4a6e760b28,,,,,,original,
AUD-E69F577423745254,1 (59).wav,data/raw/gunshot/1 (59).wav,Gunshot,2.0,44100,2,353308,854b761024c11bf6967cec8dc2ed1c70b030e02055ff902f97dce14ada6e73db,,,,,,original,
AUD-1F7450FB63075144,1 (6).wav,data/raw/gunshot/1 (6).wav,Gunshot,2.0,48000,2,384448,60b92f98b98113b017701326dab4e48be29fdfb0a7e9924c248b04f1cf5057a7,,,,,,original,
AUD-35AA1F0B1C985A2B,1 (60).wav,data/raw/gunshot/1 (60).wav,Gunshot,2.0,44100,2,353308,dd40e5f6c7b68c89d331882a9c9e40906183f19b7d4fba4316229fa11c837c02,,,,,,original,
AUD-AC3D538BAEC9513F,1 (61).wav,data/raw/gunshot/1 (61).wav,Gunshot,2.0,44100,2,353308,a7dc526503fa9e0b179408d0e1a039ae66988123642d097a3913e5e2e35ae94e,,,,,,original,
AUD-8B293A0020DC5536,1 (62).wav,data/raw/gunshot/1 (62).wav,Gunshot,2.0,44100,2,353308,b4fa5ef651ffcf505c737bc59da42c654d23ce8fcc07180cc3892977e8602edb,,,,,,original,
AUD-F05DA326244F5D67,1 (63).wav,data/raw/gunshot/1 (63).wav,Gunshot,2.0,44100,2,353308,22adfc4771e7695e4feff83c4996301358449f10cc2fe6c91a9a7177b3bef405,,,,,,original,
AUD-88233FB65C7E5722,1 (64).wav,data/raw/gunshot/1 (64).wav,Gunshot,2.0,44100,2,353308,0e0d8e4913ab387ad4830b7a5a1cedca8e2b1c178a620f7ece24e5444001db1e,,,,,,original,
AUD-1D4D4AA82368540F,1 (65).wav,data/raw/gunshot/1 (65).wav,Gunshot,2.0,44100,2,353308,4229ef65dca1a72835e815a271d1db8cd5944b173c6f1c652beef5f2f839d1d4,,,,,,original,
AUD-06ED59174B4750D7,1 (66).wav,data/raw/gunshot/1 (66).wav,Gunshot,2.0,44100,2,353308,6c5bfdbffdfff6ee57569f730dfd149ae34e6b2ed5c07f0ffa360c7d25948b4c,,,,,,original,
AUD-4B3E82C2B40E5AF0,1 (67).wav,data/raw/gunshot/1 (67).wav,Gunshot,2.0,44100,2,353308,d5b038bfd63c5c2b5db0fab77435217349e16947c1870111b13e0d63cf49dc7e,,,,,,original,
AUD-C48FA295890D5529,1 (68).wav,data/raw/gunshot/1 (68).wav,Gunshot,2.0,44100,2,353308,eb829705eb2959f2158101cc939a73749aa4f7159df4b79bb5e7fd00141b340d,,,,,,original,
AUD-8887384B544F570B,1 (69).wav,data/raw/gunshot/1 (69).wav,Gunshot,2.0,44100,2,353308,ab861a77170bd4fb12414135b7f44cd29bb5f9f7977831e01c6b6459e3d8fae6,,,,,,original,
AUD-3B16F9FFF22D571A,1 (7).wav,data/raw/gunshot/1 (7).wav,Gunshot,2.0,48000,2,384448,db150c56cfb165011a37ba81c06b216b0b931016264c5dc533e25b8fdec924d8,,,,,,original,
AUD-443541A2D3595AF2,1 (70).wav,data/raw/gunshot/1 (70).wav,Gunshot,2.0,44100,2,353308,6b45c29eda95600a27fbd345d1b2bf2539b67dea9a8a4ace66f0b617c3974f4e,,,,,,original,
AUD-017CFC69462C5A99,1 (71).wav,data/raw/gunshot/1 (71).wav,Gunshot,2.0,44100,2,353308,14fe853f7b20efd50744946d5a650c517171faf5cccfa1e4a9db7a09755ab6e9,,,,,,original,
AUD-FC51449237BE5DB2,1 (72).wav,data/raw/gunshot/1 (72).wav,Gunshot,2.0,44100,2,353308,5de066bb45ec5d7c68ec612b148910561be3c1ef1a972e35b43ae28fd3725f0c,,,,,,original,
AUD-23E81516BED55D2A,1 (8).wav,data/raw/gunshot/1 (8).wav,Gunshot,2.0,48000,2,384448,8ad1cc1ff3ff1fb22143b3dbe02c1466bfce0122805f814c286263e27fbf6401,,,,,,original,
AUD-392E6165F7D55842,1 (9).wav,data/raw/gunshot/1 (9).wav,Gunshot,2.0,48000,2,384448,055cdb15b40ebc2c10a7af3a7b7a5adc43475d5f51fdc2c2e00d5359ee3ed43a,,,,,,original,
AUD-D1FEDB41E60A51AD,3 (73).wav,data/raw/gunshot/3 (73).wav,Gunshot,1.0,44100,2,176444,22d0de8e0a35c7b7d5d4f0620cca5b7fd7257b7cb84261549d019e3b1fb3f66f,,,,,,original,
AUD-2C3416995CA35C47,3 (74).wav,data/raw/gunshot/3 (74).wav,Gunshot,1.0,44100,2,176444,18cb0deaa1877c14c5cdcc2237ad958bdb55226a11e1e4f8533953444f6a4431,,,,,,original,
AUD-BF39F6007DC95BCF,3 (8).wav,data/raw/gunshot/3 (8).wav,Gunshot,2.0,44100,2,352844,cdd818e7957b76691ed612b4ee6399bd82b6e4492bb01623db0af5ea108ad065,,,,,,original,
AUD-1C80F57A25C35A28,3 (9).wav,data/raw/gunshot/3 (9).wav,Gunshot,2.0,44100,2,352844,92b2e79ff5b880dcb0a2ae4ea7cda983f1f7334b4aa2378e7772e809c9cefe26,,,,,,original,
AUD-313B559A7F58574C,3 (90).wav,data/raw/gunshot/3 (90).wav,Gunshot,1.0,44100,2,176444,32534b735ca2b3a556d4002a49944db3a8573072b8e713a9a207f21e19358ea8,,,,,,original,
AUD-5E602B2396F952EE,3 (91).wav,data/raw/gunshot/3 (91).wav,Gunshot,1.0,44100,2,176444,4cb101f78f28ab383c0aa2bdd69f6511d3bf22e019b0f2c0e3a7b9846eafc72a,,,,,,original,
AUD-FE5AF42DBF075DCB,3 (92).wav,data/raw/gunshot/3 (92).wav,Gunshot,1.0,44100,2,176444,77b20a7ada7b3f0382a3bd1482bfcf73f9be842b673bdd17f7e716146b5e8acd,,,,,,original,
AUD-ADB9A541D6665E09,3 (93).wav,data/raw/gunshot/3 (93).wav,Gunshot,1.0,44100,2,176444,a6eec047df13234c77eee7cbc3034e2d7bb91d1e6cbdf1b55e624a4b84b2cbc9,,,,,,original,
AUD-C6E05F3A56BF500B,3 (94).wav,data/raw/gunshot/3 (94).wav,Gunshot,1.0,44100,2,176444,04ce60f14b195b11339baff7cadfefd0c9908d96c8fd8c6bd5f939b77db1a931,,,,,,original,
AUD-7F7D2A12D2C45106,3 (95).wav,data/raw/gunshot/3 (95).wav,Gunshot,1.0,44100,2,176444,bff7e321df4fca2c4dec012f8dc1e93926adbfe5a9e507f052ab2280d2324b63,,,,,,original,
AUD-59A4A288C7BC5BE4,3 (96).wav,data/raw/gunshot/3 (96).wav,Gunshot,1.0,44100,2,176444,eb66c7b9784a8376bc472d10318fec6f8bece247feccaa9c0c2d6585354a378f,,,,,,original,
AUD-5150FFA46B775A7E,3 (97).wav,data/raw/gunshot/3 (97).wav,Gunshot,1.0,44100,2,176444,9a68281b70e89da7bd0a28079ca80d31a0fcfa9cec3062c546006f848726c066,,,,,,original,
AUD-068D1028AE6454FC,3 (98).wav,data/raw/gunshot/3 (98).wav,Gunshot,1.0,44100,2,176444,ccc4c0fad57019c291b9aa7e05b45ac726514d820c62ad8428f4fcaf2f21ca7a,,,,,,original,
AUD-4F794B9217F05461,4 (1).wav,data/raw/gunshot/4 (1).wav,Gunshot,2.0,48000,2,384044,fbdc1593e8a41b7220ec0df3e505f47e8934903388c90aa19f227d45bfeb6953,,,,,,original,
AUD-8E727E229EC95402,4 (10).wav,data/raw/gunshot/4 (10).wav,Gunshot,2.0,48000,2,384044,03c7a44998230008ae391c7e859fdb6f58489ca9a7f40d68fdb75809fa23f5ab,,,,,,original,
AUD-9154F17941575CAD,4 (100).wav,data/raw/gunshot/4 (100).wav,Gunshot,2.0,48000,2,384044,1b171230a88e93f19672af019059ebee81d812df9a793eb6dafe91ea20e13d3d,,,,,,original,
AUD-1ED8628889EA576B,4 (11).wav,data/raw/gunshot/4 (11).wav,Gunshot,2.0,48000,2,384044,69711a96655f5cf5bc5b5821a9085ee6ee9780fcffacf8b904c4b2e9ea47a574,,,,,,original,
AUD-5DE677B3EE20525B,4 (12).wav,data/raw/gunshot/4 (12).wav,Gunshot,2.0,48000,2,384044,4d0b650734008efc763f8c89d7d29549ab77ba293ddcf3a96619bd640af63e68,,,,,,original,
AUD-962D7C504A3C5298,4 (13).wav,data/raw/gunshot/4 (13).wav,Gunshot,2.0,48000,2,384044,485a5bbce0616b8abb7b95adc1add91828b3365b672ef0c46408c7029bf22cb7,,,,,,original,
AUD-20E420116C3059D1,4 (14).wav,data/raw/gunshot/4 (14).wav,Gunshot,2.0,48000,2,384044,810e075c79f32b1328c6f1f07f3d36e70fe9fca3a441e8392150165f5fb39a29,,,,,,original,
AUD-C9B87E21F4BF56CD,4 (15).wav,data/raw/gunshot/4 (15).wav,Gunshot,2.0,48000,2,384044,66cc456e5614764fe473d39c983e89e504f9cadd421822852167e32eb3a395d7,,,,,,original,
AUD-2D472FD7003C5FEC,4 (16).wav,data/raw/gunshot/4 (16).wav,Gunshot,2.0,48000,2,384044,a3adc66643ebe5c515bf0d680a7d557ed0e5499c213bc190c19fefa1f39d1ebb,,,,,,original,
AUD-A544907D7EE3586A,4 (17).wav,data/raw/gunshot/4 (17).wav,Gunshot,2.0,48000,2,384044,d7fefe3b339768df010a3d73fdf3c98d99209fcbc5ece8891a56847d7ba0728a,,,,,,original,
AUD-D4CE5D4549585589,4 (18).wav,data/raw/gunshot/4 (18).wav,Gunshot,2.0,48000,2,384044,45791fc5915b0557043032b2ec8af6a7b2ea8572aba61c68594e92e65a91dce8,,,,,,original,
AUD-E03D7EB5613E5B32,4 (19).wav,data/raw/gunshot/4 (19).wav,Gunshot,2.0,48000,2,384044,6cec42ce23432a20418b9850766aee956cb821d9553994395dc3f29260451eb3,,,,,,original,
AUD-C66645EC4C5D58F0,4 (2).wav,data/raw/gunshot/4 (2).wav,Gunshot,2.0,48000,2,384044,530dfe8eaf66934c07adb09969c61226ad0a583ce4e301435ee70df8ece60769,,,,,,original,
AUD-8C348AA81012519D,4 (20).wav,data/raw/gunshot/4 (20).wav,Gunshot,2.0,48000,2,384044,597a8c9f0c4ef7eeda1f1792bc63a2915f996d42517b9b7f463825d10d3a5ffb,,,,,,original,
AUD-36EBBFECE4865A86,4 (21).wav,data/raw/gunshot/4 (21).wav,Gunshot,2.0,48000,2,384044,c74dcefc2d3b8ccdf65d3a6c5fbbe853e637740ae8d8a83eda0d83c5edfdea7d,,,,,,original,
AUD-A89124ABCEB45CA4,4 (22).wav,data/raw/gunshot/4 (22).wav,Gunshot,2.0,48000,2,384044,af80eca2216c225b54919c65da8d279b445db3b7e6c5704de1895204913288b6,,,,,,original,
AUD-450D2A7F401B529F,4 (23).wav,data/raw/gunshot/4 (23).wav,Gunshot,2.0,48000,2,384044,d9641f7235ca9adedfbd0700e5d0bd8e239251c8819e86846ccd535f5f5b4b63,,,,,,original,
AUD-C2DF1AA6E8D658FA,4 (24).wav,data/raw/gunshot/4 (24).wav,Gunshot,2.0,48000,2,384044,c1428fb7da2206c6b1f398c5c91d13848a71f1c1abaf7c754cd2c4319f237af0,,,,,,original,
AUD-9930A2AF16D558B0,4 (25).wav,data/raw/gunshot/4 (25).wav,Gunshot,2.0,48000,2,384044,9e148e7621fd0818f5a83522a62f623bdb4666214319ded3a8535b2ef994b3de,,,,,,original,
AUD-66921A6B65B35466,4 (26).wav,data/raw/gunshot/4 (26).wav,Gunshot,2.0,48000,2,384044,1e0a1cdb63e979baa6b2b0a1ade9169456e05a4bd657baad72dd70b74b5640c6,,,,,,original,
AUD-7D4D6FE920485F84,4 (27).wav,data/raw/gunshot/4 (27).wav,Gunshot,2.0,48000,2,384044,179cf8e97dba8b540799e2b33b79aa0bfea572a317d3cb484f3e1e067e599270,,,,,,original,
AUD-E59179B0766E538A,4 (28).wav,data/raw/gunshot/4 (28).wav,Gunshot,2.0,48000,2,384044,b1c605a5fbfab2304ae564c81f5be0c8b07e408614e85500e4752c41ba112259,,,,,,original,
AUD-8204D6A4A3CD5AB6,4 (29).wav,data/raw/gunshot/4 (29).wav,Gunshot,2.0,48000,2,384044,6856e65221dbdf2d2180eb45ba517eb7224c10f2e29e7aa117b62029c8d38198,,,,,,original,
AUD-10FEB254AF36501D,4 (3).wav,data/raw/gunshot/4 (3).wav,Gunshot,2.0,48000,2,384044,c3814ddbc0443aa9a9590160553ffb3dde773bfcadd7ab143ded892f6bef50ca,,,,,,original,
AUD-8B850BB763195903,4 (30).wav,data/raw/gunshot/4 (30).wav,Gunshot,2.0,48000,2,384044,4dcf5eb6694e82db86b511bb4eeab955feeb5a71171a057c29847c6f1d6173e6,,,,,,original,
AUD-4AC851B5D95F5A11,4 (31).wav,data/raw/gunshot/4 (31).wav,Gunshot,2.0,48000,2,384044,644ec5c92faf47ffe39603e009e734f22545a84ba470e85df26c1bacdd03dbbf,,,,,,original,
AUD-4925B40BC2DD5C07,4 (32).wav,data/raw/gunshot/4 (32).wav,Gunshot,2.0,48000,2,384044,1b4de2a4a68c46675509db193fd61d4fc8577b44a2fbdb80cba112f4d24f2222,,,,,,original,
AUD-F512A3F9299B5C09,4 (33).wav,data/raw/gunshot/4 (33).wav,Gunshot,2.0,48000,2,384044,7a98fa793291d07d8cbcb96fbe8821479192404453cf381e7c09c201c476b68e,,,,,,original,
AUD-4DA35F51C62A53E4,4 (34).wav,data/raw/gunshot/4 (34).wav,Gunshot,2.0,48000,2,384044,4a4860498a781f3dc1b331e359108356e079574641d7499a6f0c4a717979fad9,,,,,,original,
AUD-EFA782B98DAD5F5B,4 (35).wav,data/raw/gunshot/4 (35).wav,Gunshot,2.0,48000,2,384044,40f36347e35d4602c3fa655bd73a5c1463a150f8598279cc4d8e9772667dbae4,,,,,,original,
AUD-B99107B12B1151E8,4 (36).wav,data/raw/gunshot/4 (36).wav,Gunshot,2.0,48000,2,384044,4310f16ca42d95d4fedaa1924fa87d1c6201a5731b54f0a8181bef42d81e41e6,,,,,,original,
AUD-DE64C7BE2AB55756,4 (37).wav,data/raw/gunshot/4 (37).wav,Gunshot,2.0,48000,2,384044,24426219faceaf589de3e3ff2d52b72baffe620daab442442f14ea8dd8664f62,,,,,,original,
AUD-9274B92993095DEE,4 (38).wav,data/raw/gunshot/4 (38).wav,Gunshot,2.0,48000,2,384044,c0b155e4cfc05a7e8d1975f85ee1a3c5b60fba14ce7a098e9e474fcece1c20d4,,,,,,original,
AUD-E13D9AC14CC65E23,4 (39).wav,data/raw/gunshot/4 (39).wav,Gunshot,2.0,48000,2,384044,fa6b6c4e159c0a3cd47f4aaa429dc083c153a6a89dafcbbb8c9ea4341dd30dd6,,,,,,original,
AUD-6FDE8F34C0045D64,4 (4).wav,data/raw/gunshot/4 (4).wav,Gunshot,2.0,48000,2,384044,15bccc8bd1767c16f22012dc839845293e76bbc29ee0938bf1d28a235e2adafb,,,,,,original,
AUD-CB53D351AD6C5FD5,4 (40).wav,data/raw/gunshot/4 (40).wav,Gunshot,2.0,48000,2,384044,fcc476469cd3c55873ce368a957a2f65afc3193cfb03b1a1743444a305d2f1f0,,,,,,original,
AUD-02B2CAD2DA7D5A07,4 (41).wav,data/raw/gunshot/4 (41).wav,Gunshot,2.0,48000,2,384044,ec182aa34d0a39ab28b1725a19edf18cc553ab6e56d6c578893984070616c626,,,,,,original,
AUD-F0D04249C1525456,4 (42).wav,data/raw/gunshot/4 (42).wav,Gunshot,2.0,48000,2,384044,af6d9cd5755730c9c635920deb1410f749b02af8954126f811ce229758d055ea,,,,,,original,
AUD-73579D8696545D96,4 (43).wav,data/raw/gunshot/4 (43).wav,Gunshot,2.0,48000,2,384044,dc52b62c747b845bdbc0e0017570a45b36e7d23b2794afe37cfb230b302d2fde,,,,,,original,
AUD-CD9EE7BA502753F2,4 (44).wav,data/raw/gunshot/4 (44).wav,Gunshot,2.0,48000,2,384044,e6471cfee92be7ad8c71a8a57a77481cd30f84c820ce74bc24a83bd070fae36e,,,,,,original,
AUD-D396C90B20145DE9,4 (45).wav,data/raw/gunshot/4 (45).wav,Gunshot,2.0,48000,2,384044,5899b48a3da4e28c2e4a8a06a26162a989d4e930ee6503947fc2375a88c3bfa4,,,,,,original,
AUD-721CABFB259A5398,4 (46).wav,data/raw/gunshot/4 (46).wav,Gunshot,2.0,48000,2,384044,f3ea878ce43789b4d9393152c64d4f163cc14cbebec39673331fdfaf6fc780c6,,,,,,original,
AUD-1DB96CD29EF45032,4 (47).wav,data/raw/gunshot/4 (47).wav,Gunshot,2.0,48000,2,384044,21955c2b0f53a3f04f908dccc5732dd929ceb5dae27a4c68edb3566203bb0f26,,,,,,original,
AUD-FA880FDC06725263,4 (48).wav,data/raw/gunshot/4 (48).wav,Gunshot,2.0,48000,2,384044,0a3f314959482755e90718d9f133b4bdeff3f5a01c08c3f79cff1599c68e7e44,,,,,,original,
AUD-546E0E2E4BB05156,4 (49).wav,data/raw/gunshot/4 (49).wav,Gunshot,2.0,48000,2,384044,bcbdecbc9b70774cbbbad01fbf523f37adc35794b9b69e0bdedcb586826bdb2a,,,,,,original,
AUD-6A8CA8955B1F56D1,4 (5).wav,data/raw/gunshot/4 (5).wav,Gunshot,2.0,48000,2,384044,55b4bfbcfbe1b4512541bae9c8f578974e088eaddc72bae399f4080e84b9a613,,,,,,original,
AUD-615A6D8717E659D3,4 (50).wav,data/raw/gunshot/4 (50).wav,Gunshot,2.0,48000,2,384044,95532a8219ac58c3e854ec0f1278cbc1f54e7a2adf4a0378ed4699a9d88da5ec,,,,,,original,
AUD-A68F43F8165B53ED,4 (51).wav,data/raw/gunshot/4 (51).wav,Gunshot,2.0,48000,2,384044,5624e0ed196bcc607ef9e0e2166d890b1a4b01d8b11ed67f868f1936fcd32e8f,,,,,,original,
AUD-48C5487997A251AE,4 (52).wav,data/raw/gunshot/4 (52).wav,Gunshot,2.0,48000,2,384044,2dbdf1733a128ee19b21d16ed45526ff4f20e164517fbef9c5575be21908b9fb,,,,,,original,
AUD-E6D7A4013B3C5A8D,4 (53).wav,data/raw/gunshot/4 (53).wav,Gunshot,2.0,48000,2,384044,5ce073f7e506a3ba92b88adf60d771a11d69e9a2966f85d2f2780cd3e8af663e,,,,,,original,
AUD-CF7DF2A5E0005AB8,4 (54).wav,data/raw/gunshot/4 (54).wav,Gunshot,2.0,48000,2,384044,d791c9cc7a4bc31b52b2f7c4c124584ca1954074afe90e7165e3e547c74fb16f,,,,,,original,
AUD-43C272F541615C9E,4 (55).wav,data/raw/gunshot/4 (55).wav,Gunshot,2.0,48000,2,384044,e6a2aa88fed909bba955ea14c02b5461e5d8dd12814c810ca7b136be92f38b05,,,,,,original,
AUD-6DDEFEB710A8598A,4 (56).wav,data/raw/gunshot/4 (56).wav,Gunshot,2.0,48000,2,384044,f0da28be0828c7203519df9875fb180b609944e0b10a0b5d16d75addcff39845,,,,,,original,
AUD-C1D20A5B3D09520F,4 (57).wav,data/raw/gunshot/4 (57).wav,Gunshot,2.0,48000,2,384044,2bbed9d5e3eac17236aa8da1edbe99c8408c2d20bbaf8043f5c8caa10812e9d1,,,,,,original,
AUD-693C2CD115FA5599,4 (58).wav,data/raw/gunshot/4 (58).wav,Gunshot,2.0,48000,2,384044,ed7ebcd82df3fc69ab74f879c637e160fafc7cae880f0b974cdf5c89253413e3,,,,,,original,
AUD-6867CFFFCD4253A6,4 (59).wav,data/raw/gunshot/4 (59).wav,Gunshot,2.0,48000,2,384044,8c4b153433e28d17371108aacc219efd786472ec7c8dcb5c6ede8a3207299c95,,,,,,original,
AUD-D21C8F82E6A050D7,4 (77).wav,data/raw/gunshot/4 (77).wav,Gunshot,2.0,48000,2,384044,c133a779f0d52e25b141d1acda499f1c50a04ed8bf8e956c282ec93f21ca1375,,,,,,original,
AUD-250AC13390D75F2E,4 (78).wav,data/raw/gunshot/4 (78).wav,Gunshot,2.0,48000,2,384044,ade2962c24237e29757076b9ea19b9b38a058a5c47ba5e30fe8c363a84345739,,,,,,original,
AUD-F7AFA45DD20D5EFC,4 (79).wav,data/raw/gunshot/4 (79).wav,Gunshot,2.0,48000,2,384044,6bfae547ca5c5b3b34c51cecd3f830cbc057e68a67089b3a41cd261a6ee6ea22,,,,,,original,
AUD-AAB0A67DED0354D0,4 (80).wav,data/raw/gunshot/4 (80).wav,Gunshot,2.0,48000,2,384044,1fdfab860aee8da18d054e00c961b4d0692e63c4c2c2f57328a71c461c3ceb67,,,,,,original,
AUD-83456F492DF4591C,4 (81).wav,data/raw/gunshot/4 (81).wav,Gunshot,2.0,48000,2,384044,986742d9162903a091390c2574a1cfd617c8275f33a1878c2e51187530d96e55,,,,,,original,
AUD-05AE5CC76245517D,4 (82).wav,data/raw/gunshot/4 (82).wav,Gunshot,2.0,48000,2,384044,5b0bcebe24db0a75e7862a8b765ddb171b13b39f461ff1b97b254c20f18e4d79,,,,,,original,
AUD-0308F92778655D6E,4 (83).wav,data/raw/gunshot/4 (83).wav,Gunshot,2.0,48000,2,384044,f2836fef8b5d168b14de25b3db4830e6a95bcdcc71ca08cab8cbcd0298e55a77,,,,,,original,
AUD-C4E51E3EEB715E88,4 (84).wav,data/raw/gunshot/4 (84).wav,Gunshot,2.0,48000,2,384044,e4dc6ee269e5be10670ff06f2139125bc96e723f1c666a1c70480b4936a7fbe2,,,,,,original,
AUD-AD5E73A9F30751F2,4 (85).wav,data/raw/gunshot/4 (85).wav,Gunshot,2.0,48000,2,384044,2020c4871f2f153099c735f6b9eb95c0adf1cdb331d894c1b274197fcfd53796,,,,,,original,
AUD-14FCA646891A50DD,4 (86).wav,data/raw/gunshot/4 (86).wav,Gunshot,2.0,48000,2,384044,ef2bbc0a8752162e6bb38868c3cffa2744df1cebb6d0b036ef62b0a7e0e2d0cf,,,,,,original,
AUD-0D3AE0828EE958B8,4 (87).wav,data/raw/gunshot/4 (87).wav,Gunshot,2.0,48000,2,384044,d5fcae0e784e3277ac7c78ca6d2b357f344d2727b1ac47feaa99b03c67d03a86,,,,,,original,
AUD-2DC4D833DD725124,4 (88).wav,data/raw/gunshot/4 (88).wav,Gunshot,2.0,48000,2,384044,b1d381344dfccc4318929aa4261b5e93509599ba2d245413dfa137b5aaa36fb3,,,,,,original,
AUD-D41AD567514554FB,4 (89).wav,data/raw/gunshot/4 (89).wav,Gunshot,2.0,48000,2,384044,10b373d1ced1a21c5d902734033e80b8d882cb50ec075a510be6710163569a0a,,,,,,original,
AUD-7A36723113315609,4 (90).wav,data/raw/gunshot/4 (90).wav,Gunshot,2.0,48000,2,384044,2a220627df51e2e364fa1931a50e74ae6dfed926523afc98db95acd70785825a,,,,,,original,
AUD-3E279E6EC23E5E7C,4 (91).wav,data/raw/gunshot/4 (91).wav,Gunshot,2.0,48000,2,384044,e43132dff379c34a1014cce2db71c17976f5afbcdaee2c11056e93aa86c072e4,,,,,,original,
AUD-5CD0C5192DDF511F,4 (92).wav,data/raw/gunshot/4 (92).wav,Gunshot,2.0,48000,2,384044,6ab4d5cb986f3418f63f373df28c3a339b321147c3b2d389263723695f613ee7,,,,,,original,
AUD-A0FFB8DFC11D5655,4 (93).wav,data/raw/gunshot/4 (93).wav,Gunshot,2.0,48000,2,384044,b3eef8a1f30af4d7473f3a889e83a2c92e2746f95c6bad8c64b9eef903b844df,,,,,,original,
AUD-288B541057295CDD,4 (94).wav,data/raw/gunshot/4 (94).wav,Gunshot,2.0,48000,2,384044,e2b77b89028efc018b96fe2d957d20082fc80be1fde1535cb3aa071752fe94d0,,,,,,original,
AUD-748EE612E4B452EB,4 (95).wav,data/raw/gunshot/4 (95).wav,Gunshot,2.0,48000,2,384044,fb9059b5434a14dc5bae5b91385acbe6480361896cf746f64b0bb8194475b4ba,,,,,,original,
AUD-2249DD34B2105196,4 (96).wav,data/raw/gunshot/4 (96).wav,Gunshot,2.0,48000,2,384044,1851c4b5855aa12f3b689c8f61ea40756a7fba6026a2490fcdd2f22a64fff66e,,,,,,original,
AUD-FA1E6BC8A6545210,4 (97).wav,data/raw/gunshot/4 (97).wav,Gunshot,2.0,48000,2,384044,e8b02887a32901700061c93a412413ba73f9a7dd0b36e6f41bb03a6d2bb2a3f7,,,,,,original,
AUD-8617D70BC46D568E,4 (98).wav,data/raw/gunshot/4 (98).wav,Gunshot,2.0,48000,2,384044,de1fcb8538794cc5801dfceab6ab0b31ba486bc0cea179630ddedd234757aa54,,,,,,original,
AUD-7AEB7446C0715FE0,4 (99).wav,data/raw/gunshot/4 (99).wav,Gunshot,2.0,48000,2,384044,5099515563f30eeddef680047484c2115e082ca852b7f33a86806f840d72f529,,,,,,original,
AUD-DC62C9FF2D525442,5 (1).wav,data/raw/gunshot/5 (1).wav,Gunshot,2.0,48000,2,384044,fbdc1593e8a41b7220ec0df3e505f47e8934903388c90aa19f227d45bfeb6953,AUD-4F794B9217F05461,,,,,original,
AUD-858891AE6601572C,5 (10).wav,data/raw/gunshot/5 (10).wav,Gunshot,2.0,48000,2,384044,03c7a44998230008ae391c7e859fdb6f58489ca9a7f40d68fdb75809fa23f5ab,AUD-8E727E229EC95402,,,,,original,
AUD-F2C968037A5A55A1,5 (100).wav,data/raw/gunshot/5 (100).wav,Gunshot,2.0,48000,2,384044,1b171230a88e93f19672af019059ebee81d812df9a793eb6dafe91ea20e13d3d,AUD-9154F17941575CAD,,,,,original,
AUD-7CD7E71A88445465,5 (11).wav,data/raw/gunshot/5 (11).wav,Gunshot,2.0,48000,2,384044,69711a96655f5cf5bc5b5821a9085ee6ee9780fcffacf8b904c4b2e9ea47a574,AUD-1ED8628889EA576B,,,,,original,
AUD-F90A04C0C2A753CC,5 (12).wav,data/raw/gunshot/5 (12).wav,Gunshot,2.0,48000,2,384044,4d0b650734008efc763f8c89d7d29549ab77ba293ddcf3a96619bd640af63e68,AUD-5DE677B3EE20525B,,,,,original,
AUD-C8A00F71D90D502D,5 (13).wav,data/raw/gunshot/5 (13).wav,Gunshot,2.0,48000,2,384044,485a5bbce0616b8abb7b95adc1add91828b3365b672ef0c46408c7029bf22cb7,AUD-962D7C504A3C5298,,,,,original,
AUD-1A0CB8275E675C9E,5 (14).wav,data/raw/gunshot/5 (14).wav,Gunshot,2.0,48000,2,384044,810e075c79f32b1328c6f1f07f3d36e70fe9fca3a441e8392150165f5fb39a29,AUD-20E420116C3059D1,,,,,original,
AUD-2EE3EAF941305A3F,5 (15).wav,data/raw/gunshot/5 (15).wav,Gunshot,2.0,48000,2,384044,66cc456e5614764fe473d39c983e89e504f9cadd421822852167e32eb3a395d7,AUD-C9B87E21F4BF56CD,,,,,original,
AUD-EE0BB7AE46D059EA,5 (16).wav,data/raw/gunshot/5 (16).wav,Gunshot,2.0,48000,2,384044,a3adc66643ebe5c515bf0d680a7d557ed0e5499c213bc190c19fefa1f39d1ebb,AUD-2D472FD7003C5FEC,,,,,original,
AUD-BEF06BD516A45AC5,5 (17).wav,data/raw/gunshot/5 (17).wav,Gunshot,2.0,48000,2,384044,d7fefe3b339768df010a3d73fdf3c98d99209fcbc5ece8891a56847d7ba0728a,AUD-A544907D7EE3586A,,,,,original,
AUD-45553211508650BD,5 (18).wav,data/raw/gunshot/5 (18).wav,Gunshot,2.0,48000,2,384044,45791fc5915b0557043032b2ec8af6a7b2ea8572aba61c68594e92e65a91dce8,AUD-D4CE5D4549585589,,,,,original,
AUD-39B7364FF1F258EF,5 (19).wav,data/raw/gunshot/5 (19).wav,Gunshot,2.0,48000,2,384044,6cec42ce23432a20418b9850766aee956cb821d9553994395dc3f29260451eb3,AUD-E03D7EB5613E5B32,,,,,original,
AUD-A3881F5E894E5C15,5 (2).wav,data/raw/gunshot/5 (2).wav,Gunshot,2.0,48000,2,384044,530dfe8eaf66934c07adb09969c61226ad0a583ce4e301435ee70df8ece60769,AUD-C66645EC4C5D58F0,,,,,original,
AUD-60D1848412325D12,5 (20).wav,data/raw/gunshot/5 (20).wav,Gunshot,2.0,48000,2,384044,597a8c9f0c4ef7eeda1f1792bc63a2915f996d42517b9b7f463825d10d3a5ffb,AUD-8C348AA81012519D,,,,,original,
AUD-4295FB68E47E538B,5 (21).wav,data/raw/gunshot/5 (21).wav,Gunshot,2.0,48000,2,384044,c74dcefc2d3b8ccdf65d3a6c5fbbe853e637740ae8d8a83eda0d83c5edfdea7d,AUD-36EBBFECE4865A86,,,,,original,
AUD-05DB46DC1F1F5BFF,5 (22).wav,data/raw/gunshot/5 (22).wav,Gunshot,2.0,48000,2,384044,af80eca2216c225b54919c65da8d279b445db3b7e6c5704de1895204913288b6,AUD-A89124ABCEB45CA4,,,,,original,
AUD-AB2358593AAD5BBD,5 (23).wav,data/raw/gunshot/5 (23).wav,Gunshot,2.0,48000,2,384044,d9641f7235ca9adedfbd0700e5d0bd8e239251c8819e86846ccd535f5f5b4b63,AUD-450D2A7F401B529F,,,,,original,
AUD-E0019094D4CF5544,5 (24).wav,data/raw/gunshot/5 (24).wav,Gunshot,2.0,48000,2,384044,c1428fb7da2206c6b1f398c5c91d13848a71f1c1abaf7c754cd2c4319f237af0,AUD-C2DF1AA6E8D658FA,,,,,original,
AUD-265A549D4A5E59D2,5 (25).wav,data/raw/gunshot/5 (25).wav,Gunshot,2.0,48000,2,384044,9e148e7621fd0818f5a83522a62f623bdb4666214319ded3a8535b2ef994b3de,AUD-9930A2AF16D558B0,,,,,original,
AUD-F5560B6277725613,5 (26).wav,data/raw/gunshot/5 (26).wav,Gunshot,2.0,48000,2,384044,1e0a1cdb63e979baa6b2b0a1ade9169456e05a4bd657baad72dd70b74b5640c6,AUD-66921A6B65B35466,,,,,original,
AUD-0A89410086E554F9,5 (27).wav,data/raw/gunshot/5 (27).wav,Gunshot,2.0,48000,2,384044,179cf8e97dba8b540799e2b33b79aa0bfea572a317d3cb484f3e1e067e599270,AUD-7D4D6FE920485F84,,,,,original,
AUD-B61E6D3F92975499,5 (28).wav,data/raw/gunshot/5 (28).wav,Gunshot,2.0,48000,2,384044,b1c605a5fbfab2304ae564c81f5be0c8b07e408614e85500e4752c41ba112259,AUD-E59179B0766E538A,,,,,original,
AUD-CA68B96787645F1D,5 (29).wav,data/raw/gunshot/5 (29).wav,Gunshot,2.0,48000,2,384044,6856e65221dbdf2d2180eb45ba517eb7224c10f2e29e7aa117b62029c8d38198,AUD-8204D6A4A3CD5AB6,,,,,original,
AUD-0C82008D12FF5255,5 (3).wav,data/raw/gunshot/5 (3).wav,Gunshot,2.0,48000,2,384044,c3814ddbc0443aa9a9590160553ffb3dde773bfcadd7ab143ded892f6bef50ca,AUD-10FEB254AF36501D,,,,,original,
AUD-3E642C09992F5EB9,5 (30).wav,data/raw/gunshot/5 (30).wav,Gunshot,2.0,48000,2,384044,4dcf5eb6694e82db86b511bb4eeab955feeb5a71171a057c29847c6f1d6173e6,AUD-8B850BB763195903,,,,,original,
AUD-86EF699F436055A8,5 (57).wav,data/raw/gunshot/5 (57).wav,Gunshot,2.0,48000,2,384044,2bbed9d5e3eac17236aa8da1edbe99c8408c2d20bbaf8043f5c8caa10812e9d1,AUD-C1D20A5B3D09520F,,,,,original,
AUD-307BCFD55176584C,5 (58).wav,data/raw/gunshot/5 (58).wav,Gunshot,2.0,48000,2,384044,ed7ebcd82df3fc69ab74f879c637e160fafc7cae880f0b974cdf5c89253413e3,AUD-693C2CD115FA5599,,,,,original,
AUD-4D376094C0DD5423,5 (59).wav,data/raw/gunshot/5 (59).wav,Gunshot,2.0,48000,2,384044,8c4b153433e28d17371108aacc219efd786472ec7c8dcb5c6ede8a3207299c95,AUD-6867CFFFCD4253A6,,,,,original,
AUD-B9EE8F05298059B2,5 (60).wav,data/raw/gunshot/5 (60).wav,Gunshot,2.0,48000,2,384044,dfcea5e5a423f3f115337411b6439ca7a5cdb29f5f6a2fcfae20d271e83c8cc6,,,,,,original,
AUD-FE372570C3715339,5 (61).wav,data/raw/gunshot/5 (61).wav,Gunshot,2.0,48000,2,384044,3dda1ac77f22fcda55beab24eb8d56e153504b79b6d7b92a430809ecb44a522c,,,,,,original,
AUD-C195D4668F69529C,5 (62).wav,data/raw/gunshot/5 (62).wav,Gunshot,2.0,48000,2,384044,519eed42217fac2570ec383cd6a61e12ef5ef2923d81a605994aa56749b4eaf5,,,,,,original,
AUD-16CB5BAA1944553C,5 (63).wav,data/raw/gunshot/5 (63).wav,Gunshot,2.0,48000,2,384044,bc5dad30bb59feb6ac3a0ae8d3be0502fc06ba2a994db1dcc179e6a7fbf7e7b6,,,,,,original,
AUD-7EB6A762A43053E9,5 (64).wav,data/raw/gunshot/5 (64).wav,Gunshot,2.0,48000,2,384044,e24d1968ce2e5bffb06ac074b7256921f37cbc5ebd17c1d3c226b6bd1f8b0b91,,,,,,original,
AUD-5C336B62E8E85089,5 (65).wav,data/raw/gunshot/5 (65).wav,Gunshot,2.0,48000,2,384044,43907738a18e4ccc79d6617559cbbbab698b56f2786a3be288b05223f7cd2645,,,,,,original,
AUD-ED81830EEB835898,5 (66).wav,data/raw/gunshot/5 (66).wav,Gunshot,2.0,48000,2,384044,c2df7e228a359c489ad85aee69c010c03cdeb34fec3500d31034220ad51200ed,,,,,,original,
AUD-2CC32AF0BFB15536,5 (67).wav,data/raw/gunshot/5 (67).wav,Gunshot,2.0,48000,2,384044,e32b851a605488d4dd1f5bcadbf46b1ba495cfdcc20b10e219f14c6470b4ce69,,,,,,original,
AUD-5440F358CECD5F23,5 (68).wav,data/raw/gunshot/5 (68).wav,Gunshot,2.0,48000,2,384044,4dc46bf73104e328c2d66b9065e246ef6ce8f9e9120cda22cc1c9665ae47d2da,,,,,,original,
AUD-8AE7390EBF125208,5 (69).wav,data/raw/gunshot/5 (69).wav,Gunshot,2.0,48000,2,384044,8f91e7d43587641c9a2d9bfe6e8f222ad94d0873c1570a2e1703bba144741e85,,,,,,original,
AUD-C4B522524CAC52FA,5 (70).wav,data/raw/gunshot/5 (70).wav,Gunshot,2.0,48000,2,384044,1bb7a885db183af1f4932347b6c2022e97ad6bcf146a90298838126113e88c34,,,,,,original,
AUD-953D6F1212655B7B,5 (71).wav,data/raw/gunshot/5 (71).wav,Gunshot,2.0,48000,2,384044,17fc084085e2a2d5d3ca332b30fcc0bdc6614d5ba4d6216c12e2b1daa2ef6f92,,,,,,original,
AUD-1673F94B2D5E5177,5 (72).wav,data/raw/gunshot/5 (72).wav,Gunshot,2.0,48000,2,384044,72cb0b2012798cce365a7e442694dccba898ab5ce8f5f203b8f990843b61f1db,,,,,,original,
AUD-1F26568E252B57FC,5 (73).wav,data/raw/gunshot/5 (73).wav,Gunshot,2.0,48000,2,384044,33edb74b72ee883cedc02f650f24156e3b01b58aac7d903c258bcbc3ebdb2c70,,,,,,original,
AUD-878B36BDEAA8581E,5 (74).wav,data/raw/gunshot/5 (74).wav,Gunshot,2.0,48000,2,384044,5e5c93d10e976d39ff13b1c4cc43fb88158835143b21fa99e087fcd84639660b,,,,,,original,
AUD-2754F5FF12F651E7,5 (75).wav,data/raw/gunshot/5 (75).wav,Gunshot,2.0,48000,2,384044,ac1ad2b4ffcac12ef3d2f5aeb0af4c125d1a62f06c43bceffb5de5080552fc7d,,,,,,original,
AUD-AE132600E7A65110,5 (76).wav,data/raw/gunshot/5 (76).wav,Gunshot,2.0,48000,2,384044,25e472f58f59e7bedffed2c20ced97243b840b8f10bcc9e12352317d9b4455aa,,,,,,original,
AUD-88D268DCFB485994,5 (77).wav,data/raw/gunshot/5 (77).wav,Gunshot,2.0,48000,2,384044,c133a779f0d52e25b141d1acda499f1c50a04ed8bf8e956c282ec93f21ca1375,AUD-D21C8F82E6A050D7,,,,,original,
AUD-CE8418CDE14B5666,5 (78).wav,data/raw/gunshot/5 (78).wav,Gunshot,2.0,48000,2,384044,ade2962c24237e29757076b9ea19b9b38a058a5c47ba5e30fe8c363a84345739,AUD-250AC13390D75F2E,,,,,original,
AUD-90501AD26DB15E8E,5 (79).wav,data/raw/gunshot/5 (79).wav,Gunshot,2.0,48000,2,384044,6bfae547ca5c5b3b34c51cecd3f830cbc057e68a67089b3a41cd261a6ee6ea22,AUD-F7AFA45DD20D5EFC,,,,,original,
AUD-4F258F6D4C3054E4,5 (80).wav,data/raw/gunshot/5 (80).wav,Gunshot,2.0,48000,2,384044,1fdfab860aee8da18d054e00c961b4d0692e63c4c2c2f57328a71c461c3ceb67,AUD-AAB0A67DED0354D0,,,,,original,
AUD-3267C3B1D6B95606,5 (81).wav,data/raw/gunshot/5 (81).wav,Gunshot,2.0,48000,2,384044,986742d9162903a091390c2574a1cfd617c8275f33a1878c2e51187530d96e55,AUD-83456F492DF4591C,,,,,original,
AUD-CBA750A554AF5B10,7 (1).wav,data/raw/gunshot/7 (1).wav,Gunshot,2.0,48000,2,384044,a6bfd23ede31f266fae5eb6ddf07a6d657d9f0ff63f30f67f45535b4d8b8865e,,,,,,original,
AUD-4F1ACD40790750BE,7 (10).wav,data/raw/gunshot/7 (10).wav,Gunshot,2.0,48000,2,384044,d33d3aa395fba097fd3652cd39e5c36adc19a1883498c5746fdc640f0782ad8f,,,,,,original,
AUD-10BD833F21AE5ABE,7 (100).wav,data/raw/gunshot/7 (100).wav,Gunshot,2.0,48000,2,384044,e1f756b087d1ed2a0c96e05960f0bbc326add3fd2a5eb68eb94f85f36b9d48d1,,,,,,original,
AUD-ABFB0E12E30A5D5B,7 (11).wav,data/raw/gunshot/7 (11).wav,Gunshot,2.0,48000,2,384044,1e1a0ccace8871f4314e0664d234002adae276feee0b9efff0a7cc1785f3abcc,,,,,,original,
AUD-C8C4960E84BC5D5F,7 (12).wav,data/raw/gunshot/7 (12).wav,Gunshot,2.0,48000,2,384044,3917ca2ea8de5eb0a2754c839c9fc466c19380c580d7c078947b01de98b9f34c,,,,,,original,
AUD-9FA615927BDE58F3,7 (13).wav,data/raw/gunshot/7 (13).wav,Gunshot,2.0,48000,2,384044,a9df624a1884d0b858b1c3db8846953d288b70efebaa3ccea29727a1c217738d,,,,,,original,
AUD-46249B3044105375,7 (14).wav,data/raw/gunshot/7 (14).wav,Gunshot,2.0,48000,2,384044,0d63a401efc0739301294bfe15d15debea9911c17f1765224494755ef2619d78,,,,,,original,
AUD-293724F4F257565F,7 (15).wav,data/raw/gunshot/7 (15).wav,Gunshot,2.0,48000,2,384044,e9947a9500e2abc46e651d39a3f3349618c43548bb1bb03ab9a925c801c0b624,,,,,,original,
AUD-1C50CEDB9B4358CE,7 (16).wav,data/raw/gunshot/7 (16).wav,Gunshot,2.0,48000,2,384044,6700f3efbb3801ff0e2457da775f0f5812536080369065c314a5d04bbeeeaaab,,,,,,original,
AUD-46469AF71B9158D2,7 (17).wav,data/raw/gunshot/7 (17).wav,Gunshot,2.0,48000,2,384044,cc6f077ebe8c084e48a082fb6e6ab7c8c9bfedc5984b32151f0fff22ef3e407e,,,,,,original,
AUD-FCF4645A2E4C5748,7 (18).wav,data/raw/gunshot/7 (18).wav,Gunshot,2.0,48000,2,384044,9f46578515ef16cdd82e7eb5e9415a70bb78829cf844b51971110331af85b6fa,,,,,,original,
AUD-66BF96115F5E508B,7 (19).wav,data/raw/gunshot/7 (19).wav,Gunshot,2.0,48000,2,384044,7600136f89323c1e3229c81a67e55e32ce0a00e710253835a05934c78c113915,,,,,,original,
AUD-9BAE18AD526A51C1,7 (2).wav,data/raw/gunshot/7 (2).wav,Gunshot,2.0,48000,2,384044,1db824bec9fd067eaca5c7fcf374a57dfb5f82dd43911547bc4198b6a46eb99e,,,,,,original,
AUD-EED2ADA4A4A05DAF,7 (20).wav,data/raw/gunshot/7 (20).wav,Gunshot,2.0,48000,2,384044,27682f34da048151f1a929a7c39a2bf85b7eeeec5dd459863afda24b1b52a33f,,,,,,original,
AUD-3D108CC6C2F95960,7 (21).wav,data/raw/gunshot/7 (21).wav,Gunshot,2.0,48000,2,384044,7bc2f7349119efc4314b6f7674515e584d4696a02ed3f148d4ddee6b9583365f,,,,,,original,
AUD-F141F055D0755822,7 (22).wav,data/raw/gunshot/7 (22).wav,Gunshot,2.0,48000,2,384044,4eb91428cb5914963ac6374e9fa7e21973b86bc892c3051c3003b57d8b2b555e,,,,,,original,
AUD-B0C07A41C9CB5E7C,7 (23).wav,data/raw/gunshot/7 (23).wav,Gunshot,2.0,48000,2,384044,83f5f94b225c6b49ca584883eb71a0cbb3ee33d1a5ffff13bb46f45a088fb893,,,,,,original,
AUD-04FD6E41F6535568,7 (24).wav,data/raw/gunshot/7 (24).wav,Gunshot,2.0,48000,2,384044,fd3c3330d241f50b87739a62383e723504293c954c9f6b41b015be40a52fa92b,,,,,,original,
AUD-616026E194D45DD4,7 (25).wav,data/raw/gunshot/7 (25).wav,Gunshot,2.0,48000,2,384044,d068f1960278d96da7a97682d95a1b65c3fb3f95a5ec6fe73fa13d705dcb5d28,,,,,,original,
AUD-0CB5B6471BAF5860,7 (26).wav,data/raw/gunshot/7 (26).wav,Gunshot,2.0,48000,2,384044,4c9d4f042d9c8638e524c9cdf69301a1fcf976c1ab53ffb2b719c85a8513625c,,,,,,original,
AUD-D9EEE44D78365759,7 (27).wav,data/raw/gunshot/7 (27).wav,Gunshot,2.0,48000,2,384044,4a8a67617b0c62dd82cdfe193abdfb07529f8fa0d030aaf089f5df5dcf14abbc,,,,,,original,
AUD-02A1ED380C1D5825,7 (28).wav,data/raw/gunshot/7 (28).wav,Gunshot,2.0,48000,2,384044,af01bee5a9eca5c3be8627312a5548a2d9862b31da7367a9cd949678fa3eeb2c,,,,,,original,
AUD-349A979008E35137,7 (29).wav,data/raw/gunshot/7 (29).wav,Gunshot,2.0,48000,2,384044,5377aaf6f70482cfde15cfa4a00eccfa5ad7d57b83b22a95e5517c76eab14ac4,,,,,,original,
AUD-C3B3DE58441D5D0B,7 (3).wav,data/raw/gunshot/7 (3).wav,Gunshot,2.0,48000,2,384044,f52fd101bdc6a6662c7e85bdd029b0a9cb154b534acaa6163df35bf5f19f7c6e,,,,,,original,
AUD-7D9FFCD3ED465693,7 (30).wav,data/raw/gunshot/7 (30).wav,Gunshot,2.0,48000,2,384044,c89722ff5925481a1410329b9b4ebc0e9bfbec1327f15a7ab7c2e7d4940e29dd,,,,,,original,
AUD-C3E7B38C6BEB50EC,7 (31).wav,data/raw/gunshot/7 (31).wav,Gunshot,2.0,48000,2,384044,d2f84e3775031c85a1cddc7bd6edadef1de656cd96a621be5ebb8cd3834f23f1,,,,,,original,
AUD-79938A69C5055D51,7 (32).wav,data/raw/gunshot/7 (32).wav,Gunshot,2.0,48000,2,384044,7ca8da1d5406811d44b39170dcf1c64ca46339fc70ca27dae0737e47e619e917,,,,,,original,
AUD-D7AE08CCDF4C5DB6,7 (33).wav,data/raw/gunshot/7 (33).wav,Gunshot,2.0,48000,2,384044,ebbffbe9bd4681748d277bbf6e482a95829906c194f64e67e20c6fd2709f9d1f,,,,,,original,
AUD-B94AE075DDE65594,7 (34).wav,data/raw/gunshot/7 (34).wav,Gunshot,2.0,48000,2,384044,1dbf96978e6b450d2210a3901b82c3d34cfaa9ab961bb495b595ac4ab541b76c,,,,,,original,
AUD-321ACB93D1D65EC4,7 (35).wav,data/raw/gunshot/7 (35).wav,Gunshot,2.0,48000,2,384044,15cec122305b3eb031172133a4be365bffebbd0881f2bcd62356cb1a6cdd047a,,,,,,original,
AUD-FA0DFC34DEEF5C2F,7 (36).wav,data/raw/gunshot/7 (36).wav,Gunshot,2.0,48000,2,384044,f69f8c0d8c85fe3eca544cc5fb7d3fac092a15211b2247b90b238c4ef75e23df,,,,,,original,
AUD-767842084130592D,7 (37).wav,data/raw/gunshot/7 (37).wav,Gunshot,2.0,48000,2,384044,a05def3a7f5449970651506b06a589bc00f35a8edb68cde3a120d7bf6014a5ba,,,,,,original,
AUD-4FC538586EE35508,7 (38).wav,data/raw/gunshot/7 (38).wav,Gunshot,2.0,48000,2,384044,749c4676d289b83f65d2d7fcf82828c0e17ba71de9a48441de2e3938ebc2778b,,,,,,original,
AUD-7E8E9403C3285C9F,7 (39).wav,data/raw/gunshot/7 (39).wav,Gunshot,2.0,48000,2,384044,e1c28ad8a43e5399f3b4b96c9150bf4d1ab52fc564882eb3103ba29e304cf4b1,,,,,,original,
AUD-E0ADCBE5CFF55931,7 (4).wav,data/raw/gunshot/7 (4).wav,Gunshot,2.0,48000,2,384044,a9e4355371bd860be2c78fe60b7cf42e5534c08aceef18289ea52c30f28f849f,,,,,,original,
AUD-B9A5B064F5925592,7 (40).wav,data/raw/gunshot/7 (40).wav,Gunshot,2.0,48000,2,384044,efdd6b824c96ec7b8fa403173d17f37154d57bb77554f6e42bafafd0c7d8242a,,,,,,original,
AUD-FB1B1FA8703655B9,7 (41).wav,data/raw/gunshot/7 (41).wav,Gunshot,2.0,48000,2,384044,133fec2f73e28b638da7aed05dade1148dc632c8ed6e559d993195529b8c5bab,,,,,,original,
AUD-5E77FA02317B5BA5,7 (42).wav,data/raw/gunshot/7 (42).wav,Gunshot,2.0,48000,2,384044,212fb90aee15d8e04ae00a2de09c39bf20e213186e47ab74c468cb445a5e6142,,,,,,original,
AUD-8CD8B85080B05B98,7 (43).wav,data/raw/gunshot/7 (43).wav,Gunshot,2.0,48000,2,384044,61f6b77be2332a68389041f5c75dfe4aa77c9ecd8c349473ab3dd5087d8f6752,,,,,,original,
AUD-6E798203151252A7,7 (44).wav,data/raw/gunshot/7 (44).wav,Gunshot,2.0,48000,2,384044,7a9cecc7756a4821b9a06d4e194138d0626253eb09b0b3efb9d1f70177a3d70d,,,,,,original,
AUD-AA4CE041A22B5AE2,7 (45).wav,data/raw/gunshot/7 (45).wav,Gunshot,2.0,48000,2,384044,2b2bb80a1423644c5a9c55e20a0c689ada105d5c192f7d488de4ccf1f91a3571,,,,,,original,
AUD-17882077EAB452FC,7 (46).wav,data/raw/gunshot/7 (46).wav,Gunshot,2.0,48000,2,384044,12a8a6590131194d068a392386b7a0ab61c7f03cf48dfcac9d6a888e40073285,,,,,,original,
AUD-A1DC5363AB6A5581,7 (47).wav,data/raw/gunshot/7 (47).wav,Gunshot,2.0,48000,2,384044,f195d542b2dab5f36d2545d26e08465dc525d0934fa69e073dedcb3080ad1320,,,,,,original,
AUD-2B89977AA71F5258,7 (48).wav,data/raw/gunshot/7 (48).wav,Gunshot,2.0,48000,2,384044,b60376cf1c51b4494dc429a4e5ac937b96610bef39e88b50e337b62e613975c4,,,,,,original,
AUD-8DDC337055EA5AB1,7 (49).wav,data/raw/gunshot/7 (49).wav,Gunshot,2.0,48000,2,384044,54a5ef36b470319311034c701068463cc56e82208f871e4319166be6542e9560,,,,,,original,
AUD-B14CF6BCB0995EA1,7 (5).wav,data/raw/gunshot/7 (5).wav,Gunshot,2.0,48000,2,384044,0b609e1a4e11781670c875da70291961208f944c5e0c3750c8fbdaf63b9fbfcb,,,,,,original,
AUD-13B8E4B47C13501E,7 (50).wav,data/raw/gunshot/7 (50).wav,Gunshot,2.0,48000,2,384044,834c65fc2771be27c0a2bc1303b66c7da4ab8bb385440c3b12afb95e2698eaa5,,,,,,original,
AUD-9EAAED18B25E526A,7 (51).wav,data/raw/gunshot/7 (51).wav,Gunshot,2.0,48000,2,384044,e9a46b87600deecc37ba5ed6d82449594459d6716fcd72d9f04647c12a8523fb,,,,,,original,
AUD-E57DA7777EB35387,7 (52).wav,data/raw/gunshot/7 (52).wav,Gunshot,2.0,48000,2,384044,33de16cfc08a90a8f7b92b9faf47d99dafbd668f7d503f2792a9be2287e27f7e,,,,,,original,
AUD-CBA3C351FB595FF2,7 (53).wav,data/raw/gunshot/7 (53).wav,Gunshot,2.0,48000,2,384044,6d878bdd8e6bbb8c60c7fbe005f74d5f25f2045f183b04aa4535fe3ba47df121,,,,,,original,
AUD-185858737DB05237,7 (54).wav,data/raw/gunshot/7 (54).wav,Gunshot,2.0,48000,2,384044,abdf9817b2a3ffd22f03bd3ccd5fdf939d4b370855a6332d4b76222eb3620c5c,,,,,,original,
AUD-3FDB2ABE28D1537D,7 (55).wav,data/raw/gunshot/7 (55).wav,Gunshot,2.0,48000,2,384044,92b803ec97d6b525e7c9e8c440534a55fadc32d8be054692e778750eb9822409,,,,,,original,
AUD-C7F4C8910B4858DD,7 (56).wav,data/raw/gunshot/7 (56).wav,Gunshot,2.0,48000,2,384044,da9f704b52ffd51985d60c851d5d2eed70126bcdfa82ccead3e0dfef0cebf69f,,,,,,original,
AUD-E03D9465202E5918,7 (57).wav,data/raw/gunshot/7 (57).wav,Gunshot,2.0,48000,2,384044,3e3d9432a66bfb677c634dc7326745c1b26b992e24ce11ca356c6a9502edbe53,,,,,,original,
AUD-3EA6281EA570514F,7 (58).wav,data/raw/gunshot/7 (58).wav,Gunshot,2.0,48000,2,384044,08659d4fc2f1628948c27c996683e4d9a48cef1fccd87e826268c14cf59a41f9,,,,,,original,
AUD-07D6A1388AC05C6A,7 (59).wav,data/raw/gunshot/7 (59).wav,Gunshot,2.0,48000,2,384044,8efa759231ab0bbcc5478d3457ca537486fd36a9ccddaabf0898474f5cdd4fe4,,,,,,original,
AUD-AF5A0D75C0615695,7 (6).wav,data/raw/gunshot/7 (6).wav,Gunshot,2.0,48000,2,384044,331d8d3b0fa833456819bb4f3574c955b1c24028e9629644a2535df3c7389565,,,,,,original,
AUD-A7548791E42557C7,7 (60).wav,data/raw/gunshot/7 (60).wav,Gunshot,2.0,48000,2,384044,943ec9a3187bededd3559602e23315a3fe1fda6b955163b432227640fa4c10af,,,,,,original,
AUD-BA834AE3466A5949,7 (61).wav,data/raw/gunshot/7 (61).wav,Gunshot,2.0,48000,2,384044,3f55609c039f5a105556535cad733bab841c7490b4a8cdbab4bde83d9fdf946e,,,,,,original,
AUD-1DD8D80B51195855,7 (62).wav,data/raw/gunshot/7 (62).wav,Gunshot,2.0,48000,2,384044,e369f218105c572532a56d1633341374f755c9cc93bbe6624d7c0a700e8c79a4,,,,,,original,
AUD-360A8A12422A53CF,7 (63).wav,data/raw/gunshot/7 (63).wav,Gunshot,2.0,48000,2,384044,b730dcbf784e99467b04e5d84c97ba837c5fdaede18cc32600ec9e63e08b0017,,,,,,original,
AUD-09DA0418A5875295,7 (64).wav,data/raw/gunshot/7 (64).wav,Gunshot,2.0,48000,2,384044,7d79b4b888ddd4c79325e84820f03edcda1c79adcc11fd277cfa4bc79b734bce,,,,,,original,
AUD-8EB874108BF85677,7 (65).wav,data/raw/gunshot/7 (65).wav,Gunshot,2.0,48000,2,384044,6ede32509235207a51f391b0ca792c7148cf654f972b72276481cd168f48d021,,,,,,original,
AUD-70C632FD5F945E56,7 (66).wav,data/raw/gunshot/7 (66).wav,Gunshot,2.0,48000,2,384044,8f898048b6ace116ed30222f9cca685e722bfc0b5f23c6a2826cfea39291b12a,,,,,,original,
AUD-60494B422417534B,7 (67).wav,data/raw/gunshot/7 (67).wav,Gunshot,2.0,48000,2,384044,5a6873f7bbddc9c312956fdd0c8e75fc017ac035be2265c537a5491ad283d950,,,,,,original,
AUD-E293DF75B7045A7E,7 (68).wav,data/raw/gunshot/7 (68).wav,Gunshot,2.0,48000,2,384044,a8290ce3f2f35c03947520e70b380949cc0785391b06ab64549ea03dc8c1def6,,,,,,original,
AUD-77FD569EDC965B5F,7 (69).wav,data/raw/gunshot/7 (69).wav,Gunshot,2.0,48000,2,384044,f78841bec809ab3499c92b03db1cece4c9274b2b9c6e1e94fbd10e573c0b0c34,,,,,,original,
AUD-66A0FADB61E25E49,7 (7).wav,data/raw/gunshot/7 (7).wav,Gunshot,2.0,48000,2,384044,2ca902ca95eb7acd61a835d5816b0d87bd90344b209257edb9620ebbb0f472bc,,,,,,original,
AUD-B1FB4FFB55BE5489,7 (70).wav,data/raw/gunshot/7 (70).wav,Gunshot,2.0,48000,2,384044,72c19a39334e8f67c7c3961c7f9f8495ea5c0d7d59c1a62074007bb8ca8ef011,,,,,,original,
AUD-BCC0D3838ABB5A29,7 (86).wav,data/raw/gunshot/7 (86).wav,Gunshot,2.0,48000,2,384044,964fa4efb3b3ee8465205e6685ed4da90d3af00873f5add8f8fab719e9f161e7,,,,,,original,
AUD-936F4BFCAC04503C,7 (87).wav,data/raw/gunshot/7 (87).wav,Gunshot,2.0,48000,2,384044,f97b0799014e84c16cbee20cc54d0a80c1e816c5665148c373f5e70b49e1e793,,,,,,original,
AUD-4B25098D9BE85864,7 (88).wav,data/raw/gunshot/7 (88).wav,Gunshot,2.0,48000,2,384044,38aac47f07d0805cfb0c3e4f28935530f74a595b286b09240e89ca99360827d3,,,,,,original,
AUD-62CEAF3F19335B52,7 (89).wav,data/raw/gunshot/7 (89).wav,Gunshot,2.0,48000,2,384044,d8b2c729456700c0b081daa8be45df079898afed7924382160e811c0b6f4a223,,,,,,original,
AUD-5C4200A48C9B58B0,7 (90).wav,data/raw/gunshot/7 (90).wav,Gunshot,2.0,48000,2,384044,240023ffa2f95de029704e1cdb0f88dc26cbffb09aa71b64a3153b4fff27438d,,,,,,original,
AUD-BB370A6BDEEB5852,7 (91).wav,data/raw/gunshot/7 (91).wav,Gunshot,2.0,48000,2,384044,2b820a26b347a98f79bb5ac6a8b03010ba3b1c1bf8f8d184e9062fddab21ffd2,,,,,,original,
AUD-B8A08D058CD254D0,7 (92).wav,data/raw/gunshot/7 (92).wav,Gunshot,2.0,48000,2,384044,d10fd96125d3458ab4e8394b5b6d833fd12a516085862cf8f449e3c414c9fa08,,,,,,original,
AUD-B8BFB09ECE09505C,7 (93).wav,data/raw/gunshot/7 (93).wav,Gunshot,2.0,48000,2,384044,c815da050938efd59860fff2b7e2d39ffcf80d1341e2f36eaaa0e172f4739bc1,,,,,,original,
AUD-914785D59B7450E9,7 (94).wav,data/raw/gunshot/7 (94).wav,Gunshot,2.0,48000,2,384044,3790a1efc891429ee81af7542d0f80c746d91634997174c0662a23dd8388033d,,,,,,original,
AUD-4E19737CA2375F39,7 (95).wav,data/raw/gunshot/7 (95).wav,Gunshot,2.0,48000,2,384044,427dc5ec750fbee908004bf7ad66f676243fb76f9cdfdd3fcf5b7ce4ce664c41,,,,,,original,
AUD-3EBED38C427B5A87,7 (96).wav,data/raw/gunshot/7 (96).wav,Gunshot,2.0,48000,2,384044,95192c372aa4e40f1332f607af9d3aa9fce10fda24915aed913329f7992560df,,,,,,original,
AUD-DD793F2F881F552F,7 (97).wav,data/raw/gunshot/7 (97).wav,Gunshot,2.0,48000,2,384044,3e4dec6c6383bdc2249f1a9c6253f37fe98809e0d12d8a34f2e7820b14f4a98c,,,,,,original,
AUD-BE6FE110D4B45F07,7 (98).wav,data/raw/gunshot/7 (98).wav,Gunshot,2.0,48000,2,384044,5b87e04d70145dbeaf90773ff1c5bfae7fe0b836010950f03ead86ca65d23a66,,,,,,original,
AUD-CBF35F914A495593,7 (99).wav,data/raw/gunshot/7 (99).wav,Gunshot,2.0,48000,2,384044,f34f0e64c96d515272c48fdf7cb5f511b14d6c124362e2cd4bcd82e4ae293130,,,,,,original,
AUD-4D8128513C755F4B,9 (29).wav,data/raw/gunshot/9 (29).wav,Gunshot,1.0,44100,2,177798,e2eafd9862d5cb5b59059ebbe7b66d53fe818898b1fa327bf283f4343df7593d,,,,,,original,
AUD-7EB7F756A743595E,9 (30).wav,data/raw/gunshot/9 (30).wav,Gunshot,1.0,44100,2,177798,08402f8277cbab1a81b4380314a3dfea8ac6c6112037848c76a7411c7c68721d,,,,,,original,
AUD-C0E6BA245334575A,9 (31).wav,data/raw/gunshot/9 (31).wav,Gunshot,1.0,44100,2,177798,1cccc06ca024cd475353dfbfeaa342d4d8bf114aa69da55ba0c0789982bd48d0,,,,,,original,
AUD-741CEB745C9B5607,45344813-fear-scream-230975.mp3,data/raw/panic_scream/45344813-fear-scream-230975.mp3,Panic Scream,0.552,48000,1,17664,2fdbdd9ce73398151a0b8cf319e29a34bddde19367358439581be3e01606085b,,,,,,original,
AUD-332209D868475A37,53439420-bird-angry-screech-scream-call-520671.mp3,data/raw/panic_scream/53439420-bird-angry-screech-scream-call-520671.mp3,Panic Scream,2.4582,44100,1,78576,0c4b7ad9a4bc543f42bcb89d7682ada06985f30181a4189f80d6c479511d4534,,,,,,original,
AUD-ECCC38289AC55583,53439420-flying-monster-screech-02-461220.mp3,data/raw/panic_scream/53439420-flying-monster-screech-02-461220.mp3,Panic Scream,1.7259,44100,2,55170,be5eabf3fb36d89f8bec80a02da2801dd1cca5414aaccb98df5a3bbfe39639c3,,,,,,original,
AUD-C9777FF1F2C05E73,alban_gogh-quot-panic-fear-quot-sound-effect-479998.mp3,data/raw/panic_scream/alban_gogh-quot-panic-fear-quot-sound-effect-479998.mp3,Panic Scream,12.024,48000,2,384768,95209a8ff00838f230af4f8481d7f4f0aa8e38d1262330c65b1fdaf86fcf98c4,,,,,,original,
AUD-A7BE130B4EFD52CD,alex_jauk-insane-funny-scream-199845.mp3,data/raw/panic_scream/alex_jauk-insane-funny-scream-199845.mp3,Panic Scream,2.208,48000,2,70656,fbeab7519078b27bad0d25d2ec7cc36b642982fe42b97b0f984d85ba84cfb8c6,,,,,,original,
AUD-7CE86CD998FF5E88,alex_jauk-loud-scream-181484.mp3,data/raw/panic_scream/alex_jauk-loud-scream-181484.mp3,Panic Scream,1.392,48000,2,44544,1b2ababec0c8031f45aa94d9c67afc2057b6190650ad761203c7611e37a15c6a,,,,,,original,
AUD-F478C6DF8FD15206,alex_jauk-monstrous-scream-187949.mp3,data/raw/panic_scream/alex_jauk-monstrous-scream-187949.mp3,Panic Scream,1.728,48000,2,55296,a9aa763329a2b2934a24c2af73ee310742c5e44d93bda91ff7eece79a871ec45,,,,,,original,
AUD-0F96F1BD14DD5CF3,cannibal_ren-corrupt-scream-312757.mp3,data/raw/panic_scream/cannibal_ren-corrupt-scream-312757.mp3,Panic Scream,14.6446,44100,2,468114,fd9a0c122a09db8a67d38f0f44d0f770374eede9b12d11f697df318f27dd6921,,,,,,original,
AUD-147919AA234E53F5,colto-woman-scream-136558.mp3,data/raw/panic_scream/colto-woman-scream-136558.mp3,Panic Scream,0.9153,44100,2,29257,2fbb2fa1436e73ff6c8bc48b89ddac8f77f91654ee64345ecc4fbe2e39e53b52,,,,,,original,
AUD-539C275CF9745C36,dragon-studio-female-zombie-screams-324744.mp3,data/raw/panic_scream/dragon-studio-female-zombie-screams-324744.mp3,Panic Scream,32.3228,44100,2,1033195,ec3dc032ac9284181c4b156d870ec7fd6f9b8e5d75b5aedbaa19372ac5eab9aa,,,,,,original,
AUD-656D55E634EF5AE1,dragon-studio-pathetic-screaming-sound-effect-312867.mp3,data/raw/panic_scream/dragon-studio-pathetic-screaming-sound-effect-312867.mp3,Panic Scream,8.1068,44100,2,259134,5d6d2f5339e85e73a34add6014fa2c04fa55923980ab32e988ed31764a8d6d4c,,,,,,original,
AUD-DA6DF425A2CE5D5D,dragon-studio-scary-scream-401725.mp3,data/raw/panic_scream/dragon-studio-scary-scream-401725.mp3,Panic Scream,3.312,48000,2,105984,fdd41c91fff4807e99a83f7da05d4322c860c295e8afabb91e2571dd69bece90,,,,,,original,
AUD-80F7AB2AD6845B63,dragon-studio-scream-of-the-zombie-king-353209.mp3,data/raw/panic_scream/dragon-studio-scream-of-the-zombie-king-353209.mp3,Panic Scream,8.1068,44100,2,259134,fa47c443aab07ff3be6b8213d60be4041b591df2d0aab2aca50532d09b1edf78,,,,,,original,
AUD-94837A5F31135DFA,dragon-studio-terrifying-scream-353210.mp3,data/raw/panic_scream/dragon-studio-terrifying-scream-353210.mp3,Panic Scream,8.1068,44100,2,259134,cd89ca0312cdb02d6ee5a7aea442a9f2786408d8dffe0efe377738f7a79839e7,,,,,,original,
AUD-5319D5F8DAFF5A30,dragon-studio-woman-screaming-sfx-screaming-sound-effect-320169.mp3,data/raw/panic_scream/dragon-studio-woman-screaming-sfx-screaming-sound-effect-320169.mp3,Panic Scream,8.1068,44100,2,259134,e7ae5104a2edf7c5f8a2e37eca0c4c810c2e7d440fade7dbeff6b9d325956870,,,,,,original,
AUD-CA72748DE4F85FA1,dragon-studio-zombie-scream-324752.mp3,data/raw/panic_scream/dragon-studio-zombie-scream-324752.mp3,Panic Scream,8.1068,44100,2,259134,ba0057b9e4ccfcb32139ee4fbf2848b6426f972ba31fd4ec5dfd36ed05903e1a,,,,,,original,
AUD-93010302FAFB5D79,dragon-studio-zombie-screech-sound-effect-312865.mp3,data/raw/panic_scream/dragon-studio-zombie-screech-sound-effect-312865.mp3,Panic Scream,8.1068,44100,2,259134,9b80f9503b833e24eb91c789efb0a3942d596c5d608677810fe18ef9aa13c35e,,,,,,original,
AUD-F8E54C523AE05C1B,eandab0t-terrified-scream-243901.mp3,data/raw/panic_scream/eandab0t-terrified-scream-243901.mp3,Panic Scream,1.032,48000,2,33024,cf346ae1310e23fa56bd8a4ed0f9c18a5369a15995ad820db0734f718f173075,,,,,,original,
AUD-2FF08DF698775DC1,freesound_community-029586_crowd-in-panic-66480.mp3,data/raw/panic_scream/freesound_community-029586_crowd-in-panic-66480.mp3,Panic Scream,39.024,24000,2,780480,8554770b7d13ca8b902af30b3eaf309f65e144f6c1676c732889b8f77059d31d,,,,,,original,
AUD-4DF98E7E07845014,freesound_community-033205_human-male-scream-small-crowd-panic-fearmp3-76274.mp3,data/raw/panic_scream/freesound_community-033205_human-male-scream-small-crowd-panic-fearmp3-76274.mp3,Panic Scream,31.776,48000,1,1016832,c657f014389211b185214d5a8480516a4ca38286767fd390f2e39d5064fb7f9f,,,,,,original,
AUD-A9FC575417675ED2,freesound_community-047571_glitchy-robot-scream-64943 (1).mp3,data/raw/panic_scream/freesound_community-047571_glitchy-robot-scream-64943 (1).mp3,Panic Scream,15.192,24000,2,303840,ea1e3439974adfbb32416bff3afc2b551b9ea5f45ab8a71ccc1dcabaf6a8683b,,,,,,original,
AUD-FDE5DBC59EE659A1,freesound_community-047571_glitchy-robot-scream-64943.mp3,data/raw/panic_scream/freesound_community-047571_glitchy-robot-scream-64943.mp3,Panic Scream,15.192,24000,2,303840,ea1e3439974adfbb32416bff3afc2b551b9ea5f45ab8a71ccc1dcabaf6a8683b,AUD-A9FC575417675ED2,,,,,original,
AUD-96469A821CC3545E,freesound_community-062740_creepy-ghost-scream-81907 (1).mp3,data/raw/panic_scream/freesound_community-062740_creepy-ghost-scream-81907 (1).mp3,Panic Scream,7.032,24000,2,140640,73625aeabf38762c2e0e15b8bb10cefbe29ce54f97f9954a3edc431bc74ecf07,,,,,,original,
AUD-16B80A2669CA5B43,freesound_community-062740_creepy-ghost-scream-81907 (2).mp3,data/raw/panic_scream/freesound_community-062740_creepy-ghost-scream-81907 (2).mp3,Panic Scream,7.032,24000,2,140640,73625aeabf38762c2e0e15b8bb10cefbe29ce54f97f9954a3edc431bc74ecf07,AUD-96469A821CC3545E,,,,,original,
AUD-72B43C70BC605863,freesound_community-062740_creepy-ghost-scream-81907.mp3,data/raw/panic_scream/freesound_community-062740_creepy-ghost-scream-81907.mp3,Panic Scream,7.032,24000,2,140640,73625aeabf38762c2e0e15b8bb10cefbe29ce54f97f9954a3edc431bc74ecf07,AUD-96469A821CC3545E,,,,,original,
AUD-CA2BE4343D7656EF,freesound_community-080167_female-scream-02-89290.mp3,data/raw/panic_scream/freesound_community-080167_female-scream-02-89290.mp3,Panic Scream,1.9875,44100,1,63529,2ad418f2707bb8fae03f6a4bdf27e375f771ddce942de5ca3f9ffe986d423bcc,,,,,,original,
AUD-3A3E1429F7CF5A55,freesound_community-3-screams-89133.mp3,data/raw/panic_scream/freesound_community-3-screams-89133.mp3,Panic Scream,3.864,24000,2,77280,7e7795eca95fba029aa4fc523035658c8bb152ac1d6ef7c44e6519031b45c5b8,,,,,,original,
AUD-5AF5CA286F45501A,freesound_community-cartoon-angry-woman-scream-84687.mp3,data/raw/panic_scream/freesound_community-cartoon-angry-woman-scream-84687.mp3,Panic Scream,1.248,24000,2,24960,24abe7e88ef60bd9e428f10ff0d69da9b06ff297ad4383ac1ac1eafb62324feb,,,,,,original,
AUD-35C1D4CD643D5D68,freesound_community-cartoon-scream-1-6835.mp3,data/raw/panic_scream/freesound_community-cartoon-scream-1-6835.mp3,Panic Scream,1.1245,44100,1,35944,cddd08c41d38829a91fd30cc6d92a98beaabe65f246ca357a1ea088d22e83b59,,,,,,original,
AUD-58BF98B126BC5579,freesound_community-chaosmp3-14692.mp3,data/raw/panic_scream/freesound_community-chaosmp3-14692.mp3,Panic Scream,206.112,24000,2,4122240,f44a9d8ba547ed15ef3c139a3e3babe01036edb849c00f8dd5459c834e62c5ad,AUD-3853A909BDA05515,,,,,original,
AUD-617DABB558DF523D,freesound_community-child-scream-96739.mp3,data/raw/panic_scream/freesound_community-child-scream-96739.mp3,Panic Scream,8.208,24000,2,164160,f47d876f1bd5ff22de3bc25ae76b15d3c51bb5fea37626300620110c9e8c6336,,,,,,original,
AUD-D0612BB761D95D5B,freesound_community-cracky-scream-82611.mp3,data/raw/panic_scream/freesound_community-cracky-scream-82611.mp3,Panic Scream,0.6799,44100,1,21733,5b1f683fb2619c536fcb9ee24c4888e27b016b6980a382c7bc6311447bef6f30,,,,,,original,
AUD-14EFE46E668C53C2,freesound_community-crowdpanic-6442.mp3,data/raw/panic_scream/freesound_community-crowdpanic-6442.mp3,Panic Scream,136.248,24000,2,2724960,5a17a08100ea09990d88c180d35724b591eb497a53da68c10970c3b6459ec2a4,,,,,,original,
AUD-983FA0AF51675E62,freesound_community-demonic-woman-scream-6333.mp3,data/raw/panic_scream/freesound_community-demonic-woman-scream-6333.mp3,Panic Scream,3.984,48000,1,127488,3151f8aeef556a455b53c96f2be70780d6329f8d335511f1de30ef947153c9df,,,,,,original,
AUD-5C5302F5B1C05453,freesound_community-elephant-scream-106989.mp3,data/raw/panic_scream/freesound_community-elephant-scream-106989.mp3,Panic Scream,1.5687,22050,1,31347,027e119c230a28d31a12a8ac04399c33e04b519701d0f050e853363eebf3c25f,,,,,,original,
AUD-845030D20F1E54D1,freesound_community-female-scream-1-86768.mp3,data/raw/panic_scream/freesound_community-female-scream-1-86768.mp3,Panic Scream,2.6935,44100,1,86099,6a7eec6024b512af9cf5dfb6ede6f99d7aa1348d7df6b2d5137bbd6be5baf958,,,,,,original,
AUD-8AC03AD96114540F,freesound_community-female-scream-45577.mp3,data/raw/panic_scream/freesound_community-female-scream-45577.mp3,Panic Scream,2.232,24000,2,44640,fedffa4a8b9b09e2f7bf5b5834d8476d122a81d7ca2d1546092e75d16d5841ae,,,,,,original,
AUD-5C767767BB6E5605,freesound_community-girl-scream-45657 (1).mp3,data/raw/panic_scream/freesound_community-girl-scream-45657 (1).mp3,Panic Scream,1.608,24000,2,32160,0641a7390bd74ed57e5251fcb566c2d4db6d8f93899c418f7e9d52594ec39546,,,,,,original,
AUD-45CCCE0B263255A8,freesound_community-girl-scream-45657.mp3,data/raw/panic_scream/freesound_community-girl-scream-45657.mp3,Panic Scream,1.608,24000,2,32160,0641a7390bd74ed57e5251fcb566c2d4db6d8f93899c418f7e9d52594ec39546,AUD-5C767767BB6E5605,,,,,original,
AUD-2F6BDDD4F6E4571F,freesound_community-girl-scream-83987.mp3,data/raw/panic_scream/freesound_community-girl-scream-83987.mp3,Panic Scream,1.368,48000,1,43776,843c5f5625b99ec6c25d00cb9dd8a7d012361be27116407e7e88ab99cf80a6e7,,,,,,original,
AUD-9D40A608EB825EBC,freesound_community-girl_scream-6465.mp3,data/raw/panic_scream/freesound_community-girl_scream-6465.mp3,Panic Scream,2.352,24000,2,47040,c34166f12ddec22fee53ad6f279b4162f2b998f195e68f0afa84e128cb0a302a,,,,,,original,
AUD-E7FBC7B08E5F57A1,freesound_community-goblin-scream-87564.mp3,data/raw/panic_scream/freesound_community-goblin-scream-87564.mp3,Panic Scream,2.496,24000,2,49920,997cb5034156c40cf6f3ddcfc1c08ccd81894e3d7bb66bf15a31b4c6859da6fc,,,,,,original,
AUD-2DE4D90D2C945E39,freesound_community-howie-scream-105591.mp3,data/raw/panic_scream/freesound_community-howie-scream-105591.mp3,Panic Scream,2.472,24000,2,49440,0256c90e2b7c098046b41722ba803a7aa45708c070bb18a85435f63398655936,,,,,,original,
AUD-86F0A82478425E48,freesound_community-injury-scream-86808.mp3,data/raw/panic_scream/freesound_community-injury-scream-86808.mp3,Panic Scream,0.984,48000,1,31488,b8778546cebe116bde1f8c7c24f82b2eccc7eee441d939becc797e04cde095fc,,,,,,original,
AUD-E9AB2FF5931A5032,freesound_community-jump-scare-scream-82738.mp3,data/raw/panic_scream/freesound_community-jump-scare-scream-82738.mp3,Panic Scream,1.344,24000,2,26880,ddc5bb082a954f408a79772f5769fc0801738e7c5c149ae2e4bbaec3bc7ee708,,,,,,original,
AUD-D91F3B172D0858CC,freesound_community-loud-female-scream-41894 (1).mp3,data/raw/panic_scream/freesound_community-loud-female-scream-41894 (1).mp3,Panic Scream,2.2746,22050,1,45453,c3a56bb540c4db6553e9c0dc9e43068c818c9422e64eadca9192712d2c6a9643,,,,,,original,
AUD-D136E17D1C375367,freesound_community-loud-female-scream-41894.mp3,data/raw/panic_scream/freesound_community-loud-female-scream-41894.mp3,Panic Scream,2.2746,22050,1,45453,c3a56bb540c4db6553e9c0dc9e43068c818c9422e64eadca9192712d2c6a9643,AUD-D91F3B172D0858CC,,,,,original,
AUD-A972E73580B45B04,freesound_community-male-scream-81836.mp3,data/raw/panic_scream/freesound_community-male-scream-81836.mp3,Panic Scream,1.08,24000,2,21600,588de47517acc1e2712fe81074c8d5b9a77ac03103d8ab6aa96d85c30e2996cd,,,,,,original,
AUD-F6D37377368C5576,freesound_community-male-scream-95807.mp3,data/raw/panic_scream/freesound_community-male-scream-95807.mp3,Panic Scream,4.704,24000,2,94080,8abfa8c8dde27408ba5a8b60edf17999511f02a8778f63e2c6ea535b20a0b0b7,,,,,,original,
AUD-642951DCAC465173,freesound_community-meltdown-73617.mp3,data/raw/panic_scream/freesound_community-meltdown-73617.mp3,Panic Scream,38.6776,44100,1,1236323,80f0ae9195205dacd13d43bae697642f8bdbbf84975c1743052b97b5c2c80920,,,,,,original,
AUD-84822C77FB525E0F,freesound_community-monster-scream-1-45669.mp3,data/raw/panic_scream/freesound_community-monster-scream-1-45669.mp3,Panic Scream,3.36,24000,2,67200,ede3b9053fe0b1d9acb085b19a2e53353f86a4a79db4420f62882842fbad1d9b,,,,,,original,
AUD-3B4309061FDF53F0,freesound_community-monster-scream-death-101123.mp3,data/raw/panic_scream/freesound_community-monster-scream-death-101123.mp3,Panic Scream,3.768,24000,2,75360,02b599a357540edfd823d0026ef7f46081a3346dcb4aff6de732dea8ffe00b69,,,,,,original,
AUD-8C84DFC7F4515844,freesound_community-monster-zombie-scream-105972.mp3,data/raw/panic_scream/freesound_community-monster-zombie-scream-105972.mp3,Panic Scream,2.712,24000,2,54240,295fc50a43a131db9797bf827f7251393ae7cb40ad5b42d8c5ec9bd0a2328518,,,,,,original,
AUD-4ECCAB641CA85337,freesound_community-nazgul-scream-1-94999.mp3,data/raw/panic_scream/freesound_community-nazgul-scream-1-94999.mp3,Panic Scream,5.28,24000,2,105600,a9bffdfc29b4aed7ee5c5d486bc12c0e22bae2fe73673c819287f2cebb492fe6,,,,,,original,
AUD-915D6969B8145424,freesound_community-panic-squeaks-103142.mp3,data/raw/panic_scream/freesound_community-panic-squeaks-103142.mp3,Panic Scream,1.7521,44100,1,56006,5fc4fb15210db75116d6064b73ad5bfb0ed19fedb459f38fecf52f21451787d9,,,,,,original,
AUD-4988973E77295994,freesound_community-panic-stricken-screaming-1-6880.mp3,data/raw/panic_scream/freesound_community-panic-stricken-screaming-1-6880.mp3,Panic Scream,1.488,48000,1,47616,7d608f913fbdbee08e5b947b0e074fff1729c55ea0bbd45ed162afad3585d716,,,,,,original,
AUD-C87E2243067757FE,freesound_community-scared-and-then-scream-82622.mp3,data/raw/panic_scream/freesound_community-scared-and-then-scream-82622.mp3,Panic Scream,1.8306,44100,1,58514,8ff68f6d8939be9d829b7e7e54960260d98d57d15090a6c8b5b76bc94cb7e9c9,,,,,,original,
AUD-A6466F68F2CE58C2,freesound_community-scary-scream-3-81274.mp3,data/raw/panic_scream/freesound_community-scary-scream-3-81274.mp3,Panic Scream,5.4394,44100,1,173871,c92a8d4944d89bdca6025349696a20f5759bb044807b31b43a6d3fd89991b056,,,,,,original,
AUD-FB990DF9997052CF,freesound_community-scream-104683 (1).mp3,data/raw/panic_scream/freesound_community-scream-104683 (1).mp3,Panic Scream,1.848,48000,1,59136,9ac850e776fc1fd550957e1104642d3254ea6d2aba681daffbbc5200241daca1,,,,,,original,
AUD-284A8A6AC64D5797,freesound_community-scream-104683.mp3,data/raw/panic_scream/freesound_community-scream-104683.mp3,Panic Scream,1.848,48000,1,59136,9ac850e776fc1fd550957e1104642d3254ea6d2aba681daffbbc5200241daca1,AUD-FB990DF9997052CF,,,,,original,
AUD-C93FD57E27F85E82,freesound_community-scream-2-37909.mp3,data/raw/panic_scream/freesound_community-scream-2-37909.mp3,Panic Scream,2.376,24000,2,47520,7e43e378f7da72e6edf330912e8406ba6a70d36f5e16db47a1a3fd561c2e4937,,,,,,original,
AUD-AFBA671589C15A82,freesound_community-scream-40662.mp3,data/raw/panic_scream/freesound_community-scream-40662.mp3,Panic Scream,3.336,24000,2,66720,ec617abf13b9d93ce99c6e2aceba66d4517e2ad1b7317b418ee47ae980ffc865,,,,,,original,
AUD-47D29BD5C50C59D5,freesound_community-scream-6795 (1).mp3,data/raw/panic_scream/freesound_community-scream-6795 (1).mp3,Panic Scream,4.368,24000,2,87360,4d0a2824c2f0073d54613ed8630c551edc9d2b6b997d6ffb40000dcbcc0d666f,,,,,,original,
AUD-5D7E514D97A65A89,freesound_community-scream-6795.mp3,data/raw/panic_scream/freesound_community-scream-6795.mp3,Panic Scream,4.368,24000,2,87360,4d0a2824c2f0073d54613ed8630c551edc9d2b6b997d6ffb40000dcbcc0d666f,AUD-47D29BD5C50C59D5,,,,,original,
AUD-0EA8F6F812F854C3,freesound_community-scream-81768.mp3,data/raw/panic_scream/freesound_community-scream-81768.mp3,Panic Scream,2.352,24000,2,47040,90fb67d5e397728f92b9d672cc9ca322c3cc488acf692d7b221bb3f4ef04ba22,,,,,,original,
AUD-CBCA16B032635C6A,freesound_community-scream-85218.mp3,data/raw/panic_scream/freesound_community-scream-85218.mp3,Panic Scream,5.928,24000,2,118560,8cd86788ac92ae3df73041e85f78949453c0f9baa243f1f6dabe000a5aeac495,,,,,,original,
AUD-634E241C72CF574C,freesound_community-scream-85294.mp3,data/raw/panic_scream/freesound_community-scream-85294.mp3,Panic Scream,2.568,24000,2,51360,7ee5fefc3beef97a55c143d96c668a27286bd27422d2a1ddfef85ca82a686407,,,,,,original,
AUD-13EAF281DB6958B8,freesound_community-scream-85566.mp3,data/raw/panic_scream/freesound_community-scream-85566.mp3,Panic Scream,1.92,24000,2,38400,9e852644f2e78098c2cabc901dc7f2f55598d29dfb9b04644c7d4e9320753a84,,,,,,original,
AUD-01A4326ADDC65DE3,freesound_community-scream-90747.mp3,data/raw/panic_scream/freesound_community-scream-90747.mp3,Panic Scream,6.048,24000,2,120960,f26315ebfce79d84b2cb5f6ac3f5debb12a52e46882f25182c5ceb2f6080c90b,,,,,,original,
AUD-A8D2F9E939B35306,freesound_community-scream-94521 (1).mp3,data/raw/panic_scream/freesound_community-scream-94521 (1).mp3,Panic Scream,1.968,24000,2,39360,a44d7713c45d2c7269f73e5f8f37766fd0d93047f05e1d249ba8311c6815ef94,,,,,,original,
AUD-3CC6B654F03B5B3C,freesound_community-scream-94521.mp3,data/raw/panic_scream/freesound_community-scream-94521.mp3,Panic Scream,1.968,24000,2,39360,a44d7713c45d2c7269f73e5f8f37766fd0d93047f05e1d249ba8311c6815ef94,AUD-A8D2F9E939B35306,,,,,original,
AUD-536EF2F9CE0B5377,freesound_community-scream-and-gasp-103127.mp3,data/raw/panic_scream/freesound_community-scream-and-gasp-103127.mp3,Panic Scream,0.9414,44100,1,30093,8e980b87f1fdd2450aa09d677ce123f05ebb69932b97b2d364ac99633fc75a94,,,,,,original,
AUD-6ABB78F90EFB5E10,freesound_community-scream-with-echo-46585.mp3,data/raw/panic_scream/freesound_community-scream-with-echo-46585.mp3,Panic Scream,5.856,24000,2,117120,2e56cdf85115baa52e68ca84a1456fd9b7d17e0e48f9c1d1ae603f1ef606375b,,,,,,original,
AUD-4A99ADE64BD95E9D,freesound_community-short-monster-scream-105026.mp3,data/raw/panic_scream/freesound_community-short-monster-scream-105026.mp3,Panic Scream,3.648,24000,2,72960,31509a2a1b39b488603f17f3ab92c3c1000e8cdf49733c7a337d7d482f84ae5f,,,,,,original,
AUD-DE874A2A7C42533B,freesound_community-smirnoff-scream-101259.mp3,data/raw/panic_scream/freesound_community-smirnoff-scream-101259.mp3,Panic Scream,1.872,48000,1,59904,b263d734a6df35a335ec8dd35cfee8f02257fa08bb2c723a16fac49e4a62e568,,,,,,original,
AUD-7626A087BA0250D0,freesound_community-terror-scream-grito-terror-101302.mp3,data/raw/panic_scream/freesound_community-terror-scream-grito-terror-101302.mp3,Panic Scream,4.632,48000,1,148224,a3e1a625266dcd515df52a560254321809a311b4c14bb53fb9de678b3b9f53f3,,,,,,original,
AUD-72360FAD0A0457C0,freesound_community-wild-scream-104973.mp3,data/raw/panic_scream/freesound_community-wild-scream-104973.mp3,Panic Scream,2.4582,44100,1,78576,b24eb84a21d5a4f3ad99a8db77d17c40457f41290968522213151dae90ef3747,,,,,,original,
AUD-2958BD6CA4335AAF,freesound_community-woman-scream-71194.mp3,data/raw/panic_scream/freesound_community-woman-scream-71194.mp3,Panic Scream,27.96,24000,2,559200,0088102a319a10864b00d0c0cfa24ea28e014def9f0823350f7e932409ce2dae,,,,,,original,
AUD-2C5F634CEA265CD1,freesound_community-yet-another-scream-103099.mp3,data/raw/panic_scream/freesound_community-yet-another-scream-103099.mp3,Panic Scream,0.8891,44100,1,28421,8896557f6fd744e4f7a535c59a34fabb303d7e31ddf0da31f5611e6926d7c74b,,,,,,original,
AUD-CAA7D2C7F4905957,freesound_community-yet-another-scream-again-82679 (1).mp3,data/raw/panic_scream/freesound_community-yet-another-scream-again-82679 (1).mp3,Panic Scream,0.7322,44100,1,23405,43cb418de18a73d077f49b4b07579bacc724d4ceefdb6bf999f7d902a402e99d,,,,,,original,
AUD-B4E66C923A125572,freesound_community-yet-another-scream-again-82679.mp3,data/raw/panic_scream/freesound_community-yet-another-scream-again-82679.mp3,Panic Scream,0.7322,44100,1,23405,43cb418de18a73d077f49b4b07579bacc724d4ceefdb6bf999f7d902a402e99d,AUD-CAA7D2C7F4905957,,,,,original,
AUD-9D1B9CF26FC65E4C,freesound_community-young-panic-60419 (1).mp3,data/raw/panic_scream/freesound_community-young-panic-60419 (1).mp3,Panic Scream,30.792,24000,2,615840,9feed1331808987c8b9fa5b694a69771d4210fc7b2c1bf09745d3424aac213e1,,,,,,original,
AUD-1372B38BC399537C,freesound_community-young-panic-60419.mp3,data/raw/panic_scream/freesound_community-young-panic-60419.mp3,Panic Scream,30.792,24000,2,615840,9feed1331808987c8b9fa5b694a69771d4210fc7b2c1bf09745d3424aac213e1,AUD-9D1B9CF26FC65E4C,,,,,original,
AUD-71D5C8135B805910,gsmsea-dinosaur-roar-or-scream-2-431297.mp3,data/raw/panic_scream/gsmsea-dinosaur-roar-or-scream-2-431297.mp3,Panic Scream,3.42,16000,1,68400,b012128d637cab4aecf8e6679bc69a65f32db3ec2b3f430b744a844c986256f3,,,,,,original,
AUD-025079D323F35D7A,gsmsea-dinosaur-roar-or-scream-8-431294 (1).mp3,data/raw/panic_scream/gsmsea-dinosaur-roar-or-scream-8-431294 (1).mp3,Panic Scream,4.284,16000,1,85680,144a75c700dac820af9fb4b77a865470b8ade69f97146f0e29bee346c921dad1,,,,,,original,
AUD-FD2F8A2286BA5312,gsmsea-dinosaur-roar-or-scream-8-431294.mp3,data/raw/panic_scream/gsmsea-dinosaur-roar-or-scream-8-431294.mp3,Panic Scream,4.284,16000,1,85680,144a75c700dac820af9fb4b77a865470b8ade69f97146f0e29bee346c921dad1,AUD-025079D323F35D7A,,,,,original,
AUD-C95609E9C6B65C92,gsmsea-shark-eerie-scream-terrifying-growling-and-screaming-17-433581.mp3,data/raw/panic_scream/gsmsea-shark-eerie-scream-terrifying-growling-and-screaming-17-433581.mp3,Panic Scream,4.0534,44100,1,129567,e647c37b09633ddc927f021b6883f24cca643fb258326909ab687c0e0447dc45,,,,,,original,
AUD-57C1D9EF5D4D5408,haruudu-loud-fearful-human-scream-595276.mp3,data/raw/panic_scream/haruudu-loud-fearful-human-scream-595276.mp3,Panic Scream,6.7731,44100,2,216502,51f6e9449b9a92a90b082fda085c574252ca55420bec3f0743aa7c94989fcf90,,,,,,original,
AUD-E6888891B96F5E9A,iedurodrigues-eagle-scream-112940.mp3,data/raw/panic_scream/iedurodrigues-eagle-scream-112940.mp3,Panic Scream,1.7783,44100,2,56842,578cabdec1ba166a4a8acc8ccf054bfae5eedcc0034df8c89548b3c681008f9a,,,,,,original,
AUD-92522398566158D1,jesuschristisgod-woman-enraged-fearful-scream-sound-effect-322706.mp3,data/raw/panic_scream/jesuschristisgod-woman-enraged-fearful-scream-sound-effect-322706.mp3,Panic Scream,10.9312,44100,2,349413,1885f3f24308a6a31f191a14351500aaedd7d351524c348a72d982ed1ea92258,,,,,,original,
AUD-B722F48EF8125B85,jusatti890-scream-horror-sfx-490884.mp3,data/raw/panic_scream/jusatti890-scream-horror-sfx-490884.mp3,Panic Scream,10.032,48000,2,321024,5a326b13b2c5307cf2d4c7472a24886db1c98bd2f71569765990d3c96d03bde8,,,,,,original,
AUD-CEBAC08C6BCF5464,jusatti890-scream-horror-sfx-490888.mp3,data/raw/panic_scream/jusatti890-scream-horror-sfx-490888.mp3,Panic Scream,14.112,48000,2,451584,c8e3b3b1598a3bcca874fc69e87e55e55eef0d38a0a0fe14e40df2a95067a875,,,,,,original,
AUD-061F435A02CA5DE1,jusatti890-scream-horror-sfx-490893.mp3,data/raw/panic_scream/jusatti890-scream-horror-sfx-490893.mp3,Panic Scream,14.112,48000,2,451584,49c0a983cf49bfddaf1d2668720d932887b1231e8cb0a5621127a66022cba061,,,,,,original,
AUD-FC18DA7A5FBE51D6,jusatti890-scream-horror-sfx-490899.mp3,data/raw/panic_scream/jusatti890-scream-horror-sfx-490899.mp3,Panic Scream,18.24,48000,2,583680,c1f5c93c1a5f2afac52780d3e5310e8379ec5286c8d935c037ebc69a2d312bd0,,,,,,original,
AUD-BE61EAC73C015BAC,jusatti890-scream-horror-sfx-490902.mp3,data/raw/panic_scream/jusatti890-scream-horror-sfx-490902.mp3,Panic Scream,18.24,48000,2,583680,5838011a670d02c2cc98436a0642a5498a490332d503cad3d405bbb9e4e45110,,,,,,original,
AUD-53760F7E5A50585D,jusatti890-scream-horror-sfx-490905.mp3,data/raw/panic_scream/jusatti890-scream-horror-sfx-490905.mp3,Panic Scream,18.24,48000,2,583680,ac451d653d8c73013ce1d9e51a1095c89250b24b47303cfd7f4be27d21006b4c,,,,,,original,
AUD-EB56E2B8FD705940,jusatti890-scream-horror-sfx-490908.mp3,data/raw/panic_scream/jusatti890-scream-horror-sfx-490908.mp3,Panic Scream,18.24,48000,2,583680,c952c9a3d589a1aa23d6b122dff75c5f66efda2ab9caa40e5e2b211e2bb3cc08,,,,,,original,
AUD-483313EAA97F5DCA,jusatti890-scream-horror-sfx-490909.mp3,data/raw/panic_scream/jusatti890-scream-horror-sfx-490909.mp3,Panic Scream,30.024,48000,2,960768,a4ea93ef85bb0f0baa136a1cf5d782efb08e37ec6483a8f0ed3d1e6d6f097384,,,,,,original,
AUD-53644D7D674455CA,jusatti890-scream-horror-sfx-490910.mp3,data/raw/panic_scream/jusatti890-scream-horror-sfx-490910.mp3,Panic Scream,30.024,48000,2,960768,846405809567e1193bb4d232832843d48d19bce0eaea2ff4befa5c6e3044e7c7,,,,,,original,
AUD-66C89D610DD65223,jusatti890-scream-horror-sfx-490914.mp3,data/raw/panic_scream/jusatti890-scream-horror-sfx-490914.mp3,Panic Scream,30.024,48000,2,960768,0c2eb7247731d685526f3b3ae0e779a73567723cba77383305ee70c3f32b7e4f,,,,,,original,
AUD-43F56B3EB49454C0,jusatti890-scream-horror-sfx-490916.mp3,data/raw/panic_scream/jusatti890-scream-horror-sfx-490916.mp3,Panic Scream,30.024,48000,2,960768,546459220e6e53881afb338813967dd7f755f2f16bffcdfb76fc8044eb30634e,,,,,,original,
AUD-7F54C6BF50005B46,jusatti890-scream-sfx-490911.mp3,data/raw/panic_scream/jusatti890-scream-sfx-490911.mp3,Panic Scream,30.024,48000,2,960768,f1faddf8584a48f36252da7321cbbbb78db5e30c843399c5281d3941fc8261ab,,,,,,original,
AUD-D43B9A6F436E59BC,magiaz-scream-of-terror-325532 (1).mp3,data/raw/panic_scream/magiaz-scream-of-terror-325532 (1).mp3,Panic Scream,5.0472,44100,1,161332,80dfb86ab268337860565e481301f1cd5b5e8f45a65828c9be50f58abf180a34,,,,,,original,
AUD-4168491D1B1F548E,magiaz-scream-of-terror-325532.mp3,data/raw/panic_scream/magiaz-scream-of-terror-325532.mp3,Panic Scream,5.0472,44100,1,161332,80dfb86ab268337860565e481301f1cd5b5e8f45a65828c9be50f58abf180a34,AUD-D43B9A6F436E59BC,,,,,original,
AUD-DA8C1AEA2CD2555A,mish7913-hooded-crow-panic-cawing-217458.mp3,data/raw/panic_scream/mish7913-hooded-crow-panic-cawing-217458.mp3,Panic Scream,3.84,48000,1,122880,60b5cc16536ee881e035addc625f5f4e53a29b72d00050bc6e4c0cd2aa6eae34,,,,,,original,
AUD-E90D0EE6173A5CDE,nebutas-japanese-scream-384854.mp3,data/raw/panic_scream/nebutas-japanese-scream-384854.mp3,Panic Scream,1.5429,44100,2,49319,73da1952c28c086c5e6a5e4730c07792d7d06ec93fc964d6d7a4398d65488c34,,,,,,original,
AUD-304A645B0E8759C8,nematoki-falling-man-scream-450793 (1).mp3,data/raw/panic_scream/nematoki-falling-man-scream-450793 (1).mp3,Panic Scream,3.0,48000,2,96000,1907911bf2027e76744aca018d0166d21f0a0771fe247a9d553e9247978b7156,,,,,,original,
AUD-6A5F92C740B1528D,nematoki-falling-man-scream-450793.mp3,data/raw/panic_scream/nematoki-falling-man-scream-450793.mp3,Panic Scream,3.0,48000,2,96000,1907911bf2027e76744aca018d0166d21f0a0771fe247a9d553e9247978b7156,AUD-304A645B0E8759C8,,,,,original,
AUD-9DC78B9F02325C9E,ptl_joe-80s-scream-255968.mp3,data/raw/panic_scream/ptl_joe-80s-scream-255968.mp3,Panic Scream,2.7459,44100,2,87771,ef66c6adb1554887e1b2d29bfc9a8e15ce1c559dd418885b76724991f6c0ba24,,,,,,original,
AUD-468FAB57A92054C8,scottishperson-sound-effect-halloween-scared-woman-scream-01-253233.mp3,data/raw/panic_scream/scottishperson-sound-effect-halloween-scared-woman-scream-01-253233.mp3,Panic Scream,6.1193,44100,2,195604,20f91b55fdb1ce523d9e18bb1d07da4bcaf5cf3abac3d52644fedc7cc1d6990a,,,,,,original,
AUD-A78DD122DDFE50A9,scottishperson-sound-effect-woman-scream-236488.mp3,data/raw/panic_scream/scottishperson-sound-effect-woman-scream-236488.mp3,Panic Scream,0.863,44100,2,27585,d53c57cc465baffddb3679aad497c762368325a1a81650d8f35b2d62c73dfb47,,,,,,original,
AUD-0BB19D1CCC0A54F0,scottishperson-sound-effect-woman-scream-and-glass-breaking-236490.mp3,data/raw/panic_scream/scottishperson-sound-effect-woman-scream-and-glass-breaking-236490.mp3,Panic Scream,4.0273,44100,2,128731,77396b9ce8341f83f799c7905f8a968c6bcafdaf3b28ea1f9de950c96b3538f2,AUD-2761531D0EDE5A88,,,,,original,
AUD-0023E3B1F46551DE,scottishperson-sound-effects-man-screaming-01-247131.mp3,data/raw/panic_scream/scottishperson-sound-effects-man-screaming-01-247131.mp3,Panic Scream,3.3473,44100,2,106997,f0c2a94192e118a289fdd767ef2cf088ff4791d5d0818511b9ab886024aa978f,,,,,,original,
AUD-55026CCA70775785,scottishperson-sound-effects-man-screaming-02-247128.mp3,data/raw/panic_scream/scottishperson-sound-effects-man-screaming-02-247128.mp3,Panic Scream,2.3536,44100,2,75232,9b492b955322d86de7b8a58190aae3d507ea3e318aadea332989d34704ddcdf8,,,,,,original,
AUD-BCE814B17A285ACC,sound-work-sw_30_scream_male_mono-214986.mp3,data/raw/panic_scream/sound-work-sw_30_scream_male_mono-214986.mp3,Panic Scream,17.0505,44100,1,545018,1e68eefcb27e26ba6ba02f42deafbfdecb60374f03f1dabc3141b04e6cb5e60b,,,,,,original,
AUD-7F9CEB6FF0745265,soundreality-metalic-scream-588747.mp3,data/raw/panic_scream/soundreality-metalic-scream-588747.mp3,Panic Scream,44.04,48000,2,1409280,a3dd3104ed0c130851cb736afb5286beccc7963983fb75baa4efba20144ba069,,,,,,original,
AUD-DC6B216C9FFE594E,soundreality-scream-noise-142446.mp3,data/raw/panic_scream/soundreality-scream-noise-142446.mp3,Panic Scream,5.376,48000,2,172032,538383e67360e8b081739e97d6c1cf536695474d4eddf92750fd43d3eff86f7b,,,,,,original,
AUD-55FD9BEE16C657FD,spider_the_band-funny-scream-282982.mp3,data/raw/panic_scream/spider_the_band-funny-scream-282982.mp3,Panic Scream,2.232,48000,2,71424,b1cab6a4369fc66383fba701eb90fecc0dffa9843b3b7b399bb6cba5d7610d51,,,,,,original,
AUD-C7E93ED16AFF5BAD,time-traveling-city-crowd-panic-scream-1-390796.mp3,data/raw/panic_scream/time-traveling-city-crowd-panic-scream-1-390796.mp3,Panic Scream,22.0977,44100,2,706351,0205234108156c3243433d51837ecf767d55dcd052b5d6bb24891602c9833a4e,,,,,,original,
AUD-38A40BC646AC5575,u_503t47r0fo-distant-demonic-scream-and-debris-346596.mp3,data/raw/panic_scream/u_503t47r0fo-distant-demonic-scream-and-debris-346596.mp3,Panic Scream,9.7544,44100,2,311797,f35d5c23af98449867c62f2bb8f4788ba03983cf02e00d69213e1886c2c21766,,,,,,original,
AUD-56FB9A19790258B4,u_7fupvvf5ym-crowd-scream-imatination-232316.mp3,data/raw/panic_scream/u_7fupvvf5ym-crowd-scream-imatination-232316.mp3,Panic Scream,6.1193,44100,2,195604,32aa875c10a178205c09b2021a4acf24ac1533edcaf39ee076efc02ffb68a7d1,,,,,,original,
AUD-4258FABB519A527D,u_8j6rug4s4j-breathing-panic-screaming-illness-109678 (1).mp3,data/raw/panic_scream/u_8j6rug4s4j-breathing-panic-screaming-illness-109678 (1).mp3,Panic Scream,10.3035,44100,2,329351,a4bbc8ad738c46fdf0e8832b939c236d0699b5e1f00efd6f97e0cdeed5908b55,,,,,,original,
AUD-DBD505DBB6C15FB2,u_8j6rug4s4j-breathing-panic-screaming-illness-109678.mp3,data/raw/panic_scream/u_8j6rug4s4j-breathing-panic-screaming-illness-109678.mp3,Panic Scream,10.3035,44100,2,329351,a4bbc8ad738c46fdf0e8832b939c236d0699b5e1f00efd6f97e0cdeed5908b55,AUD-4258FABB519A527D,,,,,original,
AUD-3421D43AF15F5D7C,u_edtmwfwu7c-kid-screaming-329317.mp3,data/raw/panic_scream/u_edtmwfwu7c-kid-screaming-329317.mp3,Panic Scream,4.5241,44100,2,144613,bdade639ec27ebfe78a408fa71061cb4e2bb8f96806c838727ee994c93a9f0f7,,,,,,original,
AUD-5ACAA1F64D9F5B4F,u_jgnlb7n16q-police-panic-button-426357.mp3,data/raw/panic_scream/u_jgnlb7n16q-police-panic-button-426357.mp3,Panic Scream,1.92,48000,2,61440,eea86a3ffb92964ab29afe82d51b11745d44d7221631aa23b35188d618e32b9d,,,,,,original,
AUD-E50DB6327A6650C6,u_k48zvsr64u-girl_scream_arya-531091.mp3,data/raw/panic_scream/u_k48zvsr64u-girl_scream_arya-531091.mp3,Panic Scream,1.992,48000,1,63744,6ed3bf6b4dd8b025689d0765f3034531ff0667d81a0ed069986cab24ecfa1b68,,,,,,original,
AUD-D7FB1C98FC57524C,u_r7cny11q7r-man-death-scream-186763.mp3,data/raw/panic_scream/u_r7cny11q7r-man-death-scream-186763.mp3,Panic Scream,3.3473,44100,2,106997,22b8ed36e6f6f3629fd5bb3040e6a0c5cd9129cfca569bf142a57cba6496871d,,,,,,original,
AUD-DDE0EA4BCB1B5A10,u_xg7ssi08yr-girls-screaming-404388.mp3,data/raw/panic_scream/u_xg7ssi08yr-girls-screaming-404388.mp3,Panic Scream,25.8897,44100,2,827559,a8c79aa1b9422c244d649a18fc285c6c50a08875916d36fb6472a1097ddaf9db,,,,,,original,
AUD-D6D18607A1D150B7,u_xg7ssi08yr-screaming-man-404395.mp3,data/raw/panic_scream/u_xg7ssi08yr-screaming-man-404395.mp3,Panic Scream,13.0233,44100,2,416287,17a6589ee660e85f5b689a8db4c10a01ec8976758fb2bbe8eb18c2ee84b2cb7a,,,,,,original,
AUD-A128E1513E5058CB,universfield-cartoon-scream-323779.mp3,data/raw/panic_scream/universfield-cartoon-scream-323779.mp3,Panic Scream,1.056,48000,2,33792,b1baa10c8c4523a018fd9c3c4ec0a6c82f407fa8f4009ae4ae86918c86660585,,,,,,original,
AUD-A0E0986059105075,universfield-epic-war-combat-scream-352707.mp3,data/raw/panic_scream/universfield-epic-war-combat-scream-352707.mp3,Panic Scream,2.184,48000,2,69888,b2646489ab9a83694a5bab18acae020e2b53e4df6b7f7acdc5f5469b3c6c3e01,,,,,,original,
AUD-C80770C776A455C1,universfield-funny-cartoon-scream-229172.mp3,data/raw/panic_scream/universfield-funny-cartoon-scream-229172.mp3,Panic Scream,2.64,48000,2,84480,ace93d43461bf2f6f5715ccc45f15553ad8b047412bafd0f8d1d7f606f950f1e,,,,,,original,
AUD-4647D1491C045D5B,universfield-funny-male-scream-122084.mp3,data/raw/panic_scream/universfield-funny-male-scream-122084.mp3,Panic Scream,2.249,44100,2,71889,b5091c544551bf0aedce3a8c24cecaab3dfd9651931caa21be430ad2f3d5c1ca,,,,,,original,
AUD-25DD6B53D6FD548F,universfield-horror-scream-131025.mp3,data/raw/panic_scream/universfield-horror-scream-131025.mp3,Panic Scream,1.386,44100,2,44303,2ec48a07a4248430f23828d99899544df5b04b9b2cc3fb66c246e512f0762f94,,,,,,original,
AUD-E58C16B81AA0544A,universfield-male-death-scream-123078.mp3,data/raw/panic_scream/universfield-male-death-scream-123078.mp3,Panic Scream,1.909,44100,2,61022,661dfacf89f153f17b267e299f8f4165609fe0d0dc6b042b3649ed6b4abb1eb0,,,,,,original,
AUD-C0045CEAAFE95922,universfield-male-death-scream-horror-352706.mp3,data/raw/panic_scream/universfield-male-death-scream-horror-352706.mp3,Panic Scream,1.584,48000,2,50688,354b7c53b4f2468856651d0eaec316f966a4f4e1d884bf5e71513e8c52c59574,,,,,,original,
AUD-D890D9DF92415D17,universfield-male-falling-scream-244325.mp3,data/raw/panic_scream/universfield-male-falling-scream-244325.mp3,Panic Scream,2.4,48000,2,76800,649e20ac6c094963511cc6e43e19a33e2cb7fb4f55b96d1407d0f64329633e32,,,,,,original,
AUD-C2E1B7BB0A7957EE,universfield-male-falling-scream-326183.mp3,data/raw/panic_scream/universfield-male-falling-scream-326183.mp3,Panic Scream,3.0858,44100,2,98638,295df2367622b88a11bdc272f81ec9757de9a7c4ada298fbae1cfbc9c390c86c,,,,,,original,
AUD-2B48C2D595CC5CD0,universfield-male-fear-scream-122258.mp3,data/raw/panic_scream/universfield-male-fear-scream-122258.mp3,Panic Scream,3.295,44100,2,105325,d74b2107af156f113eea8c1a670ebc3b0df272105a402b87d9a9f206f5bdbfb5,,,,,,original,
AUD-99DB94AF3D2254B0,universfield-male-horror-scream-02-123079.mp3,data/raw/panic_scream/universfield-male-horror-scream-02-123079.mp3,Panic Scream,1.3075,44100,2,41795,03991bab5f0b070e1b0f995ade6c86bc63f37fda1a9e3142854c3960a63cbb8d,,,,,,original,
AUD-A49FCA2A239350A6,universfield-male-horror-scream-08-352438.mp3,data/raw/panic_scream/universfield-male-horror-scream-08-352438.mp3,Panic Scream,5.088,48000,2,162816,85cc6ef5198151a4ddc4d38246eb8faa4a7ee7f3bb7426b070168fb40746621d,,,,,,original,
AUD-C33FA6ED71965C8A,universfield-male-horror-scream-123080.mp3,data/raw/panic_scream/universfield-male-horror-scream-123080.mp3,Panic Scream,2.0136,44100,2,64365,184bf1d9e5f765056116bb580dddb63daa51e1f313a38f5289ef8eb0564967ff,,,,,,original,
AUD-7C0641A53E625550,universfield-male-scream-121085.mp3,data/raw/panic_scream/universfield-male-scream-121085.mp3,Panic Scream,3.6611,44100,2,117028,96ad7301021c3c7e6bcca9f2fc8caa9a1ae0a9e396f2dd9d7f5252ebb1b88df2,,,,,,original,
AUD-6C463E08CA4F508F,universfield-man-fear-scream-244948.mp3,data/raw/panic_scream/universfield-man-fear-scream-244948.mp3,Panic Scream,2.184,48000,2,69888,a59b94d352a7111940cd3f18f3cab65c97e331c42e61b1e905bb1587b74f9b98,,,,,,original,
AUD-A1724428D9A75FCC,universfield-man-pain-scream-02-567205.mp3,data/raw/panic_scream/universfield-man-pain-scream-02-567205.mp3,Panic Scream,2.0921,44100,2,66873,04effa7f15d4dc9462b0ebdfd9abf177e5a11af490f4e384945d8cb4960da2b8,,,,,,original,
AUD-9527749446C05703,universfield-man-pain-scream-567203.mp3,data/raw/panic_scream/universfield-man-pain-scream-567203.mp3,Panic Scream,2.088,48000,2,66816,374d10b25e0293fc4e8f73b6f4998379821d9ca8b79a0fa6d8ab3ac703345d98,,,,,,original,
AUD-D399B003D858552A,universfield-man-scream-011-278818.mp3,data/raw/panic_scream/universfield-man-scream-011-278818.mp3,Panic Scream,1.392,48000,2,44544,e03707811f1d3195a4e69b96d855ae653cc4425b1cbf2cdaa3605c7f77699dea,,,,,,original,
AUD-DC1997F0909D57B7,universfield-man-scream-03-244943.mp3,data/raw/panic_scream/universfield-man-scream-03-244943.mp3,Panic Scream,4.656,48000,2,148992,05206577826529753b0006731c947ccc8575075d3157b668374a4a4436bcf90d,,,,,,original,
AUD-8B6AB949A114528F,universfield-man-scream-04-252034.mp3,data/raw/panic_scream/universfield-man-scream-04-252034.mp3,Panic Scream,2.376,48000,2,76032,417db8599195dbcc032de55d738aa7f87db208dc8d9dc63689b561d7d34ddbcf,,,,,,original,
AUD-F93E3164AA7A59E6,universfield-man-scream-05-252033.mp3,data/raw/panic_scream/universfield-man-scream-05-252033.mp3,Panic Scream,1.08,48000,2,34560,a82d0e9598a9045ccdb727663c6028a0e94794092d7031bf7df2dc5695a556f9,,,,,,original,
AUD-071AEEA1877F522E,universfield-man-scream-06-276685.mp3,data/raw/panic_scream/universfield-man-scream-06-276685.mp3,Panic Scream,5.088,48000,2,162816,6556a9ba0974fb3dcc4ff02c9e444aa236d6334f287057a69f4d1f556830e187,,,,,,original,
AUD-53D6125E4FED5F63,universfield-man-scream-07-276686.mp3,data/raw/panic_scream/universfield-man-scream-07-276686.mp3,Panic Scream,4.944,48000,2,158208,7bbd2530eb3299096f7b06e4e5493e099c5f28e6db45d3d88b9706a3edf2580e,,,,,,original,
AUD-26EEAE70FA8A5EA0,universfield-man-scream-259682.mp3,data/raw/panic_scream/universfield-man-scream-259682.mp3,Panic Scream,2.136,48000,2,68352,a3b156e2edfba046d9775fb9deb7e4544068b8f1fd571677a4dc377ff5d5a914,,,,,,original,
AUD-638BE3A1F45E525D,universfield-scared-woman-scream-191977.mp3,data/raw/panic_scream/universfield-scared-woman-scream-191977.mp3,Panic Scream,1.569,44100,2,50155,365202e54cc5cdb7814ba50b68128cdd563994947b0331add89d2cc8bbf36148,,,,,,original,
AUD-11A086FD4523570D,universfield-shock-scream-02-277551.mp3,data/raw/panic_scream/universfield-shock-scream-02-277551.mp3,Panic Scream,2.16,48000,2,69120,184864427c67681fd1270b11daccf85cb99d975252e54bb5b7cb4c3cdbd7985a,,,,,,original,
AUD-71EA107DBCAA5C79,universfield-shock-scream-277572.mp3,data/raw/panic_scream/universfield-shock-scream-277572.mp3,Panic Scream,1.368,48000,2,43776,ed7824f6e772524f1629d22a6fa6c22c633d589479bbf0e005e7c516e0c92ca8,,,,,,original,
AUD-C3ECD70401E65B23,untitled-creator-man-screaming-417689.mp3,data/raw/panic_scream/untitled-creator-man-screaming-417689.mp3,Panic Scream,1.92,48000,1,61440,293ec0d292da756a8c25149c69d29fb347999023718dae8d0892cc052becb3cd,,,,,,original,
AUD-9D99E25EBB8A53AB,virtual_vibes-angry-man-yell-sound-hd-379386.mp3,data/raw/panic_scream/virtual_vibes-angry-man-yell-sound-hd-379386.mp3,Panic Scream,8.112,48000,2,259584,5d2a299f09a91846e914d5c97448275cc385e5ce9df486932c844776bfc10b44,,,,,,original,
AUD-5081A424B7B45EDF,virtual_vibes-female-screaming-audio-hd-379382.mp3,data/raw/panic_scream/virtual_vibes-female-screaming-audio-hd-379382.mp3,Panic Scream,8.112,48000,2,259584,c9b700b020d2619c9ae88d6156ab58a7347b75f3f818a4784ffc9eef978862ff,,,,,,original,
AUD-84111BD7AD1E5403,virtual_vibes-loud-female-scream-hd-379380.mp3,data/raw/panic_scream/virtual_vibes-loud-female-scream-hd-379380.mp3,Panic Scream,8.112,48000,2,259584,f0a15b4a7f01a8437eab1976ace3baa6d7f7d170ad25317a74339490793547fe,,,,,,original,
AUD-4D5ACAD1150357E1,virtual_vibes-loud-male-scream-hd-379385.mp3,data/raw/panic_scream/virtual_vibes-loud-male-scream-hd-379385.mp3,Panic Scream,8.112,48000,2,259584,148168e3acc4ed76b6055c51a15dee46adc793a941e8da190cc4c35a5584e046,,,,,,original,
AUD-68081D8CF64A546B,virtual_vibes-male-screaming-audio-hd-379384.mp3,data/raw/panic_scream/virtual_vibes-male-screaming-audio-hd-379384.mp3,Panic Scream,8.112,48000,2,259584,89c381d2343c509152b9ea8e48e198f62901a0188174aa7238b51e578917b1f7,,,,,,original,
AUD-E813E401511655DB,virtual_vibes-man-angry-loud-hd-379383.mp3,data/raw/panic_scream/virtual_vibes-man-angry-loud-hd-379383.mp3,Panic Scream,8.112,48000,2,259584,25938b84dc563887ef323fc848b25549e793acd3a56f9a988ba16bc1d3af06c8,,,,,,original,
AUD-385357627F49584F,virtual_vibes-scary-woman-scream-ultra-realistic-379378.mp3,data/raw/panic_scream/virtual_vibes-scary-woman-scream-ultra-realistic-379378.mp3,Panic Scream,8.112,48000,2,259584,f934bf0b88abf7a874e885b96e708733d885e501508723d35813050126d7f004,,,,,,original,
AUD-85A71DAB19BC547F,virtual_vibes-woman-scream-sound-hd-379381.mp3,data/raw/panic_scream/virtual_vibes-woman-scream-sound-hd-379381.mp3,Panic Scream,8.112,48000,2,259584,64c32ee3cb1345d4b0452e86e0604a79ff42635ac10aa359db7442e4bd40bae6,,,,,,original,
AUD-442EFC9BCB1153F4,wakanatsukiko-female-scream-longer-251068.mp3,data/raw/panic_scream/wakanatsukiko-female-scream-longer-251068.mp3,Panic Scream,2.256,48000,1,72192,4b985371c30ef90680bc74b4fef5da32c7a4c0001671f68d7eada4a04d2da7b4,,,,,,original,
AUD-CEC6098DFB2A575F,wakanatsukiko-female-scream-short-251067.mp3,data/raw/panic_scream/wakanatsukiko-female-scream-short-251067.mp3,Panic Scream,1.752,48000,1,56064,4a04e0df062f4457fcbca40f134a8c4c59aab38ef5033c2c4371ada3c772f64f,,,,,,original,
AUD-E863E95DEB9D5ABC,wolfy_sanic-soft-scream-15981.mp3,data/raw/panic_scream/wolfy_sanic-soft-scream-15981.mp3,Panic Scream,4.176,48000,1,133632,3c3ed9142ec86f6909d6a7e1a6637b15559c5fe666e54e7c17e416f75dcdca71,,,,,,original,
AUD-6382663A6CC55FF8,yodguard-small-monster-scream-580984.mp3,data/raw/panic_scream/yodguard-small-monster-scream-580984.mp3,Panic Scream,0.432,48000,2,13824,77ecdd90f9bfa9d348da89ecf034e6fe63f2f3280bc4f9bb62a4fc8ec472d8f5,,,,,,original,
AUD-E7FDDC628A005E54,01_01_00_02_02.wav,data/raw/person_asking_for_help/01_01_00_02_02.wav,Person Asking for Help,2.9667,48000,2,569796,c7f7dfc85c677e1b9b747dfd8559648b54028b4d85b800492639e9b2855ecda6,,,,,,original,
AUD-F6DF47B150CA54DB,01_01_00_02_09.wav,data/raw/person_asking_for_help/01_01_00_02_09.wav,Person Asking for Help,3.84,48000,2,737324,031c4a8b2c49030d94eaa80729e453229469499c2e5918a489229587a6fa91f4,,,,,,original,
AUD-E65C9E52754359C2,01_01_00_02_13.wav,data/raw/person_asking_for_help/01_01_00_02_13.wav,Person Asking for Help,3.0578,48000,1,293596,4eb89fd666100f44b19038834605fe2ce45bdbe5fd12cd6f50d82e3f17d72615,,,,,,original,
AUD-0279806AC3CA5C81,01_01_01_01_01.wav,data/raw/person_asking_for_help/01_01_01_01_01.wav,Person Asking for Help,2.5282,44100,1,223136,2710e1548229915796e9a10093d56e57cc8bc933aa99d80c4fbf22a164a61549,,,,,,original,
AUD-7A16031F48525403,01_01_01_01_02.wav,data/raw/person_asking_for_help/01_01_01_01_02.wav,Person Asking for Help,3.3385,44100,2,589024,7cca8d9b4fad3f1be8a4aee227d259e7c51af8585fc57486ab794283a607a342,,,,,,original,
AUD-BCBECBFB059B575D,01_01_01_01_03.wav,data/raw/person_asking_for_help/01_01_01_01_03.wav,Person Asking for Help,2.6553,48000,2,510074,663644152f43ed6e50cd6dd4c1346c7335a89d9d02c574e80695ea73cecfa2e8,,,,,,original,
AUD-73EBA2FAD3A852E0,01_01_01_01_04.wav,data/raw/person_asking_for_help/01_01_01_01_04.wav,Person Asking for Help,2.3948,44100,2,422628,c71541863924af759235cad45520a9bce94845155b3e60533d0a269d5027a57b,,,,,,original,
AUD-92488CB340D3507F,01_01_01_01_05.wav,data/raw/person_asking_for_help/01_01_01_01_05.wav,Person Asking for Help,2.4408,44100,2,430822,6128e0dd65b6152d6865c81b12c59756555b37024adc2fafa2371b51fecc678b,,,,,,original,
AUD-B7B2FAEB38B95259,01_01_01_01_06.wav,data/raw/person_asking_for_help/01_01_01_01_06.wav,Person Asking for Help,3.0137,44100,2,531866,ef75e7fc9e18fdbc0ef73d8a0628032fdda179eb9f1aca0ae970a55e453cd1ac,,,,,,original,
AUD-7078EDDDB7BC539C,01_01_01_01_14.wav,data/raw/person_asking_for_help/01_01_01_01_14.wav,Person Asking for Help,2.23,48000,2,428408,53858ccab6c799541c9dc73c23ca49f9bd9c4f47827340551847d587cca8623c,,,,,,original,
AUD-8F6FCC45BD245ACB,01_01_01_01_15.wav,data/raw/person_asking_for_help/01_01_01_01_15.wav,Person Asking for Help,2.5978,48000,2,499024,1ed75b80c196734d60284397eb1af3882359a7d5376d097f186f8f9ef55e2685,,,,,,original,
AUD-C37031666D3D5664,01_01_01_01_18.wav,data/raw/person_asking_for_help/01_01_01_01_18.wav,Person Asking for Help,2.5173,48000,1,241906,99e014caff4ae09837f7ce510b05bda2663322651d156720c9f75f9de41d172b,,,,,,original,
AUD-590E16732D2A518F,01_01_02_01_07.wav,data/raw/person_asking_for_help/01_01_02_01_07.wav,Person Asking for Help,2.8695,44100,2,506430,151da16951af7d0878bacaa1abf432e0834531adf97d19fd96648d6c13a8d925,,,,,,original,
AUD-8FDDD901FB3154C5,01_01_02_01_08.wav,data/raw/person_asking_for_help/01_01_02_01_08.wav,Person Asking for Help,2.4546,44100,2,433242,6b6d86384792a22661f89d7ad53d49b458c10f03276866ee260e8e9a562b3657,,,,,,original,
AUD-22313702B3175027,01_01_02_01_09.wav,data/raw/person_asking_for_help/01_01_02_01_09.wav,Person Asking for Help,2.647,44100,2,467190,e36c71cd3e74a8e84cbc6016013945f8c3549a7d887f3e88e7633c2fc0f8f861,,,,,,original,
AUD-F75E2E9F7009578A,01_01_02_01_12.wav,data/raw/person_asking_for_help/01_01_02_01_12.wav,Person Asking for Help,2.7521,44100,1,242978,612f4523198ba1cc34cdcf4cbcfb0cf79445353b10bc8d7ca0198a3c9a480779,,,,,,original,
AUD-7EA2BDB52C7054A7,01_01_02_01_13.wav,data/raw/person_asking_for_help/01_01_02_01_13.wav,Person Asking for Help,2.4658,48000,1,236958,23470f57d09bf48446a58abe64f87c0e5297e5cf1b8444ff376db1d4c89549f5,,,,,,original,
AUD-D7D031713FAE5ED1,01_01_02_01_16.wav,data/raw/person_asking_for_help/01_01_02_01_16.wav,Person Asking for Help,2.7412,48000,1,263398,7b7efa7926cf86fe5088057383022d498cbbb123c9277c65d7190ebaf2812f04,,,,,,original,
AUD-18C647BF66085195,01_01_02_01_17.wav,data/raw/person_asking_for_help/01_01_02_01_17.wav,Person Asking for Help,2.5547,48000,1,245488,d25424a6500c32c6485e24bbd661e75b77c97a05dbd97f7116ff5d1ac4aedcf3,,,,,,original,
AUD-4B071F0ADA865D8C,01_02_00_02_02.wav,data/raw/person_asking_for_help/01_02_00_02_02.wav,Person Asking for Help,3.2659,48000,2,627100,623b90de0e414edd0177293b7dcca23a288889ae1e7bd81cf4f4a38102b288fe,,,,,,original,
AUD-EDEE907B3DB3565A,01_02_00_02_09.wav,data/raw/person_asking_for_help/01_02_00_02_09.wav,Person Asking for Help,3.36,48000,2,645164,6dc9ddfb0da4e6dfe9667db7947ced29de178ed7de15a5dec2473f9184fd7162,,,,,,original,
AUD-17D4E3446077594C,01_02_00_02_10.wav,data/raw/person_asking_for_help/01_02_00_02_10.wav,Person Asking for Help,2.7873,48000,2,535204,35a14a3603cd9fffd519e1e007cb36834561a4235c5dedaf7929eee2342ce6d4,,,,,,original,
AUD-55E6481450665BD5,01_02_00_02_13.wav,data/raw/person_asking_for_help/01_02_00_02_13.wav,Person Asking for Help,2.8378,48000,1,272476,1efe9772bfeee4b5f0fdfe3f0f32e2429b9062fbfb3d0406b00d50357e2c515f,,,,,,original,
AUD-6B1DDD8195C05509,01_02_01_01_01.wav,data/raw/person_asking_for_help/01_02_01_01_01.wav,Person Asking for Help,2.5292,44100,1,223226,9f66c4a6fef1072fb9a899e708bbe143fc760ee2bf0e4f32ecfaa8300e488a3d,,,,,,original,
AUD-409D1799BB665A4D,01_02_01_01_02.wav,data/raw/person_asking_for_help/01_02_01_01_02.wav,Person Asking for Help,2.947,44100,2,520040,0220a70b578bdf8b5d4b98eeefb4e5cee2b87ab9e52b1fc483967b3de0030655,,,,,,original,
AUD-1E682287AF3C5BE2,01_02_01_01_03.wav,data/raw/person_asking_for_help/01_02_01_01_03.wav,Person Asking for Help,2.8916,48000,2,555442,c7ad5f0d19bdbde60c0a54d5d2dc3acc75929edec92e8c43d506ec3de323dbc7,,,,,,original,
AUD-F162499F752653E1,01_02_01_01_04.wav,data/raw/person_asking_for_help/01_02_01_01_04.wav,Person Asking for Help,2.531,44100,2,446542,975f23ba367cdd36eba7fd77a28d7e8fbfd919124a28d0fb8c0070f92a8413ba,,,,,,original,
AUD-6043E21C1A1D5C4B,01_02_01_01_05.wav,data/raw/person_asking_for_help/01_02_01_01_05.wav,Person Asking for Help,2.6004,44100,2,458966,f28c7799f02f34b91ef0394f321f97c626a18cd0559a4bd22ab820548401a7ff,,,,,,original,
AUD-615E3ED76D6B5760,01_02_01_01_06.wav,data/raw/person_asking_for_help/01_02_01_01_06.wav,Person Asking for Help,2.5785,44100,2,455110,3415599b0f8b8ab34ef0d3622e7ce7953fd566a63c8aa1893a6f2580019d2647,,,,,,original,
AUD-537AA1DCBD195CD4,01_02_01_01_10.wav,data/raw/person_asking_for_help/01_02_01_01_10.wav,Person Asking for Help,2.6345,44100,2,464982,7189b262a6a4e39f00d736fa0e10614217235c060ce254b9013929576e179458,,,,,,original,
AUD-4F399EA14C475EE7,01_02_01_01_14.wav,data/raw/person_asking_for_help/01_02_01_01_14.wav,Person Asking for Help,2.5457,48000,2,489008,70bfa649f1446048f09217bfa497d8b4fa456a8d5ae5fde9c7ad5a202bdbc977,,,,,,original,
AUD-4400BC44F9035FB1,01_02_01_01_15.wav,data/raw/person_asking_for_help/01_02_01_01_15.wav,Person Asking for Help,2.7497,48000,2,528184,c1a181aa149d499887d576e8cd2cb353d6d0a1fa7697f8ee7f3ef5e8c4202284,,,,,,original,
AUD-8462CBBE3DEA568F,01_02_01_01_18.wav,data/raw/person_asking_for_help/01_02_01_01_18.wav,Person Asking for Help,2.4053,48000,1,231140,c4b35945303c5443dfeac9394a49837f5d7ee242955a54bfbee0390c28b5acde,,,,,,original,
AUD-D0867383B20F5C8B,01_02_02_01_07.wav,data/raw/person_asking_for_help/01_02_02_01_07.wav,Person Asking for Help,2.7081,44100,2,477966,62a7eb48a7c9e84230792943f3529107a30337b4e17d0ee502adc88665e0e69a,,,,,,original,
AUD-1FDEE3BA252D567A,01_02_02_01_08.wav,data/raw/person_asking_for_help/01_02_02_01_08.wav,Person Asking for Help,2.3027,44100,2,406450,4394325364e31d7ab13ce31d21903cd2b12f7c250676fc34ab6306f1dfb525ea,,,,,,original,
AUD-B5D87EF0B14E55CA,01_02_02_01_09.wav,data/raw/person_asking_for_help/01_02_02_01_09.wav,Person Asking for Help,2.5636,44100,2,452482,ae029b426cec9aadcb7894cb5a15b889c2eaeb036812782372954009ba179254,,,,,,original,
AUD-D3EA0F1D7A9F5B23,01_02_02_01_11.wav,data/raw/person_asking_for_help/01_02_02_01_11.wav,Person Asking for Help,2.2042,48000,1,211840,e60c906bbcceffb79b24415910ddef1a8e203d90ec6630b55797cb4e319e22e9,,,,,,original,
AUD-3AD2E41CEBD9518A,01_02_02_01_12.wav,data/raw/person_asking_for_help/01_02_02_01_12.wav,Person Asking for Help,2.2305,44100,1,196970,ebeb62586b4d192dba2c8b23016b8c29d32d603c7da12be3555e21d32c3059f2,,,,,,original,
AUD-5E7E299E314857C2,01_02_02_01_13.wav,data/raw/person_asking_for_help/01_02_02_01_13.wav,Person Asking for Help,2.4197,48000,1,232530,981b9a38628fa9d3b5994a56f51dc5dfbd9d9ec96c09a4c7e49555bb60e9fdc1,,,,,,original,
AUD-5CEF3D832B255FD4,01_02_02_01_16.wav,data/raw/person_asking_for_help/01_02_02_01_16.wav,Person Asking for Help,2.3646,48000,1,227242,42b7243dcf18b0a17655b808fbe19fca0b7e98c238995463f59836939ce32559,,,,,,original,
AUD-533541E248BF584E,01_02_02_01_17.wav,data/raw/person_asking_for_help/01_02_02_01_17.wav,Person Asking for Help,2.4767,48000,1,238000,08ba90b0f92fac532f273d9601c92b8463cb27615cf552f74b714a8c795d22e4,,,,,,original,
AUD-F47CDE38411D5F3A,01_03_00_02_02.wav,data/raw/person_asking_for_help/01_03_00_02_02.wav,Person Asking for Help,2.4968,48000,2,479420,86209db1b05bfaa0c533651b167fb81d4eaddfc5d662bde553972b532b043a2e,,,,,,original,
AUD-1C28339CEDD6502E,01_03_00_02_09.wav,data/raw/person_asking_for_help/01_03_00_02_09.wav,Person Asking for Help,3.36,48000,2,645164,e739aef8e7c0e21fd083f0c2f49789e1a382442438f3701bc9086d880dddeb5d,,,,,,original,
AUD-B693C3CB437A57C0,01_03_00_02_10.wav,data/raw/person_asking_for_help/01_03_00_02_10.wav,Person Asking for Help,2.65,48000,2,508844,edd5438ce95cde304f0b1f45dc28ff648ec30d166441eaba1289d97b8a32460e,,,,,,original,
AUD-D08A301145295ED7,01_03_00_02_13.wav,data/raw/person_asking_for_help/01_03_00_02_13.wav,Person Asking for Help,3.1778,48000,1,305116,a5b3ce56e9d160d8d49291a99d749efad880ec51cfcd2141885aebd830721cf1,,,,,,original,
AUD-2DD2EA3CCA7A5294,01_03_01_01_01.wav,data/raw/person_asking_for_help/01_03_01_01_01.wav,Person Asking for Help,2.4952,44100,1,220226,aeec425116a277780a3e99312e9b2c958992fe5d685211bc81025f43ad4eefde,,,,,,original,
AUD-C25C84F2C7235C3C,01_03_01_01_02.wav,data/raw/person_asking_for_help/01_03_01_01_02.wav,Person Asking for Help,2.4968,44100,2,440620,3fc51fdfd3ac004816141b130b16fac9af4999054f77d45cf8e43716ed926b62,,,,,,original,
AUD-3D67D87A4B7A568E,01_03_01_01_03.wav,data/raw/person_asking_for_help/01_03_01_01_03.wav,Person Asking for Help,2.7576,48000,2,529710,e558944b9647604932c900ffa168cf5b4d2f449ed96c471842a9d8658761722b,,,,,,original,
AUD-37B1E5BB7CD45DDF,01_03_01_01_04.wav,data/raw/person_asking_for_help/01_03_01_01_04.wav,Person Asking for Help,2.3896,44100,2,421716,df2e8236a8aa0e3f9a655546d68dd624487c39e54fdcf1992e3421c43cb1ba35,,,,,,original,
AUD-A791A5FFD16B5D0D,01_03_01_01_05.wav,data/raw/person_asking_for_help/01_03_01_01_05.wav,Person Asking for Help,2.0454,44100,2,361058,89ff23be3bdbe81157484c5ac0bdd389abbbb54d501946ad40face25b7d47fc0,,,,,,original,
AUD-2524DA6F399B5100,01_03_01_01_06.wav,data/raw/person_asking_for_help/01_03_01_01_06.wav,Person Asking for Help,2.2841,44100,2,403174,dfc5f5b6184ee42bdfb31f3fda4b50bcd82c559827264120e65ae657e5f4e806,,,,,,original,
AUD-211DC2D4CD185A5B,01_03_01_01_10.wav,data/raw/person_asking_for_help/01_03_01_01_10.wav,Person Asking for Help,2.476,44100,2,437018,f222941294d79c086ada8e820e1d943ac69fe7dd4a137cd92a5e73d2eefa98dc,,,,,,original,
AUD-E69ECF0603BC512F,01_03_01_01_14.wav,data/raw/person_asking_for_help/01_03_01_01_14.wav,Person Asking for Help,2.0376,48000,2,391464,ca9219a2e523ce21e6ca11431efeb80acbafae1e2d29aba5bd554a8739cbf131,,,,,,original,
AUD-5F9F970845855D9F,01_03_01_01_15.wav,data/raw/person_asking_for_help/01_03_01_01_15.wav,Person Asking for Help,2.74,48000,2,526320,a41f3dd06d3e836593d5dba4a0ffdc841b4661b7a678f2387e8d348a6fc174a0,,,,,,original,
AUD-3508BD67DE3E53F4,01_03_01_01_18.wav,data/raw/person_asking_for_help/01_03_01_01_18.wav,Person Asking for Help,2.525,48000,1,242644,1c7ab7a6ba8bcd26ed02377cd749c63d921ff821fdbfa6ef5c5e3115a1925589,,,,,,original,
AUD-4BF0C9BDF18F5E8C,01_03_02_01_07.wav,data/raw/person_asking_for_help/01_03_02_01_07.wav,Person Asking for Help,2.3526,44100,2,415258,a8b8add0656aee9aad7ca2f98fe390a87e7abe0ee1b914d9ec75234199bc6db4,,,,,,original,
AUD-53EF7AF645CE51A8,01_03_02_01_08.wav,data/raw/person_asking_for_help/01_03_02_01_08.wav,Person Asking for Help,2.2073,44100,2,389622,11018321603139bbe6aca2dbf63d04a61bf25bceaa28a5a1121634c17ee29330,,,,,,original,
AUD-72A4EE29D06D5138,01_03_02_01_09.wav,data/raw/person_asking_for_help/01_03_02_01_09.wav,Person Asking for Help,2.5713,44100,2,453838,ecf3e695b2bc36cbe753d2c6e2e261804030c997734ab196138e404701f9b825,,,,,,original,
AUD-4EDF682080405C61,01_03_02_01_11.wav,data/raw/person_asking_for_help/01_03_02_01_11.wav,Person Asking for Help,2.2584,48000,1,217048,f134b07bb186142dbe88bd2ae738c35ac6fa0c2149c06d61bc94b83dff520453,,,,,,original,
AUD-2E095BB2FDE35099,01_03_02_01_12.wav,data/raw/person_asking_for_help/01_03_02_01_12.wav,Person Asking for Help,1.7713,44100,1,156466,af262a59f8b913b60997fdbae733aeaf2c65b746ac643ecae5a112e550f13a63,,,,,,original,
AUD-B1A529B0D40C53EB,01_03_02_01_13.wav,data/raw/person_asking_for_help/01_03_02_01_13.wav,Person Asking for Help,2.4882,48000,1,239106,3f0ca1dfcc7ca5f4ec2adb5a95eb11cd65fbd3bbf28402873dd8a8348c195333,,,,,,original,
AUD-D74E9096B75856FC,01_03_02_01_16.wav,data/raw/person_asking_for_help/01_03_02_01_16.wav,Person Asking for Help,2.1714,48000,1,208692,4f38c1a5a4f5be41ebd501c72cb47c604f40d207ad2259c885a12eb3a9a1dd2e,,,,,,original,
AUD-0870A421F83E561B,01_03_02_01_17.wav,data/raw/person_asking_for_help/01_03_02_01_17.wav,Person Asking for Help,2.2014,48000,1,211574,63bb2dbc321b7351d424046e1cef9b2b5d9c73c2d85e7fe005f6b21b7bfa65dd,,,,,,original,
AUD-2799D219F01E5046,01_04_00_02_02.wav,data/raw/person_asking_for_help/01_04_00_02_02.wav,Person Asking for Help,2.816,48000,2,540720,5298d9e9bad510987ec0a05cce08912b9066390474adf823f3f8d08fb7cbd873,,,,,,original,
AUD-B1B15FB9576A5F80,01_04_00_02_09.wav,data/raw/person_asking_for_help/01_04_00_02_09.wav,Person Asking for Help,5.28,48000,2,1013804,d5034d172657098b9669b2ab118b7225e40df248a325cb9d00620cb13dcc0aaa,,,,,,original,
AUD-21B71AA341315FFE,01_04_00_02_10.wav,data/raw/person_asking_for_help/01_04_00_02_10.wav,Person Asking for Help,3.87,48000,2,743084,529464b2077d737fca7c845973570adea2a0acb04ca531a95d2a03ac6828a486,,,,,,original,
AUD-36B8829381065ECB,01_04_00_02_13.wav,data/raw/person_asking_for_help/01_04_00_02_13.wav,Person Asking for Help,4.3378,48000,1,416476,4cb0410bc382ae9bd25e7586d63a7819f9591fb26167ac47d9bed827f25ee63b,,,,,,original,
AUD-C4B59CF3AA7B5A5F,01_04_01_01_01.wav,data/raw/person_asking_for_help/01_04_01_01_01.wav,Person Asking for Help,2.5105,44100,1,221572,bd59da4ff3b5984eebccec6872fc346a7ca4b7e83082d52b2d2902bd551e720f,,,,,,original,
AUD-B5C8057A93325C1D,01_04_01_01_02.wav,data/raw/person_asking_for_help/01_04_01_01_02.wav,Person Asking for Help,2.816,44100,2,496940,fbff8b0a64ed1b9f10c7467029e187faab0bb5d728d5cd2dc00889eff664e812,,,,,,original,
AUD-217ABE720F155808,01_04_01_01_03.wav,data/raw/person_asking_for_help/01_04_01_01_03.wav,Person Asking for Help,2.8185,48000,2,541418,d14622292e902ba49b5d7903de8f827572b24520c29abf77a85b718e6da46b52,,,,,,original,
AUD-7C34200D99495BA7,01_04_01_01_04.wav,data/raw/person_asking_for_help/01_04_01_01_04.wav,Person Asking for Help,3.0556,44100,1,269692,938387f9ae6377ba04fa5fb5a5459ef5e94bbbbd55a8da9db5328d9b3a8bb6b6,,,,,,original,
AUD-35F1D5308BA2575B,01_04_01_01_05.wav,data/raw/person_asking_for_help/01_04_01_01_05.wav,Person Asking for Help,2.3208,44100,2,409642,6f90ec7d32286b315a2cce26b344b5b719d07097db53f62693bfdb15af9a4652,,,,,,original,
AUD-43E57F4D144B5F53,01_04_01_01_06.wav,data/raw/person_asking_for_help/01_04_01_01_06.wav,Person Asking for Help,2.3698,44100,2,418286,fbddd47a1b56f1a3b38cd6002de58b58522beb973e41483812c5e8ea6787fd12,,,,,,original,
AUD-6D6ED4553749596D,01_04_01_01_10.wav,data/raw/person_asking_for_help/01_04_01_01_10.wav,Person Asking for Help,2.6853,44100,2,473950,073b6fa4f809782609e6e12b545d7702ba62201a24c631cd65ff6491bad43f9a,,,,,,original,
AUD-3AFC05F52ECE527E,01_04_01_01_14.wav,data/raw/person_asking_for_help/01_04_01_01_14.wav,Person Asking for Help,2.426,48000,2,466032,a24d14da049610f07fa6715b939cc393eb9f26b62ff87dd11442027f5eb4e201,,,,,,original,
AUD-57FCC5A2803B5B46,01_04_01_01_15.wav,data/raw/person_asking_for_help/01_04_01_01_15.wav,Person Asking for Help,2.4221,48000,2,465292,03c1c886853ef918f5795b76dcf9d5c1d2f425fc0e3d69f907fe9e2240dcd97a,,,,,,original,
AUD-6F9441A336735AC1,01_04_01_01_18.wav,data/raw/person_asking_for_help/01_04_01_01_18.wav,Person Asking for Help,2.8036,48000,1,269376,57af71df08467c0dd1183268c530d1b3789e1c6f216eb0eda31391b5bcd6609c,,,,,,original,
AUD-EB9FC3E10DF9522B,01_04_02_01_07.wav,data/raw/person_asking_for_help/01_04_02_01_07.wav,Person Asking for Help,2.5508,44100,2,450226,20af514986962611b9c663afad47fd2dabcb055a9c39aa5dfb9e7c1f3d44a0c4,,,,,,original,
AUD-5ED9FBFDBFAE5947,01_04_02_01_08.wav,data/raw/person_asking_for_help/01_04_02_01_08.wav,Person Asking for Help,2.5834,44100,2,455970,c10d110367b388142989810df2542ed067f210da0d0cdc5d99137def0cc926ac,,,,,,original,
AUD-26A3A96B69F85D8F,01_04_02_01_09.wav,data/raw/person_asking_for_help/01_04_02_01_09.wav,Person Asking for Help,3.1029,44100,2,547602,496ce52ce23f9279e36de17f5a2d656bcc515794c6c3b695c63d1dd6bf0f8c9e,,,,,,original,
AUD-A915D3D606865E5F,01_04_02_01_11.wav,data/raw/person_asking_for_help/01_04_02_01_11.wav,Person Asking for Help,2.0491,48000,1,196952,771550ffd44e1a6ef163a993c8dc8639140e4c423886353834d3bb8981fde392,,,,,,original,
AUD-790500402F4D5187,01_04_02_01_12.wav,data/raw/person_asking_for_help/01_04_02_01_12.wav,Person Asking for Help,2.6862,44100,1,237162,e40ead7c1dc015786b177db41b60de9619b2d54493f70152ee99a2f21e7e760e,,,,,,original,
AUD-9EEFC697714C5F3C,01_04_02_01_13.wav,data/raw/person_asking_for_help/01_04_02_01_13.wav,Person Asking for Help,2.8564,48000,1,274452,774a4fb6dcb1e79a729cb9cbbb73e23823344b8b9d29834b62607aa4956f183a,,,,,,original,
AUD-18BE7344AD0155C4,01_04_02_01_16.wav,data/raw/person_asking_for_help/01_04_02_01_16.wav,Person Asking for Help,2.3696,48000,1,227722,becee149a26da811d9c26f405947ebcda82bcef4d970cd25847049cceb36dc82,,,,,,original,
AUD-DFEE7E6719D45CE0,01_04_02_01_17.wav,data/raw/person_asking_for_help/01_04_02_01_17.wav,Person Asking for Help,2.5378,48000,1,243872,6fcf513ddea073e071de8c7fd3e6ec93b1ba65126874c50d7fad0d384f08bc25,,,,,,original,
AUD-A0C93547DD7C5C1E,02_01_00_02_02.wav,data/raw/person_asking_for_help/02_01_00_02_02.wav,Person Asking for Help,4.485,48000,2,861156,7c9b6bf2c330d0eee31688cd7f4a4ace19d7b3c004b7fc6c7b0866bad99827ee,,,,,,original,
AUD-E3CD988259635ABE,02_01_00_02_10.wav,data/raw/person_asking_for_help/02_01_00_02_10.wav,Person Asking for Help,3.61,48000,2,693164,22cf63f5a83e8904b41f4ddce952e09c848e8d474f4729513b3d514da58dd321,,,,,,original,
AUD-ED129069568E51AC,02_01_00_02_13.wav,data/raw/person_asking_for_help/02_01_00_02_13.wav,Person Asking for Help,3.1578,48000,1,303196,a8855660546fb59a67eaed91802305ea8ec6f81a12365894341d61200397627b,,,,,,original,
AUD-1F26CAE067885CDD,02_01_01_01_01.wav,data/raw/person_asking_for_help/02_01_01_01_01.wav,Person Asking for Help,3.2057,44100,1,282894,5d5a997813af38c42724ce7518401bacdb7ddc6f896a193c1566cc14a763a0b0,,,,,,original,
AUD-A5E7F792CE9D5DD6,02_01_01_01_02.wav,data/raw/person_asking_for_help/02_01_01_01_02.wav,Person Asking for Help,3.171,44100,2,559548,778035e845dc28b84c89ea4b343a3e1959777083569b0385a75c308be8bf10d4,,,,,,original,
AUD-F4275FB5CB5D5F42,02_01_01_01_03.wav,data/raw/person_asking_for_help/02_01_01_01_03.wav,Person Asking for Help,2.7515,48000,2,528542,70c64dd4e7e47a6d9ccd31b8498189a7682509b5f60965368e08acd63721d339,,,,,,original,
AUD-789CB46CB97E5CD6,02_01_01_01_04.wav,data/raw/person_asking_for_help/02_01_01_01_04.wav,Person Asking for Help,3.7283,44100,1,329024,ec1a862a8aa17264afa08d8c997162a551984897ec477850c952930cde871c40,,,,,,original,
AUD-2D548261DD115A7D,02_01_01_01_05.wav,data/raw/person_asking_for_help/02_01_01_01_05.wav,Person Asking for Help,2.9317,44100,2,517414,abb04044ed144f149e6f6aad96eef9101ef52e7a27480195ac9671612f4f3bac,,,,,,original,
AUD-425D5C7076B05129,02_01_01_01_06.wav,data/raw/person_asking_for_help/02_01_01_01_06.wav,Person Asking for Help,3.25,44100,2,573558,8b9640baf32a700011f5ba0e3e0fd2fe4682217bea5568ab9737f57385c32641,,,,,,original,
AUD-F37AE7F9C32653D6,02_01_01_01_10.wav,data/raw/person_asking_for_help/02_01_01_01_10.wav,Person Asking for Help,3.3193,44100,2,585786,104c80a11f72bee6075a70d0a6a306c4f3292e4d678db3916f2b2bdb569e5ab5,,,,,,original,
AUD-C46E06525EB2509C,02_01_01_01_14.wav,data/raw/person_asking_for_help/02_01_01_01_14.wav,Person Asking for Help,4.0296,48000,2,773932,f972b82a16e9719b564f4b76f4d909284b340f5869e188786dab750edd5f88b2,,,,,,original,
AUD-7B613FB1B30F5918,02_01_01_01_15.wav,data/raw/person_asking_for_help/02_01_01_01_15.wav,Person Asking for Help,3.8633,48000,1,371114,1dbf3595fe3342dabd4ccbc2dcf22f735541cd0a7034fe36f4a1dcccfbe94acb,,,,,,original,
AUD-ADC74D355CA45E6E,02_01_01_01_18.wav,data/raw/person_asking_for_help/02_01_01_01_18.wav,Person Asking for Help,2.9588,48000,1,284286,f74c6ed12292ae966f446624b38d85089ae9a3495aa334d424b9a3533a9eed57,,,,,,original,
AUD-37755D9314875ADE,02_01_02_01_07.wav,data/raw/person_asking_for_help/02_01_02_01_07.wav,Person Asking for Help,4.0672,44100,2,717718,a7a604ba564e4a2e12ff9cb5e5ddea674928db5ed42b6b5b5d721840f48e2b2f,,,,,,original,
AUD-17737624F07B530E,02_01_02_01_08.wav,data/raw/person_asking_for_help/02_01_02_01_08.wav,Person Asking for Help,4.0274,44100,2,710694,10d9a8458b53720155d08276a984ac3da30d5685452c7cd9b6967e5a3e3026e1,,,,,,original,
AUD-776FB153EB8B58EE,02_01_02_01_11.wav,data/raw/person_asking_for_help/02_01_02_01_11.wav,Person Asking for Help,3.1343,48000,1,301134,b6d103e1cc84f7df0f818707de4efb5046ea87b41d8eaf8a618d8f8e95da6c27,,,,,,original,
AUD-AE78D81057BA5893,02_01_02_01_12.wav,data/raw/person_asking_for_help/02_01_02_01_12.wav,Person Asking for Help,3.6461,44100,1,321826,d34a639f72ca35426097974f1e33926644483255b8c6ed08bbbe839354f5a1b1,,,,,,original,
AUD-5EFCE7049E815C64,02_01_02_01_13.wav,data/raw/person_asking_for_help/02_01_02_01_13.wav,Person Asking for Help,2.716,48000,1,260974,18da0eff8f5869004768756d37de60bb1a8c1a49d37c2a461f062ebc1f2f8caf,,,,,,original,
AUD-DA64BD38BF235400,02_01_02_01_16.wav,data/raw/person_asking_for_help/02_01_02_01_16.wav,Person Asking for Help,3.0877,48000,1,296658,d11db00ca6edf1699ea4260bd30c0f159bfd646700cf1cb1fa3f49f5e795bc61,,,,,,original,
AUD-23291E4EDB39540D,02_01_02_01_17.wav,data/raw/person_asking_for_help/02_01_02_01_17.wav,Person Asking for Help,3.1702,48000,1,304584,61a92c49cbee15381190330e60e1b3aa253c6e97b0b547e3b4e9213a98c5ae66,,,,,,original,
AUD-8B2E59C7DF4351E0,02_02_00_02_02.wav,data/raw/person_asking_for_help/02_02_00_02_02.wav,Person Asking for Help,4.4269,48000,2,850008,6c4f684f33cf575aaab143c3993211959f1548206135c5e2ec0a57b59812584b,,,,,,original,
AUD-94D6585907BB53C0,02_02_00_02_13.wav,data/raw/person_asking_for_help/02_02_00_02_13.wav,Person Asking for Help,4.3778,48000,1,420316,cfa0dfe5d70208fec8344e06ab60d45497589b4092f83b645554626ef39e672e,,,,,,original,
AUD-4EB0203964D35726,02_02_01_01_01.wav,data/raw/person_asking_for_help/02_02_01_01_01.wav,Person Asking for Help,3.6174,44100,1,319202,897e3eb98b8c535745c5892892136b7755832a880f0ff331a0c8c02edf35e5f5,,,,,,original,
AUD-8776A0E87C2759D2,02_02_01_01_02.wav,data/raw/person_asking_for_help/02_02_01_01_02.wav,Person Asking for Help,3.14,44100,2,554096,4b8bb53c54ce94b204b91e3bb91f1e92f3662c68df0ac9121f7e31b388fd6f60,,,,,,original,
AUD-C6126AC03D01514A,02_02_01_01_03.wav,data/raw/person_asking_for_help/02_02_01_01_03.wav,Person Asking for Help,2.8048,48000,2,538782,89015502ff686dae3bfb3fa8e7606b2106d4656b3a5e68cbf6893edcd3a9dd0b,,,,,,original,
AUD-AF86BF69A85157B3,02_02_01_01_04.wav,data/raw/person_asking_for_help/02_02_01_01_04.wav,Person Asking for Help,3.0816,44100,1,271988,1bb2ed80211db0dc84ae1d1e64e33632f9c29f0f7edf8b40d835d75458a542f4,,,,,,original,
AUD-E84FB702351255B4,02_02_01_01_05.wav,data/raw/person_asking_for_help/02_02_01_01_05.wav,Person Asking for Help,3.0469,44100,2,537738,dd85f11eb5c3d97537d4eaa919fde51a2ea971ae67a9161da59731b3180cd8d4,,,,,,original,
AUD-21936F5A7DEB51CA,02_02_01_01_06.wav,data/raw/person_asking_for_help/02_02_01_01_06.wav,Person Asking for Help,3.4527,44100,2,609314,353794919f1f88cf1138e91688f27ee20793b204df770d401c1bc99e837a2f62,,,,,,original,
AUD-1E69A961252E536B,02_02_01_01_14.wav,data/raw/person_asking_for_help/02_02_01_01_14.wav,Person Asking for Help,4.4167,48000,2,848252,bc039fade9e96680581e8313d7cf4cdb1bca51d30ed221de37a09a506b739355,,,,,,original,
AUD-1B2D91C3AE5A558A,02_02_01_01_15.wav,data/raw/person_asking_for_help/02_02_01_01_15.wav,Person Asking for Help,4.1358,48000,1,397280,809a19b9f2c8f426e3f060760df5ff0ca4e9d6099a2bbefce8eb380f1447bc0e,,,,,,original,
AUD-8738746265C3573E,02_02_01_01_18.wav,data/raw/person_asking_for_help/02_02_01_01_18.wav,Person Asking for Help,2.8574,48000,1,274538,2bed94c1dce313e39cc6d1385e7dd9c50a820e127ca995d2739a642696fbff9f,,,,,,original,
AUD-2610BC49615B50FF,02_02_02_01_07.wav,data/raw/person_asking_for_help/02_02_02_01_07.wav,Person Asking for Help,3.8301,44100,2,675894,20a25f216233baa04570abfb5c7a8622cf4563eaf375712a586a581873db46c5,,,,,,original,
AUD-E6ED3B6951955C29,02_02_02_01_08.wav,data/raw/person_asking_for_help/02_02_02_01_08.wav,Person Asking for Help,3.5494,44100,2,626378,79b8d0eda8771bfe50ddbc49bdab3841a26524721469885e69c26c2b4cad9ee5,,,,,,original,
AUD-5EF8ED9FCF475779,02_02_02_01_11.wav,data/raw/person_asking_for_help/02_02_02_01_11.wav,Person Asking for Help,2.3886,48000,1,229544,8817f3be3bfbe23e20452831f79c180b376cd1361221ccae0821d75783d7a74e,,,,,,original,
AUD-4994DAE33CC25220,02_02_02_01_12.wav,data/raw/person_asking_for_help/02_02_02_01_12.wav,Person Asking for Help,4.1536,44100,1,366586,b508d3a10391d0fcde5322fd79d1e8308b6ec7233b1815e85f454e46e39ac604,,,,,,original,
AUD-7CB3DDE9EF6B55ED,02_02_02_01_16.wav,data/raw/person_asking_for_help/02_02_02_01_16.wav,Person Asking for Help,3.0165,48000,1,289828,c9d9c3e1d973639718df43415c1beb3e7ac0862b523ff56947389e73eb340d26,,,,,,original,
AUD-79092D2CCB415AE0,02_02_02_01_17.wav,data/raw/person_asking_for_help/02_02_02_01_17.wav,Person Asking for Help,2.9136,48000,1,279948,59b62f4eeb22fd932baab60f18e8eedf9a8ac95d70e80f848ffe71cef3f07c4c,,,,,,original,
AUD-B1091B53D7795288,02_03_00_02_02.wav,data/raw/person_asking_for_help/02_03_00_02_02.wav,Person Asking for Help,4.2092,48000,2,808212,aa8f4b118a039ef73d41641713dd50ab9ba030a1221601e7d0fcd5c841ab435a,,,,,,original,
AUD-1AC84971B3B95B0B,02_03_00_02_10.wav,data/raw/person_asking_for_help/02_03_00_02_10.wav,Person Asking for Help,3.25,48000,2,624044,52a7fccfcb52d19858b7865b66c5fca78eabbfe45afc21cbf1ca57845ff76338,,,,,,original,
AUD-F7CA8FE4EECE5038,02_03_01_01_01.wav,data/raw/person_asking_for_help/02_03_01_01_01.wav,Person Asking for Help,2.8593,44100,1,252344,9941923e027bc430d5eddf1591f8f0f804e83285466f38801c63eeecab39f11a,,,,,,original,
AUD-1D1A516D62E55B97,02_03_01_01_02.wav,data/raw/person_asking_for_help/02_03_01_01_02.wav,Person Asking for Help,3.464,44100,2,611248,fc2c8d6bee29db5b1dc8cc70085ae0bc7a6a7a0dba969eb3418198dde2a83c9b,,,,,,original,
AUD-532D9340471B512E,02_03_01_01_03.wav,data/raw/person_asking_for_help/02_03_01_01_03.wav,Person Asking for Help,3.034,48000,2,582786,4cf73df942b1d75ba59dd50afc7d9ab311c99e561f0c605e26f61975b821b640,,,,,,original,
AUD-2A83A3D1920653C0,02_03_01_01_04.wav,data/raw/person_asking_for_help/02_03_01_01_04.wav,Person Asking for Help,2.9898,44100,2,527588,f43a4f8888545862eba92855bf643b16722e7984e53722628358921945bf392d,,,,,,original,
AUD-6030884EB2A456B9,02_03_01_01_05.wav,data/raw/person_asking_for_help/02_03_01_01_05.wav,Person Asking for Help,2.709,44100,2,478130,7527830bdd25b1f83e448ead1fe178e5934329c7d936a9f510cbf11195eb1b50,,,,,,original,
AUD-EE5517CABBD757C9,02_03_01_01_06.wav,data/raw/person_asking_for_help/02_03_01_01_06.wav,Person Asking for Help,2.9654,44100,2,523346,1cabc965cd49b3020c484c820b4e83b33c6716e96ad487dab3ce32b816447199,,,,,,original,
AUD-2D776D79D30F5CBC,02_03_01_01_10.wav,data/raw/person_asking_for_help/02_03_01_01_10.wav,Person Asking for Help,3.25,44100,2,573558,ef9e93bf110ca3410788290180d323a4880cd9f9f80f0c9783c07516046828f2,,,,,,original,
AUD-FA6FC7558708576C,02_03_01_01_14.wav,data/raw/person_asking_for_help/02_03_01_01_14.wav,Person Asking for Help,3.2983,48000,2,633516,81a25e3ad31a397091c0cbb73d3daaab0ef940ce42fd032f58371aad6aa37f7b,,,,,,original,
AUD-61FC6A2112FF5340,02_03_01_01_15.wav,data/raw/person_asking_for_help/02_03_01_01_15.wav,Person Asking for Help,3.0602,48000,1,294020,3e3f5c18db6b46c53880be5bd8e9950c6c025c3dff35453a7bbfcc0acf63ef43,,,,,,original,
AUD-68FECCC80A9F531E,02_03_01_01_18.wav,data/raw/person_asking_for_help/02_03_01_01_18.wav,Person Asking for Help,2.892,48000,1,277878,185abf6534012404c3d6a10bdf79f6076555236b19be9b168d56eedb50a1abb7,,,,,,original,
AUD-F312CDA0CC80542D,02_03_02_01_07.wav,data/raw/person_asking_for_help/02_03_02_01_07.wav,Person Asking for Help,2.9827,44100,2,526414,72a1aa3a63f112572110099c1abb7a4155dcd54487db19c8ea2be5195a2cfcd5,,,,,,original,
AUD-40ACA2CB147B53EC,02_03_02_01_08.wav,data/raw/person_asking_for_help/02_03_02_01_08.wav,Person Asking for Help,3.352,44100,2,591558,6cb19efdae1bb3955c8e2f68dcdf5f216c4b7ac12aa1c71a4dd53ea7b80b345d,,,,,,original,
AUD-C9BD9460971351F6,02_03_02_01_11.wav,data/raw/person_asking_for_help/02_03_02_01_11.wav,Person Asking for Help,2.5077,48000,1,240982,54939812b7d082171726b96cadb2b12a0e77a3e5a56e0f06c5270fee771fb8e2,,,,,,original,
AUD-8498B9786F745499,02_03_02_01_12.wav,data/raw/person_asking_for_help/02_03_02_01_12.wav,Person Asking for Help,3.0867,44100,1,272484,75ffa4385367d8fb5c463a882bacb6328a1a443bb2cceb5f1720bf92936284c5,,,,,,original,
AUD-B4295B64F9B851EF,02_03_02_01_16.wav,data/raw/person_asking_for_help/02_03_02_01_16.wav,Person Asking for Help,2.8827,48000,1,276978,686c8715f743c920be5b945a54c626a64a263be2718f515ae79365af2d4bb11c,,,,,,original,
AUD-C4C2BD53CAE75884,02_03_02_01_17.wav,data/raw/person_asking_for_help/02_03_02_01_17.wav,Person Asking for Help,2.6809,48000,1,257604,0a526126790837ff5d331ed1c8dc1e2825c4db3a43878f8e241add303cb790aa,,,,,,original,
AUD-99F3B64A4F8954BE,02_04_00_02_02.wav,data/raw/person_asking_for_help/02_04_00_02_02.wav,Person Asking for Help,4.3979,48000,2,844436,d9fb215474b6e88a022a9910e190df6681256866c3261b38a8b7dccb6d52fbae,,,,,,original,
AUD-6CB524A0934951C1,02_04_00_02_10.wav,data/raw/person_asking_for_help/02_04_00_02_10.wav,Person Asking for Help,3.98,48000,2,764204,76dd3de81f2e093ad72c8f41469e3e307d4d72e7ada0e3007177fbf0ee3c0a12,,,,,,original,
AUD-5D2B05D813FF5A81,02_04_01_01_01.wav,data/raw/person_asking_for_help/02_04_01_01_01.wav,Person Asking for Help,3.5683,44100,1,314872,723fa075e862141d14ad7357e8bb3bb8794c6a5725fa1b814471dc5076dcbca2,,,,,,original,
AUD-DE8F91435B085103,02_04_01_01_02.wav,data/raw/person_asking_for_help/02_04_01_01_02.wav,Person Asking for Help,3.0466,44100,2,537616,9d7d61b166ef7b0e691c4db72fca16f8133e9c67f44d9a48b534ff0cb218c4c6,,,,,,original,
AUD-A69FFF7982545524,02_04_01_01_03.wav,data/raw/person_asking_for_help/02_04_01_01_03.wav,Person Asking for Help,2.9542,48000,2,567470,1b282cb562cf2a8060b9a608a88cd82f381a06217d1e7bcaf1b89d889927d236,,,,,,original,
AUD-2AA4664FFD1F51B7,02_04_01_01_04.wav,data/raw/person_asking_for_help/02_04_01_01_04.wav,Person Asking for Help,3.173,44100,2,559908,4104ebf7154e1d56b9e196a3b1be921992cef2447c3ecba3c4b85d64e82ff88c,,,,,,original,
AUD-6167A56AA4205F05,02_04_01_01_05.wav,data/raw/person_asking_for_help/02_04_01_01_05.wav,Person Asking for Help,2.787,44100,2,491882,dd095aba53da3e961cb233cd54bcadc4e6e74ad8aa618d13429319ed2e228d67,,,,,,original,
AUD-8DD358746B7C5417,02_04_01_01_06.wav,data/raw/person_asking_for_help/02_04_01_01_06.wav,Person Asking for Help,3.0134,44100,2,531826,6ecae6cbc9ebc74570eb3917ada6f0a55fa02d44bdf9880ab60a5d69b4c341d0,,,,,,original,
AUD-850E89814A4E5F4F,02_04_01_01_10.wav,data/raw/person_asking_for_help/02_04_01_01_10.wav,Person Asking for Help,2.848,44100,2,502654,0e4e2e4ac48ea9eddf1dcd8c2884c93b026139c87e6ca057721e386994a0281b,,,,,,original,
AUD-C18776E3A49B5126,02_04_01_01_14.wav,data/raw/person_asking_for_help/02_04_01_01_14.wav,Person Asking for Help,3.9858,48000,2,765508,317e9a6cb21722d3956616cb956446acd2bb4d480f2f45440581ff8a9624fb86,,,,,,original,
AUD-FBD36F5406BC58D8,02_04_01_01_15.wav,data/raw/person_asking_for_help/02_04_01_01_15.wav,Person Asking for Help,4.4651,48000,1,428890,94651123b8b94dd127dbde8fcc5ce449a7f782a65cc001b970132fe3b25f8551,,,,,,original,
AUD-682CA276870454E8,02_04_01_01_18.wav,data/raw/person_asking_for_help/02_04_01_01_18.wav,Person Asking for Help,3.0144,48000,1,289618,c99e66b31b72904b5677f88d1c9d3fdb553d3819b23533aea050e8487e8eb935,,,,,,original,
AUD-C27195B7D82759F2,02_04_02_01_07.wav,data/raw/person_asking_for_help/02_04_02_01_07.wav,Person Asking for Help,3.4129,44100,2,602302,b4d466390b2936a50c6387cf98ad5f1e1bbda9015c0bda1396a8322e0c19a737,,,,,,original,
AUD-0DFDD88AA7085B6F,02_04_02_01_08.wav,data/raw/person_asking_for_help/02_04_02_01_08.wav,Person Asking for Help,2.9685,44100,2,523894,fc1f6eae9eea92a8fe77b34bf89ad3db817e067ecff6a1432d79602821b8575c,,,,,,original,
AUD-53FDF0B7A9095DB0,02_04_02_01_11.wav,data/raw/person_asking_for_help/02_04_02_01_11.wav,Person Asking for Help,2.8812,48000,1,276834,36f0120bd666765eef44b1ab2eede0df8e5381f39c6782b9f8ca871e136c1d9d,,,,,,original,
AUD-56DAB63183C656FF,02_04_02_01_12.wav,data/raw/person_asking_for_help/02_04_02_01_12.wav,Person Asking for Help,3.9182,44100,1,345828,7a337a01fef920ebab35387683b2950a9cf07de3395d9ef94632b42104277bfe,,,,,,original,
AUD-3B1FABB75C815C73,02_04_02_01_16.wav,data/raw/person_asking_for_help/02_04_02_01_16.wav,Person Asking for Help,2.6333,48000,1,253038,dcb5ec1be4de734b109b522e87fcb9655e7dee1693de5798514834ff1f4bd7e3,,,,,,original,
AUD-28E92788DF165255,02_04_02_01_17.wav,data/raw/person_asking_for_help/02_04_02_01_17.wav,Person Asking for Help,2.8615,48000,1,274948,0fe9eb1d5d022c992ab39b85c2cf1915c12b2f96b4fe3652b52086eb4d33a155,,,,,,original,
AUD-3C79D923376A519D,03_01_00_02_02.wav,data/raw/person_asking_for_help/03_01_00_02_02.wav,Person Asking for Help,3.5707,48000,2,685612,943a6ef1661acdabbc30afc172f52c120ed82893d0bf88ede387a25259c798c7,,,,,,original,
AUD-8F1B5D8716A05762,03_01_00_02_09.wav,data/raw/person_asking_for_help/03_01_00_02_09.wav,Person Asking for Help,5.28,48000,2,1013804,e72eaac6abb1044ec485d10e322641024ab19d5ba299cf19828f63cc60012508,,,,,,original,
AUD-18C062F612E55CC4,03_01_00_02_10.wav,data/raw/person_asking_for_help/03_01_00_02_10.wav,Person Asking for Help,3.15,48000,2,604844,db49421d16efb7c845de17183130df913c5e51d0b2ff188a939e040633a28317,,,,,,original,
AUD-41C7B80C42E35115,03_01_01_01_01.wav,data/raw/person_asking_for_help/03_01_01_01_01.wav,Person Asking for Help,3.0192,44100,1,266442,7784c72ec78ed39901c127d7ad2e40fd252c46ff60af5c4e64ac2bea4019488b,,,,,,original,
AUD-B9DD084DE0BE54EA,03_01_01_01_02.wav,data/raw/person_asking_for_help/03_01_01_01_02.wav,Person Asking for Help,3.0038,44100,2,530060,e4130c7b8e1feb189901e4f3d371498456d69c47afee1bd74d5adcc98d3dd3a8,,,,,,original,
AUD-8B435E5FA0EF542A,03_01_01_01_03.wav,data/raw/person_asking_for_help/03_01_01_01_03.wav,Person Asking for Help,2.7895,48000,2,535850,59723e5f85343511811c6c8d821030e9ecb647361ff1817b32fe32e68916dcb3,,,,,,original,
AUD-6468EAC0DF01581F,03_01_01_01_04.wav,data/raw/person_asking_for_help/03_01_01_01_04.wav,Person Asking for Help,2.9412,44100,1,259608,82db1b70bfbfb92052054ae3524c3f29eef56b7cefefbebe186dce75ca8fe188,,,,,,original,
AUD-76FE1888A6A05C85,03_01_01_01_05.wav,data/raw/person_asking_for_help/03_01_01_01_05.wav,Person Asking for Help,2.6938,44100,2,475438,bcc36831abfda991a1426d98032ffa95c773fc989bfe331ff4707c321893efc1,,,,,,original,
AUD-C67125977432532A,03_01_01_01_06.wav,data/raw/person_asking_for_help/03_01_01_01_06.wav,Person Asking for Help,2.9442,44100,2,519622,e19fd0d77b15fb25d9bd86e80e8d911c7ea5d42965ed119ae5836e17334f85db,,,,,,original,
AUD-EE8F9F043D045454,03_01_01_01_10.wav,data/raw/person_asking_for_help/03_01_01_01_10.wav,Person Asking for Help,2.7524,44100,2,485786,ff3461165adf2f141af5afb7223b8d04d473eba598e9857d166f76c8e578892d,,,,,,original,
AUD-5CB8F6D306695C7C,03_01_01_01_14.wav,data/raw/person_asking_for_help/03_01_01_01_14.wav,Person Asking for Help,2.9415,48000,2,565000,27a1d4a2e9aee05ccebc73bce48f94867b9decf1c7659f6fe86fce2a816c4e6c,,,,,,original,
AUD-4F5B040D5A315A66,03_01_01_01_15.wav,data/raw/person_asking_for_help/03_01_01_01_15.wav,Person Asking for Help,3.1226,48000,2,599776,e84b767201421b5ec33dd4bb55204ae5e4cc2c96e3921c714e2cf0d95d061d89,,,,,,original,
AUD-91E8D6E7EA855951,03_01_01_01_18.wav,data/raw/person_asking_for_help/03_01_01_01_18.wav,Person Asking for Help,2.8957,48000,1,278236,b68cde6553183da1116cb1e2a74c50ccc4335f58e31f5cf53a7b6ff80979f2e2,,,,,,original,
AUD-BAD56EDF30415AFE,03_01_02_01_07.wav,data/raw/person_asking_for_help/03_01_02_01_07.wav,Person Asking for Help,2.9365,44100,2,518258,5fa9c37f09af5f8061853f0305ad1d789ba8edda787376b3a8196eafcb0b0d9b,,,,,,original,
AUD-52509712866B567F,03_01_02_01_08.wav,data/raw/person_asking_for_help/03_01_02_01_08.wav,Person Asking for Help,3.1958,44100,2,563998,bf240b7ce4dd73ee5921fb52663796792eea6fb7eb28ad5f454a64b70d30d84b,,,,,,original,
AUD-1D6A3EF7644E5E64,03_01_02_01_09.wav,data/raw/person_asking_for_help/03_01_02_01_09.wav,Person Asking for Help,3.0998,44100,2,547070,20146652ba52909e04acb64bedcabea49922c8d5ae47151bd09bf1dbfa6d64a9,,,,,,original,
AUD-5BF667041BD35622,03_01_02_01_12.wav,data/raw/person_asking_for_help/03_01_02_01_12.wav,Person Asking for Help,2.9044,44100,1,256408,f5bd05672b1f19f2c396e839ce97d244aedb14c283c9c7bc91abe340b98f1c82,,,,,,original,
AUD-3421B7A0F0025451,03_01_02_01_16.wav,data/raw/person_asking_for_help/03_01_02_01_16.wav,Person Asking for Help,2.7258,48000,1,261912,1afc9acb3efb80a6d4c06f3bb9e301ec61c52719d822c82c942e773928fab4cd,,,,,,original,
AUD-3D071DED9B125041,03_01_02_01_17.wav,data/raw/person_asking_for_help/03_01_02_01_17.wav,Person Asking for Help,2.9195,48000,1,280512,6e76d14045e876ea50d6ea1c36ab473829f6f7bf0036693027f779b739978613,,,,,,original,
AUD-77CA2466E06F59E5,03_02_00_02_02.wav,data/raw/person_asking_for_help/03_02_00_02_02.wav,Person Asking for Help,3.2514,48000,2,624312,c6981e5d3e4aeb474ed292baf674cc5ae32d4ea92cbc91854e00514f83b76a5a,,,,,,original,
AUD-6231C90F0BE958AC,03_02_00_02_09.wav,data/raw/person_asking_for_help/03_02_00_02_09.wav,Person Asking for Help,4.32,48000,2,829484,97cf2465cf824884aa7bb1c71fb58ab0c2fee64776bade0986e302616cadb063,,,,,,original,
AUD-EE9BA84C12545E4A,03_02_01_01_01.wav,data/raw/person_asking_for_help/03_02_01_01_01.wav,Person Asking for Help,2.8381,44100,1,250470,56a297fb4f812fff904a29a4bea11355e926b5fcde34ffa65ad4db212afa2212,,,,,,original,
AUD-376D06CA775F5F1E,03_02_01_01_02.wav,data/raw/person_asking_for_help/03_02_01_01_02.wav,Person Asking for Help,2.9395,44100,2,518712,c271f6a28bfa459652c9c07ad527b54d94dc04cdd488a7f96ec89c5969e04380,,,,,,original,
AUD-BCDF052F06B456BD,03_02_01_01_03.wav,data/raw/person_asking_for_help/03_02_01_01_03.wav,Person Asking for Help,2.6517,48000,2,509382,9f2919f8aec17427088e96569c2a6f3d5b4c1cbb543fbba16ac49ba9938a3ea2,,,,,,original,
AUD-2392DC242A62518C,03_02_01_01_04.wav,data/raw/person_asking_for_help/03_02_01_01_04.wav,Person Asking for Help,2.615,44100,1,230838,accd16d2a33ecf3fbff5654476f3f8d0cfaa5566ed2dd83ab51a8613034842bc,,,,,,original,
AUD-0E4FBE67B5E85D8F,03_02_01_01_05.wav,data/raw/person_asking_for_help/03_02_01_01_05.wav,Person Asking for Help,2.5571,44100,2,451326,2e4b4b932c48079f032dd12074659c3ff37358ff83fa3b594f8e3214aa475b34,,,,,,original,
AUD-41B020175C055449,03_02_01_01_06.wav,data/raw/person_asking_for_help/03_02_01_01_06.wav,Person Asking for Help,2.5246,44100,2,445598,3e308e418b41c90d9dafb6c839b893b973bd9d4bc60794957c30ad2e4754f842,,,,,,original,
AUD-FF78BCA9FB805FE2,03_02_01_01_14.wav,data/raw/person_asking_for_help/03_02_01_01_14.wav,Person Asking for Help,2.7767,48000,2,533376,bdfcabee120c62aa482c49702e322df6cdc20d8baf34b3750cfd702576f878c0,,,,,,original,
AUD-2B700228759F5EB2,03_02_01_01_15.wav,data/raw/person_asking_for_help/03_02_01_01_15.wav,Person Asking for Help,2.0995,48000,1,201794,c37d8384c7e3e7f02219c0737567f986dc4d8b89f750231738d6a4821313ef35,,,,,,original,
AUD-9DCA1EBB964D511D,03_02_01_01_18.wav,data/raw/person_asking_for_help/03_02_01_01_18.wav,Person Asking for Help,2.9266,48000,1,281192,4ac132b1581440217757f7f1220cab9fe2df9369f047481a86d722feb3e892f4,,,,,,original,
AUD-A9BD3E6FD9DA5134,03_02_02_01_07.wav,data/raw/person_asking_for_help/03_02_02_01_07.wav,Person Asking for Help,2.762,44100,2,487478,6cd93c6f87f04d5e3bed94537784bf9adec78e20b56e2e6f0dc21fcb8149bbda,,,,,,original,
AUD-FEF9C6704C03537B,03_02_02_01_08.wav,data/raw/person_asking_for_help/03_02_02_01_08.wav,Person Asking for Help,2.6966,44100,2,475938,68e3d4b1a53055ba430eb7ee36d62a0818ffa8bb71dcba3a9300b11c9dba19e6,,,,,,original,
AUD-FE2FA1D88DBE5FB1,03_02_02_01_09.wav,data/raw/person_asking_for_help/03_02_02_01_09.wav,Person Asking for Help,3.1185,44100,2,550362,604e973c5dd05a884b5048062037d6851070c48545808f0cc00973624a77e9db,,,,,,original,
AUD-869D19E42259579C,03_02_02_01_11.wav,data/raw/person_asking_for_help/03_02_02_01_11.wav,Person Asking for Help,2.3959,48000,1,230250,6a1f5448030fc8d764f2dba2f45afd63de856f67e25a57449cabf52b80fe37d6,,,,,,original,
AUD-A508684D794959F9,03_02_02_01_12.wav,data/raw/person_asking_for_help/03_02_02_01_12.wav,Person Asking for Help,2.6388,44100,1,232978,19a6b064b458cf578066eb7ae1abd827cc4089d33052cac76a417fd74040db91,,,,,,original,
AUD-54945347785B5B61,03_02_02_01_16.wav,data/raw/person_asking_for_help/03_02_02_01_16.wav,Person Asking for Help,2.8546,48000,1,274286,cf669aca169d69784255615144c8d31feea7edf2d10c4cd5be5e0c06dafe76dc,,,,,,original,
AUD-07FFEB61884E5E12,03_02_02_01_17.wav,data/raw/person_asking_for_help/03_02_02_01_17.wav,Person Asking for Help,2.9291,48000,1,281430,a6b74a07cd673aca6e558ce2c58e1d4a372b53eaddbf9e33a5bfb75b8ccfb699,,,,,,original,
AUD-832BA6991A1E5BDF,03_03_00_02_02.wav,data/raw/person_asking_for_help/03_03_00_02_02.wav,Person Asking for Help,3.3385,48000,2,641032,4769ada4428a0da3bc21b70aded882ec87c38088baa48c0642f209fa19a8baea,,,,,,original,
AUD-79B8EC1C7F2B5711,03_03_00_02_09.wav,data/raw/person_asking_for_help/03_03_00_02_09.wav,Person Asking for Help,4.0,48000,2,768044,c6af76c9c04ee88125c24b792b64ee504fde84f6f7c1746e9b404783a565d8fa,,,,,,original,
AUD-2971433C9C1A5A18,03_03_01_01_01.wav,data/raw/person_asking_for_help/03_03_01_01_01.wav,Person Asking for Help,2.5653,44100,1,226408,87609399132c015da7b194335efb6d65cc8ad10c6f32ca3d0e34c7c5db7fb818,,,,,,original,
AUD-46C982AAF224592A,03_03_01_01_02.wav,data/raw/person_asking_for_help/03_03_01_01_02.wav,Person Asking for Help,3.0029,44100,2,529908,c9fcbb090e9d6a5d106145eaa20adec5554f30d5713e96fccd498b24067ef166,,,,,,original,
AUD-647A41062B8F5C69,03_03_01_01_03.wav,data/raw/person_asking_for_help/03_03_01_01_03.wav,Person Asking for Help,2.6408,48000,2,507290,a533faee34fba5fdcbb4b98214e34c35e0a73fa11973ddacb3353ed00bff9f80,,,,,,original,
AUD-F60651EEE0DC5D06,03_03_01_01_04.wav,data/raw/person_asking_for_help/03_03_01_01_04.wav,Person Asking for Help,2.6506,44100,1,233978,3c6bf3a224f5b53be14f8b3e1c71df14aa49214d62bdbdc985392ad9c433c386,,,,,,original,
AUD-5B42A81346A959BF,03_03_01_01_05.wav,data/raw/person_asking_for_help/03_03_01_01_05.wav,Person Asking for Help,2.627,44100,2,463658,14dacdb5e5eb0409c6632a8c693e3afa50283f27ddc4c105a0e353e6f844f159,,,,,,original,
AUD-A23C5212DB11534B,03_03_01_01_06.wav,data/raw/person_asking_for_help/03_03_01_01_06.wav,Person Asking for Help,2.7345,44100,2,482626,2918204d726ce55c69664339524c2a0cfdc37aa4c86d5535d4891ff0f9840b88,,,,,,original,
AUD-012AE80CB93453D4,03_03_01_01_10.wav,data/raw/person_asking_for_help/03_03_01_01_10.wav,Person Asking for Help,2.7724,44100,2,489318,d36963e34fb2382997eabd5d9afa7ea89f8cbebfaa56380beb4dcb5dec3f41d2,,,,,,original,
AUD-9E419D3B98885247,03_03_01_01_14.wav,data/raw/person_asking_for_help/03_03_01_01_14.wav,Person Asking for Help,2.6148,48000,2,502276,db4715686476da2ef189f7c302e085a2822e77fed7aa02c550d300837cc1746e,,,,,,original,
AUD-3028ACA91F3C560B,03_03_01_01_15.wav,data/raw/person_asking_for_help/03_03_01_01_15.wav,Person Asking for Help,2.5328,48000,2,486544,5a9684f2d1bc6003304a117c546c431053482daa1fc3e17f12862c906e3d7cad,,,,,,original,
AUD-EEF6D26D930A5319,03_03_01_01_18.wav,data/raw/person_asking_for_help/03_03_01_01_18.wav,Person Asking for Help,2.6588,48000,1,255492,3df3996d1375b79a2ea00e9294d4e73be4431a7b5279bbc76d1f7e55582e0ed1,,,,,,original,
AUD-CFB79E867D3653A6,03_03_02_01_07.wav,data/raw/person_asking_for_help/03_03_02_01_07.wav,Person Asking for Help,2.3514,44100,2,415046,97ef6933c0b6ddb2f5cc6892863c9c3a908b2653356c6a16140a85c9b87a13a9,,,,,,original,
AUD-81E1A5EC71F956DC,03_03_02_01_08.wav,data/raw/person_asking_for_help/03_03_02_01_08.wav,Person Asking for Help,2.7249,44100,2,480922,5bb7dc61b37cb33e4a1cd456b453f2dde5801139297d4aaab033dd60cd318ea7,,,,,,original,
AUD-E19A94A62BE2526B,03_03_02_01_09.wav,data/raw/person_asking_for_help/03_03_02_01_09.wav,Person Asking for Help,2.755,44100,2,486238,1af94188a4f4cec820ec7cc14dfe40eaa2dd5cb34d98442060a256652ae05070,,,,,,original,
AUD-BF1B97FA0E0E5A55,03_03_02_01_16.wav,data/raw/person_asking_for_help/03_03_02_01_16.wav,Person Asking for Help,2.5118,48000,1,241372,d707ebaee9a2028a1240861828a85da6e6bd164b9d0f2f204f03d9a50668e676,,,,,,original,
AUD-99DECBDC774757B4,03_03_02_01_17.wav,data/raw/person_asking_for_help/03_03_02_01_17.wav,Person Asking for Help,2.8068,48000,1,269696,7553da188df1844c923f38fcbd44daeddd9b1ff458329dc856d2778ddd2be83b,,,,,,original,
AUD-9AFFB6D5B9FC5AE6,03_04_00_02_02.wav,data/raw/person_asking_for_help/03_04_00_02_02.wav,Person Asking for Help,3.6868,48000,2,707904,92b900617217cbfe16959886db2f21283dd240a19a7d21be2b2744bb3ac22d79,,,,,,original,
AUD-B9EEF2EDA36B5A11,03_04_00_02_09.wav,data/raw/person_asking_for_help/03_04_00_02_09.wav,Person Asking for Help,6.08,48000,2,1167404,1a6e064446f822307ff9e08dad570d4b0f75b4d53a7e096eefee03f94a358695,,,,,,original,
AUD-EE1CFDC4891055CC,03_04_00_02_10.wav,data/raw/person_asking_for_help/03_04_00_02_10.wav,Person Asking for Help,3.56,48000,2,683564,0bcc7142f1c4e01c58b8659e70079b682a9d5a5542868df1782baf2df0f718bd,,,,,,original,
AUD-3E4D1A5D06165AA9,03_04_01_01_01.wav,data/raw/person_asking_for_help/03_04_01_01_01.wav,Person Asking for Help,3.0018,44100,1,264906,4183e32559d43d8135f8e9d4866eafc4891a9092e8716b2c7097a2206a6489f5,,,,,,original,
AUD-30186457AB515E28,03_04_01_01_02.wav,data/raw/person_asking_for_help/03_04_01_01_02.wav,Person Asking for Help,3.0656,44100,2,540972,35b7a5561da18885be09336ebd7a34dc2f985bc82f9a41a637ac25df93679159,,,,,,original,
AUD-EC6073C4B4D2543E,03_04_01_01_03.wav,data/raw/person_asking_for_help/03_04_01_01_03.wav,Person Asking for Help,2.5785,48000,2,495338,f5aee9cb25ade578bf86684c847bf545097ed2ff11c9318d31ab40465d9287e1,,,,,,original,
AUD-F567FBCEC55F5FE1,03_04_01_01_04.wav,data/raw/person_asking_for_help/03_04_01_01_04.wav,Person Asking for Help,2.9751,44100,1,262598,0cdd41136a0c709b87f47f68681184b8d6dc0ca7098b68983edbfd98c7ffe382,,,,,,original,
AUD-7157541290B95366,03_04_01_01_05.wav,data/raw/person_asking_for_help/03_04_01_01_05.wav,Person Asking for Help,2.725,44100,2,480954,e35488022194e70d3c942b076f00687e137022e5cdddc415047859927e1aa4f6,,,,,,original,
AUD-2141200757245EC7,03_04_01_01_06.wav,data/raw/person_asking_for_help/03_04_01_01_06.wav,Person Asking for Help,2.7224,44100,2,480482,2537a97d71ea9a1f476d411fc8a7b65fa6335ebb6e96a5c7b3ce1853974166e9,,,,,,original,
AUD-831DF2C99B9A54BE,03_04_01_01_10.wav,data/raw/person_asking_for_help/03_04_01_01_10.wav,Person Asking for Help,2.4906,44100,2,439594,0f8295a92477d975c8d5abb9e5f84c7d3ec8cfb002d386bddc72edbbe60efae9,,,,,,original,
AUD-B32D8ABF51005D44,03_04_01_01_14.wav,data/raw/person_asking_for_help/03_04_01_01_14.wav,Person Asking for Help,3.0389,48000,2,583704,49d354018600ff21b6d293410b6779c8bfb1c3d2fa0210931b9fc83bc62a5212,,,,,,original,
AUD-E837B97560A95BA3,03_04_01_01_15.wav,data/raw/person_asking_for_help/03_04_01_01_15.wav,Person Asking for Help,2.9066,48000,2,558304,7fba5b886651ba0f4c71ad56348edc22f0ecc01b175d4741ff3d913cd55732e1,,,,,,original,
AUD-9EF9021CCDBC5727,03_04_01_01_18.wav,data/raw/person_asking_for_help/03_04_01_01_18.wav,Person Asking for Help,2.8882,48000,1,277506,ab2c417d38ba8f57cc23c9be8ee98c2287ebda6dda042abe1de80a7acca6d5b1,,,,,,original,
AUD-A6CE8FE760DE5AF5,03_04_02_01_07.wav,data/raw/person_asking_for_help/03_04_02_01_07.wav,Person Asking for Help,2.7483,44100,2,485054,eb3df8f0ca22169a6171db059335976d4d235f9783e847d44975519b893f6c7d,,,,,,original,
AUD-E976D04B833A55E1,03_04_02_01_08.wav,data/raw/person_asking_for_help/03_04_02_01_08.wav,Person Asking for Help,2.721,44100,2,480242,ff8fe8624040a9628e0ddd77e30d75ba651f812b39f5237b932794c3cc0a013c,,,,,,original,
AUD-EBE2B0490E5D51BF,03_04_02_01_09.wav,data/raw/person_asking_for_help/03_04_02_01_09.wav,Person Asking for Help,2.889,44100,2,509870,6569a4635aceeace08f3c1b1c93f6dcb4ea24438c29292e081de11eefb8f3481,,,,,,original,
AUD-E0FAB38756B65909,03_04_02_01_11.wav,data/raw/person_asking_for_help/03_04_02_01_11.wav,Person Asking for Help,2.8672,48000,1,275508,dc9e5ee32cd483b4477d6308e3da9ec4094a2b883a2d8f03a6cfc0a5301e64a2,,,,,,original,
AUD-20DCB9CB5CF15165,03_04_02_01_16.wav,data/raw/person_asking_for_help/03_04_02_01_16.wav,Person Asking for Help,2.8254,48000,1,271482,baa779dea375067b08151c5d887f02d3f635ee1e1392525c3fc1632bcac255b9,,,,,,original,
AUD-443DBE95A37656DD,03_04_02_01_17.wav,data/raw/person_asking_for_help/03_04_02_01_17.wav,Person Asking for Help,2.5888,48000,1,248762,023a596363421b918db71ab9d27b4799f24245e875e6043a9434b035b8daa782,,,,,,original,
AUD-B6D3266746EE599F,04_01_00_02_02.wav,data/raw/person_asking_for_help/04_01_00_02_02.wav,Person Asking for Help,3.1063,48000,2,596448,15bbc22024a8ab8743233e114538816d0ea47854f216a4dfd18050e08fd62d5e,,,,,,original,
AUD-63EBB0098B385865,04_01_00_02_10.wav,data/raw/person_asking_for_help/04_01_00_02_10.wav,Person Asking for Help,2.7907,48000,2,535852,f94574b01e83d8d51d6ceb0904c504fcb9a98510913ae1784fe715577d6da832,,,,,,original,
AUD-0416C810E1D553EF,04_01_01_01_01.wav,data/raw/person_asking_for_help/04_01_01_01_01.wav,Person Asking for Help,2.6587,44100,1,234644,05fec8f7d7223b9e1ccef6aa6a29409b93910aec6e81b1c2613b90085f81aea1,,,,,,original,
AUD-C1A7FA9C3BA95F18,04_01_01_01_02.wav,data/raw/person_asking_for_help/04_01_01_01_02.wav,Person Asking for Help,2.7462,44100,2,484616,bb8a39911d3f6c03eb4daad4c455bd23afaf60ba948e593e0b7130aa37acb1e1,,,,,,original,
AUD-CAA06A0BC27A5244,04_01_01_01_03.wav,data/raw/person_asking_for_help/04_01_01_01_03.wav,Person Asking for Help,2.7468,48000,2,527642,0491be9fcf7eb9fd20f320261c83744d54909897886b547ea4a5fe02966631f4,,,,,,original,
AUD-2EA6980FA92E59D0,04_01_01_01_04.wav,data/raw/person_asking_for_help/04_01_01_01_04.wav,Person Asking for Help,2.6264,44100,2,463484,901765aa6fd8f9f74bfeb5858a86c619110e200726c4e59319a54672cae1e346,,,,,,original,
AUD-3B4450C497B750D6,04_01_01_01_05.wav,data/raw/person_asking_for_help/04_01_01_01_05.wav,Person Asking for Help,2.5782,44100,2,455050,6e1bd8739a2c832983f6b86f1a6bd59523c2119c884bc73f9f4b4cc3c48c2407,,,,,,original,
AUD-29866625FAC55215,04_01_01_01_06.wav,data/raw/person_asking_for_help/04_01_01_01_06.wav,Person Asking for Help,2.8296,44100,2,499398,aaeb67e23d4d95a99494edf4563aaf8021679b13c303156284e699a12f129ab0,,,,,,original,
AUD-07D086F12C9850C1,04_01_01_01_10.wav,data/raw/person_asking_for_help/04_01_01_01_10.wav,Person Asking for Help,2.7907,44100,2,492534,6ff5a28288c3f8fc352479c5709ba832fb08af31a883a8180ec46e153a37461c,,,,,,original,
AUD-6E33710CA6B45A0C,04_01_01_01_14.wav,data/raw/person_asking_for_help/04_01_01_01_14.wav,Person Asking for Help,2.4562,48000,2,471828,064ed3b9c1aff8dd8d3033f98f66fe72edd10b1fecae6436b2fa5af1beb0d8e0,,,,,,original,
AUD-35E49B75776C5FEF,04_01_01_01_15.wav,data/raw/person_asking_for_help/04_01_01_01_15.wav,Person Asking for Help,2.428,48000,2,466420,4cddfe9160e1df1d29bf9fdb67200e9e6357b5f9aa0452c5798c6dfeea6855ac,,,,,,original,
AUD-77E20C8FB8B65196,04_01_01_01_18.wav,data/raw/person_asking_for_help/04_01_01_01_18.wav,Person Asking for Help,2.7316,48000,1,262488,c33cc3c05a383788ed8cc137df3348b7874885ac9ccf88acb7332209ff05e9a0,,,,,,original,
AUD-2380FC0609EA5B4E,04_01_02_01_07.wav,data/raw/person_asking_for_help/04_01_02_01_07.wav,Person Asking for Help,2.4996,44100,2,441186,674a5d3327f341bfea8db1d3b5074f11f68054e53ba09d494f7eb008eb4c0e82,,,,,,original,
AUD-93BF4D7536A35639,04_01_02_01_08.wav,data/raw/person_asking_for_help/04_01_02_01_08.wav,Person Asking for Help,2.1344,44100,2,376762,863eb474c1187fab323a889254453b62fd26438901a43ab37f517b9131ecd422,,,,,,original,
AUD-436F6E7A7E575F20,04_01_02_01_09.wav,data/raw/person_asking_for_help/04_01_02_01_09.wav,Person Asking for Help,2.8989,44100,2,511626,750aecdf8d960722710658a906fa6d9abae25313ea79c7951494a7e15fa76d2d,,,,,,original,
AUD-A923459D159B50F8,04_01_02_01_16.wav,data/raw/person_asking_for_help/04_01_02_01_16.wav,Person Asking for Help,2.404,48000,1,231028,65543cd6942ea3475c0cf53a61a3332e1dd8547cacc5407d86d8a071a3fd6430,,,,,,original,
AUD-23D3FDBBAE705F6B,04_01_02_01_17.wav,data/raw/person_asking_for_help/04_01_02_01_17.wav,Person Asking for Help,2.9056,48000,1,279176,9d02269204648afc209eca2dabbf563455f02eace541336f6f7c49720aaf81c8,,,,,,original,
AUD-E532B1F6B1805F68,04_02_00_02_02.wav,data/raw/person_asking_for_help/04_02_00_02_02.wav,Person Asking for Help,2.9176,48000,2,560224,bc6efea31194e59efd831173c8ba7025e37f770c0e4522e5781ea1ad513a97de,,,,,,original,
AUD-CC8634E7D0045503,04_02_00_02_09.wav,data/raw/person_asking_for_help/04_02_00_02_09.wav,Person Asking for Help,4.32,48000,2,829484,b1d9963db8199ee999ab77540c262e0b91b47b7cc111b6653c2ebad68c349b82,,,,,,original,
AUD-8B6A6BC5F6755DFA,04_02_00_02_10.wav,data/raw/person_asking_for_help/04_02_00_02_10.wav,Person Asking for Help,2.85,48000,2,547244,fde798c2aed003a1ba965d2a7b0dd322e51e2daf0cbe9185b193a9e650d4df89,,,,,,original,
AUD-81491DE767EE557D,04_02_01_01_01.wav,data/raw/person_asking_for_help/04_02_01_01_01.wav,Person Asking for Help,2.2327,44100,1,197076,f9b10057d83c8932067d228221f5eec1f39aa28d0fc7b6931421bd85424c337d,,,,,,original,
AUD-4DBC02BB35B15FF0,04_02_01_01_02.wav,data/raw/person_asking_for_help/04_02_01_01_02.wav,Person Asking for Help,2.5627,44100,2,452252,498460497de2faa0b3fad45eeb35734869ec08120b8271a0c38c4b4f4d9cbd7b,,,,,,original,
AUD-F89B21B27D4A5AA7,04_02_01_01_03.wav,data/raw/person_asking_for_help/04_02_01_01_03.wav,Person Asking for Help,2.7521,48000,2,528666,a706a33b1c8dd6364e0b4f40cd7a1a12924dd4fec8f71041a95106db249d646a,,,,,,original,
AUD-0D5E073E8F7153E8,04_02_01_01_04.wav,data/raw/person_asking_for_help/04_02_01_01_04.wav,Person Asking for Help,2.7715,44100,1,244634,8686f1a47929f167d03bea2d3ed66f86e569cd0d8fc69ca1022333473fd26d31,,,,,,original,
AUD-FC3CA864C13C5B79,04_02_01_01_05.wav,data/raw/person_asking_for_help/04_02_01_01_05.wav,Person Asking for Help,2.564,44100,2,452550,e95ef4d85537d86264943ae22d6fcad3f11e4d7eb15c8314c2bebb534bd47795,,,,,,original,
AUD-75F9D21957A55A87,04_02_01_01_06.wav,data/raw/person_asking_for_help/04_02_01_01_06.wav,Person Asking for Help,2.81,44100,2,495942,6161a00a696758fc7f9aa1542df84c9062a20508947e980a66d123f9fc2da8b7,,,,,,original,
AUD-5ED6CFA106FA5DF0,04_02_01_01_14.wav,data/raw/person_asking_for_help/04_02_01_01_14.wav,Person Asking for Help,2.9002,48000,2,557076,03ff3ebd54488063b546431e3e1650de726e8ebb593ed1b33dbd4ee1c4b585ec,,,,,,original,
AUD-D8127A555B86538F,04_02_01_01_15.wav,data/raw/person_asking_for_help/04_02_01_01_15.wav,Person Asking for Help,2.6428,48000,2,507652,5e18b412fef8abfe97ee307046ea0b5e4b83e1248356394f7330d582c686715a,,,,,,original,
AUD-2B05BDFFBEC55117,04_02_01_01_18.wav,data/raw/person_asking_for_help/04_02_01_01_18.wav,Person Asking for Help,2.6299,48000,1,252708,f629b7bf5c5815442f288831772784d30a47207c20cee52383b253d1cdf6dc2c,,,,,,original,
AUD-4469BECCA3585A27,04_02_02_01_07.wav,data/raw/person_asking_for_help/04_02_02_01_07.wav,Person Asking for Help,2.5837,44100,2,456014,b23960a386be6b74ac22de9f7698e0ab7a6c6f5b99e330d73abf30eaac9df26e,,,,,,original,
AUD-06B6A07189375E18,04_02_02_01_08.wav,data/raw/person_asking_for_help/04_02_02_01_08.wav,Person Asking for Help,2.24,44100,2,395394,b6faf330c23154f9efbd70d17738a1b5e32b69ec463ac24d44f8a9c7a896d083,,,,,,original,
AUD-2CF21C8F96A151F7,04_02_02_01_09.wav,data/raw/person_asking_for_help/04_02_02_01_09.wav,Person Asking for Help,2.9496,44100,2,520574,54d3a99dbb27075b6457a8083b7b0551f9233d8ab5f02334634e71bddbd4fa2b,,,,,,original,
AUD-382C44965A315C1B,04_02_02_01_11.wav,data/raw/person_asking_for_help/04_02_02_01_11.wav,Person Asking for Help,2.5133,48000,1,241538,e7dc835ec34bf2b7ef84695b853ee1799a5d10fc012561e5e08e766eed7af781,,,,,,original,
AUD-943223B3A0185F5E,04_02_02_01_16.wav,data/raw/person_asking_for_help/04_02_02_01_16.wav,Person Asking for Help,2.5393,48000,1,244012,f6727fecd74b5b0f3672ad46c490ae3d1b77db5ab8a2a64a7e49fa48c45618a1,,,,,,original,
AUD-17809B7018845E3E,04_02_02_01_17.wav,data/raw/person_asking_for_help/04_02_02_01_17.wav,Person Asking for Help,2.6809,48000,1,257604,763d17b17363e230beb35edae5eaae21e89ef5e29d3667fbdb41699214db1e69,,,,,,original,
AUD-111B13AFAA885B58,04_03_00_02_02.wav,data/raw/person_asking_for_help/04_03_00_02_02.wav,Person Asking for Help,2.9466,48000,2,565796,0b8e73f9832b3e00a9c06f299e77085eedebae4f777178a900b9a11f6290fad7,,,,,,original,
AUD-D063AC1FF05B58D5,04_03_00_02_09.wav,data/raw/person_asking_for_help/04_03_00_02_09.wav,Person Asking for Help,4.48,48000,2,860204,c11f30ab11cea4847a6a041d188ea8c91bcb472233bbb8458652baeb73110c9b,,,,,,original,
AUD-8318682F1B5E51E5,04_03_01_01_01.wav,data/raw/person_asking_for_help/04_03_01_01_01.wav,Person Asking for Help,2.1222,44100,2,374498,73abc6cddb2791fba1a0b1b9d8abbd6e0a2d1eef652c04813cf9c52fd0dba079,,,,,,original,
AUD-E87DD374D6B15945,04_03_01_01_02.wav,data/raw/person_asking_for_help/04_03_01_01_02.wav,Person Asking for Help,2.5243,44100,2,445472,dcfd1679523c8aa4b36a91889adaa7d6ad6bcba3127285861e9873887fbb56f2,,,,,,original,
AUD-17BB413E20F557B7,04_03_01_01_03.wav,data/raw/person_asking_for_help/04_03_01_01_03.wav,Person Asking for Help,2.6626,48000,2,511470,e1006f1763073c25badd93f6d4a1c66942aff2d9756c383ac7bc2955c2986dc3,,,,,,original,
AUD-361A56E0B5D05786,04_03_01_01_04.wav,data/raw/person_asking_for_help/04_03_01_01_04.wav,Person Asking for Help,2.955,44100,1,260820,ce1872e9b9f9b3e239b40ad61d165f2319e676de1912bfa30a4e3c5c5d4e2646,,,,,,original,
AUD-F5164C32A89D55B0,04_03_01_01_05.wav,data/raw/person_asking_for_help/04_03_01_01_05.wav,Person Asking for Help,2.24,44100,2,395394,ff34323ad76fe2a1fb4147d5bddd2b6a908543215604b08587afcf6c0c1e4f06,,,,,,original,
AUD-7F436AD998215FA1,04_03_01_01_06.wav,data/raw/person_asking_for_help/04_03_01_01_06.wav,Person Asking for Help,2.6254,44100,2,463386,64a0990cfc37a913907211fa1dff916a3e2ee39d57e2273f267f01f47a8b05c7,,,,,,original,
AUD-21B1F0BFBFBC5331,04_03_01_01_14.wav,data/raw/person_asking_for_help/04_03_01_01_14.wav,Person Asking for Help,2.1784,48000,2,418484,0e1addba4bec367eeab7a7af8d49310b1e1493b4c9ea8b218b697914a74a715f,,,,,,original,
AUD-48485E873D945C3B,04_03_01_01_15.wav,data/raw/person_asking_for_help/04_03_01_01_15.wav,Person Asking for Help,2.5068,48000,2,481544,277478b09728afef072d25ed858bc8a4ccb6f7e3e4c1396fa3864e9e3c68734d,,,,,,original,
AUD-BD9F2EE0F38955DA,04_03_01_01_18.wav,data/raw/person_asking_for_help/04_03_01_01_18.wav,Person Asking for Help,2.3253,48000,1,223482,4ac3a45da25f2617a9c395e9de87496784abb67888a681c1bd71d91d8e411950,,,,,,original,
AUD-118B3C21BB5B510F,04_03_02_01_07.wav,data/raw/person_asking_for_help/04_03_02_01_07.wav,Person Asking for Help,2.7897,44100,2,492354,1802c0996b3a17debb374acc0d3819b66d54aac1fa63b861ea47d723a9980a70,,,,,,original,
AUD-C2EF0A5AB0485C1E,04_03_02_01_08.wav,data/raw/person_asking_for_help/04_03_02_01_08.wav,Person Asking for Help,2.6097,44100,2,460610,63cb8c84d64dad7d1c13607b89e9d9018704a6cf4ac667ce253dd95fe460b726,,,,,,original,
AUD-B2BDBD517B8A55F1,04_03_02_01_09.wav,data/raw/person_asking_for_help/04_03_02_01_09.wav,Person Asking for Help,2.5713,44100,2,453842,540cc0aff4e15d375928b128a9c6b7eb2f3daea3b79fd590a36e0100a58eaa25,,,,,,original,
AUD-5E4AD99537845073,04_03_02_01_11.wav,data/raw/person_asking_for_help/04_03_02_01_11.wav,Person Asking for Help,1.9509,48000,1,187544,3e8fd679e7950423b9629c5bd609e3dd134f0768329c19b57ac9a7501d503e21,,,,,,original,
AUD-BE8F7BE48774576F,04_03_02_01_16.wav,data/raw/person_asking_for_help/04_03_02_01_16.wav,Person Asking for Help,2.0801,48000,1,199928,94487082dc50685e7a0cf13ddfc2759bd5209fe38e50c84028627d27ef7354f3,,,,,,original,
AUD-B75914F07EEF511A,04_03_02_01_17.wav,data/raw/person_asking_for_help/04_03_02_01_17.wav,Person Asking for Help,2.726,48000,1,261940,522c2e42efbe5b9619522acfa79cbf74101b42babec10728c225a443fe47965d,,,,,,original,
AUD-120C19D57CF65E93,04_04_00_02_02.wav,data/raw/person_asking_for_help/04_04_00_02_02.wav,Person Asking for Help,3.1353,48000,2,602020,3e924e86d1d299fec071bbcdaa3092f21bfd9ed2c11ad2b4a38fea75b130ad06,,,,,,original,
AUD-A43226F0BDB75433,04_04_00_02_09.wav,data/raw/person_asking_for_help/04_04_00_02_09.wav,Person Asking for Help,6.4,48000,2,1228844,b069b53a4b38fc61c93e11b8ffc435a043e4cf03ffc99407f095eb24714588f3,,,,,,original,
AUD-907D484449755D20,04_04_01_01_01.wav,data/raw/person_asking_for_help/04_04_01_01_01.wav,Person Asking for Help,2.8252,44100,2,498518,64ffc3384a610797d68d479bf101a5c7f30d899d6c27a0eeae6dc38c29320b63,,,,,,original,
AUD-96C775D225D054BD,04_04_01_01_02.wav,data/raw/person_asking_for_help/04_04_01_01_02.wav,Person Asking for Help,2.8452,44100,2,502088,10dba4a20eb468508d5368d1434a6e351c270fc09b61753714febf3bc2649f30,,,,,,original,
AUD-7BBE239F2379502B,04_04_01_01_03.wav,data/raw/person_asking_for_help/04_04_01_01_03.wav,Person Asking for Help,2.6063,48000,2,500674,784e81b1cef434f823e6696b9a0f9870885c43c8410674c82be5d48315a8487c,,,,,,original,
AUD-BE32AD0D757D54E8,04_04_01_01_04.wav,data/raw/person_asking_for_help/04_04_01_01_04.wav,Person Asking for Help,2.8989,44100,1,255872,e5f902c850583317cf75565ecd3d80bd4139205b595873969ef7232aeed57c99,,,,,,original,
AUD-98AF6B29FCF6517D,04_04_01_01_05.wav,data/raw/person_asking_for_help/04_04_01_01_05.wav,Person Asking for Help,2.4489,44100,2,432238,56058e3d5a61795a56104a55980398d99e242139824c987efe138de832609538,,,,,,original,
AUD-CAB45410923D56E8,04_04_01_01_06.wav,data/raw/person_asking_for_help/04_04_01_01_06.wav,Person Asking for Help,2.6189,44100,2,462238,c24f1f1a3675a8b69e71681b0ea6dd03992580f64f4d5350d7f1c60731183d35,,,,,,original,
AUD-46FC96DE03A451BE,04_04_01_01_14.wav,data/raw/person_asking_for_help/04_04_01_01_14.wav,Person Asking for Help,2.4863,48000,2,477600,89402cffedb0a39746ad46d8fca803d3dca5bd930f0364b74d325abcc618e1b5,,,,,,original,
AUD-8F58E4491F1552D2,04_04_01_01_15.wav,data/raw/person_asking_for_help/04_04_01_01_15.wav,Person Asking for Help,2.4119,48000,2,463332,7bea024ec34f60ec60e874b0abd6094b02c7958e2ca6d4dbb223b87869a37f14,,,,,,original,
AUD-A2514171A02858FE,04_04_01_01_18.wav,data/raw/person_asking_for_help/04_04_01_01_18.wav,Person Asking for Help,2.3067,48000,1,221684,6f16296a19c1b13493a34c277aa687ebff1edc80ab9ba56ba045f57d86e85257,,,,,,original,
AUD-E457803DB67E53C5,04_04_02_01_07.wav,data/raw/person_asking_for_help/04_04_02_01_07.wav,Person Asking for Help,2.7222,44100,2,480446,1a982c3badf3371319c266cd8ca3ad9055552b88e4e7f6b5a055e64d6d0a15fc,,,,,,original,
AUD-EBDFA596AE1050E1,04_04_02_01_08.wav,data/raw/person_asking_for_help/04_04_02_01_08.wav,Person Asking for Help,2.1824,44100,2,385226,d6980d34f4e99c38f6021955f616589727cc160b30377ee47a2f2a80fc3019d8,,,,,,original,
AUD-A70B577F991253F6,04_04_02_01_09.wav,data/raw/person_asking_for_help/04_04_02_01_09.wav,Person Asking for Help,2.7535,44100,2,485982,14c506dc25e537d391aa53fe60a5819b4570f204a7ebe47c999e7fa4979a92a2,,,,,,original,
AUD-D0E5B75C2F2D5C04,04_04_02_01_11.wav,data/raw/person_asking_for_help/04_04_02_01_11.wav,Person Asking for Help,3.0,48000,1,288258,14f289ca0dc68407248b0e9681fd19209330c240f03fc1e65505dd2ef0b41417,,,,,,original,
AUD-206DF56F86795055,04_04_02_01_16.wav,data/raw/person_asking_for_help/04_04_02_01_16.wav,Person Asking for Help,2.5345,48000,1,243556,2ac441d28dcd766d83e73e642e8119c8067e4d4ceecab502bd9ddb3e78c37b5e,,,,,,original,
AUD-6485863113DD5959,04_04_02_01_17.wav,data/raw/person_asking_for_help/04_04_02_01_17.wav,Person Asking for Help,2.9477,48000,1,283220,e2724eafc304a4637761f2344f5022204d61f688d16e4832798c1da086ac436c,,,,,,original,
AUD-3B504F0EA7385FA4,31736081-background-noise-november-2-438684 (1).mp3,data/raw/background_noise/31736081-background-noise-november-2-438684 (1).mp3,Background Noise,22.49,44100,2,718889,8f0ff15f6ba7b264a8e950f20ef8e3615f09ab89847a3d05b04c4b6bf576e1ed,,,,,,original,
AUD-B677946C7F91581B,31736081-background-noise-november-2-438684.mp3,data/raw/background_noise/31736081-background-noise-november-2-438684.mp3,Background Noise,22.49,44100,2,718889,8f0ff15f6ba7b264a8e950f20ef8e3615f09ab89847a3d05b04c4b6bf576e1ed,AUD-3B504F0EA7385FA4,,,,,original,
AUD-B7FE87D41C9553E1,31736081-background-noise-november-438682.mp3,data/raw/background_noise/31736081-background-noise-november-438682.mp3,Background Noise,52.93,44100,2,1691898,147c5bc3f0b6d1449ed3eea4810515275d9bc4074d5c252214027f6b873a38cd,,,,,,original,
AUD-81FFEA2CB7D95FB8,31736081-people-background-noise-1-306811.mp3,data/raw/background_noise/31736081-people-background-noise-1-306811.mp3,Background Noise,32.88,48000,2,1052160,de5f4f3074c3b71fb8d4d424c6ae918f847266d5d096fbeb0008abde48bf490a,,,,,,original,
AUD-F71A51DDB6C55CB4,31736081-people-background-noise-2-33025-320955.mp3,data/raw/background_noise/31736081-people-background-noise-2-33025-320955.mp3,Background Noise,2.592,48000,2,82944,10be28b02bcc1066cb2c354642f0ac091c09dd43d434c80a0ce7ad4a8e9e0ab2,,,,,,original,
AUD-59B2CA33C7CF5306,31736081-people-background-noise-3-323076.mp3,data/raw/background_noise/31736081-people-background-noise-3-323076.mp3,Background Noise,19.7703,44100,2,631954,0f8e49a3998b88977902edc28f8fb2a437e7d53a4cd58eac5d9757db9cbc14ce,,,,,,original,
AUD-20C7C4BDAD135625,31736081-people-background-noise-358083.mp3,data/raw/background_noise/31736081-people-background-noise-358083.mp3,Background Noise,820.32,48000,2,26250240,415f22a26686fc63cf24dface3f5a67b464e1194d377fc19360b7c2a9e33ccd3,,,,,,original,
AUD-C753D23DF4A45C3D,31736081-people-background-noise-4-6-2025-1-323722.mp3,data/raw/background_noise/31736081-people-background-noise-4-6-2025-1-323722.mp3,Background Noise,36.648,48000,2,1172736,0f91764ebef1acb59b96a8addee10765512f2ef0d1efa433eb1186257b696581,,,,,,original,
AUD-4C94CB17FA6552A5,31736081-people-background-noise1-33025-320954.mp3,data/raw/background_noise/31736081-people-background-noise1-33025-320954.mp3,Background Noise,7.704,48000,2,246528,6e777f097c17eb44b916cb63521b7f9e42911dbff8d473221b2820e5958e505a,,,,,,original,
AUD-08DF5BC667CD52A6,31736081-people-noise-background-2-312419.mp3,data/raw/background_noise/31736081-people-noise-background-2-312419.mp3,Background Noise,7.776,48000,2,248832,810a33d6b76d6aec9db0408dec84b3ff00e57601a0181b87a9cfd6e8a3bb2229,,,,,,original,
AUD-AFD82655E49C5F18,31736081-people-noise-background-april-7-2025-323971.mp3,data/raw/background_noise/31736081-people-noise-background-april-7-2025-323971.mp3,Background Noise,15.072,48000,2,482304,8d5d9114bfe9a532c21a66878da0fb500d876e27360a157b24517e365ac4b205,,,,,,original,
AUD-AEF3B407AA1357D7,ago-ago-squeaky-chair-sfxbackground-noiseambient-noise-149099.mp3,data/raw/background_noise/ago-ago-squeaky-chair-sfxbackground-noiseambient-noise-149099.mp3,Background Noise,2.0659,44100,2,66037,4206e205b6ac2db3f2e7ffbdf9059830dc336ae03a5913f1d47753799d5a595d,,,,,,original,
AUD-70643663D96E5EAD,alex_jauk-sheep-noise-192566.mp3,data/raw/background_noise/alex_jauk-sheep-noise-192566.mp3,Background Noise,2.472,48000,2,79104,37501765b1e0059a8d2cd8839173e0aa73d4a7b2e9c6c3313f9b3a5ac9c3f0d7,,,,,,original,
AUD-D35C724E34F55D23,alex_jauk-spooky-ambience-sound-211726.mp3,data/raw/background_noise/alex_jauk-spooky-ambience-sound-211726.mp3,Background Noise,47.6474,44100,1,1523043,815398cd4090d900922ba5c063438a41a57d3d2e2ee643fabbce92f6ac1bbcd9,,,,,,original,
AUD-9766727D0AEC5AD2,anasounds-fan-white-noise-heater-303207.mp3,data/raw/background_noise/anasounds-fan-white-noise-heater-303207.mp3,Background Noise,36.768,48000,1,1176576,5664c7ce472967a8d750e8382189c6becd561306ff309b3603e61b7e719dab11,,,,,,original,
AUD-DA7586AF0AAE5E42,arunangshubanerjee-general-crowd-commotion-with-fade-out-short-ambient-noise-457216.mp3,data/raw/background_noise/arunangshubanerjee-general-crowd-commotion-with-fade-out-short-ambient-noise-457216.mp3,Background Noise,7.104,48000,2,227328,5034b75d57df98f07b8006f2883739d69f736aebb0df467d75c5f78249e7f15e,,,,,,original,
AUD-1D51BCBF07645AB0,arunangshubanerjee-indian-train-sound-from-vestibule-realistic-interior-noise-314562.mp3,data/raw/background_noise/arunangshubanerjee-indian-train-sound-from-vestibule-realistic-interior-noise-314562.mp3,Background Noise,5.592,48000,2,178944,6b473466f00046e0e99b77dbf39ba183cd314b0c7b9745746cc1ab1cfb9a86b0,,,,,,original,
AUD-ADF47099E960568F,bretbernhoft-rumbling-24-453792.mp3,data/raw/background_noise/bretbernhoft-rumbling-24-453792.mp3,Background Noise,120.1646,44100,2,3841044,d1d94e77da3218cd52c3cf1864e645e13d44a0f876c7a30d79f80b2dea4a3c72,,,,,,original,
AUD-43B1EDF07BE45CE6,bretbernhoft-scratching-2-177258 (1).mp3,data/raw/background_noise/bretbernhoft-scratching-2-177258 (1).mp3,Background Noise,120.1646,44100,2,3841044,63112aa64618d874eefc967312db498d1bc368d864163902403e6a8185ee0e28,,,,,,original,
AUD-43E12F41FC845857,bretbernhoft-scratching-2-177258.mp3,data/raw/background_noise/bretbernhoft-scratching-2-177258.mp3,Background Noise,120.1646,44100,2,3841044,63112aa64618d874eefc967312db498d1bc368d864163902403e6a8185ee0e28,AUD-43B1EDF07BE45CE6,,,,,original,
AUD-AC35DAA9AE175DA3,davidgallie-city-road-at-night-ambiance-1-139173.mp3,data/raw/background_noise/davidgallie-city-road-at-night-ambiance-1-139173.mp3,Background Noise,69.552,48000,2,2225664,02129b97f4e93d56f6c1146ab1edb1515c8bd4e13b663a6c958f7b2d34b0c210,,,,,,original,
AUD-F0A7E825958F501C,derrickmckinnon-ambient-mall-noise-220758.mp3,data/raw/background_noise/derrickmckinnon-ambient-mall-noise-220758.mp3,Background Noise,16.0568,44100,2,513253,5446f0d8240659f20a1fbb39b22978a0d0430ace592aae82b41ec94bf8b5a3b7,,,,,,original,
AUD-38ACB0BA18145047,dragon-studio-buzzing-static-463194.mp3,data/raw/background_noise/dragon-studio-buzzing-static-463194.mp3,Background Noise,1.32,48000,2,42240,fd78cc08f2e388df6798306810aa83d2ca91b1813d6dec7eaf0cc7f6f4c77aea,,,,,,original,
AUD-031348F752D75C1F,dragon-studio-chill-rain-sounds-fx-437327 (1).mp3,data/raw/background_noise/dragon-studio-chill-rain-sounds-fx-437327 (1).mp3,Background Noise,60.024,48000,2,1920768,31791f3712ec8be65973aa2b13474985835d6eae4147ae904c2419e45a783cae,,,,,,original,
AUD-1276CF61DB4357D2,dragon-studio-chill-rain-sounds-fx-437327.mp3,data/raw/background_noise/dragon-studio-chill-rain-sounds-fx-437327.mp3,Background Noise,60.024,48000,2,1920768,31791f3712ec8be65973aa2b13474985835d6eae4147ae904c2419e45a783cae,AUD-031348F752D75C1F,,,,,original,
AUD-8B3D10110C375A80,dragon-studio-fan-blowing-359881.mp3,data/raw/background_noise/dragon-studio-fan-blowing-359881.mp3,Background Noise,17.3121,44100,2,553378,2d4ef86f58eb5763b317f0237d1dee321b43cdd18c400db7a0bcc01eb4bb8e86,,,,,,original,
AUD-766A3A18A50F5975,dragon-studio-gentle-rain-01-437305.mp3,data/raw/background_noise/dragon-studio-gentle-rain-01-437305.mp3,Background Noise,600.024,48000,2,19200768,eaca9330832a38ebcd85c90ad2fa45b1234272a660ed4ff0ba28fb094344887f,,,,,,original,
AUD-33311CD5F0905AD8,dragon-studio-gentle-rain-02-437310.mp3,data/raw/background_noise/dragon-studio-gentle-rain-02-437310.mp3,Background Noise,30.024,48000,2,960768,d1665f4a129df13b2d401b4225f77b16b72bed8d143c0606234ac845d5d6e606,,,,,,original,
AUD-D88689CB3C7B5730,dragon-studio-gentle-rain-05-437316.mp3,data/raw/background_noise/dragon-studio-gentle-rain-05-437316.mp3,Background Noise,30.024,48000,2,960768,1fdb626818742f83ce50191c48a37341e4d08ee94a719e4da763480a74e2373e,,,,,,original,
AUD-E6AEEC6282505621,dragon-studio-radio-static-323621.mp3,data/raw/background_noise/dragon-studio-radio-static-323621.mp3,Background Noise,8.1068,44100,2,259134,0b1ce441db86187a9888bd437f4bd5e8129310755be4af62167d58b4f5c3792a,,,,,,original,
AUD-606A80A92A7F5DF2,dragon-studio-relaxing-boxfan-359880.mp3,data/raw/background_noise/dragon-studio-relaxing-boxfan-359880.mp3,Background Noise,17.3121,44100,2,553378,19bffd877991d303ff6d5745417305c530978cb83213181c3e8d9059ba5f4222,,,,,,original,
AUD-D5103DF02E245868,dragon-studio-scary-sound-effect-359877.mp3,data/raw/background_noise/dragon-studio-scary-sound-effect-359877.mp3,Background Noise,8.1068,44100,2,259134,eb29cf85ec0a6a3423ab08e52480bbcdccefec1d38dcd7fb6b90cde7e268d26c,,,,,,original,
AUD-DB6E18A457835DA9,dragon-studio-tv-static-323620.mp3,data/raw/background_noise/dragon-studio-tv-static-323620.mp3,Background Noise,8.1068,44100,2,259134,130ea6be12981ba75f4ba45890332a40a9ea45b30b53ecc296b1c3f4900a64af,,,,,,original,
AUD-A00BB97481FC505B,dragon-studio-underwater-sounds-584745.mp3,data/raw/background_noise/dragon-studio-underwater-sounds-584745.mp3,Background Noise,300.024,48000,2,9600768,88851e2631e591a1d84d0c00f86056c5d66b6b7fe4c2465e8a8211b79807783e,,,,,,original,
AUD-186BF13759DD5B65,dragon-studio-whitenoise-372485.mp3,data/raw/background_noise/dragon-studio-whitenoise-372485.mp3,Background Noise,900.9343,44100,2,28798223,a611f0424c0530981310dcfc5e6810732bff221726b344206ee513da8b06159e,,,,,,original,
AUD-D8E7116C33935568,extrasounds-white-noise-358382.mp3,data/raw/background_noise/extrasounds-white-noise-358382.mp3,Background Noise,10.728,48000,2,343296,1265440ff4655c87f9138bb692829b569036f8bbd2f1abca3819e041dedb1bec,,,,,,original,
AUD-F5777F3411A657CB,floraphonic-white-noise-static-loop-3-183931.mp3,data/raw/background_noise/floraphonic-white-noise-static-loop-3-183931.mp3,Background Noise,60.024,48000,2,1920768,1c057acdfb8b0876c317fe6797b8b2c1bccf232398139f17311e87a0bb1d0d99,,,,,,original,
AUD-6E8CD05E725D55C7,floraphonic-white-noise-static-loop-4-183932.mp3,data/raw/background_noise/floraphonic-white-noise-static-loop-4-183932.mp3,Background Noise,60.024,48000,2,1920768,295dee00cb882477e7f07d11b189299f7e2bda0136672892c38e3e8a730ca3be,,,,,,original,
AUD-A7239B36395F5BC7,floraphonic-white-noise-static-loop-6-188225.mp3,data/raw/background_noise/floraphonic-white-noise-static-loop-6-188225.mp3,Background Noise,60.024,48000,2,1920768,f4852661ea49acbba9e4e658fb1977ecdbfe8b264ccc1dbb59c7f67ba463deb3,,,,,,original,
AUD-7F5BECF13C105DF0,freesound_community-air-conditioning-ambient-sound-loop-32396.mp3,data/raw/background_noise/freesound_community-air-conditioning-ambient-sound-loop-32396.mp3,Background Noise,20.688,24000,2,413760,8d942204d97beb301caf93cc14a589344cee4255b524414ee87bb1144d722aca,,,,,,original,
AUD-55E2C8132A4A5806,freesound_community-air-tone-in-a-city-from-the-9th-floor-32858.mp3,data/raw/background_noise/freesound_community-air-tone-in-a-city-from-the-9th-floor-32858.mp3,Background Noise,40.896,24000,2,817920,37573add319484e732890216caeda225efad68647b83d877f4ca83c1f218dd61,,,,,,original,
AUD-0491534C071F5AEC,freesound_community-air-vent-1-27167.mp3,data/raw/background_noise/freesound_community-air-vent-1-27167.mp3,Background Noise,53.28,24000,2,1065600,f081fa64500e1620b743738bb0b79fb9b3d10e585a258b5ca5210712dcc07dc3,,,,,,original,
AUD-604A7709BC9B5220,freesound_community-air-vent-2-64234.mp3,data/raw/background_noise/freesound_community-air-vent-2-64234.mp3,Background Noise,17.208,24000,2,344160,ea72d2d07cbf1d73bf23de9ba9249d8f16781fef77489cf3f82d6d03cc3a8916,,,,,,original,
AUD-696F9336E7C35B24,freesound_community-airport_amb-24300.mp3,data/raw/background_noise/freesound_community-airport_amb-24300.mp3,Background Noise,127.4085,44100,1,4072594,6f7205f8eb14f0b06efff422cb590aff6698705e7eec199d371f28a7e7cf6d9b,,,,,,original,
AUD-30616A6FB6AD5E90,freesound_community-ambient-noise-104905.mp3,data/raw/background_noise/freesound_community-ambient-noise-104905.mp3,Background Noise,10.056,24000,2,201120,c10e936f1ee3cb38f8b40371323e246e32635db71adf1a2e2e5936bfd11b692b,,,,,,original,
AUD-9DEE48A8299B57C4,freesound_community-ambient-sound-street-outside-79464.mp3,data/raw/background_noise/freesound_community-ambient-sound-street-outside-79464.mp3,Background Noise,60.432,24000,2,1208640,0a3e4b4aff4daa8c20f7bd2d5e2f07a44ab266af6c68f4aaa949ad566082ef9f,,,,,,original,
AUD-9D75A5C606E35462,freesound_community-an-oscillating-fan-23785 (1).mp3,data/raw/background_noise/freesound_community-an-oscillating-fan-23785 (1).mp3,Background Noise,114.24,48000,1,3655680,de428d922d6b81895208144a9cf6bde151036704832a856488cacbfeff3e5cb1,,,,,,original,
AUD-37E3CE3B361D50D0,freesound_community-an-oscillating-fan-23785.mp3,data/raw/background_noise/freesound_community-an-oscillating-fan-23785.mp3,Background Noise,114.24,48000,1,3655680,de428d922d6b81895208144a9cf6bde151036704832a856488cacbfeff3e5cb1,AUD-9D75A5C606E35462,,,,,original,
AUD-F6288C82A26855A5,freesound_community-auditorium-ambience-77672.mp3,data/raw/background_noise/freesound_community-auditorium-ambience-77672.mp3,Background Noise,32.088,24000,2,641760,15815d2e7ef8f8c955da0742206333c778c5300f15860745214e8f4aa6b4e783,,,,,,original,
AUD-9633567953F55B44,freesound_community-background-factory-noise-31551.mp3,data/raw/background_noise/freesound_community-background-factory-noise-31551.mp3,Background Noise,26.208,24000,2,524160,a941a9e08044ea5fbded543816ffdc19ffb21104a0500b14d1d17ce57d0a1ba5,AUD-158D001CFB47541E,,,,,original,
AUD-FC55BFB60E7C5845,freesound_community-background-machinery-1-32404.mp3,data/raw/background_noise/freesound_community-background-machinery-1-32404.mp3,Background Noise,21.12,24000,2,422400,5da1e43a4dd0480260fd21d0a06b31289d4a7cdbf802f0d7a7288e31fe7a184e,,,,,,original,
AUD-2DA41A374200592C,freesound_community-background-noise-45700.mp3,data/raw/background_noise/freesound_community-background-noise-45700.mp3,Background Noise,10.992,24000,2,219840,f38b2b530573b7edc65a185a947735091cf017d05c55e273c9d3e6984db9805d,,,,,,original,
AUD-24B4BC1CDF325A0F,freesound_community-background-noise-in-london-33006 (1).mp3,data/raw/background_noise/freesound_community-background-noise-in-london-33006 (1).mp3,Background Noise,39.072,48000,1,1250304,4e7d09ffd6d71466be496d0358766b778456cd947a68ce7115f8e35602173c0b,,,,,,original,
AUD-BEF57AF09B9F551B,freesound_community-background-noise-in-london-33006.mp3,data/raw/background_noise/freesound_community-background-noise-in-london-33006.mp3,Background Noise,39.072,48000,1,1250304,4e7d09ffd6d71466be496d0358766b778456cd947a68ce7115f8e35602173c0b,AUD-24B4BC1CDF325A0F,,,,,original,
AUD-E1A82318CB775822,freesound_community-background-noise-supermarket-22487.mp3,data/raw/background_noise/freesound_community-background-noise-supermarket-22487.mp3,Background Noise,82.2454,44100,1,2628963,2de3acfae344648b332a2d363d88bab0a309c1158418e316e93d34c438c4b28c,,,,,,original,
AUD-C2F4AF0C505C5C0A,freesound_community-background-noises-47369.mp3,data/raw/background_noise/freesound_community-background-noises-47369.mp3,Background Noise,10.128,24000,2,202560,751ad0c5bcefe22ff484c527997f8725484dc03282b5a8caf7229fa74c1ac55d,,,,,,original,
AUD-EDDCEDEF4A255074,freesound_community-bird-chirp-in-the-woods-16850.mp3,data/raw/background_noise/freesound_community-bird-chirp-in-the-woods-16850.mp3,Background Noise,159.648,24000,2,3192960,b7ae6e9acfa27e53ba39c1b6661322b96a93df5be3bec9d477183af111c92955,,,,,,original,
AUD-79BC0A05470151B2,freesound_community-bustling-cafe-ambience-27898.mp3,data/raw/background_noise/freesound_community-bustling-cafe-ambience-27898.mp3,Background Noise,30.936,24000,2,618720,5751bde1204b8239bfa0a576366e0b6805b40feddec5e63e79715a79003a8653,,,,,,original,
AUD-ECE24D3C16C654C2,freesound_community-cafe-noise-32940.mp3,data/raw/background_noise/freesound_community-cafe-noise-32940.mp3,Background Noise,60.8015,44100,1,1943510,c28b74685b2799fc1f12c0d566768a79e2c5776c1abdc4d79de4210bbb8c6432,,,,,,original,
AUD-CF3753B4CBD55001,freesound_community-campfire-103566.mp3,data/raw/background_noise/freesound_community-campfire-103566.mp3,Background Noise,11.904,24000,2,238080,57890b1f963457b42f4b0f78cf840a483aad3b05f3e7f02244f55f6167f16a0f,,,,,,original,
AUD-F2D2BFBD2CBF587A,freesound_community-city-quiet-tone-ambience-23100.mp3,data/raw/background_noise/freesound_community-city-quiet-tone-ambience-23100.mp3,Background Noise,93.288,24000,2,1865760,aca9684a0b98a17bbe110f07c17983a9c2cc146c3282a142ec1aa71a16de3acf,,,,,,original,
AUD-D29456FE22D25759,freesound_community-city-traffic-outdoor-6414.mp3,data/raw/background_noise/freesound_community-city-traffic-outdoor-6414.mp3,Background Noise,40.7697,44100,1,1303196,f4b0ea98c90f4f5ebbe31ec9551cf87a64c7c3641b15929ad1b3a70cad3c258d,,,,,,original,
AUD-E1E9306CE0755518,freesound_community-coco-bean-cafe-background-71749.mp3,data/raw/background_noise/freesound_community-coco-bean-cafe-background-71749.mp3,Background Noise,23.688,24000,2,473760,8af51d5d4fcc805bf101681f363412737b1ae309a8ab975d02cce3de7316ae1e,,,,,,original,
AUD-542D9361561852A4,freesound_community-computer-hum-102466.mp3,data/raw/background_noise/freesound_community-computer-hum-102466.mp3,Background Noise,8.544,24000,2,170880,5e3006251802cb83ce7b9ac3e1faeb8291d8bb14102c3aa7b7e264edf78d8874,,,,,,original,
AUD-A122FB8111655BBD,freesound_community-computer-noise-107262.mp3,data/raw/background_noise/freesound_community-computer-noise-107262.mp3,Background Noise,3.8703,44100,1,123715,2e854c450220a4df26edc13e2fae6e4c4cb4ddf4f4bdbbb33b94f0bcd7ef30b3,,,,,,original,
AUD-30BE585ED993581F,freesound_community-cyber-noise-03-29217.mp3,data/raw/background_noise/freesound_community-cyber-noise-03-29217.mp3,Background Noise,52.632,24000,2,1052640,85cbfdd7524aaf939d3d3fe1b6c7fa0a693e2615d8dd8dc3f324391adfd90561,,,,,,original,
AUD-515D3A35E7A1532B,freesound_community-f_st_room_tone_04-60427.mp3,data/raw/background_noise/freesound_community-f_st_room_tone_04-60427.mp3,Background Noise,29.76,24000,2,595200,7a0c6941fcadf363c573b09c606eaaf5ac24dfb8bd96c39645f24136e56ed807,,,,,,original,
AUD-00C2225A77715CE1,freesound_community-fan-heater-aac-27034.mp3,data/raw/background_noise/freesound_community-fan-heater-aac-27034.mp3,Background Noise,44.424,24000,2,888480,0808b3bd98578c41a4482708bc827ab2356df180abdd60860b710e90da0a3e75,,,,,,original,
AUD-D3618E94055A51AA,freesound_community-fan_ventilation_stereo-4-74344 (1).mp3,data/raw/background_noise/freesound_community-fan_ventilation_stereo-4-74344 (1).mp3,Background Noise,40.176,24000,2,803520,5ef2a3cde23465aff5990a1510f11114332f9121f3212c8dc72690a3dab35c11,,,,,,original,
AUD-654B755E52555AA1,freesound_community-fan_ventilation_stereo-4-74344.mp3,data/raw/background_noise/freesound_community-fan_ventilation_stereo-4-74344.mp3,Background Noise,40.176,24000,2,803520,5ef2a3cde23465aff5990a1510f11114332f9121f3212c8dc72690a3dab35c11,AUD-D3618E94055A51AA,,,,,original,
AUD-9B32AB9BCEF75712,freesound_community-fan_ventilation_stereo-5-32885 (1).mp3,data/raw/background_noise/freesound_community-fan_ventilation_stereo-5-32885 (1).mp3,Background Noise,49.632,24000,2,992640,cdc052b5c24a3dccc2c5b57099475385fcc2c2bbc0a193fe47c61b0adf2a8955,,,,,,original,
AUD-2CFD83ACF3D05845,freesound_community-fan_ventilation_stereo-5-32885.mp3,data/raw/background_noise/freesound_community-fan_ventilation_stereo-5-32885.mp3,Background Noise,49.632,24000,2,992640,cdc052b5c24a3dccc2c5b57099475385fcc2c2bbc0a193fe47c61b0adf2a8955,AUD-9B32AB9BCEF75712,,,,,original,
AUD-4E4E47024B2850FF,freesound_community-forest-background-noise-57926.mp3,data/raw/background_noise/freesound_community-forest-background-noise-57926.mp3,Background Noise,112.8,24000,2,2256000,045a441bc3eacd1bf49cdd4976abcfe05428c4fea6b7890f3cd4749baae79f93,,,,,,original,
AUD-C40ED6CF9D6D52C7,freesound_community-french-horn-in-street-16325.mp3,data/raw/background_noise/freesound_community-french-horn-in-street-16325.mp3,Background Noise,186.24,24000,2,3724800,797be43104e6150dbfae69c296b070746db93bee52d17395f7197368488ecfcb,,,,,,original,
AUD-ED9C9EE2B3AE572E,freesound_community-generic-crowd-background-noise-31310.mp3,data/raw/background_noise/freesound_community-generic-crowd-background-noise-31310.mp3,Background Noise,34.344,24000,2,686880,a245ddc946efe01e44eec14d84f0d4731c1372dcea0c98af78998127553a64b4,,,,,,original,
AUD-7288CCA4267E5D1F,freesound_community-gladecricketstrees-noise_3eqmsprcssng-27337.mp3,data/raw/background_noise/freesound_community-gladecricketstrees-noise_3eqmsprcssng-27337.mp3,Background Noise,59.832,24000,2,1196640,ab44a3db07c10ed2b894bb860a9f6bd06407c70a278d51577b08b2d4d4b54242,,,,,,original,
AUD-73CC9BCE129D5661,freesound_community-gladecricketstrees-noiseeqmsprcssng-22384.mp3,data/raw/background_noise/freesound_community-gladecricketstrees-noiseeqmsprcssng-22384.mp3,Background Noise,79.752,24000,2,1595040,68f032bb3f8913cb144e2858f9454b078f883aed469987e5ffd12651d847c7f7,,,,,,original,
AUD-E7C915F365A35BA4,freesound_community-hum-7-57799.mp3,data/raw/background_noise/freesound_community-hum-7-57799.mp3,Background Noise,110.352,24000,2,2207040,43983d445a849c1b27f61c64be8c13e2c4b057f835d7cc1a6d544bf54ddcbeb1,,,,,,original,
AUD-AA4461A4CB575DE0,freesound_community-humming-of-a-fan-30647.mp3,data/raw/background_noise/freesound_community-humming-of-a-fan-30647.mp3,Background Noise,16.224,24000,2,324480,1d7455fec42d96ed73685807448699ced1ef6d47861447c1b57081a391550a51,,,,,,original,
AUD-B25F70207E525EDD,freesound_community-inside-ambiance-35704.mp3,data/raw/background_noise/freesound_community-inside-ambiance-35704.mp3,Background Noise,60.696,24000,2,1213920,89f2655a3b8c7fdf213b38fac8a5eb2122867bdba601b0ebdc2adf919f840478,,,,,,original,
AUD-7489D24761CE5B67,freesound_community-lost-noise-94694.mp3,data/raw/background_noise/freesound_community-lost-noise-94694.mp3,Background Noise,3.336,24000,2,66720,ddc05465295cc11a29d1a5294b5cf706ff60363a52c233c9bba84ab0f379766e,,,,,,original,
AUD-B5AB0AE7200E5BAB,freesound_community-museum-ambience-17352.mp3,data/raw/background_noise/freesound_community-museum-ambience-17352.mp3,Background Noise,209.304,24000,2,4186080,3d9e3452cab8ede88c65b64790aafa11cecc74da6fe4bf3c22a5ab8f703621a0,,,,,,original,
AUD-C0F1C4BC44A65E51,freesound_community-newark-airport-outside-31373.mp3,data/raw/background_noise/freesound_community-newark-airport-outside-31373.mp3,Background Noise,52.08,24000,2,1041600,92a1f1a5395bfa83debc7fe56b5b3f646f61ecad18ca6c32f1037b01d483a84c,,,,,,original,
AUD-7425D41752A3527A,freesound_community-noises-background-30630.mp3,data/raw/background_noise/freesound_community-noises-background-30630.mp3,Background Noise,26.496,24000,2,529920,3c4a366647739aeeae9ff607442a12e47d90b2c8a138205179bc6872b5ea1ff0,,,,,,original,
AUD-9133DE07C23E558B,freesound_community-old-fan-56737.mp3,data/raw/background_noise/freesound_community-old-fan-56737.mp3,Background Noise,95.64,24000,2,1912800,7a35612b9609794cf1a155a5661d7f9716d2910aab639003111f835138f59d9c,,,,,,original,
AUD-848FDF7D0D0653E5,freesound_community-quiet-room-tone-captured-from-a-small-sized-kitchen-14748.mp3,data/raw/background_noise/freesound_community-quiet-room-tone-captured-from-a-small-sized-kitchen-14748.mp3,Background Noise,284.4,24000,2,5688000,c6ca00ea3557e310ccb9dda842ccf18291c3e902e5cc34107b366ea50719a793,,,,,,original,
AUD-4669C32BFB9B576D,freesound_community-radio-frequency-interference-26901.mp3,data/raw/background_noise/freesound_community-radio-frequency-interference-26901.mp3,Background Noise,46.104,24000,2,922080,6f4b1cc2c8fd121989847a42663606929aa5ec17bd4994838655386a9ba2465a,,,,,,original,
AUD-5158C908C75A53AC,freesound_community-radio-static-6382 (1).mp3,data/raw/background_noise/freesound_community-radio-static-6382 (1).mp3,Background Noise,6.24,24000,2,124800,a2c0980b7555950664f413f011a21e31ed304176521e9d40b082cecf3c3e46b4,,,,,,original,
AUD-C1F5E0B02C0F53C8,freesound_community-radio-static-6382.mp3,data/raw/background_noise/freesound_community-radio-static-6382.mp3,Background Noise,6.24,24000,2,124800,a2c0980b7555950664f413f011a21e31ed304176521e9d40b082cecf3c3e46b4,AUD-5158C908C75A53AC,,,,,original,
AUD-C25E88B3D294565B,freesound_community-rainambience-57663.mp3,data/raw/background_noise/freesound_community-rainambience-57663.mp3,Background Noise,108.096,24000,2,2161920,bfc273a4454575d3fa1958437e8a601efe4d6b730733fc5eb4e3382bc620b100,,,,,,original,
AUD-B28A569C1FC259AC,freesound_community-room-tone-35594.mp3,data/raw/background_noise/freesound_community-room-tone-35594.mp3,Background Noise,19.632,24000,2,392640,96b8983c064f8f0e84447f2651c6204d0632e64beb508561fbbab443bf78513a,,,,,,original,
AUD-4DC48C11DA4B55E6,freesound_community-room-tone-apartment-small-bachelor-7021.mp3,data/raw/background_noise/freesound_community-room-tone-apartment-small-bachelor-7021.mp3,Background Noise,46.128,24000,2,922560,04ea45e3aa9b5a0f63022956c6bcc006d784fa5e3b7d531a5fd79f538c71cb48,,,,,,original,
AUD-CDCBCA2C0D725E5F,freesound_community-room-tone-in-an-apartment-living-room-2-6176.mp3,data/raw/background_noise/freesound_community-room-tone-in-an-apartment-living-room-2-6176.mp3,Background Noise,17.3644,44100,1,555049,c578e8443dd0d196a513e05a616edfdd6ac570d9396d3d96fa319f667d33fc42,,,,,,original,
AUD-C9F0032E69455670,freesound_community-soft-static-noise-5934 (1).mp3,data/raw/background_noise/freesound_community-soft-static-noise-5934 (1).mp3,Background Noise,143.976,24000,2,2879520,bde9bd6bcbc45154cee2a8903eb9b8c0d9b479694e23da4e3e461a59c9dc287c,,,,,,original,
AUD-37566CE979165C5F,freesound_community-soft-static-noise-5934.mp3,data/raw/background_noise/freesound_community-soft-static-noise-5934.mp3,Background Noise,143.976,24000,2,2879520,bde9bd6bcbc45154cee2a8903eb9b8c0d9b479694e23da4e3e461a59c9dc287c,AUD-C9F0032E69455670,,,,,original,
AUD-9E7D38E418CE540D,freesound_community-some-background-i-made-for-my-game-ambient-music-31873.mp3,data/raw/background_noise/freesound_community-some-background-i-made-for-my-game-ambient-music-31873.mp3,Background Noise,39.672,24000,2,793440,4aa76434846d7d37dddd56c66c4cbb00777fb5ff3bdbad024686492888a48dbd,,,,,,original,
AUD-DA11778094165C70,freesound_community-stone-road-29793.mp3,data/raw/background_noise/freesound_community-stone-road-29793.mp3,Background Noise,32.064,24000,2,641280,a6377ede60ed8f2ff16af2251ed945c105a1f73d71ea89ed16a46e6b9a944ba0,,,,,,original,
AUD-028F39CF7BF75B9F,freesound_community-storm-noise-7102.mp3,data/raw/background_noise/freesound_community-storm-noise-7102.mp3,Background Noise,27.96,24000,2,559200,53be39775a21877aca5fcb856813249b92c3153ea52f6184bbaed7f671435cd6,,,,,,original,
AUD-49C3E1F74CC45402,freesound_community-street-de-wind-19s-27799.mp3,data/raw/background_noise/freesound_community-street-de-wind-19s-27799.mp3,Background Noise,18.84,24000,2,376800,595fdd4cd619ead9305fdb16ac4382ef33a033447a46b2331219f9d4eaf0ef65,,,,,,original,
AUD-B00FD59C6E685006,freesound_community-street-market-gap-france-24951.mp3,data/raw/background_noise/freesound_community-street-market-gap-france-24951.mp3,Background Noise,894.12,24000,2,17882400,c2668cac1258ed5ce5c930afbe2a18c29f46b2fddc65839ad84290efed8bc112,,,,,,original,
AUD-F3391BE854615EC2,freesound_community-temple-noise-26985.mp3,data/raw/background_noise/freesound_community-temple-noise-26985.mp3,Background Noise,27.504,24000,2,550080,07d61c4028e93fc339ea7dc13daa259cf9c5caaf85b55ff5ab51f66fc249c398,,,,,,original,
AUD-9DF59730881A58E8,freesound_community-temple-noise-wind-35603.mp3,data/raw/background_noise/freesound_community-temple-noise-wind-35603.mp3,Background Noise,27.96,24000,2,559200,2b92923ada1dad7525af2cf820d1822c909d7b9650837b1145b64aff42e32a31,,,,,,original,
AUD-68A4594BC52E57BA,freesound_community-thunder-and-birds-23518.mp3,data/raw/background_noise/freesound_community-thunder-and-birds-23518.mp3,Background Noise,103.272,24000,2,2065440,a1d36492e423d98e828a1908f344f6bf7335b2f4c6a5dac65056725e058afadd,,,,,,original,
AUD-513E4E4FA70456BE,freesound_community-tubelight-hum-25527.mp3,data/raw/background_noise/freesound_community-tubelight-hum-25527.mp3,Background Noise,34.416,24000,2,688320,49109bfaad1fcff8ce5925e9107acace00cc21bc6af475a542e1c68f2bd89d2f,,,,,,original,
AUD-C4C63F35590F5D0C,freesound_community-underwater-95592.mp3,data/raw/background_noise/freesound_community-underwater-95592.mp3,Background Noise,7.632,24000,2,152640,87013f664095acb144cfc809cf9dbb521b749482e30d5f8704bff2618a06e311,,,,,,original,
AUD-D970D6A0BF4F52E7,freesound_community-urban-ambience-with-people-talking-26549.mp3,data/raw/background_noise/freesound_community-urban-ambience-with-people-talking-26549.mp3,Background Noise,35.376,24000,2,707520,dfc0ef29654021560674b389573fb741d08135e4f848b8d2b8c42afa4a9c45e8,,,,,,original,
AUD-E0F249F0A41F5A49,freesound_community-urban-noise-loop-w-building-fan-generator-32162.mp3,data/raw/background_noise/freesound_community-urban-noise-loop-w-building-fan-generator-32162.mp3,Background Noise,30.264,24000,2,605280,ea2febbb3824048d88c1bf25db5c5079fd7ec2451f146d542214d839ab5f826f,,,,,,original,
AUD-DA1B985C6601593A,freesound_community-white-noise-short-reverse-whoosh-77021.mp3,data/raw/background_noise/freesound_community-white-noise-short-reverse-whoosh-77021.mp3,Background Noise,3.1643,44100,1,101146,c26c4f6ac07bcc5d80f362543b30b6199f2633b8db0241c90c0ead0af1cd23cc,,,,,,original,
AUD-6BDA4B469C2B5E34,freesound_community-window-air-conditioner-in-apartment-27549.mp3,data/raw/background_noise/freesound_community-window-air-conditioner-in-apartment-27549.mp3,Background Noise,40.056,24000,2,801120,1cbefb74ca77b8b37d808a69e789eb8b1a0d64363be3a8502911464f5591b048,AUD-1A0FCE04639250E8,,,,,original,
AUD-0A0FA74E1EC05D8B,fronbondi_skegs-sfx-cinematic-white-noise-ocean-wave-sound-effect-452823.mp3,data/raw/background_noise/fronbondi_skegs-sfx-cinematic-white-noise-ocean-wave-sound-effect-452823.mp3,Background Noise,6.408,48000,2,205056,73e09f18e6077c2d5071db5c734db8d4aba3cecef66640675b0315f614576cda,,,,,,original,
AUD-DA4BDFCABFE95C97,gingerleegalaxy_1-sleep-well-rainy-toasted-white-noise-mix-229397.mp3,data/raw/background_noise/gingerleegalaxy_1-sleep-well-rainy-toasted-white-noise-mix-229397.mp3,Background Noise,120.816,48000,2,3866112,e418a0d30002f25705e20c16855860ea45af3daae2a62b95eced85d2af444d28,,,,,,original,
AUD-2876B27408F756EF,jadeallencook-busy-bar-and-restaurant-ambience-with-crowd-and-background-chatter-339222.mp3,data/raw/background_noise/jadeallencook-busy-bar-and-restaurant-ambience-with-crowd-and-background-chatter-339222.mp3,Background Noise,62.184,48000,2,1989888,41e7b122df48c0e32949a28a068e66d3ded610a36c342b9a4ab6294dd4bc8237,,,,,,original,
AUD-8E03EE2DA0C05C61,jadeallencook-large-industrial-fan-running-constantly-in-warehouse-environment-339216.mp3,data/raw/background_noise/jadeallencook-large-industrial-fan-running-constantly-in-warehouse-environment-339216.mp3,Background Noise,27.216,48000,2,870912,fb84ae01043ce1e17b638a6f8e91d0cc545f454f12c22328be9abdbd6430932a,,,,,,original,
AUD-F3FF89FA90FB5590,jasonlee3071-street-fair-background-noise-149086 (1).mp3,data/raw/background_noise/jasonlee3071-street-fair-background-noise-149086 (1).mp3,Background Noise,11.16,16000,2,223200,e2af073cf75d8ad6676b5e6c32507d492dbe4ac0900b2c65495286e99f2fa004,,,,,,original,
AUD-1303AF8DD247545D,jasonlee3071-street-fair-background-noise-149086.mp3,data/raw/background_noise/jasonlee3071-street-fair-background-noise-149086.mp3,Background Noise,11.16,16000,2,223200,e2af073cf75d8ad6676b5e6c32507d492dbe4ac0900b2c65495286e99f2fa004,AUD-F3FF89FA90FB5590,,,,,original,
AUD-7B4B779B8AE95D44,kai_audio-bedroom-room-tone-446021.mp3,data/raw/background_noise/kai_audio-bedroom-room-tone-446021.mp3,Background Noise,80.88,48000,2,2588160,79794da489db0e7891608279d47a41cc4c4a66c59b5c163ef5c1b4909050d6eb,,,,,,original,
AUD-2D2B771D714F57DB,kai_audio-computer-hum-440742.mp3,data/raw/background_noise/kai_audio-computer-hum-440742.mp3,Background Noise,33.264,48000,1,1064448,81f75f312982ef8739498889f47d499eeefc8d10e5cb8ef91dacb76db256a18a,,,,,,original,
AUD-41051A23E5D35728,malvarrosadesigns-rain-sound-nature-sound-242838.mp3,data/raw/background_noise/malvarrosadesigns-rain-sound-nature-sound-242838.mp3,Background Noise,32.856,48000,2,1051392,9bebccd201f557f4146a883a1edfbaf5fe8b56384cda1c79dbe7294a50e5e664,,,,,,original,
AUD-5A4A40308BF5536D,patolenin-urban-sounds-at-the-city-fair-601866.mp3,data/raw/background_noise/patolenin-urban-sounds-at-the-city-fair-601866.mp3,Background Noise,40.4297,44100,2,1292329,67db4673c21f2d7a329d55b06491b860baa6e28ea1a46fab9ab74292a8f0ff20,,,,,,original,
AUD-2461B130B593578F,soul_serenity_sounds-background-noise-236731.mp3,data/raw/background_noise/soul_serenity_sounds-background-noise-236731.mp3,Background Noise,23.496,48000,1,751872,d5d50054b11ac5f9d36d76378576340f21b47d0ef08ac625020934bb2930689f,,,,,,original,
AUD-6902B0E0495B52DE,soundreality-computer-control-noise-139886.mp3,data/raw/background_noise/soundreality-computer-control-noise-139886.mp3,Background Noise,26.712,48000,2,854784,cde5a0b7df2db0e5f15c5630bd11bc011ce83e3d0599a33666561ecd4fe722e3,,,,,,original,
AUD-2C4CBFEBE2615B35,soundreality-crackling-292696.mp3,data/raw/background_noise/soundreality-crackling-292696.mp3,Background Noise,31.968,48000,2,1022976,474b9fdd6af2ee0d196eab3adb8be01bb3936b93ee6d81b3aed6862e4b1b6082,,,,,,original,
AUD-07476F8D2F7252FB,soundreality-crowd-noise-375725.mp3,data/raw/background_noise/soundreality-crowd-noise-375725.mp3,Background Noise,30.216,48000,2,966912,e6677e4e7d000c82e9aa33b880e93cf87d3a57413d5edffc84a9614a71f844c0,,,,,,original,
AUD-0CB86979E06D513C,soundreality-darkest-night-140658.mp3,data/raw/background_noise/soundreality-darkest-night-140658.mp3,Background Noise,32.04,48000,2,1025280,ca89c9d817f8e0b388010df2ae84832e7b2c2ddde6327e77c7e1ce4de4b84e55,,,,,,original,
AUD-D1D88B81CF6B5B27,soundreality-graveyard-136815.mp3,data/raw/background_noise/soundreality-graveyard-136815.mp3,Background Noise,24.024,48000,2,768768,79c5307a81826f3ba414adc8453c3ddc3d34a82e1bc5c6c13a34d0d4a73fc84c,,,,,,original,
AUD-0430BAB1A1B1557E,soundreality-mellow-noise-sweep-295759.mp3,data/raw/background_noise/soundreality-mellow-noise-sweep-295759.mp3,Background Noise,15.024,48000,2,480768,65cf644b8e4be5f84b1698ffa47c70fa58d36e663f1b1e6be3e3f4e7cc796820,,,,,,original,
AUD-D27BE3F79E5D5D73,soundreality-night-noise-136688.mp3,data/raw/background_noise/soundreality-night-noise-136688.mp3,Background Noise,24.024,48000,2,768768,e53950c22b4ec82ff6e219c27ded94511b2c42443b2311c7486b74b05317b340,,,,,,original,
AUD-05D8225AAD705683,soundreality-rotating-galaxy-136691.mp3,data/raw/background_noise/soundreality-rotating-galaxy-136691.mp3,Background Noise,44.04,48000,2,1409280,7be394d7008278eb4588ba4e1799d512b1cb1f42dd2555f53495df6f64a73913,,,,,,original,
AUD-E82AD14DA40C524D,soundreality-static-rain-185449.mp3,data/raw/background_noise/soundreality-static-rain-185449.mp3,Background Noise,16.032,48000,2,513024,cce24941baaabe910aafdb20a59fbb4263d38eb5d168c0db63adac51c5bc31a9,,,,,,original,
AUD-3F0FD90D2B4854AA,soundreality-the-shift-136694.mp3,data/raw/background_noise/soundreality-the-shift-136694.mp3,Background Noise,38.04,48000,2,1217280,7884d545b9414f79899b1ef96b0a34275791341e2a7a0f26411224fed3b620d7,,,,,,original,
AUD-26670B1B2E635673,soundreality-tornado-valley-137285.mp3,data/raw/background_noise/soundreality-tornado-valley-137285.mp3,Background Noise,24.024,48000,2,768768,37e6cf205cdf347cab672fef6360ac1d79194ae04f22bf5e3d78941b921c108c,,,,,,original,
AUD-18FE247B780D54A0,soundreality-video-game-noise-192661 (1).mp3,data/raw/background_noise/soundreality-video-game-noise-192661 (1).mp3,Background Noise,22.032,48000,2,705024,1fdef064e2cdb2c0e9fc0af275bb4938aba4a8f3dfd6b099fd29e4d9f5a34535,,,,,,original,
AUD-9EA1187A65C65F6E,soundreality-video-game-noise-192661.mp3,data/raw/background_noise/soundreality-video-game-noise-192661.mp3,Background Noise,22.032,48000,2,705024,1fdef064e2cdb2c0e9fc0af275bb4938aba4a8f3dfd6b099fd29e4d9f5a34535,AUD-18FE247B780D54A0,,,,,original,
AUD-B0DCDE8F61885847,soundreality-wanderer-fm-137511.mp3,data/raw/background_noise/soundreality-wanderer-fm-137511.mp3,Background Noise,24.024,48000,2,768768,8b3b63e5dc725927f6c2cc155040dcd98774d5417d34ab3600d34200870adccb,,,,,,original,
AUD-8A91925A17355656,spinopel-market-background-noise-281247.mp3,data/raw/background_noise/spinopel-market-background-noise-281247.mp3,Background Noise,63.6258,44100,1,2033789,9647c31da6c2f94573830764bdc067b63bfc181173addd16025b73f1b7829254,,,,,,original,
AUD-C5D0E9E7EDF15380,splawikfilip-ambient-noise-142658 (1).mp3,data/raw/background_noise/splawikfilip-ambient-noise-142658 (1).mp3,Background Noise,20.928,48000,2,669696,bb7970ce04839261a26f3c45f0e9fe794795c483a6504714951d8598d5adf0f9,,,,,,original,
AUD-5540C3A6CBA05AFD,splawikfilip-ambient-noise-142658.mp3,data/raw/background_noise/splawikfilip-ambient-noise-142658.mp3,Background Noise,20.928,48000,2,669696,bb7970ce04839261a26f3c45f0e9fe794795c483a6504714951d8598d5adf0f9,AUD-C5D0E9E7EDF15380,,,,,original,
AUD-553FA8765BF95125,u_1eebrv7h0x-compressor-machine-sound-337021.mp3,data/raw/background_noise/u_1eebrv7h0x-compressor-machine-sound-337021.mp3,Background Noise,9.0,48000,2,288000,171e04fd6a30ae9eaa5e33b6a79dc1830a313c03d4acb696451f22ed81bd2c94,,,,,,original,
AUD-4EEF87955CCC58AE,u_vshmonplts-crowd-noise-390947.mp3,data/raw/background_noise/u_vshmonplts-crowd-noise-390947.mp3,Background Noise,13.3109,44100,2,425482,971c64f60aa22658224d6f3f1e382a5e1a87819e4b40d188e917c949217854ef,,,,,,original,
AUD-5F29220D6CAE5833,umbreonline-continuous-hum-of-a-city-from-a-distance-including-traffic-noise-338064.mp3,data/raw/background_noise/umbreonline-continuous-hum-of-a-city-from-a-distance-including-traffic-noise-338064.mp3,Background Noise,15.0631,44100,2,481489,f68d43f72018b58185db965971d4bfd2119880bb20d28e16c6b23ba4384b3305,,,,,,original,
AUD-0B0150D0C9B3561B,universfield-soft-rain-atmosphere-454683.mp3,data/raw/background_noise/universfield-soft-rain-atmosphere-454683.mp3,Background Noise,128.5068,44100,2,4107702,9aac16a70e2459ba2830ab910291f8c5420d11484d582928e2cab68e59726ba9,,,,,,original,
AUD-C0D3C3BEB3CB5CFE,virtual_vibes-scary-noise-effects-404258.mp3,data/raw/background_noise/virtual_vibes-scary-noise-effects-404258.mp3,Background Noise,4.032,48000,2,129024,5a7aa2a37a77ef07e5ea0915346383927b1d4cc2ed1a7138c197478082e082f8,,,,,,original,
AUD-80B4BAC9B3DF5C58,whitenoisesleepers-a-melting-ice-cave-196333 (1).mp3,data/raw/background_noise/whitenoisesleepers-a-melting-ice-cave-196333 (1).mp3,Background Noise,129.2653,44100,2,4131944,778275c9805e915aadd61cf08449968b57ec4c8fe1278e2107b1e35e2a9680fb,,,,,,original,
AUD-4095B7606FB0572E,whitenoisesleepers-a-melting-ice-cave-196333.mp3,data/raw/background_noise/whitenoisesleepers-a-melting-ice-cave-196333.mp3,Background Noise,129.2653,44100,2,4131944,778275c9805e915aadd61cf08449968b57ec4c8fe1278e2107b1e35e2a9680fb,AUD-80B4BAC9B3DF5C58,,,,,original,
AUD-ADF96ABFE37A5A7C,whitenoisesleepers-pink-noise-from-the-surface-of-the-river-195101.mp3,data/raw/background_noise/whitenoisesleepers-pink-noise-from-the-surface-of-the-river-195101.mp3,Background Noise,366.5349,44100,2,11716231,b9c2db07cf7b5d9377df5e50088bba667b31163bce27a6c95a34c97bdcc68528,,,,,,original,
AUD-CC451F222C6059B7,whitenoisesleepers-pink-noise-ocean-waves-on-grainy-sand-195103.mp3,data/raw/background_noise/whitenoisesleepers-pink-noise-ocean-waves-on-grainy-sand-195103.mp3,Background Noise,247.6517,44100,2,7916147,87a282d5624d5af7da28ae706fc5bb9185e00106fd971960269ea9246281cafd,,,,,,original,
AUD-6DE6C402FBCF54E3,whitenoisesleepers-rainy-day-in-town-with-birds-singing-194011.mp3,data/raw/background_noise/whitenoisesleepers-rainy-day-in-town-with-birds-singing-194011.mp3,Background Noise,581.8637,44100,2,18599183,5bf16ceb8da479681d560725baa87b7cac9ae3491e26951e556c57f403ce88df,,,,,,original,
AUD-15C68FFB9374505A,wr-sound-library-crowd-amp-traffic-ambiance-no-copyright-bello-colombia-563105.mp3,data/raw/background_noise/wr-sound-library-crowd-amp-traffic-ambiance-no-copyright-bello-colombia-563105.mp3,Background Noise,601.9478,44100,2,19241169,5bd15f7b3de597125db0200037f62e7ae5050a049d36db2f2505820800901477,,,,,,original,
